"adjusted-date","transaction-item-id","fnsku","sku","product-name","fulfillment-center-id","quantity","reason","disposition","reconciled","unreconciled"
"2019-11-12T08:00:00+00:00","28049455899","X001YID8UH","YH-UMKR-8PI5","2 Piece Non-Slip Anti-Fatigue Kitchen Mat - (17.7"" x 29.5""+17.7"" x 59"") Soft Non Skid Throw Rugs Runner Carpet for Kitchen Hallway Entryway and Bedroom - Oil Resistant Long PVC Kitchen F (City map)","LGB3","-1","O","SELLABLE",,
"2019-11-11T08:00:00+00:00","40498804874","X001Z2NBQ3","M4-LSWE-EXF8","2 Piece Non-Slip Anti-Fatigue Kitchen Mat - (17.7"" x 29.5""+17.7"" x 59"") Soft Non Skid Throw Rugs Runner Carpet for Kitchen Hallway Entryway and Bedroom - Oil Resistant Long PVC Kitchen F (Super Cook)","JAX2","-1","M","SELLABLE","0","1"
"2019-11-10T08:00:00+00:00","27926964899","X001YID8UH","YH-UMKR-8PI5","2 Piece Non-Slip Anti-Fatigue Kitchen Mat - (17.7"" x 29.5""+17.7"" x 59"") Soft Non Skid Throw Rugs Runner Carpet for Kitchen Hallway Entryway and Bedroom - Oil Resistant Long PVC Kitchen F (City map)","LGB3","1","F","SELLABLE","1","0"
"2019-11-01T07:00:00+00:00","18676058891","X001YHN41V","Y9-J10M-FC4H","2 Piece Non-Slip Anti-Fatigue Kitchen Mat - (17.7"" x 29.5""+17.7"" x 59"") Soft Non Skid Throw Rugs Runner Carpet for Kitchen Hallway Entryway and Bedroom - Oil Resistant Long PVC Kitchen F (Golden map)","DEN2","1","F","SELLABLE","0","1"
"2019-10-31T07:00:00+00:00","9964999892","X0029G2RYB","SQ-MS-60-90","Desiderare 35"" x 23"" PVC Door Mat Shoes Scraper - Heavy Duty Doormat - Outdoor Gate Front Entry Pad Rug - Waterproof Easy Clean Mats for Entrance, Garage, Morden show","TEB6","-1","O","SELLABLE",,
"2019-10-30T07:00:00+00:00","9956582892","X0029G2RYB","SQ-MS-60-90","Desiderare 35"" x 23"" PVC Door Mat Shoes Scraper - Heavy Duty Doormat - Outdoor Gate Front Entry Pad Rug - Waterproof Easy Clean Mats for Entrance, Garage, Morden show","TEB6","1","F","SELLABLE","0","1"
"2019-10-29T07:00:00+00:00","18661764891","X001YHN41V","Y9-J10M-FC4H","2 Piece Non-Slip Anti-Fatigue Kitchen Mat - (17.7"" x 29.5""+17.7"" x 59"") Soft Non Skid Throw Rugs Runner Carpet for Kitchen Hallway Entryway and Bedroom - Oil Resistant Long PVC Kitchen F (Golden map)","DEN2","-1","M","SELLABLE","0","1"
"2019-10-21T07:00:00+00:00","18618045891","X0029H2KQP","SQ-BS-60-90","Desiderare 35"" x 23"" PVC Door Mat Shoes Scraper - Heavy Duty Doormat - Outdoor Gate Front Entry Pad Rug - Waterproof Easy Clean Mats for Entrance, Garage, Blue space","DEN2","-1","M","SELLABLE","0","1"
"2019-10-16T07:00:00+00:00","9902966892","X0029G2RYB","SQ-MS-60-90","Desiderare 35"" x 23"" PVC Door Mat Shoes Scraper - Heavy Duty Doormat - Outdoor Gate Front Entry Pad Rug - Waterproof Easy Clean Mats for Entrance, Garage, Morden show","TEB6","1","F","SELLABLE","0","1"
"2019-10-12T07:00:00+00:00","18328237576","X001Z0IG29","UH-GXSV-MK9W","2 Piece Non-Slip Anti-Fatigue Kitchen Mat - (17.7"" x 29.5""+17.7"" x 59"") Soft Non Skid Throw Rugs Runner Carpet for Kitchen Hallway Entryway and Bedroom - Oil Resistant Long PVC Kitchen F (Love air)","MIA1","1","N","SELLABLE","0","1"
"2019-10-12T07:00:00+00:00","1570868346860804","X001Z0IG29","UH-GXSV-MK9W","2 Piece Non-Slip Anti-Fatigue Kitchen Mat - (17.7"" x 29.5""+17.7"" x 59"") Soft Non Skid Throw Rugs Runner Carpet for Kitchen Hallway Entryway and Bedroom - Oil Resistant Long PVC Kitchen F (Love air)","MIA1","-1","M","SELLABLE","0","1"
"2019-10-11T07:00:00+00:00","1570853008158503","X0029H2KQZ","XP-SS-40-69","Desiderare Anti-Slip Bathtub Mats - 27""*15"" Mathroom Shower mat - Bathtub Floor PVC Rug with Suction Cups - Antiskid Bath Mat, Machine Washable, Simple Marble","MEM1","-1","M","SELLABLE","0","1"
"2019-10-08T07:00:00+00:00","37689455539","B07JJC4NTT","1-mc-18","Desiderare Thick Fluffy Washroom Mat - 31"" x 19"" Luxury Microfiber Non-Slip Rubber Bath Rug - Super Absorbent Bathroom Carpet with Anti-Skid Back(Moroccan Craftman)","TUS1","1","F","SELLABLE","0","1"
"2019-10-08T07:00:00+00:00","37689545539","B07JJC4NTT","1-mc-18","Desiderare Thick Fluffy Washroom Mat - 31"" x 19"" Luxury Microfiber Non-Slip Rubber Bath Rug - Super Absorbent Bathroom Carpet with Anti-Skid Back(Moroccan Craftman)","TUS1","-1","Q","SELLABLE",,
"2019-10-08T07:00:00+00:00","37689546539","B07JJC4NTT","1-mc-18","Desiderare Thick Fluffy Washroom Mat - 31"" x 19"" Luxury Microfiber Non-Slip Rubber Bath Rug - Super Absorbent Bathroom Carpet with Anti-Skid Back(Moroccan Craftman)","TUS1","1","P","CUSTOMER_DAMAGED",,
"2019-10-04T07:00:00+00:00","1570234692447533","X0029H2KRJ","XP-SP-40-69","Desiderare Anti-Slip Bath Mats - 27""*15"" Mathroom Shower mat - Mathroom Mat Bathtub Floor PVC Rug with Suction Cups - Antiskid Bath Mat Bathroom Accessories, Summer Pineapple","BDL2","1","F","SELLABLE","0","1"
"2019-10-04T07:00:00+00:00","12279934575","B07JHNJT7Q","1-pd-18","Fluffy Soft Bedside Mat Rug -27.5"" x 63"" Runner Throw Rug Non-Slip Back- Fluffy Microfibers Throw for Girls Room-Water Absorbent Home D�cor- Luxury Area Runners- Bathroom Rug Shag (Perfect Day)","MEM1","1","F","SELLABLE","0","1"
"2019-10-04T07:00:00+00:00","12279887575","X0029H2KQZ","XP-SS-40-69","Desiderare Anti-Slip Bathtub Mats - 27""*15"" Mathroom Shower mat - Bathtub Floor PVC Rug with Suction Cups - Antiskid Bath Mat, Machine Washable, Simple Marble","MEM1","1","F","SELLABLE","0","1"
"2019-10-03T07:00:00+00:00","9855359892","X0029G2RYB","SQ-MS-60-90","Desiderare 35"" x 23"" PVC Door Mat Shoes Scraper - Heavy Duty Doormat - Outdoor Gate Front Entry Pad Rug - Waterproof Easy Clean Mats for Entrance, Garage, Morden show","TEB6","-1","M","SELLABLE","0","1"
"2019-10-02T07:00:00+00:00","18141490569","X0029H2KRJ","XP-SP-40-69","Desiderare Anti-Slip Bath Mats - 27""*15"" Mathroom Shower mat - Mathroom Mat Bathtub Floor PVC Rug with Suction Cups - Antiskid Bath Mat Bathroom Accessories, Summer Pineapple","DCA1","-1","M","SELLABLE","0","1"
"2019-10-01T07:00:00+00:00","17920848602","X0029H2KQP","SQ-BS-60-90","Desiderare 35"" x 23"" PVC Door Mat Shoes Scraper - Heavy Duty Doormat - Outdoor Gate Front Entry Pad Rug - Waterproof Easy Clean Mats for Entrance, Garage, Blue space","BFI3","1","F","SELLABLE","0","1"
"2019-09-30T07:00:00+00:00","17915924602","X0029H2KQP","SQ-BS-60-90","Desiderare 35"" x 23"" PVC Door Mat Shoes Scraper - Heavy Duty Doormat - Outdoor Gate Front Entry Pad Rug - Waterproof Easy Clean Mats for Entrance, Garage, Blue space","BFI3","-1","M","SELLABLE","0","1"
"2019-09-27T07:00:00+00:00","37027433539","B07JJC4NTT","1-mc-18","Desiderare Thick Fluffy Washroom Mat - 31"" x 19"" Luxury Microfiber Non-Slip Rubber Bath Rug - Super Absorbent Bathroom Carpet with Anti-Skid Back(Moroccan Craftman)","TUS1","-1","M","CUSTOMER_DAMAGED","0","1"
"2019-09-20T07:00:00+00:00","11735516575","X0029H2KRJ","XP-SP-40-69","Desiderare Anti-Slip Bath Mats - 27""*15"" Mathroom Shower mat - Mathroom Mat Bathtub Floor PVC Rug with Suction Cups - Antiskid Bath Mat Bathroom Accessories, Summer Pineapple","MEM1","1","F","SELLABLE","0","1"
"2019-09-20T07:00:00+00:00","24496390851","X0029H2KRJ","XP-SP-40-69","Desiderare Anti-Slip Bath Mats - 27""*15"" Mathroom Shower mat - Mathroom Mat Bathtub Floor PVC Rug with Suction Cups - Antiskid Bath Mat Bathroom Accessories, Summer Pineapple","BDL2","-1","M","SELLABLE","0","1"
"2019-09-19T07:00:00+00:00","7983664536","X001XJNZ69","P0-YVWS-B6V6","2 Piece Non-slip Anti-Fatigue Kitchen Mat - (17.7"" x 29.5""+17.7"" x 59"") Soft Non Skid Throw Rugs Runner Carpet for Kitchen Hallway Entryway and Bedroom - Oil Resistant Long PVC Kitchen F (Dream Light)","JAX3","1","N","SELLABLE","0","1"
"2019-09-16T07:00:00+00:00","11545666575","X001XNL7UV","0P-DOPF-MKUI","Desiderare Thick Fluffy Bath Runner Rug -63"" x 27.5"" Luxury Microfiber Non-Slip Rubber Bath Rug Chenille Area Mat - Super Absorbent Bathroom Carpet with Anti-Skid Back","MEM1","1","F","SELLABLE","0","1"
"2019-09-15T07:00:00+00:00","19050130993","X0026LB09R","UQ-WT44-Z13S","Non-Slip Kitchen Mat, (17.7"" x 29.5"") Soft Non Skid Anti-Fatigue Throw Rugs Runner Carpet, PVC Synthetic Fiber for Kitchen Hallway Entryway and Bedroom, Long Kitchen Rugs (Purple)","STL8","1","N","SELLABLE","0","1"
"2019-09-13T07:00:00+00:00","18613150993","X0026LB09R","UQ-WT44-Z13S","Non-Slip Kitchen Mat, (17.7"" x 29.5"") Soft Non Skid Anti-Fatigue Throw Rugs Runner Carpet, PVC Synthetic Fiber for Kitchen Hallway Entryway and Bedroom, Long Kitchen Rugs (Purple)","STL8","-1","M","SELLABLE","0","1"
"2019-09-09T07:00:00+00:00","17093470993","X0026LB09R","UQ-WT44-Z13S","Non-Slip Kitchen Mat, (17.7"" x 29.5"") Soft Non Skid Anti-Fatigue Throw Rugs Runner Carpet, PVC Synthetic Fiber for Kitchen Hallway Entryway and Bedroom, Long Kitchen Rugs (Purple)","STL8","-1","O","SELLABLE",,
"2019-09-07T07:00:00+00:00","16637950993","X0026LB09R","UQ-WT44-Z13S","Non-Slip Kitchen Mat, (17.7"" x 29.5"") Soft Non Skid Anti-Fatigue Throw Rugs Runner Carpet, PVC Synthetic Fiber for Kitchen Hallway Entryway and Bedroom, Long Kitchen Rugs (Purple)","STL8","1","F","SELLABLE","0","1"
"2019-07-19T07:00:00+00:00","9274029783","X001XJNZ69","P0-YVWS-B6V6","2 Piece Non-slip Anti-Fatigue Kitchen Mat - (17.7"" x 29.5""+17.7"" x 59"") Soft Non Skid Throw Rugs Runner Carpet for Kitchen Hallway Entryway and Bedroom - Oil Resistant Long PVC Kitchen F (Dream Light)","SJC7","1","N","SELLABLE","0","1"
"2019-07-13T07:00:00+00:00","16122940631","X001YID8A7","8Q-J2DE-IRY8","2 Piece Non-Slip Anti-Fatigue Kitchen Mat - (17.7"" x 29.5""+17.7"" x 59"") Soft Non Skid Throw Rugs Runner Carpet for Kitchen Hallway Entryway Bedroom - Oil Resistant Long ?at(Marble Stone)","TPA2","-1","M","SELLABLE","0","1"
"2019-07-09T07:00:00+00:00","16099751631","X001YID8A7","8Q-J2DE-IRY8","2 Piece Non-Slip Anti-Fatigue Kitchen Mat - (17.7"" x 29.5""+17.7"" x 59"") Soft Non Skid Throw Rugs Runner Carpet for Kitchen Hallway Entryway Bedroom - Oil Resistant Long ?at(Marble Stone)","TPA2","-1","M","SELLABLE","0","1"
"2019-07-09T07:00:00+00:00","16099806631","X001YID8A7","8Q-J2DE-IRY8","2 Piece Non-Slip Anti-Fatigue Kitchen Mat - (17.7"" x 29.5""+17.7"" x 59"") Soft Non Skid Throw Rugs Runner Carpet for Kitchen Hallway Entryway Bedroom - Oil Resistant Long ?at(Marble Stone)","TPA2","1","F","SELLABLE","0","1"
"2019-06-23T07:00:00+00:00","10353617773","B07JHV2GP2","1-sm-18","Desiderare Thick Fluffy Washroom Mat - 31"" x 19"" Luxury Microfiber Non-Slip Rubber Bath Rug - Super Absorbent Bathroom Carpet with Anti-Skid Back (Space Man)","BOS7","1","N","SELLABLE","0","1"
"2019-06-21T07:00:00+00:00","10347240773","B07JHV2GP2","1-sm-18","Desiderare Thick Fluffy Washroom Mat - 31"" x 19"" Luxury Microfiber Non-Slip Rubber Bath Rug - Super Absorbent Bathroom Carpet with Anti-Skid Back (Space Man)","BOS7","-1","O","SELLABLE",,
"2019-06-21T07:00:00+00:00","10342167773","B07JHV2GP2","1-sm-18","Desiderare Thick Fluffy Washroom Mat - 31"" x 19"" Luxury Microfiber Non-Slip Rubber Bath Rug - Super Absorbent Bathroom Carpet with Anti-Skid Back (Space Man)","BOS7","-1","M","SELLABLE","0","1"
"2019-06-19T07:00:00+00:00","10333251773","B07JHV2GP2","1-sm-18","Desiderare Thick Fluffy Washroom Mat - 31"" x 19"" Luxury Microfiber Non-Slip Rubber Bath Rug - Super Absorbent Bathroom Carpet with Anti-Skid Back (Space Man)","BOS7","1","F","SELLABLE","0","1"
"2019-06-14T07:00:00+00:00","9419493892","X001XKWM0X","0Y-KRAZ-EDMI","2 Piece Non-Slip Anti-Fatigue Kitchen Mat - (17.7"" x 29.5""+17.7"" x 59"") Soft Non Skid Throw Rugs Runner Carpet for Kitchen Hallway Entryway and Bedroom - Oil Resistant Long PVC Kitchen F (Enjoy Life)","TEB6","1","N","SELLABLE","0","1"
"2019-06-14T07:00:00+00:00","9419492892","X001XKWM0X","0Y-KRAZ-EDMI","2 Piece Non-Slip Anti-Fatigue Kitchen Mat - (17.7"" x 29.5""+17.7"" x 59"") Soft Non Skid Throw Rugs Runner Carpet for Kitchen Hallway Entryway and Bedroom - Oil Resistant Long PVC Kitchen F (Enjoy Life)","TEB6","1","N","SELLABLE","0","1"
"2019-06-13T07:00:00+00:00","18032352524","X001XJNZ69","P0-YVWS-B6V6","2 Piece Non-slip Anti-Fatigue Kitchen Mat - (17.7"" x 29.5""+17.7"" x 59"") Soft Non Skid Throw Rugs Runner Carpet for Kitchen Hallway Entryway and Bedroom - Oil Resistant Long PVC Kitchen F (Dream Light)","TEB3","-1","O","SELLABLE",,
"2019-06-10T07:00:00+00:00","18025258524","X001XJNZ69","P0-YVWS-B6V6","2 Piece Non-slip Anti-Fatigue Kitchen Mat - (17.7"" x 29.5""+17.7"" x 59"") Soft Non Skid Throw Rugs Runner Carpet for Kitchen Hallway Entryway and Bedroom - Oil Resistant Long PVC Kitchen F (Dream Light)","TEB3","1","F","SELLABLE","0","1"
"2019-05-28T07:00:00+00:00","14514105603","B07JHV2GP2","1-sm-18","Desiderare Thick Fluffy Washroom Mat - 31"" x 19"" Luxury Microfiber Non-Slip Rubber Bath Rug - Super Absorbent Bathroom Carpet with Anti-Skid Back (Space Man)","OAK3","1","F","SELLABLE","0","1"
"2019-05-24T07:00:00+00:00","14499228603","B07JHV2GP2","1-sm-18","Desiderare Thick Fluffy Washroom Mat - 31"" x 19"" Luxury Microfiber Non-Slip Rubber Bath Rug - Super Absorbent Bathroom Carpet with Anti-Skid Back (Space Man)","OAK3","-1","M","SELLABLE","0","1"
"2019-05-18T07:00:00+00:00","9342558892","X001XKWM0X","0Y-KRAZ-EDMI","2 Piece Non-Slip Anti-Fatigue Kitchen Mat - (17.7"" x 29.5""+17.7"" x 59"") Soft Non Skid Throw Rugs Runner Carpet for Kitchen Hallway Entryway and Bedroom - Oil Resistant Long PVC Kitchen F (Enjoy Life)","TEB6","1","N","SELLABLE","0","1"
"2019-05-18T07:00:00+00:00","9523040772","X001XKWM0X","0Y-KRAZ-EDMI","2 Piece Non-Slip Anti-Fatigue Kitchen Mat - (17.7"" x 29.5""+17.7"" x 59"") Soft Non Skid Throw Rugs Runner Carpet for Kitchen Hallway Entryway and Bedroom - Oil Resistant Long PVC Kitchen F (Enjoy Life)","ABE4","1","N","SELLABLE","0","1"
"2019-05-18T07:00:00+00:00","6810949534","X001XKWM0X","0Y-KRAZ-EDMI","2 Piece Non-Slip Anti-Fatigue Kitchen Mat - (17.7"" x 29.5""+17.7"" x 59"") Soft Non Skid Throw Rugs Runner Carpet for Kitchen Hallway Entryway and Bedroom - Oil Resistant Long PVC Kitchen F (Enjoy Life)","LGB6","2","N","SELLABLE","0","2"
"2019-05-18T07:00:00+00:00","15874546631","B07JHVFFP8","1-bm-18","Anti-Fatigue Kitchen Mat | Pack of 2 | 2 Sizes| Professionally Designed | PVC Synthetic Fiber | Super Fashionable | Oil Prevent | Double Sided | (Black Marble)","TPA2","1","N","SELLABLE","0","1"
"2019-05-18T07:00:00+00:00","15874549631","B07JHVFFP8","1-bm-18","Anti-Fatigue Kitchen Mat | Pack of 2 | 2 Sizes| Professionally Designed | PVC Synthetic Fiber | Super Fashionable | Oil Prevent | Double Sided | (Black Marble)","TPA2","10","N","SELLABLE","0","10"
"2019-05-18T07:00:00+00:00","15874550631","B07JHVFFP8","1-bm-18","Anti-Fatigue Kitchen Mat | Pack of 2 | 2 Sizes| Professionally Designed | PVC Synthetic Fiber | Super Fashionable | Oil Prevent | Double Sided | (Black Marble)","TPA2","8","N","SELLABLE","0","8"
"2019-05-18T07:00:00+00:00","15874545631","B07JHVFFP8","1-bm-18","Anti-Fatigue Kitchen Mat | Pack of 2 | 2 Sizes| Professionally Designed | PVC Synthetic Fiber | Super Fashionable | Oil Prevent | Double Sided | (Black Marble)","TPA2","8","N","SELLABLE","0","8"
"2019-05-18T07:00:00+00:00","6810948534","X001XKWM0X","0Y-KRAZ-EDMI","2 Piece Non-Slip Anti-Fatigue Kitchen Mat - (17.7"" x 29.5""+17.7"" x 59"") Soft Non Skid Throw Rugs Runner Carpet for Kitchen Hallway Entryway and Bedroom - Oil Resistant Long PVC Kitchen F (Enjoy Life)","LGB6","1","N","SELLABLE","0","1"
"2019-05-18T07:00:00+00:00","6810954534","B07JGCH5CC","1-wm-18","Anti-Fatigue Kitchen Mat | Pack of 2 | 2 Sizes| Professionally Designed | PVC Synthetic Fiber | Super Fashionable | Oil Prevent | Double Sided | (White Marble)","LGB6","8","N","SELLABLE","0","8"
"2019-05-16T07:00:00+00:00","15870099631","B07JHV2GP2","1-sm-18","Desiderare Thick Fluffy Washroom Mat - 31"" x 19"" Luxury Microfiber Non-Slip Rubber Bath Rug - Super Absorbent Bathroom Carpet with Anti-Skid Back (Space Man)","TPA2","1","N","SELLABLE","0","1"
"2019-05-16T07:00:00+00:00","1558073637066420","B07JHV2GP2","1-sm-18","Desiderare Thick Fluffy Washroom Mat - 31"" x 19"" Luxury Microfiber Non-Slip Rubber Bath Rug - Super Absorbent Bathroom Carpet with Anti-Skid Back (Space Man)","TPA2","-1","M","SELLABLE","0","1"
"2019-05-10T07:00:00+00:00","32986496874","X001YHN41V","Y9-J10M-FC4H","2 Piece Non-Slip Anti-Fatigue Kitchen Mat - (17.7"" x 29.5""+17.7"" x 59"") Soft Non Skid Throw Rugs Runner Carpet for Kitchen Hallway Entryway and Bedroom - Oil Resistant Long PVC Kitchen F (Golden map)","JAX2","1","N","SELLABLE","0","1"
"2019-05-02T07:00:00+00:00","32646596874","X001YHN41V","Y9-J10M-FC4H","2 Piece Non-Slip Anti-Fatigue Kitchen Mat - (17.7"" x 29.5""+17.7"" x 59"") Soft Non Skid Throw Rugs Runner Carpet for Kitchen Hallway Entryway and Bedroom - Oil Resistant Long PVC Kitchen F (Golden map)","JAX2","-1","O","SELLABLE",,
"2019-04-29T07:00:00+00:00","32579218874","X001YHN41V","Y9-J10M-FC4H","2 Piece Non-Slip Anti-Fatigue Kitchen Mat - (17.7"" x 29.5""+17.7"" x 59"") Soft Non Skid Throw Rugs Runner Carpet for Kitchen Hallway Entryway and Bedroom - Oil Resistant Long PVC Kitchen F (Golden map)","JAX2","1","F","SELLABLE","0","1"
"2019-03-13T07:00:00+00:00","16866589150","X001YID8HP","AE-G7HN-0REZ","2 Piece Nonslip AntiFatigue Kitchen Mat -(17.7"" x 29.5""+17.7"" x 59"") Soft Non Skid Throw Rugs Runner Carpet for Kitchen Hallway Entryway Bedroom- Oil Resistant Long Kitchen(Luxury Feast)","PHX7","-1","O","WAREHOUSE_DAMAGED",,
"2019-03-13T07:00:00+00:00","16866584150","X001YID8HP","AE-G7HN-0REZ","2 Piece Nonslip AntiFatigue Kitchen Mat -(17.7"" x 29.5""+17.7"" x 59"") Soft Non Skid Throw Rugs Runner Carpet for Kitchen Hallway Entryway Bedroom- Oil Resistant Long Kitchen(Luxury Feast)","PHX7","1","F","WAREHOUSE_DAMAGED","0","1"
"2019-02-27T08:00:00+00:00","15601797631","B07JHVFFP8","1-bm-18","Anti-Fatigue Kitchen Mat | Pack of 2 | 2 Sizes| Professionally Designed | PVC Synthetic Fiber | Super Fashionable | Oil Prevent | Double Sided | (Black Marble)","TPA2","1","N","SELLABLE","0","1"
"2019-02-27T08:00:00+00:00","15601903631","B07JHVFFP8","1-bm-18","Anti-Fatigue Kitchen Mat | Pack of 2 | 2 Sizes| Professionally Designed | PVC Synthetic Fiber | Super Fashionable | Oil Prevent | Double Sided | (Black Marble)","TPA2","1","N","SELLABLE","0","1"
"2019-02-17T08:00:00+00:00","16777320150","X001YID8HP","AE-G7HN-0REZ","2 Piece Nonslip AntiFatigue Kitchen Mat -(17.7"" x 29.5""+17.7"" x 59"") Soft Non Skid Throw Rugs Runner Carpet for Kitchen Hallway Entryway Bedroom- Oil Resistant Long Kitchen(Luxury Feast)","PHX7","-1","M","CUSTOMER_DAMAGED","0","1"
"2019-02-12T08:00:00+00:00","15550594631","B07JHVFFP8","1-bm-18","Anti-Fatigue Kitchen Mat | Pack of 2 | 2 Sizes| Professionally Designed | PVC Synthetic Fiber | Super Fashionable | Oil Prevent | Double Sided | (Black Marble)","TPA2","1","N","SELLABLE","0","1"
"2019-02-10T08:00:00+00:00","9040989892","B07JGCH5CC","1-wm-18","Anti-Fatigue Kitchen Mat | Pack of 2 | 2 Sizes| Professionally Designed | PVC Synthetic Fiber | Super Fashionable | Oil Prevent | Double Sided | (White Marble)","TEB6","1","N","SELLABLE","0","1"
"2019-02-02T08:00:00+00:00","9014628892","B07JGCH5CC","1-wm-18","Anti-Fatigue Kitchen Mat | Pack of 2 | 2 Sizes| Professionally Designed | PVC Synthetic Fiber | Super Fashionable | Oil Prevent | Double Sided | (White Marble)","TEB6","-1","M","SELLABLE","0","1"
"2019-02-01T08:00:00+00:00","15517580631","X001Z2EVIZ","0Z-IZIU-860V","Desiderare Thick Fluffy Washroom Mat - 31"" x 19"" Luxury Microfiber Non-Slip Rubber Bath Rug - Super Absorbent Bathroom Carpet with Anti-Skid Back ...","TPA2","-1","M","SELLABLE","0","1"
"2019-01-30T08:00:00+00:00","7387757785","B07JJ3HGSN","1-mwh-18","Desiderare Thick Fluffy Washroom Mat - 31"" x 19"" Luxury Microfiber Non-Slip Rubber Bath Rug - Super Absorbent Bathroom Carpet with Anti-Skid Back (Moroccan Wooden House)","STL4","1","F","SELLABLE","0","1"
"2019-01-30T08:00:00+00:00","147884112047","B07JJ3HGSN","1-mwh-18","Desiderare Thick Fluffy Washroom Mat - 31"" x 19"" Luxury Microfiber Non-Slip Rubber Bath Rug - Super Absorbent Bathroom Carpet with Anti-Skid Back (Moroccan Wooden House)","CVG2","-1","M","SELLABLE","0","1"
"2019-01-23T08:00:00+00:00","8976228892","B07JGCH5CC","1-wm-18","Anti-Fatigue Kitchen Mat | Pack of 2 | 2 Sizes| Professionally Designed | PVC Synthetic Fiber | Super Fashionable | Oil Prevent | Double Sided | (White Marble)","TEB6","-1","O","SELLABLE",,
"2019-01-17T08:00:00+00:00","8954542892","B07JGCH5CC","1-wm-18","Anti-Fatigue Kitchen Mat | Pack of 2 | 2 Sizes| Professionally Designed | PVC Synthetic Fiber | Super Fashionable | Oil Prevent | Double Sided | (White Marble)","TEB6","1","F","SELLABLE","0","1"
"2019-01-12T08:00:00+00:00","15441526631","B07JHV2GP2","1-sm-18","Desiderare Thick Fluffy Washroom Mat - 31"" x 19"" Luxury Microfiber Non-Slip Rubber Bath Rug - Super Absorbent Bathroom Carpet with Anti-Skid Back (Space Man)","TPA2","-1","O","SELLABLE",,
"2019-01-12T08:00:00+00:00","8803048783","X001XKWM0X","0Y-KRAZ-EDMI","2 Piece Non-Slip Anti-Fatigue Kitchen Mat - (17.7"" x 29.5""+17.7"" x 59"") Soft Non Skid Throw Rugs Runner Carpet for Kitchen Hallway Entryway and Bedroom - Oil Resistant Long PVC Kitchen F (Enjoy Life)","SJC7","1","N","SELLABLE","0","1"
"2019-01-12T08:00:00+00:00","15441911631","X001YID8A7","8Q-J2DE-IRY8","2 Piece Non-Slip Anti-Fatigue Kitchen Mat - (17.7"" x 29.5""+17.7"" x 59"") Soft Non Skid Throw Rugs Runner Carpet for Kitchen Hallway Entryway Bedroom - Oil Resistant Long ?at(Marble Stone)","TPA2","2","N","SELLABLE","0","2"
"2019-01-09T08:00:00+00:00","15430531631","B07JHV2GP2","1-sm-18","Desiderare Thick Fluffy Washroom Mat - 31"" x 19"" Luxury Microfiber Non-Slip Rubber Bath Rug - Super Absorbent Bathroom Carpet with Anti-Skid Back (Space Man)","TPA2","1","F","SELLABLE","0","1"
"2019-01-09T08:00:00+00:00","8789589783","X001XKWM0X","0Y-KRAZ-EDMI","2 Piece Non-Slip Anti-Fatigue Kitchen Mat - (17.7"" x 29.5""+17.7"" x 59"") Soft Non Skid Throw Rugs Runner Carpet for Kitchen Hallway Entryway and Bedroom - Oil Resistant Long PVC Kitchen F (Enjoy Life)","SJC7","1","N","SELLABLE","0","1"
"2019-01-08T08:00:00+00:00","15425400631","X001YID8A7","8Q-J2DE-IRY8","2 Piece Non-Slip Anti-Fatigue Kitchen Mat - (17.7"" x 29.5""+17.7"" x 59"") Soft Non Skid Throw Rugs Runner Carpet for Kitchen Hallway Entryway Bedroom - Oil Resistant Long ?at(Marble Stone)","TPA2","1","N","SELLABLE","0","1"
"2019-01-06T08:00:00+00:00","8778319783","X001XKWM0X","0Y-KRAZ-EDMI","2 Piece Non-Slip Anti-Fatigue Kitchen Mat - (17.7"" x 29.5""+17.7"" x 59"") Soft Non Skid Throw Rugs Runner Carpet for Kitchen Hallway Entryway and Bedroom - Oil Resistant Long PVC Kitchen F (Enjoy Life)","SJC7","1","N","SELLABLE","0","1"
"2019-01-05T08:00:00+00:00","15414718631","B07JHVFFP8","1-bm-18","Anti-Fatigue Kitchen Mat | Pack of 2 | 2 Sizes| Professionally Designed | PVC Synthetic Fiber | Super Fashionable | Oil Prevent | Double Sided | (Black Marble)","TPA2","1","N","SELLABLE","0","1"
"2019-01-02T08:00:00+00:00","8868717892","X001XKWM0X","0Y-KRAZ-EDMI","2 Piece Non-Slip Anti-Fatigue Kitchen Mat - (17.7"" x 29.5""+17.7"" x 59"") Soft Non Skid Throw Rugs Runner Carpet for Kitchen Hallway Entryway and Bedroom - Oil Resistant Long PVC Kitchen F (Enjoy Life)","TEB6","1","N","SELLABLE","0","1"
"2019-01-01T08:00:00+00:00","8867765892","X001XKWM0X","0Y-KRAZ-EDMI","2 Piece Non-Slip Anti-Fatigue Kitchen Mat - (17.7"" x 29.5""+17.7"" x 59"") Soft Non Skid Throw Rugs Runner Carpet for Kitchen Hallway Entryway and Bedroom - Oil Resistant Long PVC Kitchen F (Enjoy Life)","TEB6","-1","O","SELLABLE",,
