"request-date","order-id","order-type","order-status","last-updated-date","sku","fnsku","disposition","requested-quantity","cancelled-quantity","disposed-quantity","shipped-quantity","in-process-quantity","removal-fee","currency"
"2019-11-22T09:14:05+00:00","xjbm9e3221","Disposal","Pending","2019-11-22T23:14:05+00:00","0Y-KRAZ-EDMI","X001XKWM0X","Unsellable","1","0","0",,"1",,
"2019-11-22T09:14:05+00:00","xjbm9e3221","Disposal","Pending","2019-11-22T23:14:05+00:00","5K-7LP0-NF6L","X001Z2CD2L","Unsellable","1","0","0",,"1",,
"2019-09-13T08:11:19+00:00","xj9d8b4485","Disposal","Completed","2019-10-12T03:45:09+00:00","Y9-J10M-FC4H","X001YHN41V","Unsellable","1","0","1",,"0","0.30","USD"
"2019-09-06T09:40:21+00:00","xj969Ef057","Disposal","Completed","2019-09-16T06:40:33+00:00","1-wm-18","B07JGCH5CC","Unsellable","1","0","1",,"0","0.30","USD"
"2019-09-06T09:40:21+00:00","xj969Ef057","Disposal","Completed","2019-09-16T06:40:33+00:00","P0-YVWS-B6V6","X001XJNZ69","Unsellable","1","0","1",,"0","0.30","USD"
"2019-09-06T09:40:21+00:00","xj969Ef057","Disposal","Completed","2019-09-16T06:40:33+00:00","8Q-J2DE-IRY8","X001YID8A7","Unsellable","1","0","1",,"0","0.30","USD"
"2019-08-16T19:19:24+00:00","xj8gjjk558","Disposal","Completed","2019-08-31T13:02:01+00:00","1-bm-18","B07JHVFFP8","Unsellable","1","0","1",,"0","0.30","USD"
"2019-08-09T21:16:21+00:00","xj89lgi092","Disposal","Completed","2019-08-31T08:47:12+00:00","P0-YVWS-B6V6","X001XJNZ69","Unsellable","1","0","1",,"0","0.30","USD"
"2019-08-09T21:16:21+00:00","xj89lgi092","Disposal","Completed","2019-08-31T08:47:12+00:00","8Q-J2DE-IRY8","X001YID8A7","Unsellable","1","0","1",,"0","0.30","USD"
"2019-08-02T10:17:46+00:00","xj82ahD542","Disposal","Completed","2019-08-12T12:17:07+00:00","P0-YVWS-B6V6","X001XJNZ69","Unsellable","1","0","1",,"0","0.30","USD"
"2019-07-12T07:37:49+00:00","xj7c7Bp199","Disposal","Completed","2019-07-16T22:12:02+00:00","1-wm-18","B07JGCH5CC","Unsellable","1","0","1",,"0","0.30","USD"
"2019-04-19T05:58:01+00:00","xj4j5VW470","Disposal","Completed","2019-05-02T08:00:23+00:00","1-ss-18","B07JX5RN5K","Unsellable","1","0","1",,"0","0.15","USD"
"2019-04-19T05:58:01+00:00","xj4j5VW470","Disposal","Completed","2019-05-02T08:00:23+00:00","AE-G7HN-0REZ","X001YID8HP","Unsellable","3","0","3",,"0","0.90","USD"
"2019-04-12T05:39:17+00:00","xj4c5Dc362","Disposal","Completed","2019-04-13T14:34:01+00:00","1-wm-18","B07JGCH5CC","Unsellable","2","0","2",,"0","0.60","USD"
"2019-04-05T05:45:42+00:00","xj455JF613","Disposal","Completed","2019-04-16T18:16:40+00:00","YH-UMKR-8PI5","X001YID8UH","Unsellable","1","0","1",,"0","0.15","USD"
"2019-03-22T06:11:28+00:00","xj3m6br046","Disposal","Completed","2019-03-26T08:48:28+00:00","1-bm-18","B07JHVFFP8","Unsellable","1","0","1",,"0","0.30","USD"
"2019-03-22T06:11:28+00:00","xj3m6br046","Disposal","Completed","2019-03-26T08:48:28+00:00","0Y-KRAZ-EDMI","X001XKWM0X","Unsellable","1","0","1",,"0","0.30","USD"
"2019-03-22T06:11:28+00:00","xj3m6br046","Disposal","Completed","2019-03-26T08:48:28+00:00","YH-UMKR-8PI5","X001YID8UH","Unsellable","1","0","1",,"0","0.15","USD"
"2019-03-15T09:27:06+00:00","xj3f9r4743","Disposal","Completed","2019-03-17T07:31:00+00:00","1-mc-18","B07JJC4NTT","Unsellable","1","0","1",,"0","0.30","USD"
"2019-03-01T07:28:16+00:00","xj317s9552","Disposal","Completed","2019-03-14T15:38:43+00:00","1-bm-18","B07JHVFFP8","Unsellable","1","0","1",,"0","0.30","USD"
"2019-03-01T07:28:16+00:00","xj317s9552","Disposal","Completed","2019-03-14T15:38:43+00:00","1-mwh-18","B07JJ3HGSN","Unsellable","1","0","1",,"0","0.30","USD"
"2019-03-01T07:28:16+00:00","xj317s9552","Disposal","Completed","2019-03-14T15:38:43+00:00","AE-G7HN-0REZ","X001YID8HP","Unsellable","1","0","1",,"0","0.30","USD"
"2019-02-15T07:09:36+00:00","xj2f79y091","Disposal","Completed","2019-02-21T12:25:40+00:00","1-mc-18","B07JJC4NTT","Unsellable","1","0","1",,"0","0.30","USD"
"2019-02-15T07:09:36+00:00","xj2f79y091","Disposal","Completed","2019-02-21T12:25:40+00:00","0Y-KRAZ-EDMI","X001XKWM0X","Unsellable","1","0","1",,"0","0.30","USD"
"2019-02-15T07:09:36+00:00","xj2f79y091","Disposal","Completed","2019-02-21T12:25:40+00:00","VQ-ZK10-AI17","X001Z2NBPT","Unsellable","1","0","1",,"0","0.15","USD"
"2019-01-28T13:49:20+00:00","xj1sdNi472","Disposal","Completed","2019-02-07T12:48:12+00:00","P0-YVWS-B6V6","X001XJNZ69","Unsellable","2","0","2",,"0","0.60","USD"
"2019-01-28T13:49:20+00:00","xj1sdNi472","Disposal","Completed","2019-02-07T12:48:12+00:00","0Y-KRAZ-EDMI","X001XKWM0X","Unsellable","1","0","1",,"0","0.30","USD"
"2019-01-18T06:17:44+00:00","xj1i6hG896","Disposal","Completed","2019-01-22T22:07:56+00:00","1-mc-18","B07JJC4NTT","Unsellable","1","0","1",,"0","0.30","USD"
"2019-01-18T06:17:44+00:00","xj1i6hG896","Disposal","Completed","2019-01-22T22:07:56+00:00","P0-YVWS-B6V6","X001XJNZ69","Unsellable","1","0","1",,"0","0.30","USD"
"2019-01-11T05:48:30+00:00","xj1b5Mt236","Disposal","Completed","2019-01-14T05:13:45+00:00","P0-YVWS-B6V6","X001XJNZ69","Unsellable","2","0","2",,"0","0.60","USD"
"2019-01-04T06:05:05+00:00","xj14654348","Disposal","Completed","2019-01-08T03:12:33+00:00","0P-DOPF-MKUI","X001XNL7UV","Unsellable","1","0","1",,"0","0.15","USD"
