"request-date","order-id","order-type","order-status","last-updated-date","sku","fnsku","disposition","requested-quantity","cancelled-quantity","disposed-quantity","shipped-quantity","in-process-quantity","removal-fee","currency"
"2020-01-17T23:57:15+00:00","wk1hnV4562","Return","Completed","2020-01-21T12:31:58+00:00","1-wm-18","B07JGCH5CC","Sellable","23","0",,"23","0","13.80","USD"
"2020-01-17T23:57:15+00:00","wk1hnV4562","Return","Completed","2020-01-21T12:31:58+00:00","1-bm-18","B07JHVFFP8","Sellable","9","0",,"9","0","5.40","USD"
"2020-01-17T23:57:15+00:00","wk1hnV4562","Return","Completed","2020-01-21T12:31:58+00:00","M4-LSWE-EXF8","X001Z2NBQ3","Sellable","1","0",,"1","0","0.60","USD"
"2020-01-16T08:13:04+00:00","202001UFFL","Return","Pending","2020-01-16T16:02:40+00:00","1-wm-18","B07JGCH5CC","Unsellable","1","0",,"0","1",,
"2020-01-16T08:13:04+00:00","202001UFFL","Return","Pending","2020-01-16T16:02:40+00:00","1-bm-18","B07JHVFFP8","Unsellable","1","1",,"0","0",,
"2020-01-16T08:13:04+00:00","202001UFFL","Return","Pending","2020-01-16T16:02:40+00:00","1-mwh-18","B07JJ3HGSN","Unsellable","5","0",,"3","2",,
"2020-01-16T08:13:04+00:00","202001UFFL","Return","Pending","2020-01-16T16:02:40+00:00","1-mc-18","B07JJC4NTT","Unsellable","1","0",,"0","1",,
"2020-01-16T08:13:04+00:00","202001UFFL","Return","Pending","2020-01-16T16:02:40+00:00","0Y-KRAZ-EDMI","X001XKWM0X","Unsellable","1","0",,"1","0",,
"2020-01-16T08:13:04+00:00","202001UFFL","Return","Pending","2020-01-16T16:02:40+00:00","YH-UMKR-8PI5","X001YID8UH","Unsellable","2","0",,"1","1",,
"2020-01-16T08:13:04+00:00","202001UFFL","Return","Pending","2020-01-16T16:02:40+00:00","CL-PIWX-DDRG","X001Z2O1PX","Unsellable","1","0",,"0","1",,
"2020-01-16T08:13:04+00:00","202001UFFL","Return","Pending","2020-01-16T16:02:40+00:00","DL-DQ-60-90","X0029H3JGZ","Unsellable","2","0",,"2","0",,
"2020-01-12T08:05:54+00:00","xk1c85O711","Disposal","Completed","2020-01-15T13:29:03+00:00","1-mwh-18","B07JJ3HGSN","Unsellable","1","0","1",,"0","0.30","USD"
"2019-12-27T12:19:36+00:00","xjcrcjp628","Disposal","Completed","2019-12-30T15:33:18+00:00","1-mc-18","B07JJC4NTT","Unsellable","1","0","1",,"0","0.30","USD"
"2019-12-27T11:26:49+00:00","201912LTSF","Return","Completed","2020-01-04T17:32:38+00:00","1-wm-18","B07JGCH5CC","Sellable","3","0",,"3","0","1.80","USD"
"2019-12-27T11:26:49+00:00","201912LTSF","Return","Completed","2020-01-04T17:32:38+00:00","1-sm-18","B07JHV2GP2","Sellable","26","0",,"26","0","15.60","USD"
"2019-12-27T11:26:49+00:00","201912LTSF","Return","Completed","2020-01-04T17:32:38+00:00","1-pp-18","B07JJY9K22","Sellable","7","0",,"7","0","3.50","USD"
"2019-12-27T11:26:49+00:00","201912LTSF","Return","Completed","2020-01-04T17:32:38+00:00","0P-DOPF-MKUI","X001XNL7UV","Sellable","9","0",,"9","0","4.50","USD"
"2019-12-27T11:26:49+00:00","201912LTSF","Return","Completed","2020-01-04T17:32:38+00:00","MR-P63C-5KYC","X001YUL0KF","Sellable","9","0",,"9","0","5.40","USD"
"2019-12-27T11:26:49+00:00","201912LTSF","Return","Completed","2020-01-04T17:32:38+00:00","5K-7LP0-NF6L","X001Z2CD2L","Sellable","16","0",,"16","0","9.60","USD"
"2019-12-27T11:26:49+00:00","201912LTSF","Return","Completed","2020-01-04T17:32:38+00:00","0Z-IZIU-860V","X001Z2EVIZ","Sellable","24","0",,"24","0","14.40","USD"
"2019-12-27T11:26:49+00:00","201912LTSF","Return","Completed","2020-01-04T17:32:38+00:00","EP-LNZX-ZP2L","X001Z2EVJ9","Sellable","20","1",,"19","0","11.40","USD"
"2019-12-27T11:26:49+00:00","201912LTSF","Return","Completed","2020-01-04T17:32:38+00:00","M4-LSWE-EXF8","X001Z2NBQ3","Sellable","22","0",,"22","0","13.20","USD"
"2019-12-20T21:57:00+00:00","xjcklUP525","Disposal","Pending","2019-12-21T19:45:41+00:00","1-mc-18","B07JJC4NTT","Unsellable","1","0","0",,"1",,
"2019-12-20T21:57:00+00:00","xjcklUP525","Disposal","Pending","2019-12-21T19:45:41+00:00","8Q-J2DE-IRY8","X001YID8A7","Unsellable","2","0","2",,"0",,
"2019-12-13T12:13:21+00:00","xjcdcdb867","Disposal","Completed","2020-01-20T22:25:12+00:00","8Q-J2DE-IRY8","X001YID8A7","Unsellable","1","0","1",,"0","0.30","USD"
"2019-11-29T08:52:41+00:00","xjbt8Qy261","Disposal","Completed","2019-12-04T19:35:39+00:00","P0-YVWS-B6V6","X001XJNZ69","Unsellable","1","0","1",,"0","0.30","USD"
"2019-11-29T08:52:41+00:00","xjbt8Qy261","Disposal","Completed","2019-12-04T19:35:39+00:00","0Y-KRAZ-EDMI","X001XKWM0X","Unsellable","1","0","1",,"0","0.30","USD"
"2019-11-22T09:14:05+00:00","xjbm9e3221","Disposal","Completed","2019-11-27T04:14:27+00:00","0Y-KRAZ-EDMI","X001XKWM0X","Unsellable","1","0","1",,"0","0.30","USD"
"2019-11-22T09:14:05+00:00","xjbm9e3221","Disposal","Completed","2019-11-27T04:14:27+00:00","5K-7LP0-NF6L","X001Z2CD2L","Unsellable","1","0","1",,"0","0.30","USD"
