"request-date","order-id","order-type","order-status","last-updated-date","sku","fnsku","disposition","requested-quantity","cancelled-quantity","disposed-quantity","shipped-quantity","in-process-quantity","removal-fee","currency"
"2019-12-27T12:19:36+00:00","xjcrcjp628","Disposal","Completed","2019-12-30T15:33:18+00:00","1-mc-18","B07JJC4NTT","Unsellable","1","0","1",,"0","0.30","USD"
"2019-12-27T11:26:49+00:00","201912LTSF","Return","Completed","2020-01-04T17:32:38+00:00","1-wm-18","B07JGCH5CC","Sellable","3","0",,"3","0","1.80","USD"
"2019-12-27T11:26:49+00:00","201912LTSF","Return","Completed","2020-01-04T17:32:38+00:00","1-sm-18","B07JHV2GP2","Sellable","26","0",,"26","0","15.60","USD"
"2019-12-27T11:26:49+00:00","201912LTSF","Return","Completed","2020-01-04T17:32:38+00:00","1-pp-18","B07JJY9K22","Sellable","7","0",,"7","0","3.50","USD"
"2019-12-27T11:26:49+00:00","201912LTSF","Return","Completed","2020-01-04T17:32:38+00:00","0P-DOPF-MKUI","X001XNL7UV","Sellable","9","0",,"9","0","4.50","USD"
"2019-12-27T11:26:49+00:00","201912LTSF","Return","Completed","2020-01-04T17:32:38+00:00","MR-P63C-5KYC","X001YUL0KF","Sellable","9","0",,"9","0","5.40","USD"
"2019-12-27T11:26:49+00:00","201912LTSF","Return","Completed","2020-01-04T17:32:38+00:00","5K-7LP0-NF6L","X001Z2CD2L","Sellable","16","0",,"16","0","9.60","USD"
"2019-12-27T11:26:49+00:00","201912LTSF","Return","Completed","2020-01-04T17:32:38+00:00","0Z-IZIU-860V","X001Z2EVIZ","Sellable","24","0",,"24","0","14.40","USD"
"2019-12-27T11:26:49+00:00","201912LTSF","Return","Completed","2020-01-04T17:32:38+00:00","EP-LNZX-ZP2L","X001Z2EVJ9","Sellable","20","1",,"19","0","11.40","USD"
"2019-12-27T11:26:49+00:00","201912LTSF","Return","Completed","2020-01-04T17:32:38+00:00","M4-LSWE-EXF8","X001Z2NBQ3","Sellable","22","0",,"22","0","13.20","USD"
"2019-12-20T21:57:00+00:00","xjcklUP525","Disposal","Pending","2019-12-21T19:45:41+00:00","1-mc-18","B07JJC4NTT","Unsellable","1","0","0",,"1",,
"2019-12-20T21:57:00+00:00","xjcklUP525","Disposal","Pending","2019-12-21T19:45:41+00:00","8Q-J2DE-IRY8","X001YID8A7","Unsellable","2","0","2",,"0",,
"2019-12-13T12:13:21+00:00","xjcdcdb867","Disposal","Pending","2019-12-14T08:51:42+00:00","8Q-J2DE-IRY8","X001YID8A7","Unsellable","1","0","0",,"1",,
