﻿Date,Start Date,End Date,Portfolio name,Campaign Type,Campaign Name,Status,Currency,Budget,Targeting Type,Bidding strategy,Impressions,Last Year Impressions,Clicks,Last Year Clicks,Click-Thru Rate (CTR),Spend,Last Year Spend,Cost Per Click (CPC),Last Year Cost Per Click (CPC),7 Day Total Orders (#),"Total Advertising Cost of Sales (ACoS) ","7 Day Total Sales "
"Dec 15, 2019","Dec 7, 2019",,No Portfolio,Sponsored Products,B07VX6FRQQ (Modern Show) - Keyword Target,ENABLED,USD,$2.0,Manual targeting,Dynamic bids - down only,581,,0,,0.00%,$0.0,,$0.0,,0,0.00%,$0.0
"Dec 15, 2019","Dec 7, 2019",,No Portfolio,Sponsored Products,B07L118VDV (Hello Happiness) - Keyword Target,ENABLED,USD,$2.0,Manual targeting,Dynamic bids - down only,173,,1,,0.58%,$0.73,,$0.73,,0,0.00%,$0.0
"Dec 15, 2019","Dec 7, 2019",,No Portfolio,Sponsored Products,B07JJ3HGSN (Moroccan Wooden House) - Keyword Target,ENABLED,USD,$10.0,Manual targeting,Dynamic bids - down only,4065,,19,,0.47%,$15.33,,$0.8068420999999999,,0,0.00%,$0.0
"Dec 15, 2019","Dec 7, 2019",,No Portfolio,Sponsored Products,B07VW6J6N5 (Norwegian White Impression) - Keyword Target,ENABLED,USD,$5.0,Manual targeting,Dynamic bids - down only,1289,,2,,0.16%,$1.34,,$0.67,,1,1.68%,$79.98
"Dec 15, 2019","Dec 9, 2019",,No Portfolio,Sponsored Products,B07VSNNSD8 (Dream Light) - Keyword Target,ENABLED,USD,$2.0,Manual targeting,Dynamic bids - down only,10,,0,,0.00%,$0.0,,$0.0,,0,0.00%,$0.0
"Dec 15, 2019","Dec 5, 2019",,No Portfolio,Sponsored Products,B07KJXY5SN (Golden Map) - Keyword Target,ENABLED,USD,$5.0,Manual targeting,Dynamic bids - down only,2207,,8,,0.36%,$3.7,,$0.4625,,0,0.00%,$0.0
"Dec 15, 2019","Dec 5, 2019",,No Portfolio,Sponsored Products,B07KK3RQNV (City Map) - Keyword Target,ENABLED,USD,$5.0,Manual targeting,Dynamic bids - down only,2273,,12,,0.53%,$6.11,,$0.5091667000000001,,0,0.00%,$0.0
"Dec 15, 2019","Dec 7, 2019",,No Portfolio,Sponsored Products,B07JJC4NTT (Moroccan Craftman) - Keyword Target,ENABLED,USD,$5.0,Manual targeting,Dynamic bids - down only,4300,,18,,0.42%,$15.3,,$0.85,,0,0.00%,$0.0
"Dec 15, 2019","Dec 7, 2019",,No Portfolio,Sponsored Products,B07JHV2GP2 (Space Man) - Keyword Target,ENABLED,USD,$2.0,Manual targeting,Dynamic bids - down only,127,,0,,0.00%,$0.0,,$0.0,,0,0.00%,$0.0
"Dec 15, 2019","Nov 28, 2019",,No Portfolio,Sponsored Products,B07JMT389Q (Enjoy Life) - Keyword Target,ENABLED,USD,$4.0,Manual targeting,Dynamic bids - down only,1514,,15,,0.99%,$7.5,,$0.5,,0,0.00%,$0.0
"Dec 15, 2019","Dec 10, 2019",,No Portfolio,Sponsored Products,B07JHNJT7Q (Perfect Day) - Keyword Target,ENABLED,USD,$3.0,Manual targeting,Dynamic bids - down only,235,,1,,0.43%,$0.64,,$0.64,,0,0.00%,$0.0
"Dec 15, 2019","Dec 2, 2019",,No Portfolio,Sponsored Products,B07JMDZBSR (Dream Light) - Keyword Target,ENABLED,USD,$7.0,Manual targeting,Dynamic bids - down only,4233,,12,,0.28%,$6.06,,$0.505,,1,12.13%,$49.95
"Dec 15, 2019","Dec 10, 2019",,No Portfolio,Sponsored Products,B07JND9C85 (My balcony) - Keyword Target,ENABLED,USD,$2.0,Manual targeting,Dynamic bids - down only,1779,,1,,0.06%,$1.04,,$1.04,,0,0.00%,$0.0
"Dec 15, 2019","Dec 7, 2019",,No Portfolio,Sponsored Products,B07VW6N66M (Spiritual Song) - Keyword Target,ENABLED,USD,$2.0,Manual targeting,Dynamic bids - down only,1457,,5,,0.34%,$3.77,,$0.754,,0,0.00%,$0.0
