﻿State,Keyword,Match type,Status,Suggested bid (low)(USD),Suggested bid (median)(USD),Suggested bid (high)(USD),Keyword bid(USD),Impressions,Clicks,CTR(%),Spend(USD),CPC(USD),Orders,Sales(USD),ACOS(%)
ENABLED,bath mats for floors,EXACT,CAMPAIGN_PAUSED,0.74,1.10,1.98,0.90,4,0,0,0.00,0.00,0,0.00,
ENABLED,bath rugs for bathroom,EXACT,CAMPAIGN_PAUSED,0.99,1.20,1.47,1.30,106,1,0.9434,0.89,0.89,0,0.00,
ENABLED,bath rugs for bathroom non slip,EXACT,CAMPAIGN_PAUSED,1.16,1.80,3.61,0.95,4,0,0,0.00,0.00,0,0.00,
ENABLED,bathmats for bathroom,EXACT,CAMPAIGN_PAUSED,0.63,0.87,1.74,0.85,30,1,3.3333,0.59,0.59,0,0.00,
ENABLED,bathroom carpet,EXACT,CAMPAIGN_PAUSED,0.79,1.00,1.84,0.85,19,0,0,0.00,0.00,0,0.00,
ENABLED,bathroom floor mats,EXACT,CAMPAIGN_PAUSED,0.69,0.87,1.74,0.85,5,0,0,0.00,0.00,0,0.00,
ENABLED,bathroom mats,EXACT,CAMPAIGN_PAUSED,0.63,0.92,1.84,0.85,60,1,1.6667,0.64,0.64,0,0.00,
ENABLED,bathroom rugs black and white,EXACT,CAMPAIGN_PAUSED,0.78,0.94,1.53,0.85,1,1,100,0.60,0.60,0,0.00,
ENABLED,bathroom rugs non slip,EXACT,CAMPAIGN_PAUSED,0.87,1.15,1.81,0.92,53,0,0,0.00,0.00,0,0.00,
ENABLED,black and white bathroom rug,EXACT,CAMPAIGN_PAUSED,0.80,0.99,1.23,0.85,0,0,,0.00,0.00,0,0.00,
ENABLED,black and white bathroom rugs,EXACT,CAMPAIGN_PAUSED,0.80,0.99,1.23,0.91,6,0,0,0.00,0.00,0,0.00,
ENABLED,black and white shower rug,EXACT,CAMPAIGN_PAUSED,0.67,0.79,0.95,0.80,0,0,,0.00,0.00,0,0.00,
ENABLED,black bathroom rugs,EXACT,CAMPAIGN_PAUSED,0.82,0.95,1.90,0.90,60,0,0,0.00,0.00,0,0.00,
ENABLED,boho bath runner rug,EXACT,CAMPAIGN_PAUSED,0.55,0.64,0.88,0.67,0,0,,0.00,0.00,0,0.00,
ENABLED,decorative bathroom rugs,EXACT,CAMPAIGN_PAUSED,0.72,0.94,1.88,0.95,2,0,0,0.00,0.00,0,0.00,
ENABLED,designer bathroom rugs,EXACT,CAMPAIGN_PAUSED,0.82,1.01,2.02,0.88,0,0,,0.00,0.00,0,0.00,
ENABLED,farmhouse bathroom rug,EXACT,CAMPAIGN_PAUSED,0.80,1.08,1.72,0.75,13,0,0,0.00,0.00,0,0.00,
ENABLED,fluffy bath mat,EXACT,CAMPAIGN_PAUSED,0.54,0.82,1.04,0.75,1,0,0,0.00,0.00,0,0.00,
ENABLED,luxury bath mats,EXACT,CAMPAIGN_PAUSED,0.74,1.01,2.02,0.85,0,0,,0.00,0.00,0,0.00,
ENABLED,microfiber bath mat,EXACT,CAMPAIGN_PAUSED,0.62,1.00,1.13,0.92,6,0,0,0.00,0.00,0,0.00,
ENABLED,unique bathroom rugs,EXACT,CAMPAIGN_PAUSED,0.70,0.84,0.99,0.80,0,0,,0.00,0.00,0,0.00,
ENABLED,white bath rug,EXACT,CAMPAIGN_PAUSED,0.74,1.07,1.43,0.80,6,0,0,0.00,0.00,0,0.00,
ENABLED,white bathroom rug,EXACT,CAMPAIGN_PAUSED,0.69,1.06,1.29,0.92,6,1,16.6667,0.84,0.84,0,0.00,
ENABLED,white rug bathroom,EXACT,CAMPAIGN_PAUSED,0.76,0.95,1.86,1.01,2,0,0,0.00,0.00,0,0.00,