﻿Date,Start Date,End Date,Portfolio name,Campaign Type,Campaign Name,Status,Currency,Budget,Targeting Type,Bidding strategy,Impressions,Last Year Impressions,Clicks,Last Year Clicks,Click-Thru Rate (CTR),Spend,Last Year Spend,Cost Per Click (CPC),Last Year Cost Per Click (CPC),7 Day Total Orders (#),"Total Advertising Cost of Sales (ACoS) ","7 Day Total Sales "
"Dec 1, 2019","Dec 7, 2019",,No Portfolio,Sponsored Products,B07VW6J6N5 (Norwegian White Impression) - Keyword Target,ENABLED,USD,$5.0,Manual targeting,Dynamic bids - down only,22101,,69,,0.31%,$39.14,,$0.5672464,,5,16.31%,$239.94
"Dec 1, 2019","Dec 7, 2019",,No Portfolio,Sponsored Products,B07L118VDV (Hello Happiness) - Keyword Target,ENABLED,USD,$2.0,Manual targeting,Dynamic bids - down only,16851,,43,,0.26%,$23.76,,$0.5525580999999999,,0,0.00%,$0.0
"Dec 1, 2019","Dec 18, 2019",,No Portfolio,Sponsored Products,B07JJ3HGSN (Moroccan Wooden House) - Longtail,ENABLED,USD,$25.0,Manual targeting,Dynamic bids - down only,577,,11,,1.91%,$10.04,,$0.9127272999999999,,1,25.11%,$39.99
"Dec 1, 2019","Dec 7, 2019",,No Portfolio,Sponsored Products,B07JJ3HGSN (Moroccan Wooden House) - Keyword Target,ENABLED,USD,$5.0,Manual targeting,Dynamic bids - down only,25777,,226,,0.88%,$169.34,,$0.749292,,3,141.15%,$119.97
"Dec 1, 2019","Dec 10, 2019",,No Portfolio,Sponsored Products,B07JHNJT7Q (Perfect Day) - Keyword Target,ENABLED,USD,$3.0,Manual targeting,Dynamic bids - down only,7839,,20,,0.26%,$12.25,,$0.6125,,0,0.00%,$0.0
"Dec 1, 2019","Oct 10, 2019",,No Portfolio,Sponsored Products,SQ 自动,ARCHIVED,USD,$2.5,Automatic targeting,Dynamic bids - up and down,13193,,15,,0.11%,$22.67,,$1.5113333,,1,66.70%,$33.99
"Dec 1, 2019","Dec 5, 2019",,No Portfolio,Sponsored Products,B07KK3RQNV (City Map) - Keyword Target,ENABLED,USD,$5.0,Manual targeting,Dynamic bids - down only,26208,,176,,0.67%,$84.79,,$0.48176139999999995,,2,83.18%,$101.94
"Dec 1, 2019","Aug 22, 2019",,No Portfolio,Sponsored Products,B07JMDZBSR,ARCHIVED,USD,$3.0,Automatic targeting,Dynamic bids - down only,2303,,27,,1.17%,$16.99,,$0.6292593,,0,0.00%,$0.0
"Dec 1, 2019","Dec 7, 2019",,No Portfolio,Sponsored Products,B07JJC4NTT (Moroccan Craftman) - Keyword Target,ENABLED,USD,$5.0,Manual targeting,Dynamic bids - down only,31186,,180,,0.58%,$134.71,,$0.7483889,,4,61.25%,$219.95
"Dec 1, 2019","Dec 2, 2019",,No Portfolio,Sponsored Products,B07JMDZBSR (Dream Light) - Keyword Target,ENABLED,USD,$7.0,Manual targeting,Dynamic bids - down only,65483,,248,,0.38%,$112.7,,$0.4544355,,3,75.21%,$149.85
"Dec 1, 2019","Nov 15, 2018",,No Portfolio,Sponsored Products,"31\"" x 19\""  - key words 1 manual",ARCHIVED,USD,$4.0,Manual targeting,Dynamic bids - down only,10003,53409,42,273,0.42%,$25.41,$170.25,$0.605,$0.6236264,1,63.54%,$39.99
"Dec 1, 2019","Nov 20, 2019",,No Portfolio,Sponsored Products,YSD Pure Bath Mats,ARCHIVED,USD,$3.0,Automatic targeting,Dynamic bids - down only,1445,,5,,0.35%,$2.68,,$0.536,,0,0.00%,$0.0
"Dec 1, 2019","Oct 22, 2019",,No Portfolio,Sponsored Products,"31\"" x 19\""-Auto",ARCHIVED,USD,$3.0,Automatic targeting,Dynamic bids - down only,16686,,17,,0.10%,$9.34,,$0.5494118,,2,12.98%,$71.98
"Dec 1, 2019","Nov 15, 2018",,No Portfolio,Sponsored Products,"63\"" x 27.5\"" -key words 3 manual",ARCHIVED,USD,$3.0,Manual targeting,Dynamic bids - down only,26953,78147,25,287,0.09%,$12.31,$180.25,$0.4924,$0.6280488,0,0.00%,$0.0
"Dec 1, 2019","Nov 6, 2019",,No Portfolio,Sponsored Products,Kitchen Mat - SP Auto,ARCHIVED,USD,$3.0,Automatic targeting,Dynamic bids - down only,3130,,28,,0.90%,$17.05,,$0.6089286,,0,0.00%,$0.0
"Dec 1, 2019","Nov 5, 2019",,No Portfolio,Sponsored Products,YSD手动,ARCHIVED,USD,$3.5,Manual targeting,Dynamic bids - down only,5130,,26,,0.51%,$22.04,,$0.8476923,,1,55.11%,$39.99
"Dec 1, 2019","Nov 5, 2019",,No Portfolio,Sponsored Products,SQ 手动,ARCHIVED,USD,$2.0,Manual targeting,Dynamic bids - down only,238,,1,,0.42%,$0.89,,$0.89,,0,0.00%,$0.0
"Dec 1, 2019","Dec 7, 2019",,No Portfolio,Sponsored Products,B07VW6N66M (Spiritual Song) - Keyword Target,ENABLED,USD,$2.0,Manual targeting,Dynamic bids - down only,29118,,61,,0.21%,$44.26,,$0.7255737999999999,,0,0.00%,$0.0
"Dec 1, 2019","Oct 9, 2019",,No Portfolio,Sponsored Products,YSD 简约风,ARCHIVED,USD,$3.0,Automatic targeting,Dynamic bids - up and down,5404,,20,,0.37%,$15.81,,$0.7905,,1,10.14%,$155.96
"Dec 1, 2019","Dec 7, 2019",,No Portfolio,Sponsored Products,B07VX6FRQQ (Modern Show) - Keyword Target,ENABLED,USD,$2.0,Manual targeting,Dynamic bids - down only,14786,,42,,0.28%,$30.32,,$0.7219047999999999,,3,29.25%,$103.65
"Dec 1, 2019","Dec 9, 2019",,No Portfolio,Sponsored Products,B07VSNNSD8 (Dream Light) - Keyword Target,ENABLED,USD,$2.0,Manual targeting,Dynamic bids - down only,300,,2,,0.67%,$1.54,,$0.77,,0,0.00%,$0.0
"Dec 1, 2019","Dec 5, 2019",,No Portfolio,Sponsored Products,B07KJXY5SN (Golden Map) - Keyword Target,ENABLED,USD,$5.0,Manual targeting,Dynamic bids - down only,27160,,136,,0.50%,$65.88,,$0.4844118,,1,131.79%,$49.99
"Dec 1, 2019","Dec 7, 2019",,No Portfolio,Sponsored Products,B07JHV2GP2 (Space Man) - Keyword Target,ENABLED,USD,$2.0,Manual targeting,Dynamic bids - down only,13599,,17,,0.13%,$8.71,,$0.5123529,,0,0.00%,$0.0
"Dec 1, 2019","Nov 28, 2019",,No Portfolio,Sponsored Products,B07JMT389Q (Enjoy Life) - Keyword Target,ENABLED,USD,$4.0,Manual targeting,Dynamic bids - down only,24788,,185,,0.75%,$80.42,,$0.4347027,,4,40.25%,$199.8
"Dec 1, 2019","Dec 10, 2019",,No Portfolio,Sponsored Products,B07JND9C85 (My balcony) - Keyword Target,ENABLED,USD,$2.0,Manual targeting,Dynamic bids - down only,27960,,29,,0.10%,$26.38,,$0.9096552,,1,43.97%,$59.99
"Dec 1, 2019","Sep 10, 2019",,No Portfolio,Sponsored Products,DL门垫自动,ARCHIVED,USD,$2.0,Automatic targeting,Dynamic bids - down only,11969,,19,,0.16%,$15.8,,$0.8315788999999999,,0,0.00%,$0.0
