﻿Date,Start Date,End Date,Portfolio name,Campaign Type,Campaign Name,Status,Currency,Budget,Targeting Type,Bidding strategy,Impressions,Last Year Impressions,Clicks,Last Year Clicks,Click-Thru Rate (CTR),Spend,Last Year Spend,Cost Per Click (CPC),Last Year Cost Per Click (CPC),7 Day Total Orders (#),"Total Advertising Cost of Sales (ACoS) ","7 Day Total Sales "
"Dec 1, 2019","Nov 15, 2018",,No Portfolio,Sponsored Products,"63\"" x 27.5\"" -key words 3 manual",ARCHIVED,USD,$3.0,Manual targeting,Dynamic bids - down only,6279,4556,6,13,0.10%,$2.81,$5.22,$0.46833329999999995,$0.40153849999999996,0,0.00%,$0.0
"Dec 1, 2019","Nov 5, 2019",,No Portfolio,Sponsored Products,YSD手动,ARCHIVED,USD,$3.5,Manual targeting,Dynamic bids - down only,1054,,4,,0.38%,$3.88,,$0.97,,1,9.70%,$39.99
"Dec 1, 2019","Nov 20, 2019",,No Portfolio,Sponsored Products,YSD Pure Bath Mats,ARCHIVED,USD,$3.0,Automatic targeting,Dynamic bids - down only,328,,2,,0.61%,$1.13,,$0.565,,0,0.00%,$0.0
"Dec 1, 2019","Nov 6, 2019",,No Portfolio,Sponsored Products,Kitchen Mat - SP Auto,ARCHIVED,USD,$3.0,Automatic targeting,Dynamic bids - down only,974,,6,,0.62%,$3.34,,$0.5566667000000001,,0,0.00%,$0.0
"Dec 1, 2019","Oct 9, 2019",,No Portfolio,Sponsored Products,YSD 简约风,ARCHIVED,USD,$3.0,Automatic targeting,Dynamic bids - up and down,1021,,3,,0.29%,$2.2,,$0.7333333000000001,,0,0.00%,$0.0
"Dec 1, 2019","Nov 15, 2018",,No Portfolio,Sponsored Products,"31\"" x 19\""  - key words 1 manual",ARCHIVED,USD,$4.0,Manual targeting,Dynamic bids - down only,1539,2626,7,18,0.46%,$4.31,$10.6,$0.6157143,$0.5888889,1,10.78%,$39.99
"Dec 1, 2019","Oct 10, 2019",,No Portfolio,Sponsored Products,SQ 自动,ARCHIVED,USD,$2.5,Automatic targeting,Dynamic bids - up and down,1973,,2,,0.10%,$3.52,,$1.76,,0,0.00%,$0.0
"Dec 1, 2019","Sep 10, 2019",,No Portfolio,Sponsored Products,DL门垫自动,ARCHIVED,USD,$2.0,Automatic targeting,Dynamic bids - down only,2941,,4,,0.14%,$2.18,,$0.545,,0,0.00%,$0.0
"Dec 1, 2019","Nov 5, 2019",,No Portfolio,Sponsored Products,SQ 手动,ARCHIVED,USD,$2.0,Manual targeting,Dynamic bids - down only,42,,0,,0.00%,$0.0,,$0.0,,0,0.00%,$0.0
"Dec 1, 2019","Oct 22, 2019",,No Portfolio,Sponsored Products,"31\"" x 19\""-Auto",ARCHIVED,USD,$3.0,Automatic targeting,Dynamic bids - down only,2228,,4,,0.18%,$1.74,,$0.435,,1,4.35%,$39.99
"Dec 1, 2019","Aug 22, 2019",,No Portfolio,Sponsored Products,B07JMDZBSR,ARCHIVED,USD,$3.0,Automatic targeting,Dynamic bids - down only,763,,11,,1.44%,$6.91,,$0.6281818,,0,0.00%,$0.0
"Dec 2, 2019","Nov 15, 2018",,No Portfolio,Sponsored Products,"63\"" x 27.5\"" -key words 3 manual",ARCHIVED,USD,$3.0,Manual targeting,Dynamic bids - down only,6672,7063,5,26,0.08%,$2.57,$15.86,$0.514,$0.61,0,0.00%,$0.0
"Dec 2, 2019","Oct 22, 2019",,No Portfolio,Sponsored Products,"31\"" x 19\""-Auto",ARCHIVED,USD,$3.0,Automatic targeting,Dynamic bids - down only,5419,,4,,0.07%,$2.89,,$0.7225,,0,0.00%,$0.0
"Dec 2, 2019","Nov 6, 2019",,No Portfolio,Sponsored Products,Kitchen Mat - SP Auto,ARCHIVED,USD,$3.0,Automatic targeting,Dynamic bids - down only,521,,6,,1.15%,$3.94,,$0.6566666999999999,,0,0.00%,$0.0
"Dec 2, 2019","Nov 15, 2018",,No Portfolio,Sponsored Products,"31\"" x 19\""  - key words 1 manual",ARCHIVED,USD,$4.0,Manual targeting,Dynamic bids - down only,2410,3267,6,22,0.25%,$4.12,$12.04,$0.6866667,$0.5472727,0,0.00%,$0.0
"Dec 2, 2019","Nov 20, 2019",,No Portfolio,Sponsored Products,YSD Pure Bath Mats,ARCHIVED,USD,$3.0,Automatic targeting,Dynamic bids - down only,485,,0,,0.00%,$0.0,,$0.0,,0,0.00%,$0.0
"Dec 2, 2019","Aug 22, 2019",,No Portfolio,Sponsored Products,B07JMDZBSR,ARCHIVED,USD,$3.0,Automatic targeting,Dynamic bids - down only,748,,5,,0.67%,$2.97,,$0.594,,0,0.00%,$0.0
"Dec 2, 2019","Sep 10, 2019",,No Portfolio,Sponsored Products,DL门垫自动,ARCHIVED,USD,$2.0,Automatic targeting,Dynamic bids - down only,1518,,2,,0.13%,$2.33,,$1.165,,0,0.00%,$0.0
"Dec 2, 2019","Oct 10, 2019",,No Portfolio,Sponsored Products,SQ 自动,ARCHIVED,USD,$2.5,Automatic targeting,Dynamic bids - up and down,4030,,2,,0.05%,$3.45,,$1.725,,0,0.00%,$0.0
"Dec 2, 2019","Oct 9, 2019",,No Portfolio,Sponsored Products,YSD 简约风,ARCHIVED,USD,$3.0,Automatic targeting,Dynamic bids - up and down,1475,,5,,0.34%,$3.84,,$0.768,,0,0.00%,$0.0
"Dec 2, 2019","Nov 5, 2019",,No Portfolio,Sponsored Products,SQ 手动,ARCHIVED,USD,$2.0,Manual targeting,Dynamic bids - down only,83,,1,,1.21%,$0.89,,$0.89,,0,0.00%,$0.0
"Dec 2, 2019","Nov 5, 2019",,No Portfolio,Sponsored Products,YSD手动,ARCHIVED,USD,$3.5,Manual targeting,Dynamic bids - down only,525,,5,,0.95%,$3.89,,$0.778,,0,0.00%,$0.0
"Dec 3, 2019","Nov 6, 2019",,No Portfolio,Sponsored Products,Kitchen Mat - SP Auto,ARCHIVED,USD,$3.0,Automatic targeting,Dynamic bids - down only,770,,5,,0.65%,$3.42,,$0.684,,0,0.00%,$0.0
"Dec 3, 2019","Nov 5, 2019",,No Portfolio,Sponsored Products,YSD手动,ARCHIVED,USD,$3.5,Manual targeting,Dynamic bids - down only,1516,,5,,0.33%,$3.96,,$0.792,,0,0.00%,$0.0
"Dec 3, 2019","Nov 15, 2018",,No Portfolio,Sponsored Products,"63\"" x 27.5\"" -key words 3 manual",ARCHIVED,USD,$3.0,Manual targeting,Dynamic bids - down only,4350,1523,5,5,0.12%,$1.86,$2.91,$0.37200000000000005,$0.5820000000000001,0,0.00%,$0.0
"Dec 3, 2019","Oct 10, 2019",,No Portfolio,Sponsored Products,SQ 自动,ARCHIVED,USD,$2.5,Automatic targeting,Dynamic bids - up and down,3353,,2,,0.06%,$3.14,,$1.57,,1,9.24%,$33.99
"Dec 3, 2019","Sep 10, 2019",,No Portfolio,Sponsored Products,DL门垫自动,ARCHIVED,USD,$2.0,Automatic targeting,Dynamic bids - down only,2263,,3,,0.13%,$2.29,,$0.7633333,,0,0.00%,$0.0
"Dec 3, 2019","Nov 15, 2018",,No Portfolio,Sponsored Products,"31\"" x 19\""  - key words 1 manual",ARCHIVED,USD,$4.0,Manual targeting,Dynamic bids - down only,1447,3169,7,11,0.48%,$4.05,$7.1,$0.5785714,$0.6454545,0,0.00%,$0.0
"Dec 3, 2019","Oct 22, 2019",,No Portfolio,Sponsored Products,"31\"" x 19\""-Auto",ARCHIVED,USD,$3.0,Automatic targeting,Dynamic bids - down only,2503,,5,,0.20%,$2.63,,$0.526,,0,0.00%,$0.0
"Dec 3, 2019","Aug 22, 2019",,No Portfolio,Sponsored Products,B07JMDZBSR,ARCHIVED,USD,$3.0,Automatic targeting,Dynamic bids - down only,418,,6,,1.44%,$3.78,,$0.63,,0,0.00%,$0.0
"Dec 3, 2019","Nov 20, 2019",,No Portfolio,Sponsored Products,YSD Pure Bath Mats,ARCHIVED,USD,$3.0,Automatic targeting,Dynamic bids - down only,261,,2,,0.77%,$1.01,,$0.505,,0,0.00%,$0.0
"Dec 3, 2019","Nov 5, 2019",,No Portfolio,Sponsored Products,SQ 手动,ARCHIVED,USD,$2.0,Manual targeting,Dynamic bids - down only,24,,0,,0.00%,$0.0,,$0.0,,0,0.00%,$0.0
"Dec 3, 2019","Oct 9, 2019",,No Portfolio,Sponsored Products,YSD 简约风,ARCHIVED,USD,$3.0,Automatic targeting,Dynamic bids - up and down,512,,4,,0.78%,$3.11,,$0.7775,,0,0.00%,$0.0
"Dec 4, 2019","Nov 5, 2019",,No Portfolio,Sponsored Products,SQ 手动,ARCHIVED,USD,$2.0,Manual targeting,Dynamic bids - down only,41,,0,,0.00%,$0.0,,$0.0,,0,0.00%,$0.0
"Dec 4, 2019","Oct 9, 2019",,No Portfolio,Sponsored Products,YSD 简约风,ARCHIVED,USD,$3.0,Automatic targeting,Dynamic bids - up and down,846,,2,,0.24%,$1.76,,$0.88,,1,1.13%,$155.96
"Dec 4, 2019","Nov 5, 2019",,No Portfolio,Sponsored Products,YSD手动,ARCHIVED,USD,$3.5,Manual targeting,Dynamic bids - down only,588,,5,,0.85%,$4.12,,$0.8240000000000001,,0,0.00%,$0.0
"Dec 4, 2019","Nov 15, 2018",,No Portfolio,Sponsored Products,"63\"" x 27.5\"" -key words 3 manual",ARCHIVED,USD,$3.0,Manual targeting,Dynamic bids - down only,3667,4702,1,21,0.03%,$0.36,$12.56,$0.36,$0.5980951999999999,0,0.00%,$0.0
"Dec 4, 2019","Oct 22, 2019",,No Portfolio,Sponsored Products,"31\"" x 19\""-Auto",ARCHIVED,USD,$3.0,Automatic targeting,Dynamic bids - down only,2355,,3,,0.13%,$1.74,,$0.58,,1,5.44%,$31.99
"Dec 4, 2019","Nov 6, 2019",,No Portfolio,Sponsored Products,Kitchen Mat - SP Auto,ARCHIVED,USD,$3.0,Automatic targeting,Dynamic bids - down only,352,,6,,1.71%,$3.24,,$0.54,,0,0.00%,$0.0
"Dec 4, 2019","Sep 10, 2019",,No Portfolio,Sponsored Products,DL门垫自动,ARCHIVED,USD,$2.0,Automatic targeting,Dynamic bids - down only,1079,,2,,0.19%,$2.16,,$1.08,,0,0.00%,$0.0
"Dec 4, 2019","Aug 22, 2019",,No Portfolio,Sponsored Products,B07JMDZBSR,ARCHIVED,USD,$3.0,Automatic targeting,Dynamic bids - down only,374,,5,,1.34%,$3.33,,$0.6659999999999999,,0,0.00%,$0.0
"Dec 4, 2019","Nov 20, 2019",,No Portfolio,Sponsored Products,YSD Pure Bath Mats,ARCHIVED,USD,$3.0,Automatic targeting,Dynamic bids - down only,367,,1,,0.27%,$0.54,,$0.54,,0,0.00%,$0.0
"Dec 4, 2019","Oct 10, 2019",,No Portfolio,Sponsored Products,SQ 自动,ARCHIVED,USD,$2.5,Automatic targeting,Dynamic bids - up and down,2015,,2,,0.10%,$3.53,,$1.765,,0,0.00%,$0.0
"Dec 4, 2019","Nov 15, 2018",,No Portfolio,Sponsored Products,"31\"" x 19\""  - key words 1 manual",ARCHIVED,USD,$4.0,Manual targeting,Dynamic bids - down only,1358,1469,7,4,0.52%,$4.67,$2.41,$0.6671429000000001,$0.6025,0,0.00%,$0.0
"Dec 5, 2019","Dec 5, 2019",,No Portfolio,Sponsored Products,B07KK3RQNV (City Map) - Keyword Target,PAUSED,USD,$5.0,Manual targeting,Dynamic bids - down only,149,,2,,1.34%,$0.64,,$0.32,,0,0.00%,$0.0
"Dec 5, 2019","Nov 20, 2019",,No Portfolio,Sponsored Products,YSD Pure Bath Mats,ARCHIVED,USD,$3.0,Automatic targeting,Dynamic bids - down only,4,,0,,0.00%,$0.0,,$0.0,,0,0.00%,$0.0
"Dec 5, 2019","Nov 15, 2018",,No Portfolio,Sponsored Products,"63\"" x 27.5\"" -key words 3 manual",ARCHIVED,USD,$3.0,Manual targeting,Dynamic bids - down only,2645,5359,3,28,0.11%,$1.43,$16.11,$0.47666670000000005,$0.5753571000000001,0,0.00%,$0.0
"Dec 5, 2019","Aug 22, 2019",,No Portfolio,Sponsored Products,B07JMDZBSR,ARCHIVED,USD,$3.0,Automatic targeting,Dynamic bids - down only,0,,0,,0.00%,$0.0,,$0.0,,0,0.00%,$0.0
"Dec 5, 2019","Nov 5, 2019",,No Portfolio,Sponsored Products,YSD手动,ARCHIVED,USD,$3.5,Manual targeting,Dynamic bids - down only,479,,4,,0.84%,$3.7,,$0.925,,0,0.00%,$0.0
"Dec 5, 2019","Nov 5, 2019",,No Portfolio,Sponsored Products,SQ 手动,ARCHIVED,USD,$2.0,Manual targeting,Dynamic bids - down only,25,,0,,0.00%,$0.0,,$0.0,,0,0.00%,$0.0
"Dec 5, 2019","Nov 28, 2019",,No Portfolio,Sponsored Products,B07JMT389Q (Enjoy Life) - Keyword Target,ENABLED,USD,$5.0,Manual targeting,Dynamic bids - down only,1548,,12,,0.78%,$4.21,,$0.35083329999999996,,0,0.00%,$0.0
"Dec 5, 2019","Nov 15, 2018",,No Portfolio,Sponsored Products,"31\"" x 19\""  - key words 1 manual",ARCHIVED,USD,$4.0,Manual targeting,Dynamic bids - down only,1747,1894,7,8,0.40%,$4.12,$4.54,$0.5885714,$0.5675,0,0.00%,$0.0
"Dec 5, 2019","Dec 5, 2019",,No Portfolio,Sponsored Products,B07KJXY5SN (Golden Map) - Keyword Target,PAUSED,USD,$5.0,Manual targeting,Dynamic bids - down only,239,,4,,1.67%,$1.62,,$0.405,,0,0.00%,$0.0
"Dec 5, 2019","Oct 10, 2019",,No Portfolio,Sponsored Products,SQ 自动,ARCHIVED,USD,$2.5,Automatic targeting,Dynamic bids - up and down,553,,2,,0.36%,$2.79,,$1.395,,0,0.00%,$0.0
"Dec 5, 2019","Nov 6, 2019",,No Portfolio,Sponsored Products,Kitchen Mat - SP Auto,ARCHIVED,USD,$3.0,Automatic targeting,Dynamic bids - down only,513,,5,,0.98%,$3.11,,$0.622,,0,0.00%,$0.0
"Dec 5, 2019","Sep 10, 2019",,No Portfolio,Sponsored Products,DL门垫自动,ARCHIVED,USD,$2.0,Automatic targeting,Dynamic bids - down only,2394,,3,,0.13%,$2.21,,$0.7366667,,0,0.00%,$0.0
"Dec 5, 2019","Oct 9, 2019",,No Portfolio,Sponsored Products,YSD 简约风,ARCHIVED,USD,$3.0,Automatic targeting,Dynamic bids - up and down,312,,4,,1.28%,$3.29,,$0.8225,,0,0.00%,$0.0
"Dec 5, 2019","Oct 22, 2019",,No Portfolio,Sponsored Products,"31\"" x 19\""-Auto",ARCHIVED,USD,$3.0,Automatic targeting,Dynamic bids - down only,1692,,1,,0.06%,$0.34,,$0.34,,0,0.00%,$0.0
"Dec 6, 2019","Sep 10, 2019",,No Portfolio,Sponsored Products,DL门垫自动,ARCHIVED,USD,$2.0,Automatic targeting,Dynamic bids - down only,1534,,3,,0.20%,$2.29,,$0.7633333,,0,0.00%,$0.0
"Dec 6, 2019","Dec 2, 2019",,No Portfolio,Sponsored Products,B07JMDZBSR (Dream Light) - Keyword Target,PAUSED,USD,$7.0,Manual targeting,Dynamic bids - down only,1397,,6,,0.43%,$2.03,,$0.33833329999999995,,0,0.00%,$0.0
"Dec 6, 2019","Oct 22, 2019",,No Portfolio,Sponsored Products,"31\"" x 19\""-Auto",ARCHIVED,USD,$3.0,Automatic targeting,Dynamic bids - down only,2392,,0,,0.00%,$0.0,,$0.0,,0,0.00%,$0.0
"Dec 6, 2019","Dec 5, 2019",,No Portfolio,Sponsored Products,B07KJXY5SN (Golden Map) - Keyword Target,PAUSED,USD,$5.0,Manual targeting,Dynamic bids - down only,1251,,8,,0.64%,$3.25,,$0.40625,,0,0.00%,$0.0
"Dec 6, 2019","Nov 15, 2018",,No Portfolio,Sponsored Products,"63\"" x 27.5\"" -key words 3 manual",ARCHIVED,USD,$3.0,Manual targeting,Dynamic bids - down only,3273,6576,5,23,0.15%,$3.28,$14.3,$0.6559999999999999,$0.6217391,0,0.00%,$0.0
"Dec 6, 2019","Dec 5, 2019",,No Portfolio,Sponsored Products,B07KK3RQNV (City Map) - Keyword Target,PAUSED,USD,$5.0,Manual targeting,Dynamic bids - down only,1609,,8,,0.50%,$2.63,,$0.32875,,0,0.00%,$0.0
"Dec 6, 2019","Nov 15, 2018",,No Portfolio,Sponsored Products,"31\"" x 19\""  - key words 1 manual",ARCHIVED,USD,$4.0,Manual targeting,Dynamic bids - down only,1374,1317,8,6,0.58%,$4.14,$3.1,$0.5175,$0.5166667,0,0.00%,$0.0
"Dec 6, 2019","Oct 9, 2019",,No Portfolio,Sponsored Products,YSD 简约风,ARCHIVED,USD,$3.0,Automatic targeting,Dynamic bids - up and down,1185,,2,,0.17%,$1.61,,$0.805,,0,0.00%,$0.0
"Dec 6, 2019","Oct 10, 2019",,No Portfolio,Sponsored Products,SQ 自动,ARCHIVED,USD,$2.5,Automatic targeting,Dynamic bids - up and down,714,,2,,0.28%,$2.49,,$1.245,,0,0.00%,$0.0
"Dec 6, 2019","Nov 5, 2019",,No Portfolio,Sponsored Products,YSD手动,ARCHIVED,USD,$3.5,Manual targeting,Dynamic bids - down only,918,,2,,0.22%,$1.86,,$0.93,,0,0.00%,$0.0
"Dec 6, 2019","Nov 5, 2019",,No Portfolio,Sponsored Products,SQ 手动,ARCHIVED,USD,$2.0,Manual targeting,Dynamic bids - down only,19,,0,,0.00%,$0.0,,$0.0,,0,0.00%,$0.0
"Dec 6, 2019","Nov 28, 2019",,No Portfolio,Sponsored Products,B07JMT389Q (Enjoy Life) - Keyword Target,ENABLED,USD,$5.0,Manual targeting,Dynamic bids - down only,1560,,12,,0.77%,$4.12,,$0.34333329999999995,,0,0.00%,$0.0
"Dec 7, 2019","Dec 5, 2019",,No Portfolio,Sponsored Products,B07KJXY5SN (Golden Map) - Keyword Target,PAUSED,USD,$5.0,Manual targeting,Dynamic bids - down only,1560,,11,,0.71%,$5.46,,$0.4963636,,0,0.00%,$0.0
"Dec 7, 2019","Oct 9, 2019",,No Portfolio,Sponsored Products,YSD 简约风,ARCHIVED,USD,$3.0,Automatic targeting,Dynamic bids - up and down,53,,0,,0.00%,$0.0,,$0.0,,0,0.00%,$0.0
"Dec 7, 2019","Oct 10, 2019",,No Portfolio,Sponsored Products,SQ 自动,ARCHIVED,USD,$2.5,Automatic targeting,Dynamic bids - up and down,555,,3,,0.54%,$3.75,,$1.25,,0,0.00%,$0.0
"Dec 7, 2019","Nov 5, 2019",,No Portfolio,Sponsored Products,SQ 手动,ARCHIVED,USD,$2.0,Manual targeting,Dynamic bids - down only,4,,0,,0.00%,$0.0,,$0.0,,0,0.00%,$0.0
"Dec 7, 2019","Nov 15, 2018",,No Portfolio,Sponsored Products,"63\"" x 27.5\"" -key words 3 manual",ARCHIVED,USD,$3.0,Manual targeting,Dynamic bids - down only,67,7694,0,24,0.00%,$0.0,$14.81,$0.0,$0.6170833,0,0.00%,$0.0
"Dec 7, 2019","Dec 7, 2019",,No Portfolio,Sponsored Products,B07JHV2GP2 (Space Man) - Keyword Target,PAUSED,USD,$2.0,Manual targeting,Dynamic bids - down only,4482,,4,,0.09%,$2.25,,$0.5625,,0,0.00%,$0.0
"Dec 7, 2019","Sep 10, 2019",,No Portfolio,Sponsored Products,DL门垫自动,ARCHIVED,USD,$2.0,Automatic targeting,Dynamic bids - down only,240,,2,,0.83%,$2.34,,$1.17,,0,0.00%,$0.0
"Dec 7, 2019","Nov 5, 2019",,No Portfolio,Sponsored Products,YSD手动,ARCHIVED,USD,$3.5,Manual targeting,Dynamic bids - down only,50,,1,,2.00%,$0.63,,$0.63,,0,0.00%,$0.0
"Dec 7, 2019","Oct 22, 2019",,No Portfolio,Sponsored Products,"31\"" x 19\""-Auto",ARCHIVED,USD,$3.0,Automatic targeting,Dynamic bids - down only,97,,0,,0.00%,$0.0,,$0.0,,0,0.00%,$0.0
"Dec 7, 2019","Dec 7, 2019",,No Portfolio,Sponsored Products,B07VW6N66M (Spiritual Song) - Keyword Target,PAUSED,USD,$2.0,Manual targeting,Dynamic bids - down only,1103,,4,,0.36%,$2.41,,$0.6025,,0,0.00%,$0.0
"Dec 7, 2019","Dec 7, 2019",,No Portfolio,Sponsored Products,B07JJC4NTT (Moroccan Craftman) - Broad,PAUSED,USD,$5.0,Manual targeting,Dynamic bids - down only,1866,,12,,0.64%,$7.06,,$0.5883333,,0,0.00%,$0.0
"Dec 7, 2019","Dec 5, 2019",,No Portfolio,Sponsored Products,B07KK3RQNV (City Map) - Keyword Target,PAUSED,USD,$5.0,Manual targeting,Dynamic bids - down only,1353,,11,,0.81%,$5.26,,$0.4781818,,0,0.00%,$0.0
"Dec 7, 2019","Dec 7, 2019",,No Portfolio,Sponsored Products,B07L118VDV (Hello Happiness) - Keyword Target,PAUSED,USD,$2.0,Manual targeting,Dynamic bids - down only,3691,,4,,0.11%,$2.22,,$0.555,,0,0.00%,$0.0
"Dec 7, 2019","Dec 7, 2019",,No Portfolio,Sponsored Products,B07VX6FRQQ (Modern Show) - Keyword Target,PAUSED,USD,$2.0,Manual targeting,Dynamic bids - down only,2565,,3,,0.12%,$2.11,,$0.7033333,,0,0.00%,$0.0
"Dec 7, 2019","Dec 7, 2019",,No Portfolio,Sponsored Products,B07JJ3HGSN (Moroccan Wooden House) - Winner,ENABLED,USD,$7.0,Manual targeting,Dynamic bids - down only,1181,,11,,0.93%,$6.38,,$0.58,,0,0.00%,$0.0
"Dec 7, 2019","Nov 28, 2019",,No Portfolio,Sponsored Products,B07JMT389Q (Enjoy Life) - Keyword Target,ENABLED,USD,$5.0,Manual targeting,Dynamic bids - down only,1675,,9,,0.54%,$4.4,,$0.4888889,,0,0.00%,$0.0
"Dec 7, 2019","Nov 15, 2018",,No Portfolio,Sponsored Products,"31\"" x 19\""  - key words 1 manual",ARCHIVED,USD,$4.0,Manual targeting,Dynamic bids - down only,128,742,0,4,0.00%,$0.0,$2.42,$0.0,$0.605,0,0.00%,$0.0
"Dec 7, 2019","Dec 2, 2019",,No Portfolio,Sponsored Products,B07JMDZBSR (Dream Light) - Keyword Target,PAUSED,USD,$7.0,Manual targeting,Dynamic bids - down only,8215,,16,,0.20%,$7.76,,$0.485,,0,0.00%,$0.0
"Dec 7, 2019","Dec 7, 2019",,No Portfolio,Sponsored Products,B07VW6J6N5 (Norwegian White Impression) - Broad,PAUSED,USD,$6.0,Manual targeting,Dynamic bids - down only,1822,,4,,0.22%,$2.18,,$0.545,,0,0.00%,$0.0
"Dec 8, 2019","Dec 2, 2019",,No Portfolio,Sponsored Products,B07JMDZBSR (Dream Light) - Keyword Target,PAUSED,USD,$7.0,Manual targeting,Dynamic bids - down only,7176,,19,,0.27%,$7.36,,$0.3873684,,0,0.00%,$0.0
"Dec 8, 2019","Nov 28, 2019",,No Portfolio,Sponsored Products,B07JMT389Q (Enjoy Life) - Keyword Target,ENABLED,USD,$5.0,Manual targeting,Dynamic bids - down only,1447,,9,,0.62%,$4.27,,$0.4744444,,0,0.00%,$0.0
"Dec 8, 2019","Dec 7, 2019",,No Portfolio,Sponsored Products,B07L118VDV (Hello Happiness) - Keyword Target,PAUSED,USD,$2.0,Manual targeting,Dynamic bids - down only,2767,,4,,0.15%,$1.69,,$0.4225,,0,0.00%,$0.0
"Dec 8, 2019","Dec 7, 2019",,No Portfolio,Sponsored Products,B07VW6N66M (Spiritual Song) - Keyword Target,PAUSED,USD,$2.0,Manual targeting,Dynamic bids - down only,1421,,3,,0.21%,$2.08,,$0.6933333,,0,0.00%,$0.0
"Dec 8, 2019","Dec 7, 2019",,No Portfolio,Sponsored Products,B07VW6J6N5 (Norwegian White Impression) - Broad,PAUSED,USD,$6.0,Manual targeting,Dynamic bids - down only,1047,,4,,0.38%,$2.14,,$0.535,,0,0.00%,$0.0
"Dec 8, 2019","Dec 7, 2019",,No Portfolio,Sponsored Products,B07JJC4NTT (Moroccan Craftman) - Broad,PAUSED,USD,$5.0,Manual targeting,Dynamic bids - down only,2288,,13,,0.57%,$6.31,,$0.4853846,,1,15.78%,$39.99
"Dec 8, 2019","Dec 5, 2019",,No Portfolio,Sponsored Products,B07KK3RQNV (City Map) - Keyword Target,PAUSED,USD,$5.0,Manual targeting,Dynamic bids - down only,1480,,11,,0.74%,$5.24,,$0.47636360000000005,,0,0.00%,$0.0
"Dec 8, 2019","Dec 7, 2019",,No Portfolio,Sponsored Products,B07JJ3HGSN (Moroccan Wooden House) - Winner,ENABLED,USD,$7.0,Manual targeting,Dynamic bids - down only,1452,,11,,0.76%,$6.1,,$0.5545455,,0,0.00%,$0.0
"Dec 8, 2019","Dec 5, 2019",,No Portfolio,Sponsored Products,B07KJXY5SN (Golden Map) - Keyword Target,PAUSED,USD,$5.0,Manual targeting,Dynamic bids - down only,2173,,11,,0.51%,$5.38,,$0.4890909,,0,0.00%,$0.0
"Dec 8, 2019","Dec 7, 2019",,No Portfolio,Sponsored Products,B07VX6FRQQ (Modern Show) - Keyword Target,PAUSED,USD,$2.0,Manual targeting,Dynamic bids - down only,1612,,3,,0.19%,$2.02,,$0.6733333,,0,0.00%,$0.0
"Dec 8, 2019","Dec 7, 2019",,No Portfolio,Sponsored Products,B07JHV2GP2 (Space Man) - Keyword Target,PAUSED,USD,$2.0,Manual targeting,Dynamic bids - down only,1098,,1,,0.09%,$0.25,,$0.25,,0,0.00%,$0.0
"Dec 9, 2019","Dec 7, 2019",,No Portfolio,Sponsored Products,B07VW6J6N5 (Norwegian White Impression) - Broad,PAUSED,USD,$6.0,Manual targeting,Dynamic bids - down only,266,,3,,1.13%,$1.56,,$0.52,,0,0.00%,$0.0
"Dec 9, 2019","Dec 5, 2019",,No Portfolio,Sponsored Products,B07KJXY5SN (Golden Map) - Keyword Target,PAUSED,USD,$5.0,Manual targeting,Dynamic bids - down only,704,,8,,1.14%,$3.65,,$0.45625,,0,0.00%,$0.0
"Dec 9, 2019","Dec 7, 2019",,No Portfolio,Sponsored Products,B07VX6FRQQ (Modern Show) - Keyword Target,PAUSED,USD,$2.0,Manual targeting,Dynamic bids - down only,164,,2,,1.22%,$0.7,,$0.35,,0,0.00%,$0.0
"Dec 9, 2019","Dec 5, 2019",,No Portfolio,Sponsored Products,B07KK3RQNV (City Map) - Keyword Target,PAUSED,USD,$5.0,Manual targeting,Dynamic bids - down only,682,,5,,0.73%,$2.1,,$0.42,,0,0.00%,$0.0
"Dec 9, 2019","Dec 7, 2019",,No Portfolio,Sponsored Products,B07VW6N66M (Spiritual Song) - Keyword Target,PAUSED,USD,$2.0,Manual targeting,Dynamic bids - down only,711,,5,,0.70%,$2.2,,$0.44,,0,0.00%,$0.0
"Dec 9, 2019","Dec 7, 2019",,No Portfolio,Sponsored Products,B07JJ3HGSN (Moroccan Wooden House) - Winner,ENABLED,USD,$7.0,Manual targeting,Dynamic bids - down only,705,,15,,2.13%,$6.73,,$0.4486667,,0,0.00%,$0.0
"Dec 9, 2019","Dec 7, 2019",,No Portfolio,Sponsored Products,B07L118VDV (Hello Happiness) - Keyword Target,PAUSED,USD,$2.0,Manual targeting,Dynamic bids - down only,780,,3,,0.39%,$0.93,,$0.31,,0,0.00%,$0.0
"Dec 9, 2019","Nov 28, 2019",,No Portfolio,Sponsored Products,B07JMT389Q (Enjoy Life) - Keyword Target,ENABLED,USD,$5.0,Manual targeting,Dynamic bids - down only,1561,,12,,0.77%,$4.03,,$0.33583329999999995,,0,0.00%,$0.0
"Dec 9, 2019","Dec 7, 2019",,No Portfolio,Sponsored Products,B07JHV2GP2 (Space Man) - Keyword Target,PAUSED,USD,$2.0,Manual targeting,Dynamic bids - down only,197,,0,,0.00%,$0.0,,$0.0,,0,0.00%,$0.0
"Dec 9, 2019","Dec 7, 2019",,No Portfolio,Sponsored Products,B07JJC4NTT (Moroccan Craftman) - Broad,PAUSED,USD,$5.0,Manual targeting,Dynamic bids - down only,471,,4,,0.85%,$1.58,,$0.395,,0,0.00%,$0.0
"Dec 9, 2019","Dec 2, 2019",,No Portfolio,Sponsored Products,B07JMDZBSR (Dream Light) - Keyword Target,PAUSED,USD,$7.0,Manual targeting,Dynamic bids - down only,1076,,5,,0.47%,$1.64,,$0.32799999999999996,,0,0.00%,$0.0
"Dec 9, 2019","Dec 9, 2019",,No Portfolio,Sponsored Products,B07VSNNSD8 (Dream Light) - Keyword Target,PAUSED,USD,$2.0,Manual targeting,Dynamic bids - down only,10,,0,,0.00%,$0.0,,$0.0,,0,0.00%,$0.0
"Dec 10, 2019","Dec 7, 2019",,No Portfolio,Sponsored Products,B07JJ3HGSN (Moroccan Wooden House) - Winner,ENABLED,USD,$7.0,Manual targeting,Dynamic bids - down only,964,,11,,1.14%,$6.2,,$0.5636363999999999,,1,15.50%,$39.99
"Dec 10, 2019","Dec 7, 2019",,No Portfolio,Sponsored Products,B07L118VDV (Hello Happiness) - Keyword Target,PAUSED,USD,$2.0,Manual targeting,Dynamic bids - down only,1165,,3,,0.26%,$1.68,,$0.56,,0,0.00%,$0.0
"Dec 10, 2019","Dec 7, 2019",,No Portfolio,Sponsored Products,B07VW6J6N5 (Norwegian White Impression) - Broad,PAUSED,USD,$6.0,Manual targeting,Dynamic bids - down only,311,,4,,1.29%,$2.29,,$0.5725,,0,0.00%,$0.0
"Dec 10, 2019","Dec 2, 2019",,No Portfolio,Sponsored Products,B07JMDZBSR (Dream Light) - Keyword Target,PAUSED,USD,$7.0,Manual targeting,Dynamic bids - down only,3906,,12,,0.31%,$4.53,,$0.3775,,1,9.07%,$49.95
"Dec 10, 2019","Dec 10, 2019",,No Portfolio,Sponsored Products,B07JND9C85 (My balcony) - Keyword Target,PAUSED,USD,$2.0,Manual targeting,Dynamic bids - down only,2521,,3,,0.12%,$2.59,,$0.8633333000000001,,0,0.00%,$0.0
"Dec 10, 2019","Dec 9, 2019",,No Portfolio,Sponsored Products,B07VSNNSD8 (Dream Light) - Keyword Target,PAUSED,USD,$2.0,Manual targeting,Dynamic bids - down only,8,,0,,0.00%,$0.0,,$0.0,,0,0.00%,$0.0
"Dec 10, 2019","Dec 7, 2019",,No Portfolio,Sponsored Products,B07VW6N66M (Spiritual Song) - Keyword Target,PAUSED,USD,$2.0,Manual targeting,Dynamic bids - down only,2139,,4,,0.19%,$2.02,,$0.505,,0,0.00%,$0.0
"Dec 10, 2019","Dec 5, 2019",,No Portfolio,Sponsored Products,B07KJXY5SN (Golden Map) - Keyword Target,PAUSED,USD,$5.0,Manual targeting,Dynamic bids - down only,1450,,3,,0.21%,$1.22,,$0.40666670000000005,,0,0.00%,$0.0
"Dec 10, 2019","Dec 7, 2019",,No Portfolio,Sponsored Products,B07VX6FRQQ (Modern Show) - Keyword Target,PAUSED,USD,$2.0,Manual targeting,Dynamic bids - down only,503,,1,,0.20%,$0.75,,$0.75,,0,0.00%,$0.0
"Dec 10, 2019","Dec 10, 2019",,No Portfolio,Sponsored Products,B07JHNJT7Q (Perfect Day) - Keyword Target,PAUSED,USD,$3.0,Manual targeting,Dynamic bids - down only,384,,2,,0.52%,$0.99,,$0.495,,0,0.00%,$0.0
"Dec 10, 2019","Dec 7, 2019",,No Portfolio,Sponsored Products,B07JHV2GP2 (Space Man) - Keyword Target,PAUSED,USD,$2.0,Manual targeting,Dynamic bids - down only,412,,0,,0.00%,$0.0,,$0.0,,0,0.00%,$0.0
"Dec 10, 2019","Dec 5, 2019",,No Portfolio,Sponsored Products,B07KK3RQNV (City Map) - Keyword Target,PAUSED,USD,$5.0,Manual targeting,Dynamic bids - down only,2082,,15,,0.72%,$5.6,,$0.3733333,,1,10.77%,$51.99
"Dec 10, 2019","Dec 7, 2019",,No Portfolio,Sponsored Products,B07JJC4NTT (Moroccan Craftman) - Broad,PAUSED,USD,$5.0,Manual targeting,Dynamic bids - down only,2501,,17,,0.68%,$10.66,,$0.6270588,,0,0.00%,$0.0
"Dec 10, 2019","Nov 28, 2019",,No Portfolio,Sponsored Products,B07JMT389Q (Enjoy Life) - Keyword Target,ENABLED,USD,$5.0,Manual targeting,Dynamic bids - down only,1781,,10,,0.56%,$4.28,,$0.428,,1,8.57%,$49.95
"Dec 11, 2019","Dec 7, 2019",,No Portfolio,Sponsored Products,B07VW6J6N5 (Norwegian White Impression) - Broad,PAUSED,USD,$6.0,Manual targeting,Dynamic bids - down only,533,,4,,0.75%,$2.43,,$0.6075,,0,0.00%,$0.0
"Dec 11, 2019","Dec 2, 2019",,No Portfolio,Sponsored Products,B07JMDZBSR (Dream Light) - Keyword Target,PAUSED,USD,$7.0,Manual targeting,Dynamic bids - down only,4140,,14,,0.34%,$5.66,,$0.4042857,,0,0.00%,$0.0
"Dec 11, 2019","Dec 10, 2019",,No Portfolio,Sponsored Products,B07JHNJT7Q (Perfect Day) - Keyword Target,PAUSED,USD,$3.0,Manual targeting,Dynamic bids - down only,671,,1,,0.15%,$0.43,,$0.43,,0,0.00%,$0.0
"Dec 11, 2019","Dec 7, 2019",,No Portfolio,Sponsored Products,B07JJ3HGSN (Moroccan Wooden House) - Winner,ENABLED,USD,$7.0,Manual targeting,Dynamic bids - down only,1762,,14,,0.80%,$10.12,,$0.7228570999999999,,0,0.00%,$0.0
"Dec 11, 2019","Dec 7, 2019",,No Portfolio,Sponsored Products,B07VX6FRQQ (Modern Show) - Keyword Target,PAUSED,USD,$2.0,Manual targeting,Dynamic bids - down only,681,,2,,0.29%,$0.98,,$0.49,,0,0.00%,$0.0
"Dec 11, 2019","Nov 28, 2019",,No Portfolio,Sponsored Products,B07JMT389Q (Enjoy Life) - Keyword Target,ENABLED,USD,$5.0,Manual targeting,Dynamic bids - down only,1340,,10,,0.75%,$4.25,,$0.425,,0,0.00%,$0.0
"Dec 11, 2019","Dec 7, 2019",,No Portfolio,Sponsored Products,B07JHV2GP2 (Space Man) - Keyword Target,PAUSED,USD,$2.0,Manual targeting,Dynamic bids - down only,552,,1,,0.18%,$0.5,,$0.5,,0,0.00%,$0.0
"Dec 11, 2019","Dec 9, 2019",,No Portfolio,Sponsored Products,B07VSNNSD8 (Dream Light) - Keyword Target,PAUSED,USD,$2.0,Manual targeting,Dynamic bids - down only,7,,0,,0.00%,$0.0,,$0.0,,0,0.00%,$0.0
"Dec 11, 2019","Dec 5, 2019",,No Portfolio,Sponsored Products,B07KJXY5SN (Golden Map) - Keyword Target,PAUSED,USD,$5.0,Manual targeting,Dynamic bids - down only,1237,,7,,0.57%,$3.37,,$0.4814286,,0,0.00%,$0.0
"Dec 11, 2019","Dec 10, 2019",,No Portfolio,Sponsored Products,B07JND9C85 (My balcony) - Keyword Target,PAUSED,USD,$2.0,Manual targeting,Dynamic bids - down only,4563,,3,,0.07%,$2.61,,$0.87,,0,0.00%,$0.0
"Dec 11, 2019","Dec 5, 2019",,No Portfolio,Sponsored Products,B07KK3RQNV (City Map) - Keyword Target,PAUSED,USD,$5.0,Manual targeting,Dynamic bids - down only,2637,,15,,0.57%,$6.24,,$0.41600000000000004,,0,0.00%,$0.0
"Dec 11, 2019","Dec 7, 2019",,No Portfolio,Sponsored Products,B07JJC4NTT (Moroccan Craftman) - Broad,PAUSED,USD,$5.0,Manual targeting,Dynamic bids - down only,1109,,14,,1.26%,$10.35,,$0.7392856999999999,,1,25.88%,$39.99
"Dec 11, 2019","Dec 7, 2019",,No Portfolio,Sponsored Products,B07VW6N66M (Spiritual Song) - Keyword Target,PAUSED,USD,$2.0,Manual targeting,Dynamic bids - down only,2230,,4,,0.18%,$2.41,,$0.6025,,0,0.00%,$0.0
"Dec 11, 2019","Dec 7, 2019",,No Portfolio,Sponsored Products,B07L118VDV (Hello Happiness) - Keyword Target,PAUSED,USD,$2.0,Manual targeting,Dynamic bids - down only,1081,,5,,0.46%,$2.39,,$0.478,,0,0.00%,$0.0
"Dec 12, 2019","Dec 7, 2019",,No Portfolio,Sponsored Products,B07VW6J6N5 (Norwegian White Impression) - Broad,PAUSED,USD,$6.0,Manual targeting,Dynamic bids - down only,520,,2,,0.39%,$1.24,,$0.62,,0,0.00%,$0.0
"Dec 12, 2019","Dec 10, 2019",,No Portfolio,Sponsored Products,B07JND9C85 (My balcony) - Keyword Target,PAUSED,USD,$2.0,Manual targeting,Dynamic bids - down only,4246,,3,,0.07%,$2.11,,$0.7033333,,1,3.52%,$59.99
"Dec 12, 2019","Dec 10, 2019",,No Portfolio,Sponsored Products,B07JHNJT7Q (Perfect Day) - Keyword Target,PAUSED,USD,$3.0,Manual targeting,Dynamic bids - down only,459,,1,,0.22%,$0.32,,$0.32,,0,0.00%,$0.0
"Dec 12, 2019","Dec 7, 2019",,No Portfolio,Sponsored Products,B07JJC4NTT (Moroccan Craftman) - Broad,PAUSED,USD,$5.0,Manual targeting,Dynamic bids - down only,667,,14,,2.10%,$10.33,,$0.7378570999999999,,0,0.00%,$0.0
"Dec 12, 2019","Dec 7, 2019",,No Portfolio,Sponsored Products,B07VW6N66M (Spiritual Song) - Keyword Target,PAUSED,USD,$2.0,Manual targeting,Dynamic bids - down only,1721,,3,,0.17%,$1.98,,$0.66,,0,0.00%,$0.0
"Dec 12, 2019","Dec 5, 2019",,No Portfolio,Sponsored Products,B07KK3RQNV (City Map) - Keyword Target,PAUSED,USD,$5.0,Manual targeting,Dynamic bids - down only,1874,,17,,0.91%,$7.0,,$0.41176470000000004,,0,0.00%,$0.0
"Dec 12, 2019","Dec 9, 2019",,No Portfolio,Sponsored Products,B07VSNNSD8 (Dream Light) - Keyword Target,PAUSED,USD,$2.0,Manual targeting,Dynamic bids - down only,22,,0,,0.00%,$0.0,,$0.0,,0,0.00%,$0.0
"Dec 12, 2019","Dec 5, 2019",,No Portfolio,Sponsored Products,B07KJXY5SN (Golden Map) - Keyword Target,PAUSED,USD,$5.0,Manual targeting,Dynamic bids - down only,1110,,6,,0.54%,$3.06,,$0.51,,0,0.00%,$0.0
"Dec 12, 2019","Dec 7, 2019",,No Portfolio,Sponsored Products,B07VX6FRQQ (Modern Show) - Keyword Target,PAUSED,USD,$2.0,Manual targeting,Dynamic bids - down only,685,,3,,0.44%,$1.88,,$0.6266667,,0,0.00%,$0.0
"Dec 12, 2019","Dec 7, 2019",,No Portfolio,Sponsored Products,B07L118VDV (Hello Happiness) - Keyword Target,PAUSED,USD,$2.0,Manual targeting,Dynamic bids - down only,936,,0,,0.00%,$0.0,,$0.0,,0,0.00%,$0.0
"Dec 12, 2019","Dec 7, 2019",,No Portfolio,Sponsored Products,B07JJ3HGSN (Moroccan Wooden House) - Winner,ENABLED,USD,$7.0,Manual targeting,Dynamic bids - down only,994,,15,,1.51%,$10.8,,$0.72,,1,27.01%,$39.99
"Dec 12, 2019","Nov 28, 2019",,No Portfolio,Sponsored Products,B07JMT389Q (Enjoy Life) - Keyword Target,ENABLED,USD,$5.0,Manual targeting,Dynamic bids - down only,1089,,11,,1.01%,$4.3,,$0.3909091,,1,8.61%,$49.95
"Dec 12, 2019","Dec 7, 2019",,No Portfolio,Sponsored Products,B07JHV2GP2 (Space Man) - Keyword Target,PAUSED,USD,$2.0,Manual targeting,Dynamic bids - down only,440,,0,,0.00%,$0.0,,$0.0,,0,0.00%,$0.0
"Dec 12, 2019","Dec 2, 2019",,No Portfolio,Sponsored Products,B07JMDZBSR (Dream Light) - Keyword Target,PAUSED,USD,$7.0,Manual targeting,Dynamic bids - down only,4405,,16,,0.36%,$6.31,,$0.394375,,0,0.00%,$0.0
"Dec 13, 2019","Dec 9, 2019",,No Portfolio,Sponsored Products,B07VSNNSD8 (Dream Light) - Keyword Target,PAUSED,USD,$2.0,Manual targeting,Dynamic bids - down only,23,,0,,0.00%,$0.0,,$0.0,,0,0.00%,$0.0
"Dec 13, 2019","Dec 7, 2019",,No Portfolio,Sponsored Products,B07JJC4NTT (Moroccan Craftman) - Broad,PAUSED,USD,$5.0,Manual targeting,Dynamic bids - down only,3670,,24,,0.65%,$20.08,,$0.8366667,,0,0.00%,$0.0
"Dec 13, 2019","Dec 7, 2019",,No Portfolio,Sponsored Products,B07JHV2GP2 (Space Man) - Keyword Target,PAUSED,USD,$2.0,Manual targeting,Dynamic bids - down only,544,,3,,0.55%,$1.6,,$0.5333333,,0,0.00%,$0.0
"Dec 13, 2019","Dec 7, 2019",,No Portfolio,Sponsored Products,B07JJ3HGSN (Moroccan Wooden House) - Winner,ENABLED,USD,$7.0,Manual targeting,Dynamic bids - down only,2222,,26,,1.17%,$21.26,,$0.8176922999999999,,1,53.16%,$39.99
"Dec 13, 2019","Dec 5, 2019",,No Portfolio,Sponsored Products,B07KJXY5SN (Golden Map) - Keyword Target,PAUSED,USD,$5.0,Manual targeting,Dynamic bids - down only,4300,,13,,0.30%,$6.35,,$0.4884615,,0,0.00%,$0.0
"Dec 13, 2019","Dec 10, 2019",,No Portfolio,Sponsored Products,B07JHNJT7Q (Perfect Day) - Keyword Target,PAUSED,USD,$3.0,Manual targeting,Dynamic bids - down only,576,,1,,0.17%,$0.67,,$0.67,,0,0.00%,$0.0
"Dec 13, 2019","Dec 7, 2019",,No Portfolio,Sponsored Products,B07VW6N66M (Spiritual Song) - Keyword Target,PAUSED,USD,$2.0,Manual targeting,Dynamic bids - down only,1988,,7,,0.35%,$6.44,,$0.92,,0,0.00%,$0.0
"Dec 13, 2019","Nov 28, 2019",,No Portfolio,Sponsored Products,B07JMT389Q (Enjoy Life) - Keyword Target,ENABLED,USD,$5.0,Manual targeting,Dynamic bids - down only,2071,,14,,0.68%,$6.4,,$0.45714289999999996,,1,12.81%,$49.95
"Dec 13, 2019","Dec 7, 2019",,No Portfolio,Sponsored Products,B07VX6FRQQ (Modern Show) - Keyword Target,PAUSED,USD,$2.0,Manual targeting,Dynamic bids - down only,1054,,5,,0.47%,$3.07,,$0.614,,0,0.00%,$0.0
"Dec 13, 2019","Dec 7, 2019",,No Portfolio,Sponsored Products,B07VW6J6N5 (Norwegian White Impression) - Broad,PAUSED,USD,$6.0,Manual targeting,Dynamic bids - down only,1883,,11,,0.58%,$6.36,,$0.5781818,,2,7.95%,$79.98
"Dec 13, 2019","Dec 5, 2019",,No Portfolio,Sponsored Products,B07KK3RQNV (City Map) - Keyword Target,PAUSED,USD,$5.0,Manual targeting,Dynamic bids - down only,1537,,11,,0.72%,$6.55,,$0.5954545,,0,0.00%,$0.0
"Dec 13, 2019","Dec 10, 2019",,No Portfolio,Sponsored Products,B07JND9C85 (My balcony) - Keyword Target,PAUSED,USD,$2.0,Manual targeting,Dynamic bids - down only,6953,,5,,0.07%,$4.76,,$0.9520000000000001,,0,0.00%,$0.0
"Dec 13, 2019","Dec 7, 2019",,No Portfolio,Sponsored Products,B07L118VDV (Hello Happiness) - Keyword Target,PAUSED,USD,$2.0,Manual targeting,Dynamic bids - down only,1040,,0,,0.00%,$0.0,,$0.0,,0,0.00%,$0.0
"Dec 13, 2019","Dec 2, 2019",,No Portfolio,Sponsored Products,B07JMDZBSR (Dream Light) - Keyword Target,PAUSED,USD,$7.0,Manual targeting,Dynamic bids - down only,5566,,23,,0.41%,$11.07,,$0.48130429999999996,,0,0.00%,$0.0
"Dec 14, 2019","Dec 7, 2019",,No Portfolio,Sponsored Products,B07VX6FRQQ (Modern Show) - Keyword Target,PAUSED,USD,$2.0,Manual targeting,Dynamic bids - down only,1519,,7,,0.46%,$6.12,,$0.8742856999999999,,2,8.86%,$69.1
"Dec 14, 2019","Dec 7, 2019",,No Portfolio,Sponsored Products,B07VW6N66M (Spiritual Song) - Keyword Target,PAUSED,USD,$2.0,Manual targeting,Dynamic bids - down only,3376,,9,,0.27%,$6.45,,$0.7166667,,0,0.00%,$0.0
"Dec 14, 2019","Dec 2, 2019",,No Portfolio,Sponsored Products,B07JMDZBSR (Dream Light) - Keyword Target,PAUSED,USD,$7.0,Manual targeting,Dynamic bids - down only,6781,,22,,0.32%,$11.16,,$0.5072727,,0,0.00%,$0.0
"Dec 14, 2019","Dec 5, 2019",,No Portfolio,Sponsored Products,B07KK3RQNV (City Map) - Keyword Target,PAUSED,USD,$5.0,Manual targeting,Dynamic bids - down only,1842,,11,,0.60%,$6.04,,$0.5490908999999999,,0,0.00%,$0.0
"Dec 14, 2019","Dec 7, 2019",,No Portfolio,Sponsored Products,B07JJ3HGSN (Moroccan Wooden House) - Winner,ENABLED,USD,$7.0,Manual targeting,Dynamic bids - down only,2698,,24,,0.89%,$19.92,,$0.83,,0,0.00%,$0.0
"Dec 14, 2019","Dec 7, 2019",,No Portfolio,Sponsored Products,B07JJC4NTT (Moroccan Craftman) - Broad,PAUSED,USD,$5.0,Manual targeting,Dynamic bids - down only,3933,,24,,0.61%,$20.38,,$0.8491666999999999,,1,33.97%,$59.99
"Dec 14, 2019","Dec 7, 2019",,No Portfolio,Sponsored Products,B07L118VDV (Hello Happiness) - Keyword Target,PAUSED,USD,$2.0,Manual targeting,Dynamic bids - down only,1152,,5,,0.43%,$3.13,,$0.626,,0,0.00%,$0.0
"Dec 14, 2019","Dec 5, 2019",,No Portfolio,Sponsored Products,B07KJXY5SN (Golden Map) - Keyword Target,PAUSED,USD,$5.0,Manual targeting,Dynamic bids - down only,1615,,11,,0.68%,$6.16,,$0.56,,0,0.00%,$0.0
"Dec 14, 2019","Dec 9, 2019",,No Portfolio,Sponsored Products,B07VSNNSD8 (Dream Light) - Keyword Target,PAUSED,USD,$2.0,Manual targeting,Dynamic bids - down only,58,,0,,0.00%,$0.0,,$0.0,,0,0.00%,$0.0
"Dec 14, 2019","Nov 28, 2019",,No Portfolio,Sponsored Products,B07JMT389Q (Enjoy Life) - Keyword Target,ENABLED,USD,$5.0,Manual targeting,Dynamic bids - down only,1180,,13,,1.10%,$6.64,,$0.5107692,,0,0.00%,$0.0
"Dec 14, 2019","Dec 7, 2019",,No Portfolio,Sponsored Products,B07JHV2GP2 (Space Man) - Keyword Target,PAUSED,USD,$2.0,Manual targeting,Dynamic bids - down only,822,,0,,0.00%,$0.0,,$0.0,,0,0.00%,$0.0
"Dec 14, 2019","Dec 10, 2019",,No Portfolio,Sponsored Products,B07JHNJT7Q (Perfect Day) - Keyword Target,PAUSED,USD,$3.0,Manual targeting,Dynamic bids - down only,1109,,3,,0.27%,$1.74,,$0.58,,0,0.00%,$0.0
"Dec 14, 2019","Dec 10, 2019",,No Portfolio,Sponsored Products,B07JND9C85 (My balcony) - Keyword Target,PAUSED,USD,$2.0,Manual targeting,Dynamic bids - down only,4907,,6,,0.12%,$5.93,,$0.9883333000000001,,0,0.00%,$0.0
"Dec 14, 2019","Dec 7, 2019",,No Portfolio,Sponsored Products,B07VW6J6N5 (Norwegian White Impression) - Broad,PAUSED,USD,$6.0,Manual targeting,Dynamic bids - down only,2456,,6,,0.24%,$3.81,,$0.635,,0,0.00%,$0.0
"Dec 15, 2019","Dec 7, 2019",,No Portfolio,Sponsored Products,B07JHV2GP2 (Space Man) - Keyword Target,PAUSED,USD,$2.0,Manual targeting,Dynamic bids - down only,658,,1,,0.15%,$0.7,,$0.7,,0,0.00%,$0.0
"Dec 15, 2019","Dec 7, 2019",,No Portfolio,Sponsored Products,B07VX6FRQQ (Modern Show) - Keyword Target,PAUSED,USD,$2.0,Manual targeting,Dynamic bids - down only,2255,,4,,0.18%,$2.69,,$0.6725,,1,7.79%,$34.55
"Dec 15, 2019","Dec 7, 2019",,No Portfolio,Sponsored Products,B07JJC4NTT (Moroccan Craftman) - Broad,PAUSED,USD,$5.0,Manual targeting,Dynamic bids - down only,4065,,18,,0.44%,$15.3,,$0.85,,0,0.00%,$0.0
"Dec 15, 2019","Dec 7, 2019",,No Portfolio,Sponsored Products,B07JJ3HGSN (Moroccan Wooden House) - Winner,ENABLED,USD,$7.0,Manual targeting,Dynamic bids - down only,3736,,20,,0.54%,$16.18,,$0.809,,0,0.00%,$0.0
"Dec 15, 2019","Dec 9, 2019",,No Portfolio,Sponsored Products,B07VSNNSD8 (Dream Light) - Keyword Target,PAUSED,USD,$2.0,Manual targeting,Dynamic bids - down only,41,,0,,0.00%,$0.0,,$0.0,,0,0.00%,$0.0
"Dec 15, 2019","Dec 7, 2019",,No Portfolio,Sponsored Products,B07VW6J6N5 (Norwegian White Impression) - Broad,PAUSED,USD,$6.0,Manual targeting,Dynamic bids - down only,5401,,13,,0.24%,$8.05,,$0.6192308,,1,10.07%,$79.98
"Dec 15, 2019","Nov 28, 2019",,No Portfolio,Sponsored Products,B07JMT389Q (Enjoy Life) - Keyword Target,ENABLED,USD,$5.0,Manual targeting,Dynamic bids - down only,1511,,15,,0.99%,$7.5,,$0.5,,0,0.00%,$0.0
"Dec 15, 2019","Dec 10, 2019",,No Portfolio,Sponsored Products,B07JHNJT7Q (Perfect Day) - Keyword Target,PAUSED,USD,$3.0,Manual targeting,Dynamic bids - down only,1147,,5,,0.44%,$3.39,,$0.6779999999999999,,0,0.00%,$0.0
"Dec 15, 2019","Dec 5, 2019",,No Portfolio,Sponsored Products,B07KK3RQNV (City Map) - Keyword Target,PAUSED,USD,$5.0,Manual targeting,Dynamic bids - down only,2261,,12,,0.53%,$6.11,,$0.5091667000000001,,0,0.00%,$0.0
"Dec 15, 2019","Dec 5, 2019",,No Portfolio,Sponsored Products,B07KJXY5SN (Golden Map) - Keyword Target,PAUSED,USD,$5.0,Manual targeting,Dynamic bids - down only,3894,,14,,0.36%,$6.94,,$0.4957143,,0,0.00%,$0.0
"Dec 15, 2019","Dec 10, 2019",,No Portfolio,Sponsored Products,B07JND9C85 (My balcony) - Keyword Target,PAUSED,USD,$2.0,Manual targeting,Dynamic bids - down only,2576,,6,,0.23%,$5.87,,$0.9783333000000001,,0,0.00%,$0.0
"Dec 15, 2019","Dec 7, 2019",,No Portfolio,Sponsored Products,B07L118VDV (Hello Happiness) - Keyword Target,PAUSED,USD,$2.0,Manual targeting,Dynamic bids - down only,1292,,5,,0.39%,$2.67,,$0.534,,0,0.00%,$0.0
"Dec 15, 2019","Dec 2, 2019",,No Portfolio,Sponsored Products,B07JMDZBSR (Dream Light) - Keyword Target,PAUSED,USD,$7.0,Manual targeting,Dynamic bids - down only,6460,,22,,0.34%,$11.02,,$0.5009091,,1,22.06%,$49.95
"Dec 15, 2019","Dec 7, 2019",,No Portfolio,Sponsored Products,B07VW6N66M (Spiritual Song) - Keyword Target,PAUSED,USD,$2.0,Manual targeting,Dynamic bids - down only,1975,,7,,0.35%,$5.74,,$0.82,,0,0.00%,$0.0
"Dec 16, 2019","Dec 7, 2019",,No Portfolio,Sponsored Products,B07VW6N66M (Spiritual Song) - Keyword Target,PAUSED,USD,$2.0,Manual targeting,Dynamic bids - down only,814,,3,,0.37%,$2.65,,$0.8833333,,0,0.00%,$0.0
"Dec 16, 2019","Dec 7, 2019",,No Portfolio,Sponsored Products,B07VX6FRQQ (Modern Show) - Keyword Target,PAUSED,USD,$2.0,Manual targeting,Dynamic bids - down only,687,,3,,0.44%,$2.6,,$0.8666667,,0,0.00%,$0.0
"Dec 16, 2019","Dec 7, 2019",,No Portfolio,Sponsored Products,B07L118VDV (Hello Happiness) - Keyword Target,PAUSED,USD,$2.0,Manual targeting,Dynamic bids - down only,1092,,4,,0.37%,$2.42,,$0.605,,0,0.00%,$0.0
"Dec 16, 2019","Dec 7, 2019",,No Portfolio,Sponsored Products,B07VW6J6N5 (Norwegian White Impression) - Broad,PAUSED,USD,$6.0,Manual targeting,Dynamic bids - down only,2252,,7,,0.31%,$3.99,,$0.57,,0,0.00%,$0.0
"Dec 16, 2019","Dec 7, 2019",,No Portfolio,Sponsored Products,B07JHV2GP2 (Space Man) - Keyword Target,PAUSED,USD,$2.0,Manual targeting,Dynamic bids - down only,663,,1,,0.15%,$0.32,,$0.32,,0,0.00%,$0.0
"Dec 16, 2019","Nov 28, 2019",,No Portfolio,Sponsored Products,B07JMT389Q (Enjoy Life) - Keyword Target,ENABLED,USD,$5.0,Manual targeting,Dynamic bids - down only,1079,,8,,0.74%,$4.27,,$0.53375,,1,8.55%,$49.95
"Dec 16, 2019","Dec 2, 2019",,No Portfolio,Sponsored Products,B07JMDZBSR (Dream Light) - Keyword Target,PAUSED,USD,$7.0,Manual targeting,Dynamic bids - down only,4201,,16,,0.38%,$8.03,,$0.501875,,0,0.00%,$0.0
"Dec 16, 2019","Dec 9, 2019",,No Portfolio,Sponsored Products,B07VSNNSD8 (Dream Light) - Keyword Target,PAUSED,USD,$2.0,Manual targeting,Dynamic bids - down only,28,,0,,0.00%,$0.0,,$0.0,,0,0.00%,$0.0
"Dec 16, 2019","Dec 5, 2019",,No Portfolio,Sponsored Products,B07KJXY5SN (Golden Map) - Keyword Target,PAUSED,USD,$5.0,Manual targeting,Dynamic bids - down only,811,,10,,1.23%,$5.36,,$0.536,,0,0.00%,$0.0
"Dec 16, 2019","Dec 10, 2019",,No Portfolio,Sponsored Products,B07JND9C85 (My balcony) - Keyword Target,PAUSED,USD,$2.0,Manual targeting,Dynamic bids - down only,994,,2,,0.20%,$2.18,,$1.09,,0,0.00%,$0.0
"Dec 16, 2019","Dec 7, 2019",,No Portfolio,Sponsored Products,B07JJC4NTT (Moroccan Craftman) - Broad,PAUSED,USD,$5.0,Manual targeting,Dynamic bids - down only,1147,,6,,0.52%,$5.33,,$0.8883333,,0,0.00%,$0.0
"Dec 16, 2019","Dec 7, 2019",,No Portfolio,Sponsored Products,B07JJ3HGSN (Moroccan Wooden House) - Winner,ENABLED,USD,$7.0,Manual targeting,Dynamic bids - down only,988,,12,,1.22%,$10.57,,$0.8808333,,0,0.00%,$0.0
"Dec 16, 2019","Dec 5, 2019",,No Portfolio,Sponsored Products,B07KK3RQNV (City Map) - Keyword Target,PAUSED,USD,$5.0,Manual targeting,Dynamic bids - down only,1296,,9,,0.69%,$5.03,,$0.5588889,,0,0.00%,$0.0
"Dec 16, 2019","Dec 10, 2019",,No Portfolio,Sponsored Products,B07JHNJT7Q (Perfect Day) - Keyword Target,PAUSED,USD,$3.0,Manual targeting,Dynamic bids - down only,1146,,5,,0.44%,$3.48,,$0.696,,0,0.00%,$0.0
"Dec 17, 2019","Dec 10, 2019",,No Portfolio,Sponsored Products,B07JHNJT7Q (Perfect Day) - Keyword Target,PAUSED,USD,$3.0,Manual targeting,Dynamic bids - down only,597,,0,,0.00%,$0.0,,$0.0,,0,0.00%,$0.0
"Dec 17, 2019","Dec 2, 2019",,No Portfolio,Sponsored Products,B07JMDZBSR (Dream Light) - Keyword Target,PAUSED,USD,$7.0,Manual targeting,Dynamic bids - down only,1880,,15,,0.80%,$7.47,,$0.498,,1,14.96%,$49.95
"Dec 17, 2019","Nov 28, 2019",,No Portfolio,Sponsored Products,B07JMT389Q (Enjoy Life) - Keyword Target,ENABLED,USD,$5.0,Manual targeting,Dynamic bids - down only,996,,9,,0.90%,$5.19,,$0.5766667000000001,,0,0.00%,$0.0
"Dec 17, 2019","Dec 7, 2019",,No Portfolio,Sponsored Products,B07JJC4NTT (Moroccan Craftman) - Broad,PAUSED,USD,$5.0,Manual targeting,Dynamic bids - down only,1430,,6,,0.42%,$5.58,,$0.93,,1,6.98%,$79.98
"Dec 17, 2019","Dec 7, 2019",,No Portfolio,Sponsored Products,B07JJ3HGSN (Moroccan Wooden House) - Winner,ENABLED,USD,$7.0,Manual targeting,Dynamic bids - down only,3414,,27,,0.79%,$20.78,,$0.7696295999999999,,0,0.00%,$0.0
"Dec 17, 2019","Dec 5, 2019",,No Portfolio,Sponsored Products,B07KK3RQNV (City Map) - Keyword Target,PAUSED,USD,$5.0,Manual targeting,Dynamic bids - down only,1021,,9,,0.88%,$5.0,,$0.5555556,,0,0.00%,$0.0
"Dec 17, 2019","Dec 7, 2019",,No Portfolio,Sponsored Products,B07VW6N66M (Spiritual Song) - Keyword Target,PAUSED,USD,$2.0,Manual targeting,Dynamic bids - down only,1382,,3,,0.22%,$2.45,,$0.8166667,,0,0.00%,$0.0
"Dec 17, 2019","Dec 10, 2019",,No Portfolio,Sponsored Products,B07JND9C85 (My balcony) - Keyword Target,PAUSED,USD,$2.0,Manual targeting,Dynamic bids - down only,615,,1,,0.16%,$0.33,,$0.33,,0,0.00%,$0.0
"Dec 17, 2019","Dec 7, 2019",,No Portfolio,Sponsored Products,B07VX6FRQQ (Modern Show) - Keyword Target,PAUSED,USD,$2.0,Manual targeting,Dynamic bids - down only,1023,,3,,0.29%,$2.43,,$0.81,,0,0.00%,$0.0
"Dec 17, 2019","Dec 7, 2019",,No Portfolio,Sponsored Products,B07JHV2GP2 (Space Man) - Keyword Target,PAUSED,USD,$2.0,Manual targeting,Dynamic bids - down only,1071,,2,,0.19%,$0.9,,$0.45,,0,0.00%,$0.0
"Dec 17, 2019","Dec 9, 2019",,No Portfolio,Sponsored Products,B07VSNNSD8 (Dream Light) - Keyword Target,PAUSED,USD,$2.0,Manual targeting,Dynamic bids - down only,32,,2,,6.25%,$1.54,,$0.77,,0,0.00%,$0.0
"Dec 17, 2019","Dec 7, 2019",,No Portfolio,Sponsored Products,B07L118VDV (Hello Happiness) - Keyword Target,PAUSED,USD,$2.0,Manual targeting,Dynamic bids - down only,480,,0,,0.00%,$0.0,,$0.0,,0,0.00%,$0.0
"Dec 17, 2019","Dec 7, 2019",,No Portfolio,Sponsored Products,B07VW6J6N5 (Norwegian White Impression) - Broad,PAUSED,USD,$6.0,Manual targeting,Dynamic bids - down only,1519,,5,,0.33%,$2.29,,$0.45799999999999996,,0,0.00%,$0.0
"Dec 17, 2019","Dec 5, 2019",,No Portfolio,Sponsored Products,B07KJXY5SN (Golden Map) - Keyword Target,PAUSED,USD,$5.0,Manual targeting,Dynamic bids - down only,2643,,11,,0.42%,$5.18,,$0.4709091,,0,0.00%,$0.0
"Dec 18, 2019","Dec 7, 2019",,No Portfolio,Sponsored Products,B07JJC4NTT (Moroccan Craftman) - Broad,PAUSED,USD,$5.0,Manual targeting,Dynamic bids - down only,2422,,8,,0.33%,$5.57,,$0.69625,,0,0.00%,$0.0
"Dec 18, 2019","Dec 10, 2019",,No Portfolio,Sponsored Products,B07JHNJT7Q (Perfect Day) - Keyword Target,PAUSED,USD,$3.0,Manual targeting,Dynamic bids - down only,480,,1,,0.21%,$0.34,,$0.34,,0,0.00%,$0.0
"Dec 18, 2019","Dec 7, 2019",,No Portfolio,Sponsored Products,B07L118VDV (Hello Happiness) - Keyword Target,PAUSED,USD,$2.0,Manual targeting,Dynamic bids - down only,249,,2,,0.80%,$1.13,,$0.565,,0,0.00%,$0.0
"Dec 18, 2019","Nov 28, 2019",,No Portfolio,Sponsored Products,B07JMT389Q (Enjoy Life) - Keyword Target,ENABLED,USD,$5.0,Manual targeting,Dynamic bids - down only,1623,,11,,0.68%,$4.26,,$0.38727269999999997,,0,0.00%,$0.0
"Dec 18, 2019","Dec 7, 2019",,No Portfolio,Sponsored Products,B07JHV2GP2 (Space Man) - Keyword Target,PAUSED,USD,$2.0,Manual targeting,Dynamic bids - down only,950,,0,,0.00%,$0.0,,$0.0,,0,0.00%,$0.0
"Dec 18, 2019","Dec 10, 2019",,No Portfolio,Sponsored Products,B07JND9C85 (My balcony) - Keyword Target,PAUSED,USD,$2.0,Manual targeting,Dynamic bids - down only,236,,0,,0.00%,$0.0,,$0.0,,0,0.00%,$0.0
"Dec 18, 2019","Dec 18, 2019",,No Portfolio,Sponsored Products,B07JJ3HGSN (Moroccan Wooden House) - Exact,ENABLED,USD,$8.0,Manual targeting,Dynamic bids - down only,5,,0,,0.00%,$0.0,,$0.0,,0,0.00%,$0.0
"Dec 18, 2019","Dec 2, 2019",,No Portfolio,Sponsored Products,B07JMDZBSR (Dream Light) - Keyword Target,PAUSED,USD,$7.0,Manual targeting,Dynamic bids - down only,2917,,15,,0.51%,$7.39,,$0.49266669999999996,,0,0.00%,$0.0
"Dec 18, 2019","Dec 7, 2019",,No Portfolio,Sponsored Products,B07VW6N66M (Spiritual Song) - Keyword Target,PAUSED,USD,$2.0,Manual targeting,Dynamic bids - down only,1686,,2,,0.12%,$1.91,,$0.955,,0,0.00%,$0.0
"Dec 18, 2019","Dec 7, 2019",,No Portfolio,Sponsored Products,B07VW6J6N5 (Norwegian White Impression) - Broad,PAUSED,USD,$6.0,Manual targeting,Dynamic bids - down only,2530,,4,,0.16%,$1.73,,$0.4325,,1,4.33%,$39.99
"Dec 18, 2019","Dec 9, 2019",,No Portfolio,Sponsored Products,B07VSNNSD8 (Dream Light) - Keyword Target,PAUSED,USD,$2.0,Manual targeting,Dynamic bids - down only,18,,0,,0.00%,$0.0,,$0.0,,0,0.00%,$0.0
"Dec 18, 2019","Dec 5, 2019",,No Portfolio,Sponsored Products,B07KK3RQNV (City Map) - Keyword Target,PAUSED,USD,$5.0,Manual targeting,Dynamic bids - down only,3203,,10,,0.31%,$5.52,,$0.552,,0,0.00%,$0.0
"Dec 18, 2019","Dec 5, 2019",,No Portfolio,Sponsored Products,B07KJXY5SN (Golden Map) - Keyword Target,PAUSED,USD,$5.0,Manual targeting,Dynamic bids - down only,1325,,6,,0.45%,$2.78,,$0.46333329999999995,,0,0.00%,$0.0
"Dec 18, 2019","Dec 7, 2019",,No Portfolio,Sponsored Products,B07VX6FRQQ (Modern Show) - Keyword Target,PAUSED,USD,$2.0,Manual targeting,Dynamic bids - down only,709,,1,,0.14%,$0.9,,$0.9,,0,0.00%,$0.0
"Dec 18, 2019","Dec 7, 2019",,No Portfolio,Sponsored Products,B07JJ3HGSN (Moroccan Wooden House) - Winner,ENABLED,USD,$7.0,Manual targeting,Dynamic bids - down only,2721,,22,,0.81%,$19.38,,$0.8809090999999999,,0,0.00%,$0.0
"Dec 19, 2019","Dec 7, 2019",,No Portfolio,Sponsored Products,B07L118VDV (Hello Happiness) - Keyword Target,PAUSED,USD,$2.0,Manual targeting,Dynamic bids - down only,308,,4,,1.30%,$2.78,,$0.695,,0,0.00%,$0.0
"Dec 19, 2019","Dec 7, 2019",,No Portfolio,Sponsored Products,B07VX6FRQQ (Modern Show) - Keyword Target,PAUSED,USD,$2.0,Manual targeting,Dynamic bids - down only,583,,0,,0.00%,$0.0,,$0.0,,0,0.00%,$0.0
"Dec 19, 2019","Nov 28, 2019",,No Portfolio,Sponsored Products,B07JMT389Q (Enjoy Life) - Keyword Target,ENABLED,USD,$5.0,Manual targeting,Dynamic bids - down only,953,,9,,0.94%,$4.07,,$0.4522222,,0,0.00%,$0.0
"Dec 19, 2019","Dec 7, 2019",,No Portfolio,Sponsored Products,B07JHV2GP2 (Space Man) - Keyword Target,PAUSED,USD,$2.0,Manual targeting,Dynamic bids - down only,541,,2,,0.37%,$0.91,,$0.455,,0,0.00%,$0.0
"Dec 19, 2019","Dec 9, 2019",,No Portfolio,Sponsored Products,B07VSNNSD8 (Dream Light) - Keyword Target,PAUSED,USD,$2.0,Manual targeting,Dynamic bids - down only,14,,0,,0.00%,$0.0,,$0.0,,0,0.00%,$0.0
"Dec 19, 2019","Dec 5, 2019",,No Portfolio,Sponsored Products,B07KJXY5SN (Golden Map) - Keyword Target,PAUSED,USD,$5.0,Manual targeting,Dynamic bids - down only,1262,,3,,0.24%,$1.05,,$0.35,,0,0.00%,$0.0
"Dec 19, 2019","Dec 2, 2019",,No Portfolio,Sponsored Products,B07JMDZBSR (Dream Light) - Keyword Target,PAUSED,USD,$7.0,Manual targeting,Dynamic bids - down only,3532,,14,,0.40%,$6.62,,$0.47285710000000003,,0,0.00%,$0.0
"Dec 19, 2019","Dec 10, 2019",,No Portfolio,Sponsored Products,B07JHNJT7Q (Perfect Day) - Keyword Target,PAUSED,USD,$3.0,Manual targeting,Dynamic bids - down only,374,,0,,0.00%,$0.0,,$0.0,,0,0.00%,$0.0
"Dec 19, 2019","Dec 18, 2019",,No Portfolio,Sponsored Products,B07JJ3HGSN (Moroccan Wooden House) - Exact,ENABLED,USD,$8.0,Manual targeting,Dynamic bids - down only,132,,5,,3.79%,$4.6,,$0.92,,0,0.00%,$0.0
"Dec 19, 2019","Dec 10, 2019",,No Portfolio,Sponsored Products,B07JND9C85 (My balcony) - Keyword Target,PAUSED,USD,$2.0,Manual targeting,Dynamic bids - down only,97,,0,,0.00%,$0.0,,$0.0,,0,0.00%,$0.0
"Dec 19, 2019","Dec 5, 2019",,No Portfolio,Sponsored Products,B07KK3RQNV (City Map) - Keyword Target,PAUSED,USD,$5.0,Manual targeting,Dynamic bids - down only,766,,9,,1.18%,$4.99,,$0.5544444,,0,0.00%,$0.0
"Dec 19, 2019","Aug 22, 2019",,No Portfolio,Sponsored Products,B07JMDZBSR,ARCHIVED,USD,$3.0,Automatic targeting,Dynamic bids - down only,0,,0,,0.00%,$0.0,,$0.0,,0,0.00%,$0.0
"Dec 19, 2019","Dec 7, 2019",,No Portfolio,Sponsored Products,B07JJC4NTT (Moroccan Craftman) - Broad,PAUSED,USD,$5.0,Manual targeting,Dynamic bids - down only,1994,,6,,0.30%,$5.07,,$0.845,,0,0.00%,$0.0
"Dec 19, 2019","Dec 7, 2019",,No Portfolio,Sponsored Products,B07JJ3HGSN (Moroccan Wooden House) - Winner,ENABLED,USD,$7.0,Manual targeting,Dynamic bids - down only,1298,,6,,0.46%,$4.69,,$0.7816666999999999,,1,11.73%,$39.99
"Dec 19, 2019","Dec 7, 2019",,No Portfolio,Sponsored Products,B07VW6J6N5 (Norwegian White Impression) - Broad,PAUSED,USD,$6.0,Manual targeting,Dynamic bids - down only,1024,,2,,0.20%,$1.07,,$0.535,,0,0.00%,$0.0
"Dec 19, 2019","Dec 7, 2019",,No Portfolio,Sponsored Products,B07VW6N66M (Spiritual Song) - Keyword Target,PAUSED,USD,$2.0,Manual targeting,Dynamic bids - down only,4568,,1,,0.02%,$0.91,,$0.91,,0,0.00%,$0.0
"Dec 20, 2019","Dec 5, 2019",,No Portfolio,Sponsored Products,B07KJXY5SN (Golden Map) - Keyword Target,PAUSED,USD,$5.0,Manual targeting,Dynamic bids - down only,699,,4,,0.57%,$1.77,,$0.4425,,0,0.00%,$0.0
"Dec 20, 2019","Dec 7, 2019",,No Portfolio,Sponsored Products,B07L118VDV (Hello Happiness) - Keyword Target,PAUSED,USD,$2.0,Manual targeting,Dynamic bids - down only,168,,2,,1.19%,$1.26,,$0.63,,0,0.00%,$0.0
"Dec 20, 2019","Dec 7, 2019",,No Portfolio,Sponsored Products,B07JJC4NTT (Moroccan Craftman) - Broad,PAUSED,USD,$5.0,Manual targeting,Dynamic bids - down only,2395,,7,,0.29%,$5.4,,$0.7714286,,0,0.00%,$0.0
"Dec 20, 2019","Dec 7, 2019",,No Portfolio,Sponsored Products,B07VX6FRQQ (Modern Show) - Keyword Target,PAUSED,USD,$2.0,Manual targeting,Dynamic bids - down only,557,,2,,0.36%,$1.54,,$0.77,,0,0.00%,$0.0
"Dec 20, 2019","Dec 18, 2019",,No Portfolio,Sponsored Products,B07JJ3HGSN (Moroccan Wooden House) - Exact,ENABLED,USD,$8.0,Manual targeting,Dynamic bids - down only,187,,4,,2.14%,$3.6,,$0.9,,1,9.00%,$39.99
"Dec 20, 2019","Dec 9, 2019",,No Portfolio,Sponsored Products,B07VSNNSD8 (Dream Light) - Keyword Target,PAUSED,USD,$2.0,Manual targeting,Dynamic bids - down only,8,,0,,0.00%,$0.0,,$0.0,,0,0.00%,$0.0
"Dec 20, 2019","Dec 7, 2019",,No Portfolio,Sponsored Products,B07VW6N66M (Spiritual Song) - Keyword Target,PAUSED,USD,$2.0,Manual targeting,Dynamic bids - down only,2940,,3,,0.10%,$2.26,,$0.7533333,,0,0.00%,$0.0
"Dec 20, 2019","Dec 5, 2019",,No Portfolio,Sponsored Products,B07KK3RQNV (City Map) - Keyword Target,PAUSED,USD,$5.0,Manual targeting,Dynamic bids - down only,1207,,11,,0.91%,$5.25,,$0.4772727,,1,10.51%,$49.95
"Dec 20, 2019","Nov 28, 2019",,No Portfolio,Sponsored Products,B07JMT389Q (Enjoy Life) - Keyword Target,ENABLED,USD,$5.0,Manual targeting,Dynamic bids - down only,1630,,10,,0.61%,$4.05,,$0.405,,0,0.00%,$0.0
"Dec 20, 2019","Dec 7, 2019",,No Portfolio,Sponsored Products,B07VW6J6N5 (Norwegian White Impression) - Broad,PAUSED,USD,$6.0,Manual targeting,Dynamic bids - down only,534,,0,,0.00%,$0.0,,$0.0,,1,0.00%,$39.99
"Dec 20, 2019","Dec 7, 2019",,No Portfolio,Sponsored Products,B07JHV2GP2 (Space Man) - Keyword Target,PAUSED,USD,$2.0,Manual targeting,Dynamic bids - down only,399,,1,,0.25%,$0.53,,$0.53,,0,0.00%,$0.0
"Dec 20, 2019","Dec 10, 2019",,No Portfolio,Sponsored Products,B07JHNJT7Q (Perfect Day) - Keyword Target,PAUSED,USD,$3.0,Manual targeting,Dynamic bids - down only,289,,0,,0.00%,$0.0,,$0.0,,0,0.00%,$0.0
"Dec 20, 2019","Dec 10, 2019",,No Portfolio,Sponsored Products,B07JND9C85 (My balcony) - Keyword Target,PAUSED,USD,$2.0,Manual targeting,Dynamic bids - down only,106,,0,,0.00%,$0.0,,$0.0,,0,0.00%,$0.0
"Dec 20, 2019","Dec 7, 2019",,No Portfolio,Sponsored Products,B07JJ3HGSN (Moroccan Wooden House) - Winner,ENABLED,USD,$7.0,Manual targeting,Dynamic bids - down only,891,,6,,0.67%,$5.15,,$0.8583333000000001,,0,0.00%,$0.0
"Dec 20, 2019","Dec 2, 2019",,No Portfolio,Sponsored Products,B07JMDZBSR (Dream Light) - Keyword Target,PAUSED,USD,$7.0,Manual targeting,Dynamic bids - down only,1701,,15,,0.88%,$7.1,,$0.47333329999999996,,0,0.00%,$0.0
"Dec 21, 2019","Dec 7, 2019",,No Portfolio,Sponsored Products,B07JJC4NTT (Moroccan Craftman) - Broad,PAUSED,USD,$5.0,Manual targeting,Dynamic bids - down only,1082,,6,,0.56%,$4.89,,$0.815,,0,0.00%,$0.0
"Dec 21, 2019","Dec 7, 2019",,No Portfolio,Sponsored Products,B07VX6FRQQ (Modern Show) - Keyword Target,PAUSED,USD,$2.0,Manual targeting,Dynamic bids - down only,174,,3,,1.72%,$2.53,,$0.8433333000000001,,0,0.00%,$0.0
"Dec 21, 2019","Dec 10, 2019",,No Portfolio,Sponsored Products,B07JND9C85 (My balcony) - Keyword Target,PAUSED,USD,$2.0,Manual targeting,Dynamic bids - down only,138,,0,,0.00%,$0.0,,$0.0,,0,0.00%,$0.0
"Dec 21, 2019","Nov 28, 2019",,No Portfolio,Sponsored Products,B07JMT389Q (Enjoy Life) - Keyword Target,ENABLED,USD,$5.0,Manual targeting,Dynamic bids - down only,1652,,11,,0.67%,$4.18,,$0.38,,0,0.00%,$0.0
"Dec 21, 2019","Dec 2, 2019",,No Portfolio,Sponsored Products,B07JMDZBSR (Dream Light) - Keyword Target,PAUSED,USD,$7.0,Manual targeting,Dynamic bids - down only,2046,,17,,0.83%,$7.24,,$0.4258824,,1,14.49%,$49.95
"Dec 21, 2019","Dec 9, 2019",,No Portfolio,Sponsored Products,B07VSNNSD8 (Dream Light) - Keyword Target,PAUSED,USD,$2.0,Manual targeting,Dynamic bids - down only,29,,0,,0.00%,$0.0,,$0.0,,0,0.00%,$0.0
"Dec 21, 2019","Dec 5, 2019",,No Portfolio,Sponsored Products,B07KJXY5SN (Golden Map) - Keyword Target,PAUSED,USD,$5.0,Manual targeting,Dynamic bids - down only,856,,6,,0.70%,$3.28,,$0.5466667000000001,,0,0.00%,$0.0
"Dec 21, 2019","Dec 5, 2019",,No Portfolio,Sponsored Products,B07KK3RQNV (City Map) - Keyword Target,PAUSED,USD,$5.0,Manual targeting,Dynamic bids - down only,1169,,9,,0.77%,$5.24,,$0.5822222,,0,0.00%,$0.0
"Dec 21, 2019","Dec 7, 2019",,No Portfolio,Sponsored Products,B07JJ3HGSN (Moroccan Wooden House) - Winner,ENABLED,USD,$7.0,Manual targeting,Dynamic bids - down only,597,,6,,1.01%,$5.08,,$0.8466667,,0,0.00%,$0.0
"Dec 21, 2019","Dec 7, 2019",,No Portfolio,Sponsored Products,B07L118VDV (Hello Happiness) - Keyword Target,PAUSED,USD,$2.0,Manual targeting,Dynamic bids - down only,625,,2,,0.32%,$1.46,,$0.73,,0,0.00%,$0.0
"Dec 21, 2019","Dec 7, 2019",,No Portfolio,Sponsored Products,B07JHV2GP2 (Space Man) - Keyword Target,PAUSED,USD,$2.0,Manual targeting,Dynamic bids - down only,712,,1,,0.14%,$0.75,,$0.75,,0,0.00%,$0.0
"Dec 21, 2019","Dec 7, 2019",,No Portfolio,Sponsored Products,B07VW6N66M (Spiritual Song) - Keyword Target,PAUSED,USD,$2.0,Manual targeting,Dynamic bids - down only,894,,3,,0.34%,$2.35,,$0.7833333,,0,0.00%,$0.0
"Dec 21, 2019","Dec 10, 2019",,No Portfolio,Sponsored Products,B07JHNJT7Q (Perfect Day) - Keyword Target,PAUSED,USD,$3.0,Manual targeting,Dynamic bids - down only,572,,1,,0.18%,$0.89,,$0.89,,0,0.00%,$0.0
"Dec 21, 2019","Dec 18, 2019",,No Portfolio,Sponsored Products,B07JJ3HGSN (Moroccan Wooden House) - Exact,ENABLED,USD,$8.0,Manual targeting,Dynamic bids - down only,239,,2,,0.84%,$1.84,,$0.92,,0,0.00%,$0.0
"Dec 22, 2019","Dec 7, 2019",,No Portfolio,Sponsored Products,B07JJ3HGSN (Moroccan Wooden House) - Winner,ENABLED,USD,$7.0,Manual targeting,Dynamic bids - down only,1224,,6,,0.49%,$4.63,,$0.7716666999999999,,0,0.00%,$0.0
"Dec 22, 2019","Dec 10, 2019",,No Portfolio,Sponsored Products,B07JHNJT7Q (Perfect Day) - Keyword Target,PAUSED,USD,$3.0,Manual targeting,Dynamic bids - down only,593,,1,,0.17%,$0.12,,$0.12,,0,0.00%,$0.0
"Dec 22, 2019","Dec 7, 2019",,No Portfolio,Sponsored Products,B07VX6FRQQ (Modern Show) - Keyword Target,PAUSED,USD,$2.0,Manual targeting,Dynamic bids - down only,591,,3,,0.51%,$2.5,,$0.8333333,,0,0.00%,$0.0
"Dec 22, 2019","Dec 2, 2019",,No Portfolio,Sponsored Products,B07JMDZBSR (Dream Light) - Keyword Target,PAUSED,USD,$7.0,Manual targeting,Dynamic bids - down only,1671,,13,,0.78%,$7.1,,$0.5461538,,0,0.00%,$0.0
"Dec 22, 2019","Dec 7, 2019",,No Portfolio,Sponsored Products,B07JJC4NTT (Moroccan Craftman) - Broad,PAUSED,USD,$5.0,Manual targeting,Dynamic bids - down only,2677,,7,,0.26%,$5.39,,$0.77,,1,13.48%,$39.99
"Dec 22, 2019","Dec 5, 2019",,No Portfolio,Sponsored Products,B07KK3RQNV (City Map) - Keyword Target,PAUSED,USD,$5.0,Manual targeting,Dynamic bids - down only,1217,,10,,0.82%,$5.03,,$0.503,,0,0.00%,$0.0
"Dec 22, 2019","Dec 7, 2019",,No Portfolio,Sponsored Products,B07L118VDV (Hello Happiness) - Keyword Target,PAUSED,USD,$2.0,Manual targeting,Dynamic bids - down only,691,,0,,0.00%,$0.0,,$0.0,,0,0.00%,$0.0
"Dec 22, 2019","Dec 18, 2019",,No Portfolio,Sponsored Products,B07JJ3HGSN (Moroccan Wooden House) - Exact,ENABLED,USD,$8.0,Manual targeting,Dynamic bids - down only,270,,7,,2.59%,$6.09,,$0.87,,0,0.00%,$0.0
"Dec 22, 2019","Dec 10, 2019",,No Portfolio,Sponsored Products,B07JND9C85 (My balcony) - Keyword Target,PAUSED,USD,$2.0,Manual targeting,Dynamic bids - down only,193,,0,,0.00%,$0.0,,$0.0,,0,0.00%,$0.0
"Dec 22, 2019","Dec 7, 2019",,No Portfolio,Sponsored Products,B07JHV2GP2 (Space Man) - Keyword Target,PAUSED,USD,$2.0,Manual targeting,Dynamic bids - down only,809,,0,,0.00%,$0.0,,$0.0,,0,0.00%,$0.0
"Dec 22, 2019","Nov 28, 2019",,No Portfolio,Sponsored Products,B07JMT389Q (Enjoy Life) - Keyword Target,ENABLED,USD,$5.0,Manual targeting,Dynamic bids - down only,919,,9,,0.98%,$4.07,,$0.4522222,,0,0.00%,$0.0
"Dec 22, 2019","Dec 5, 2019",,No Portfolio,Sponsored Products,B07KJXY5SN (Golden Map) - Keyword Target,PAUSED,USD,$5.0,Manual targeting,Dynamic bids - down only,1469,,8,,0.55%,$4.23,,$0.52875,,1,8.46%,$49.99
"Dec 22, 2019","Dec 7, 2019",,No Portfolio,Sponsored Products,B07VW6N66M (Spiritual Song) - Keyword Target,PAUSED,USD,$2.0,Manual targeting,Dynamic bids - down only,939,,2,,0.21%,$1.81,,$0.905,,0,0.00%,$0.0
"Dec 22, 2019","Dec 9, 2019",,No Portfolio,Sponsored Products,B07VSNNSD8 (Dream Light) - Keyword Target,PAUSED,USD,$2.0,Manual targeting,Dynamic bids - down only,17,,0,,0.00%,$0.0,,$0.0,,0,0.00%,$0.0
"Dec 23, 2019","Dec 2, 2019",,No Portfolio,Sponsored Products,B07JMDZBSR (Dream Light) - Keyword Target,PAUSED,USD,$7.0,Manual targeting,Dynamic bids - down only,2430,,13,,0.54%,$5.91,,$0.4546154,,0,0.00%,$0.0
"Dec 23, 2019","Dec 18, 2019",,No Portfolio,Sponsored Products,B07JJ3HGSN (Moroccan Wooden House) - Exact,ENABLED,USD,$8.0,Manual targeting,Dynamic bids - down only,157,,2,,1.27%,$1.78,,$0.89,,0,0.00%,$0.0
"Dec 23, 2019","Dec 7, 2019",,No Portfolio,Sponsored Products,B07JJ3HGSN (Moroccan Wooden House) - Winner,ENABLED,USD,$7.0,Manual targeting,Dynamic bids - down only,937,,7,,0.75%,$5.82,,$0.8314286,,0,0.00%,$0.0
"Dec 23, 2019","Dec 7, 2019",,No Portfolio,Sponsored Products,B07VX6FRQQ (Modern Show) - Keyword Target,PAUSED,USD,$2.0,Manual targeting,Dynamic bids - down only,489,,2,,0.41%,$1.06,,$0.53,,0,0.00%,$0.0
"Dec 23, 2019","Dec 7, 2019",,No Portfolio,Sponsored Products,B07L118VDV (Hello Happiness) - Keyword Target,PAUSED,USD,$2.0,Manual targeting,Dynamic bids - down only,460,,1,,0.22%,$0.72,,$0.72,,0,0.00%,$0.0
"Dec 23, 2019","Dec 9, 2019",,No Portfolio,Sponsored Products,B07VSNNSD8 (Dream Light) - Keyword Target,PAUSED,USD,$2.0,Manual targeting,Dynamic bids - down only,11,,0,,0.00%,$0.0,,$0.0,,0,0.00%,$0.0
"Dec 23, 2019","Dec 5, 2019",,No Portfolio,Sponsored Products,B07KJXY5SN (Golden Map) - Keyword Target,PAUSED,USD,$5.0,Manual targeting,Dynamic bids - down only,451,,2,,0.44%,$1.03,,$0.515,,0,0.00%,$0.0
"Dec 23, 2019","Dec 7, 2019",,No Portfolio,Sponsored Products,B07JHV2GP2 (Space Man) - Keyword Target,PAUSED,USD,$2.0,Manual targeting,Dynamic bids - down only,489,,0,,0.00%,$0.0,,$0.0,,0,0.00%,$0.0
"Dec 23, 2019","Dec 5, 2019",,No Portfolio,Sponsored Products,B07KK3RQNV (City Map) - Keyword Target,PAUSED,USD,$5.0,Manual targeting,Dynamic bids - down only,1870,,11,,0.59%,$5.34,,$0.4854545,,0,0.00%,$0.0
"Dec 23, 2019","Nov 28, 2019",,No Portfolio,Sponsored Products,B07JMT389Q (Enjoy Life) - Keyword Target,ENABLED,USD,$5.0,Manual targeting,Dynamic bids - down only,573,,8,,1.40%,$4.29,,$0.53625,,0,0.00%,$0.0
"Dec 23, 2019","Dec 7, 2019",,No Portfolio,Sponsored Products,B07VW6N66M (Spiritual Song) - Keyword Target,PAUSED,USD,$2.0,Manual targeting,Dynamic bids - down only,1042,,4,,0.38%,$3.71,,$0.9275,,0,0.00%,$0.0
"Dec 23, 2019","Dec 7, 2019",,No Portfolio,Sponsored Products,B07JJC4NTT (Moroccan Craftman) - Broad,PAUSED,USD,$5.0,Manual targeting,Dynamic bids - down only,2317,,6,,0.26%,$4.66,,$0.7766666999999999,,0,0.00%,$0.0
"Dec 23, 2019","Dec 10, 2019",,No Portfolio,Sponsored Products,B07JND9C85 (My balcony) - Keyword Target,PAUSED,USD,$2.0,Manual targeting,Dynamic bids - down only,110,,0,,0.00%,$0.0,,$0.0,,0,0.00%,$0.0
"Dec 23, 2019","Dec 10, 2019",,No Portfolio,Sponsored Products,B07JHNJT7Q (Perfect Day) - Keyword Target,PAUSED,USD,$3.0,Manual targeting,Dynamic bids - down only,390,,1,,0.26%,$0.19,,$0.19,,0,0.00%,$0.0
"Dec 24, 2019","Dec 9, 2019",,No Portfolio,Sponsored Products,B07VSNNSD8 (Dream Light) - Keyword Target,PAUSED,USD,$2.0,Manual targeting,Dynamic bids - down only,1,,0,,0.00%,$0.0,,$0.0,,0,0.00%,$0.0
"Dec 24, 2019","Dec 7, 2019",,No Portfolio,Sponsored Products,B07VW6N66M (Spiritual Song) - Keyword Target,PAUSED,USD,$2.0,Manual targeting,Dynamic bids - down only,18,,0,,0.00%,$0.0,,$0.0,,0,0.00%,$0.0
"Dec 24, 2019","Dec 5, 2019",,No Portfolio,Sponsored Products,B07KK3RQNV (City Map) - Keyword Target,PAUSED,USD,$5.0,Manual targeting,Dynamic bids - down only,9,,0,,0.00%,$0.0,,$0.0,,0,0.00%,$0.0
"Dec 24, 2019","Dec 18, 2019",,No Portfolio,Sponsored Products,B07JJ3HGSN (Moroccan Wooden House) - Exact,ENABLED,USD,$8.0,Manual targeting,Dynamic bids - down only,7,,0,,0.00%,$0.0,,$0.0,,0,0.00%,$0.0
"Dec 24, 2019","Dec 10, 2019",,No Portfolio,Sponsored Products,B07JHNJT7Q (Perfect Day) - Keyword Target,PAUSED,USD,$3.0,Manual targeting,Dynamic bids - down only,14,,0,,0.00%,$0.0,,$0.0,,0,0.00%,$0.0
"Dec 24, 2019","Dec 7, 2019",,No Portfolio,Sponsored Products,B07L118VDV (Hello Happiness) - Keyword Target,PAUSED,USD,$2.0,Manual targeting,Dynamic bids - down only,31,,0,,0.00%,$0.0,,$0.0,,0,0.00%,$0.0
"Dec 24, 2019","Dec 7, 2019",,No Portfolio,Sponsored Products,B07VX6FRQQ (Modern Show) - Keyword Target,PAUSED,USD,$2.0,Manual targeting,Dynamic bids - down only,19,,0,,0.00%,$0.0,,$0.0,,0,0.00%,$0.0
"Dec 24, 2019","Dec 7, 2019",,No Portfolio,Sponsored Products,B07JJC4NTT (Moroccan Craftman) - Broad,PAUSED,USD,$5.0,Manual targeting,Dynamic bids - down only,37,,1,,2.70%,$0.81,,$0.81,,0,0.00%,$0.0
"Dec 24, 2019","Dec 2, 2019",,No Portfolio,Sponsored Products,B07JMDZBSR (Dream Light) - Keyword Target,PAUSED,USD,$7.0,Manual targeting,Dynamic bids - down only,74,,0,,0.00%,$0.0,,$0.0,,0,0.00%,$0.0
"Dec 24, 2019","Nov 28, 2019",,No Portfolio,Sponsored Products,B07JMT389Q (Enjoy Life) - Keyword Target,ENABLED,USD,$5.0,Manual targeting,Dynamic bids - down only,19,,1,,5.26%,$0.44,,$0.44,,0,0.00%,$0.0
"Dec 24, 2019","Dec 7, 2019",,No Portfolio,Sponsored Products,B07JHV2GP2 (Space Man) - Keyword Target,PAUSED,USD,$2.0,Manual targeting,Dynamic bids - down only,17,,0,,0.00%,$0.0,,$0.0,,0,0.00%,$0.0
"Dec 24, 2019","Dec 7, 2019",,No Portfolio,Sponsored Products,B07JJ3HGSN (Moroccan Wooden House) - Winner,ENABLED,USD,$7.0,Manual targeting,Dynamic bids - down only,63,,0,,0.00%,$0.0,,$0.0,,0,0.00%,$0.0
"Dec 24, 2019","Dec 5, 2019",,No Portfolio,Sponsored Products,B07KJXY5SN (Golden Map) - Keyword Target,PAUSED,USD,$5.0,Manual targeting,Dynamic bids - down only,20,,1,,5.00%,$0.57,,$0.57,,0,0.00%,$0.0
"Dec 24, 2019","Dec 10, 2019",,No Portfolio,Sponsored Products,B07JND9C85 (My balcony) - Keyword Target,PAUSED,USD,$2.0,Manual targeting,Dynamic bids - down only,8,,0,,0.00%,$0.0,,$0.0,,0,0.00%,$0.0
"Dec 26, 2019","Dec 18, 2019",,No Portfolio,Sponsored Products,B07JJ3HGSN (Moroccan Wooden House) - Exact,ENABLED,USD,$8.0,Manual targeting,Dynamic bids - down only,414,,13,,3.14%,$10.2,,$0.7846154,,0,0.00%,$0.0
"Dec 26, 2019","Dec 7, 2019",,No Portfolio,Sponsored Products,B07JHV2GP2 (Space Man) - Keyword Target,PAUSED,USD,$2.0,Manual targeting,Dynamic bids - down only,1205,,0,,0.00%,$0.0,,$0.0,,0,0.00%,$0.0
"Dec 26, 2019","Dec 7, 2019",,No Portfolio,Sponsored Products,B07JJC4NTT (Moroccan Craftman) - Broad,PAUSED,USD,$5.0,Manual targeting,Dynamic bids - down only,2131,,8,,0.38%,$6.44,,$0.805,,0,0.00%,$0.0
"Dec 26, 2019","Dec 7, 2019",,No Portfolio,Sponsored Products,B07L118VDV (Hello Happiness) - Keyword Target,PAUSED,USD,$2.0,Manual targeting,Dynamic bids - down only,326,,4,,1.23%,$2.63,,$0.6575,,0,0.00%,$0.0
"Dec 26, 2019","Dec 7, 2019",,No Portfolio,Sponsored Products,B07JJ3HGSN (Moroccan Wooden House) - Winner,ENABLED,USD,$7.0,Manual targeting,Dynamic bids - down only,437,,6,,1.37%,$4.89,,$0.815,,0,0.00%,$0.0
"Dec 26, 2019","Dec 9, 2019",,No Portfolio,Sponsored Products,B07VSNNSD8 (Dream Light) - Keyword Target,PAUSED,USD,$2.0,Manual targeting,Dynamic bids - down only,49,,0,,0.00%,$0.0,,$0.0,,0,0.00%,$0.0
"Dec 26, 2019","Nov 28, 2019",,No Portfolio,Sponsored Products,B07JMT389Q (Enjoy Life) - Keyword Target,ENABLED,USD,$5.0,Manual targeting,Dynamic bids - down only,1369,,10,,0.73%,$5.53,,$0.5529999999999999,,0,0.00%,$0.0
"Dec 26, 2019","Dec 2, 2019",,No Portfolio,Sponsored Products,B07JMDZBSR (Dream Light) - Keyword Target,PAUSED,USD,$7.0,Manual targeting,Dynamic bids - down only,1985,,17,,0.86%,$8.65,,$0.5088235,,2,8.66%,$99.9
"Dec 26, 2019","Dec 5, 2019",,No Portfolio,Sponsored Products,B07KJXY5SN (Golden Map) - Keyword Target,PAUSED,USD,$5.0,Manual targeting,Dynamic bids - down only,1732,,11,,0.64%,$5.83,,$0.53,,0,0.00%,$0.0
"Dec 26, 2019","Dec 7, 2019",,No Portfolio,Sponsored Products,B07VW6N66M (Spiritual Song) - Keyword Target,PAUSED,USD,$2.0,Manual targeting,Dynamic bids - down only,2435,,2,,0.08%,$2.01,,$1.005,,0,0.00%,$0.0
"Dec 26, 2019","Dec 5, 2019",,No Portfolio,Sponsored Products,B07KK3RQNV (City Map) - Keyword Target,PAUSED,USD,$5.0,Manual targeting,Dynamic bids - down only,1850,,11,,0.60%,$6.14,,$0.5581818,,0,0.00%,$0.0
"Dec 26, 2019","Dec 10, 2019",,No Portfolio,Sponsored Products,B07JHNJT7Q (Perfect Day) - Keyword Target,PAUSED,USD,$3.0,Manual targeting,Dynamic bids - down only,1655,,2,,0.12%,$1.7,,$0.85,,0,0.00%,$0.0
"Dec 26, 2019","Dec 7, 2019",,No Portfolio,Sponsored Products,B07VX6FRQQ (Modern Show) - Keyword Target,PAUSED,USD,$2.0,Manual targeting,Dynamic bids - down only,371,,3,,0.81%,$2.36,,$0.7866666999999999,,0,0.00%,$0.0
"Dec 26, 2019","Dec 10, 2019",,No Portfolio,Sponsored Products,B07JND9C85 (My balcony) - Keyword Target,PAUSED,USD,$2.0,Manual targeting,Dynamic bids - down only,244,,1,,0.41%,$0.7,,$0.7,,0,0.00%,$0.0
"Dec 27, 2019","Dec 7, 2019",,No Portfolio,Sponsored Products,B07JJC4NTT (Moroccan Craftman) - Broad,PAUSED,USD,$5.0,Manual targeting,Dynamic bids - down only,1690,,7,,0.41%,$5.87,,$0.8385714,,0,0.00%,$0.0
"Dec 27, 2019","Nov 28, 2019",,No Portfolio,Sponsored Products,B07JMT389Q (Enjoy Life) - Keyword Target,ENABLED,USD,$5.0,Manual targeting,Dynamic bids - down only,795,,10,,1.26%,$4.79,,$0.479,,0,0.00%,$0.0
"Dec 27, 2019","Dec 7, 2019",,No Portfolio,Sponsored Products,B07VX6FRQQ (Modern Show) - Keyword Target,PAUSED,USD,$2.0,Manual targeting,Dynamic bids - down only,935,,4,,0.43%,$3.05,,$0.7625,,0,0.00%,$0.0
"Dec 27, 2019","Dec 5, 2019",,No Portfolio,Sponsored Products,B07KJXY5SN (Golden Map) - Keyword Target,PAUSED,USD,$5.0,Manual targeting,Dynamic bids - down only,1467,,13,,0.89%,$6.27,,$0.4823077,,1,12.55%,$49.95
"Dec 27, 2019","Dec 2, 2019",,No Portfolio,Sponsored Products,B07JMDZBSR (Dream Light) - Keyword Target,PAUSED,USD,$7.0,Manual targeting,Dynamic bids - down only,2327,,15,,0.65%,$7.7,,$0.5133333,,0,0.00%,$0.0
"Dec 27, 2019","Dec 10, 2019",,No Portfolio,Sponsored Products,B07JND9C85 (My balcony) - Keyword Target,PAUSED,USD,$2.0,Manual targeting,Dynamic bids - down only,248,,1,,0.40%,$0.14,,$0.14,,0,0.00%,$0.0
"Dec 27, 2019","Dec 7, 2019",,No Portfolio,Sponsored Products,B07VW6N66M (Spiritual Song) - Keyword Target,PAUSED,USD,$2.0,Manual targeting,Dynamic bids - down only,2284,,3,,0.13%,$2.09,,$0.6966667,,0,0.00%,$0.0
"Dec 27, 2019","Dec 18, 2019",,No Portfolio,Sponsored Products,B07JJ3HGSN (Moroccan Wooden House) - Exact,ENABLED,USD,$8.0,Manual targeting,Dynamic bids - down only,1500,,20,,1.33%,$17.52,,$0.8759999999999999,,1,43.81%,$39.99
"Dec 27, 2019","Dec 7, 2019",,No Portfolio,Sponsored Products,B07JJ3HGSN (Moroccan Wooden House) - Winner,ENABLED,USD,$7.0,Manual targeting,Dynamic bids - down only,3267,,14,,0.43%,$10.32,,$0.7371429,,0,0.00%,$0.0
"Dec 27, 2019","Dec 7, 2019",,No Portfolio,Sponsored Products,B07L118VDV (Hello Happiness) - Keyword Target,PAUSED,USD,$2.0,Manual targeting,Dynamic bids - down only,553,,4,,0.72%,$2.4,,$0.6,,0,0.00%,$0.0
"Dec 27, 2019","Dec 10, 2019",,No Portfolio,Sponsored Products,B07JHNJT7Q (Perfect Day) - Keyword Target,PAUSED,USD,$3.0,Manual targeting,Dynamic bids - down only,1249,,3,,0.24%,$1.73,,$0.5766667000000001,,0,0.00%,$0.0
"Dec 27, 2019","Dec 7, 2019",,No Portfolio,Sponsored Products,B07JHV2GP2 (Space Man) - Keyword Target,PAUSED,USD,$2.0,Manual targeting,Dynamic bids - down only,2279,,1,,0.04%,$0.7,,$0.7,,0,0.00%,$0.0
"Dec 27, 2019","Dec 5, 2019",,No Portfolio,Sponsored Products,B07KK3RQNV (City Map) - Keyword Target,PAUSED,USD,$5.0,Manual targeting,Dynamic bids - down only,1429,,10,,0.70%,$5.59,,$0.5589999999999999,,0,0.00%,$0.0
"Dec 27, 2019","Dec 9, 2019",,No Portfolio,Sponsored Products,B07VSNNSD8 (Dream Light) - Keyword Target,PAUSED,USD,$2.0,Manual targeting,Dynamic bids - down only,44,,0,,0.00%,$0.0,,$0.0,,0,0.00%,$0.0
"Dec 28, 2019","Dec 5, 2019",,No Portfolio,Sponsored Products,B07KJXY5SN (Golden Map) - Keyword Target,PAUSED,USD,$5.0,Manual targeting,Dynamic bids - down only,1739,,11,,0.63%,$6.01,,$0.5463636000000001,,0,0.00%,$0.0
"Dec 28, 2019","Dec 7, 2019",,No Portfolio,Sponsored Products,B07VW6N66M (Spiritual Song) - Keyword Target,PAUSED,USD,$2.0,Manual targeting,Dynamic bids - down only,1359,,2,,0.15%,$1.97,,$0.985,,0,0.00%,$0.0
"Dec 28, 2019","Dec 10, 2019",,No Portfolio,Sponsored Products,B07JHNJT7Q (Perfect Day) - Keyword Target,PAUSED,USD,$3.0,Manual targeting,Dynamic bids - down only,2194,,3,,0.14%,$1.81,,$0.6033333,,0,0.00%,$0.0
"Dec 28, 2019","Dec 5, 2019",,No Portfolio,Sponsored Products,B07KK3RQNV (City Map) - Keyword Target,PAUSED,USD,$5.0,Manual targeting,Dynamic bids - down only,2849,,12,,0.42%,$6.29,,$0.5241667,,0,0.00%,$0.0
"Dec 28, 2019","Dec 7, 2019",,No Portfolio,Sponsored Products,B07JJ3HGSN (Moroccan Wooden House) - Winner,ENABLED,USD,$7.0,Manual targeting,Dynamic bids - down only,717,,11,,1.53%,$9.05,,$0.8227272999999999,,0,0.00%,$0.0
"Dec 28, 2019","Dec 7, 2019",,No Portfolio,Sponsored Products,B07JHV2GP2 (Space Man) - Keyword Target,PAUSED,USD,$2.0,Manual targeting,Dynamic bids - down only,6521,,3,,0.05%,$2.0,,$0.6666667,,0,0.00%,$0.0
"Dec 28, 2019","Dec 10, 2019",,No Portfolio,Sponsored Products,B07JND9C85 (My balcony) - Keyword Target,PAUSED,USD,$2.0,Manual targeting,Dynamic bids - down only,418,,0,,0.00%,$0.0,,$0.0,,0,0.00%,$0.0
"Dec 28, 2019","Dec 7, 2019",,No Portfolio,Sponsored Products,B07L118VDV (Hello Happiness) - Keyword Target,PAUSED,USD,$2.0,Manual targeting,Dynamic bids - down only,789,,4,,0.51%,$2.35,,$0.5875,,0,0.00%,$0.0
"Dec 28, 2019","Dec 18, 2019",,No Portfolio,Sponsored Products,B07JJ3HGSN (Moroccan Wooden House) - Exact,ENABLED,USD,$8.0,Manual targeting,Dynamic bids - down only,3637,,38,,1.05%,$31.23,,$0.8218420999999999,,4,19.52%,$159.96
"Dec 28, 2019","Dec 7, 2019",,No Portfolio,Sponsored Products,B07JJC4NTT (Moroccan Craftman) - Broad,PAUSED,USD,$5.0,Manual targeting,Dynamic bids - down only,1117,,8,,0.72%,$5.87,,$0.73375,,0,0.00%,$0.0
"Dec 28, 2019","Dec 2, 2019",,No Portfolio,Sponsored Products,B07JMDZBSR (Dream Light) - Keyword Target,PAUSED,USD,$7.0,Manual targeting,Dynamic bids - down only,1287,,15,,1.17%,$8.32,,$0.5546667,,0,0.00%,$0.0
"Dec 28, 2019","Nov 28, 2019",,No Portfolio,Sponsored Products,B07JMT389Q (Enjoy Life) - Keyword Target,ENABLED,USD,$5.0,Manual targeting,Dynamic bids - down only,1318,,10,,0.76%,$4.72,,$0.47200000000000003,,0,0.00%,$0.0
"Dec 28, 2019","Dec 7, 2019",,No Portfolio,Sponsored Products,B07VX6FRQQ (Modern Show) - Keyword Target,PAUSED,USD,$2.0,Manual targeting,Dynamic bids - down only,1766,,3,,0.17%,$2.82,,$0.94,,0,0.00%,$0.0
"Dec 28, 2019","Dec 9, 2019",,No Portfolio,Sponsored Products,B07VSNNSD8 (Dream Light) - Keyword Target,PAUSED,USD,$2.0,Manual targeting,Dynamic bids - down only,88,,1,,1.14%,$0.35,,$0.35,,0,0.00%,$0.0
"Dec 29, 2019","Dec 7, 2019",,No Portfolio,Sponsored Products,B07VX6FRQQ (Modern Show) - Keyword Target,PAUSED,USD,$2.0,Manual targeting,Dynamic bids - down only,620,,3,,0.48%,$2.52,,$0.84,,1,7.29%,$34.55
"Dec 29, 2019","Dec 18, 2019",,No Portfolio,Sponsored Products,B07JJ3HGSN (Moroccan Wooden House) - Exact,ENABLED,USD,$8.0,Manual targeting,Dynamic bids - down only,3304,,37,,1.12%,$30.16,,$0.8151351,,1,75.42%,$39.99
"Dec 29, 2019","Nov 28, 2019",,No Portfolio,Sponsored Products,B07JMT389Q (Enjoy Life) - Keyword Target,ENABLED,USD,$5.0,Manual targeting,Dynamic bids - down only,2128,,11,,0.52%,$4.84,,$0.44,,0,0.00%,$0.0
"Dec 29, 2019","Dec 7, 2019",,No Portfolio,Sponsored Products,B07JHV2GP2 (Space Man) - Keyword Target,PAUSED,USD,$2.0,Manual targeting,Dynamic bids - down only,6909,,2,,0.03%,$1.09,,$0.545,,1,2.73%,$39.99
"Dec 29, 2019","Dec 7, 2019",,No Portfolio,Sponsored Products,B07JJ3HGSN (Moroccan Wooden House) - Winner,ENABLED,USD,$7.0,Manual targeting,Dynamic bids - down only,2560,,24,,0.94%,$20.72,,$0.8633333000000001,,0,0.00%,$0.0
"Dec 29, 2019","Dec 29, 2019",,No Portfolio,Sponsored Products,B07JHVFFP8 ( Black Marble ) - Keyword Target,PAUSED,USD,$3.0,Manual targeting,Dynamic bids - down only,541,,6,,1.11%,$3.12,,$0.52,,0,0.00%,$0.0
"Dec 29, 2019","Dec 5, 2019",,No Portfolio,Sponsored Products,B07KJXY5SN (Golden Map) - Keyword Target,PAUSED,USD,$5.0,Manual targeting,Dynamic bids - down only,1797,,9,,0.50%,$5.51,,$0.6122222,,0,0.00%,$0.0
"Dec 29, 2019","Dec 9, 2019",,No Portfolio,Sponsored Products,B07VSNNSD8 (Dream Light) - Keyword Target,PAUSED,USD,$2.0,Manual targeting,Dynamic bids - down only,92,,1,,1.09%,$0.54,,$0.54,,0,0.00%,$0.0
"Dec 29, 2019","Dec 10, 2019",,No Portfolio,Sponsored Products,B07JHNJT7Q (Perfect Day) - Keyword Target,PAUSED,USD,$3.0,Manual targeting,Dynamic bids - down only,1318,,5,,0.38%,$3.59,,$0.718,,0,0.00%,$0.0
"Dec 29, 2019","Dec 29, 2019",,No Portfolio,Sponsored Products,B07JGCH5CC ( White Marble ) - Keyword Target,PAUSED,USD,$3.0,Manual targeting,Dynamic bids - down only,162,,2,,1.24%,$1.05,,$0.525,,0,0.00%,$0.0
"Dec 29, 2019","Dec 5, 2019",,No Portfolio,Sponsored Products,B07KK3RQNV (City Map) - Keyword Target,PAUSED,USD,$5.0,Manual targeting,Dynamic bids - down only,1129,,9,,0.80%,$5.85,,$0.65,,0,0.00%,$0.0
"Dec 29, 2019","Dec 10, 2019",,No Portfolio,Sponsored Products,B07JND9C85 (My balcony) - Keyword Target,PAUSED,USD,$2.0,Manual targeting,Dynamic bids - down only,799,,0,,0.00%,$0.0,,$0.0,,0,0.00%,$0.0
"Dec 29, 2019","Dec 7, 2019",,No Portfolio,Sponsored Products,B07JJC4NTT (Moroccan Craftman) - Broad,PAUSED,USD,$5.0,Manual targeting,Dynamic bids - down only,4399,,24,,0.55%,$20.14,,$0.8391666999999999,,0,0.00%,$0.0
"Dec 29, 2019","Dec 7, 2019",,No Portfolio,Sponsored Products,B07VW6N66M (Spiritual Song) - Keyword Target,PAUSED,USD,$2.0,Manual targeting,Dynamic bids - down only,1154,,3,,0.26%,$2.25,,$0.75,,0,0.00%,$0.0
"Dec 29, 2019","Dec 2, 2019",,No Portfolio,Sponsored Products,B07JMDZBSR (Dream Light) - Keyword Target,PAUSED,USD,$7.0,Manual targeting,Dynamic bids - down only,1870,,12,,0.64%,$8.02,,$0.6683333,,0,0.00%,$0.0
"Dec 29, 2019","Dec 7, 2019",,No Portfolio,Sponsored Products,B07L118VDV (Hello Happiness) - Keyword Target,PAUSED,USD,$2.0,Manual targeting,Dynamic bids - down only,1027,,4,,0.39%,$2.48,,$0.62,,0,0.00%,$0.0
"Dec 30, 2019","Dec 7, 2019",,No Portfolio,Sponsored Products,B07VX6FRQQ (Modern Show) - Keyword Target,PAUSED,USD,$2.0,Manual targeting,Dynamic bids - down only,628,,3,,0.48%,$2.52,,$0.84,,0,0.00%,$0.0
"Dec 30, 2019","Dec 10, 2019",,No Portfolio,Sponsored Products,B07JHNJT7Q (Perfect Day) - Keyword Target,PAUSED,USD,$3.0,Manual targeting,Dynamic bids - down only,1288,,1,,0.08%,$0.78,,$0.78,,0,0.00%,$0.0
"Dec 30, 2019","Dec 9, 2019",,No Portfolio,Sponsored Products,B07VSNNSD8 (Dream Light) - Keyword Target,PAUSED,USD,$2.0,Manual targeting,Dynamic bids - down only,41,,0,,0.00%,$0.0,,$0.0,,0,0.00%,$0.0
"Dec 30, 2019","Dec 30, 2019",,No Portfolio,Sponsored Products,B07JJ3HGSN (Moroccan Wooden House) - Broad,PAUSED,USD,$5.0,Manual targeting,Dynamic bids - down only,579,,6,,1.04%,$5.23,,$0.8716667,,0,0.00%,$0.0
"Dec 30, 2019","Dec 7, 2019",,No Portfolio,Sponsored Products,B07VW6N66M (Spiritual Song) - Keyword Target,PAUSED,USD,$2.0,Manual targeting,Dynamic bids - down only,1842,,3,,0.16%,$2.47,,$0.8233333,,0,0.00%,$0.0
"Dec 30, 2019","Dec 7, 2019",,No Portfolio,Sponsored Products,B07JJ3HGSN (Moroccan Wooden House) - Winner,ENABLED,USD,$7.0,Manual targeting,Dynamic bids - down only,3978,,26,,0.65%,$20.48,,$0.7876922999999999,,0,0.00%,$0.0
"Dec 30, 2019","Dec 5, 2019",,No Portfolio,Sponsored Products,B07KJXY5SN (Golden Map) - Keyword Target,PAUSED,USD,$5.0,Manual targeting,Dynamic bids - down only,2119,,10,,0.47%,$5.61,,$0.561,,0,0.00%,$0.0
"Dec 30, 2019","Dec 7, 2019",,No Portfolio,Sponsored Products,B07JHV2GP2 (Space Man) - Keyword Target,PAUSED,USD,$2.0,Manual targeting,Dynamic bids - down only,2843,,3,,0.11%,$1.6,,$0.5333333,,0,0.00%,$0.0
"Dec 30, 2019","Dec 2, 2019",,No Portfolio,Sponsored Products,B07JMDZBSR (Dream Light) - Keyword Target,PAUSED,USD,$7.0,Manual targeting,Dynamic bids - down only,2093,,12,,0.57%,$8.12,,$0.6766667,,0,0.00%,$0.0
"Dec 30, 2019","Dec 7, 2019",,No Portfolio,Sponsored Products,B07L118VDV (Hello Happiness) - Keyword Target,PAUSED,USD,$2.0,Manual targeting,Dynamic bids - down only,436,,4,,0.92%,$2.83,,$0.7075,,0,0.00%,$0.0
"Dec 30, 2019","Dec 29, 2019",,No Portfolio,Sponsored Products,B07JGCH5CC ( White Marble ) - Keyword Target,PAUSED,USD,$3.0,Manual targeting,Dynamic bids - down only,221,,0,,0.00%,$0.0,,$0.0,,0,0.00%,$0.0
"Dec 30, 2019","Dec 18, 2019",,No Portfolio,Sponsored Products,B07JJ3HGSN (Moroccan Wooden House) - Exact,ENABLED,USD,$8.0,Manual targeting,Dynamic bids - down only,2272,,13,,0.57%,$10.44,,$0.8030769,,0,0.00%,$0.0
"Dec 30, 2019","Dec 29, 2019",,No Portfolio,Sponsored Products,B07JHVFFP8 ( Black Marble ) - Keyword Target,PAUSED,USD,$3.0,Manual targeting,Dynamic bids - down only,525,,6,,1.14%,$3.15,,$0.525,,0,0.00%,$0.0
"Dec 30, 2019","Dec 30, 2019",,No Portfolio,Sponsored Products,B07JJC4NTT (Moroccan Craftman) - Exact,ENABLED,USD,$8.0,Manual targeting,Dynamic bids - down only,117,,4,,3.42%,$2.56,,$0.64,,0,0.00%,$0.0
"Dec 30, 2019","Dec 30, 2019",,No Portfolio,Sponsored Products,B07JJ3HGSN (Moroccan Wooden House) - Phrase,PAUSED,USD,$5.0,Manual targeting,Dynamic bids - down only,494,,8,,1.62%,$6.34,,$0.7925,,0,0.00%,$0.0
"Dec 30, 2019","Nov 28, 2019",,No Portfolio,Sponsored Products,B07JMT389Q (Enjoy Life) - Keyword Target,ENABLED,USD,$5.0,Manual targeting,Dynamic bids - down only,777,,10,,1.29%,$5.54,,$0.5539999999999999,,0,0.00%,$0.0
"Dec 30, 2019","Dec 10, 2019",,No Portfolio,Sponsored Products,B07JND9C85 (My balcony) - Keyword Target,PAUSED,USD,$2.0,Manual targeting,Dynamic bids - down only,636,,1,,0.16%,$0.52,,$0.52,,0,0.00%,$0.0
"Dec 30, 2019","Dec 5, 2019",,No Portfolio,Sponsored Products,B07KK3RQNV (City Map) - Keyword Target,PAUSED,USD,$5.0,Manual targeting,Dynamic bids - down only,948,,8,,0.84%,$5.84,,$0.73,,0,0.00%,$0.0
"Dec 30, 2019","Dec 7, 2019",,No Portfolio,Sponsored Products,B07JJC4NTT (Moroccan Craftman) - Broad,PAUSED,USD,$5.0,Manual targeting,Dynamic bids - down only,3330,,7,,0.21%,$5.73,,$0.8185714000000001,,0,0.00%,$0.0
"Dec 30, 2019","Dec 30, 2019",,No Portfolio,Sponsored Products,B07JJC4NTT (Moroccan Craftman) - Winner,ENABLED,USD,$7.0,Manual targeting,Dynamic bids - down only,1701,,27,,1.59%,$20.75,,$0.7685185,,0,0.00%,$0.0
"Dec 30, 2019","Dec 30, 2019",,No Portfolio,Sponsored Products,B07JJC4NTT (Moroccan Craftman) - Phrase,PAUSED,USD,$5.0,Manual targeting,Dynamic bids - down only,860,,7,,0.81%,$5.5,,$0.7857143000000001,,0,0.00%,$0.0
"Dec 31, 2019","Dec 7, 2019",,No Portfolio,Sponsored Products,B07JJ3HGSN (Moroccan Wooden House) - Winner,ENABLED,USD,$7.0,Manual targeting,Dynamic bids - down only,270,,2,,0.74%,$1.52,,$0.76,,0,0.00%,$0.0
"Dec 31, 2019","Dec 30, 2019",,No Portfolio,Sponsored Products,B07JJC4NTT (Moroccan Craftman) - Phrase,PAUSED,USD,$5.0,Manual targeting,Dynamic bids - down only,182,,0,,0.00%,$0.0,,$0.0,,0,0.00%,$0.0
"Dec 31, 2019","Dec 7, 2019",,No Portfolio,Sponsored Products,B07L118VDV (Hello Happiness) - Keyword Target,PAUSED,USD,$2.0,Manual targeting,Dynamic bids - down only,24,,0,,0.00%,$0.0,,$0.0,,0,0.00%,$0.0
"Dec 31, 2019","Dec 5, 2019",,No Portfolio,Sponsored Products,B07KK3RQNV (City Map) - Keyword Target,PAUSED,USD,$5.0,Manual targeting,Dynamic bids - down only,323,,0,,0.00%,$0.0,,$0.0,,0,0.00%,$0.0
"Dec 31, 2019","Dec 18, 2019",,No Portfolio,Sponsored Products,B07JJ3HGSN (Moroccan Wooden House) - Exact,ENABLED,USD,$8.0,Manual targeting,Dynamic bids - down only,177,,3,,1.70%,$2.51,,$0.8366667,,0,0.00%,$0.0
"Dec 31, 2019","Dec 7, 2019",,No Portfolio,Sponsored Products,B07JJC4NTT (Moroccan Craftman) - Broad,PAUSED,USD,$5.0,Manual targeting,Dynamic bids - down only,211,,2,,0.95%,$1.71,,$0.855,,0,0.00%,$0.0
"Dec 31, 2019","Dec 10, 2019",,No Portfolio,Sponsored Products,B07JND9C85 (My balcony) - Keyword Target,PAUSED,USD,$2.0,Manual targeting,Dynamic bids - down only,23,,0,,0.00%,$0.0,,$0.0,,0,0.00%,$0.0
"Dec 31, 2019","Dec 2, 2019",,No Portfolio,Sponsored Products,B07JMDZBSR (Dream Light) - Keyword Target,PAUSED,USD,$7.0,Manual targeting,Dynamic bids - down only,308,,1,,0.33%,$0.59,,$0.59,,0,0.00%,$0.0
"Dec 31, 2019","Dec 29, 2019",,No Portfolio,Sponsored Products,B07JGCH5CC ( White Marble ) - Keyword Target,PAUSED,USD,$3.0,Manual targeting,Dynamic bids - down only,10,,0,,0.00%,$0.0,,$0.0,,0,0.00%,$0.0
"Dec 31, 2019","Dec 9, 2019",,No Portfolio,Sponsored Products,B07VSNNSD8 (Dream Light) - Keyword Target,PAUSED,USD,$2.0,Manual targeting,Dynamic bids - down only,3,,0,,0.00%,$0.0,,$0.0,,0,0.00%,$0.0
"Dec 31, 2019","Dec 7, 2019",,No Portfolio,Sponsored Products,B07VX6FRQQ (Modern Show) - Keyword Target,PAUSED,USD,$2.0,Manual targeting,Dynamic bids - down only,52,,0,,0.00%,$0.0,,$0.0,,0,0.00%,$0.0
"Dec 31, 2019","Dec 5, 2019",,No Portfolio,Sponsored Products,B07KJXY5SN (Golden Map) - Keyword Target,PAUSED,USD,$5.0,Manual targeting,Dynamic bids - down only,31,,0,,0.00%,$0.0,,$0.0,,0,0.00%,$0.0
"Dec 31, 2019","Dec 30, 2019",,No Portfolio,Sponsored Products,B07JJ3HGSN (Moroccan Wooden House) - Phrase,PAUSED,USD,$5.0,Manual targeting,Dynamic bids - down only,424,,1,,0.24%,$0.88,,$0.88,,0,0.00%,$0.0
"Dec 31, 2019","Dec 7, 2019",,No Portfolio,Sponsored Products,B07VW6N66M (Spiritual Song) - Keyword Target,PAUSED,USD,$2.0,Manual targeting,Dynamic bids - down only,294,,1,,0.34%,$0.91,,$0.91,,0,0.00%,$0.0
"Dec 31, 2019","Dec 10, 2019",,No Portfolio,Sponsored Products,B07JHNJT7Q (Perfect Day) - Keyword Target,PAUSED,USD,$3.0,Manual targeting,Dynamic bids - down only,65,,0,,0.00%,$0.0,,$0.0,,0,0.00%,$0.0
"Dec 31, 2019","Dec 30, 2019",,No Portfolio,Sponsored Products,B07JJC4NTT (Moroccan Craftman) - Exact,ENABLED,USD,$8.0,Manual targeting,Dynamic bids - down only,3,,0,,0.00%,$0.0,,$0.0,,0,0.00%,$0.0
"Dec 31, 2019","Dec 29, 2019",,No Portfolio,Sponsored Products,B07JHVFFP8 ( Black Marble ) - Keyword Target,PAUSED,USD,$3.0,Manual targeting,Dynamic bids - down only,22,,1,,4.55%,$0.25,,$0.25,,0,0.00%,$0.0
"Dec 31, 2019","Nov 28, 2019",,No Portfolio,Sponsored Products,B07JMT389Q (Enjoy Life) - Keyword Target,ENABLED,USD,$5.0,Manual targeting,Dynamic bids - down only,557,,5,,0.90%,$3.16,,$0.632,,0,0.00%,$0.0
"Dec 31, 2019","Dec 7, 2019",,No Portfolio,Sponsored Products,B07JHV2GP2 (Space Man) - Keyword Target,PAUSED,USD,$2.0,Manual targeting,Dynamic bids - down only,144,,0,,0.00%,$0.0,,$0.0,,0,0.00%,$0.0
"Dec 31, 2019","Dec 30, 2019",,No Portfolio,Sponsored Products,B07JJ3HGSN (Moroccan Wooden House) - Broad,PAUSED,USD,$5.0,Manual targeting,Dynamic bids - down only,119,,2,,1.68%,$1.91,,$0.955,,0,0.00%,$0.0
"Dec 31, 2019","Dec 30, 2019",,No Portfolio,Sponsored Products,B07JJC4NTT (Moroccan Craftman) - Winner,ENABLED,USD,$7.0,Manual targeting,Dynamic bids - down only,69,,0,,0.00%,$0.0,,$0.0,,0,0.00%,$0.0
"Jan 1, 2020","Dec 7, 2019",,No Portfolio,Sponsored Products,B07JJ3HGSN (Moroccan Wooden House) - Winner,ENABLED,USD,$7.0,Manual targeting,Dynamic bids - down only,567,,7,,1.24%,$5.51,,$0.7871429000000001,,0,0.00%,$0.0
"Jan 1, 2020","Dec 30, 2019",,No Portfolio,Sponsored Products,B07JJC4NTT (Moroccan Craftman) - Exact,ENABLED,USD,$8.0,Manual targeting,Dynamic bids - down only,147,,4,,2.72%,$2.34,,$0.585,,0,0.00%,$0.0
"Jan 1, 2020","Dec 18, 2019",,No Portfolio,Sponsored Products,B07JJ3HGSN (Moroccan Wooden House) - Exact,ENABLED,USD,$8.0,Manual targeting,Dynamic bids - down only,408,,5,,1.23%,$3.56,,$0.7120000000000001,,0,0.00%,$0.0
"Jan 1, 2020","Dec 30, 2019",,No Portfolio,Sponsored Products,B07JJC4NTT (Moroccan Craftman) - Winner,ENABLED,USD,$7.0,Manual targeting,Dynamic bids - down only,511,,7,,1.37%,$5.44,,$0.7771429000000001,,0,0.00%,$0.0
"Jan 2, 2020","Dec 7, 2019",,No Portfolio,Sponsored Products,B07JJ3HGSN (Moroccan Wooden House) - Winner,ENABLED,USD,$7.0,Manual targeting,Dynamic bids - down only,3691,,8,,0.22%,$6.46,,$0.8075,,0,0.00%,$0.0
"Jan 2, 2020","Dec 30, 2019",,No Portfolio,Sponsored Products,B07JJC4NTT (Moroccan Craftman) - Winner,ENABLED,USD,$7.0,Manual targeting,Dynamic bids - down only,701,,7,,1.00%,$5.26,,$0.7514286,,1,13.15%,$39.99
"Jan 2, 2020","Dec 18, 2019",,No Portfolio,Sponsored Products,B07JJ3HGSN (Moroccan Wooden House) - Exact,ENABLED,USD,$8.0,Manual targeting,Dynamic bids - down only,2,,0,,0.00%,$0.0,,$0.0,,0,0.00%,$0.0
"Jan 2, 2020","Dec 30, 2019",,No Portfolio,Sponsored Products,B07JJC4NTT (Moroccan Craftman) - Exact,ENABLED,USD,$8.0,Manual targeting,Dynamic bids - down only,3,,0,,0.00%,$0.0,,$0.0,,0,0.00%,$0.0
"Jan 3, 2020","Dec 18, 2019",,No Portfolio,Sponsored Products,B07JJ3HGSN (Moroccan Wooden House) - Exact,ENABLED,USD,$8.0,Manual targeting,Dynamic bids - down only,1860,,10,,0.54%,$6.57,,$0.657,,0,0.00%,$0.0
"Jan 3, 2020","Dec 7, 2019",,No Portfolio,Sponsored Products,B07JJ3HGSN (Moroccan Wooden House) - Winner,ENABLED,USD,$7.0,Manual targeting,Dynamic bids - down only,592,,1,,0.17%,$0.69,,$0.69,,0,0.00%,$0.0
"Jan 3, 2020","Dec 30, 2019",,No Portfolio,Sponsored Products,B07JJC4NTT (Moroccan Craftman) - Winner,ENABLED,USD,$7.0,Manual targeting,Dynamic bids - down only,1041,,21,,2.02%,$15.61,,$0.7433333000000001,,0,0.00%,$0.0
"Jan 4, 2020","Dec 18, 2019",,No Portfolio,Sponsored Products,B07JJ3HGSN (Moroccan Wooden House) - Exact,ENABLED,USD,$8.0,Manual targeting,Dynamic bids - down only,9828,,23,,0.23%,$14.11,,$0.6134783,,0,0.00%,$0.0
"Jan 4, 2020","Dec 7, 2019",,No Portfolio,Sponsored Products,B07JJ3HGSN (Moroccan Wooden House) - Winner,ENABLED,USD,$7.0,Manual targeting,Dynamic bids - down only,1248,,4,,0.32%,$3.36,,$0.84,,0,0.00%,$0.0
"Jan 5, 2020","Dec 30, 2019",,No Portfolio,Sponsored Products,B07JJC4NTT (Moroccan Craftman) - Winner,ENABLED,USD,$7.0,Manual targeting,Dynamic bids - down only,800,,9,,1.13%,$4.81,,$0.5344444,,0,0.00%,$0.0
"Jan 5, 2020","Dec 7, 2019",,No Portfolio,Sponsored Products,B07JJ3HGSN (Moroccan Wooden House) - Winner,ENABLED,USD,$7.0,Manual targeting,Dynamic bids - down only,529,,8,,1.51%,$5.32,,$0.665,,0,0.00%,$0.0
"Jan 5, 2020","Dec 18, 2019",,No Portfolio,Sponsored Products,B07JJ3HGSN (Moroccan Wooden House) - Exact,ENABLED,USD,$8.0,Manual targeting,Dynamic bids - down only,5714,,16,,0.28%,$10.28,,$0.6425,,0,0.00%,$0.0
"Jan 6, 2020","Dec 30, 2019",,No Portfolio,Sponsored Products,B07JJC4NTT (Moroccan Craftman) - Winner,ENABLED,USD,$7.0,Manual targeting,Dynamic bids - down only,3346,,9,,0.27%,$5.12,,$0.5688889,,0,0.00%,$0.0
"Jan 6, 2020","Dec 7, 2019",,No Portfolio,Sponsored Products,B07JJ3HGSN (Moroccan Wooden House) - Winner,ENABLED,USD,$7.0,Manual targeting,Dynamic bids - down only,332,,7,,2.11%,$4.85,,$0.6928570999999999,,0,0.00%,$0.0
"Jan 6, 2020","Dec 18, 2019",,No Portfolio,Sponsored Products,B07JJ3HGSN (Moroccan Wooden House) - Exact,ENABLED,USD,$8.0,Manual targeting,Dynamic bids - down only,2516,,15,,0.60%,$10.53,,$0.7020000000000001,,1,26.33%,$39.99
"Jan 7, 2020","Dec 30, 2019",,No Portfolio,Sponsored Products,B07JJC4NTT (Moroccan Craftman) - Winner,ENABLED,USD,$7.0,Manual targeting,Dynamic bids - down only,878,,8,,0.91%,$5.75,,$0.71875,,0,0.00%,$0.0
"Jan 7, 2020","Dec 7, 2019",,No Portfolio,Sponsored Products,B07JJ3HGSN (Moroccan Wooden House) - Winner,ENABLED,USD,$7.0,Manual targeting,Dynamic bids - down only,363,,4,,1.10%,$2.2,,$0.55,,0,0.00%,$0.0
"Jan 7, 2020","Dec 18, 2019",,No Portfolio,Sponsored Products,B07JJ3HGSN (Moroccan Wooden House) - Exact,ENABLED,USD,$8.0,Manual targeting,Dynamic bids - down only,2099,,9,,0.43%,$5.3,,$0.5888889,,0,0.00%,$0.0
"Jan 7, 2020","Dec 30, 2019",,No Portfolio,Sponsored Products,B07JJC4NTT (Moroccan Craftman) - Exact,ENABLED,USD,$8.0,Manual targeting,Dynamic bids - down only,358,,2,,0.56%,$0.65,,$0.325,,0,0.00%,$0.0
"Jan 8, 2020","Dec 18, 2019",,No Portfolio,Sponsored Products,B07JJ3HGSN (Moroccan Wooden House) - Exact,ENABLED,USD,$8.0,Manual targeting,Dynamic bids - down only,448,,9,,2.01%,$5.44,,$0.6044444,,0,0.00%,$0.0
"Jan 8, 2020","Dec 7, 2019",,No Portfolio,Sponsored Products,B07JJ3HGSN (Moroccan Wooden House) - Winner,ENABLED,USD,$7.0,Manual targeting,Dynamic bids - down only,310,,1,,0.32%,$0.57,,$0.57,,0,0.00%,$0.0
"Jan 8, 2020","Dec 30, 2019",,No Portfolio,Sponsored Products,B07JJC4NTT (Moroccan Craftman) - Exact,ENABLED,USD,$8.0,Manual targeting,Dynamic bids - down only,418,,7,,1.68%,$2.79,,$0.3985714,,1,6.12%,$45.59
"Jan 8, 2020","Dec 30, 2019",,No Portfolio,Sponsored Products,B07JJC4NTT (Moroccan Craftman) - Winner,ENABLED,USD,$7.0,Manual targeting,Dynamic bids - down only,1525,,10,,0.66%,$5.24,,$0.524,,0,0.00%,$0.0
"Jan 9, 2020","Dec 7, 2019",,No Portfolio,Sponsored Products,B07JJ3HGSN (Moroccan Wooden House) - Winner,ENABLED,USD,$7.0,Manual targeting,Dynamic bids - down only,232,,3,,1.29%,$1.38,,$0.46,,0,0.00%,$0.0
"Jan 9, 2020","Dec 18, 2019",,No Portfolio,Sponsored Products,B07JJ3HGSN (Moroccan Wooden House) - Exact,ENABLED,USD,$8.0,Manual targeting,Dynamic bids - down only,1374,,8,,0.58%,$4.1,,$0.5125,,0,0.00%,$0.0
"Jan 9, 2020","Dec 30, 2019",,No Portfolio,Sponsored Products,B07JJC4NTT (Moroccan Craftman) - Winner,ENABLED,USD,$7.0,Manual targeting,Dynamic bids - down only,901,,6,,0.67%,$4.26,,$0.71,,0,0.00%,$0.0
"Jan 9, 2020","Dec 30, 2019",,No Portfolio,Sponsored Products,B07JJC4NTT (Moroccan Craftman) - Exact,ENABLED,USD,$8.0,Manual targeting,Dynamic bids - down only,334,,2,,0.60%,$1.17,,$0.585,,0,0.00%,$0.0
"Jan 10, 2020","Dec 18, 2019",,No Portfolio,Sponsored Products,B07JJ3HGSN (Moroccan Wooden House) - Exact,ENABLED,USD,$8.0,Manual targeting,Dynamic bids - down only,699,,7,,1.00%,$4.15,,$0.5928571,,0,0.00%,$0.0
"Jan 10, 2020","Dec 7, 2019",,No Portfolio,Sponsored Products,B07JJ3HGSN (Moroccan Wooden House) - Winner,ENABLED,USD,$7.0,Manual targeting,Dynamic bids - down only,252,,7,,2.78%,$4.22,,$0.6028571,,0,0.00%,$0.0
"Jan 10, 2020","Dec 30, 2019",,No Portfolio,Sponsored Products,B07JJC4NTT (Moroccan Craftman) - Winner,ENABLED,USD,$7.0,Manual targeting,Dynamic bids - down only,753,,7,,0.93%,$4.59,,$0.6557143000000001,,0,0.00%,$0.0
"Jan 10, 2020","Dec 30, 2019",,No Portfolio,Sponsored Products,B07JJC4NTT (Moroccan Craftman) - Exact,ENABLED,USD,$8.0,Manual targeting,Dynamic bids - down only,350,,0,,0.00%,$0.0,,$0.0,,0,0.00%,$0.0
"Jan 11, 2020","Dec 7, 2019",,No Portfolio,Sponsored Products,B07JJ3HGSN (Moroccan Wooden House) - Winner,ENABLED,USD,$7.0,Manual targeting,Dynamic bids - down only,289,,6,,2.08%,$4.15,,$0.6916667,,0,0.00%,$0.0
"Jan 11, 2020","Dec 30, 2019",,No Portfolio,Sponsored Products,B07JJC4NTT (Moroccan Craftman) - Exact,ENABLED,USD,$8.0,Manual targeting,Dynamic bids - down only,735,,2,,0.27%,$1.17,,$0.585,,0,0.00%,$0.0
"Jan 11, 2020","Dec 30, 2019",,No Portfolio,Sponsored Products,B07JJC4NTT (Moroccan Craftman) - Winner,ENABLED,USD,$7.0,Manual targeting,Dynamic bids - down only,1728,,8,,0.46%,$4.17,,$0.52125,,0,0.00%,$0.0
"Jan 11, 2020","Dec 18, 2019",,No Portfolio,Sponsored Products,B07JJ3HGSN (Moroccan Wooden House) - Exact,ENABLED,USD,$8.0,Manual targeting,Dynamic bids - down only,284,,6,,2.11%,$4.79,,$0.7983333,,0,0.00%,$0.0
"Jan 12, 2020","Dec 7, 2019",,No Portfolio,Sponsored Products,B07JJ3HGSN (Moroccan Wooden House) - Winner,ENABLED,USD,$7.0,Manual targeting,Dynamic bids - down only,79,,0,,0.00%,$0.0,,$0.0,,0,0.00%,$0.0
"Jan 12, 2020","Dec 30, 2019",,No Portfolio,Sponsored Products,B07JJC4NTT (Moroccan Craftman) - Exact,ENABLED,USD,$8.0,Manual targeting,Dynamic bids - down only,64,,0,,0.00%,$0.0,,$0.0,,0,0.00%,$0.0
"Jan 12, 2020","Dec 30, 2019",,No Portfolio,Sponsored Products,B07JJC4NTT (Moroccan Craftman) - Winner,ENABLED,USD,$7.0,Manual targeting,Dynamic bids - down only,885,,6,,0.68%,$4.38,,$0.73,,0,0.00%,$0.0
"Jan 12, 2020","Dec 18, 2019",,No Portfolio,Sponsored Products,B07JJ3HGSN (Moroccan Wooden House) - Exact,ENABLED,USD,$8.0,Manual targeting,Dynamic bids - down only,1370,,10,,0.73%,$6.42,,$0.642,,0,0.00%,$0.0
"Jan 13, 2020","Dec 18, 2019",,No Portfolio,Sponsored Products,B07JJ3HGSN (Moroccan Wooden House) - Exact,ENABLED,USD,$8.0,Manual targeting,Dynamic bids - down only,751,,8,,1.07%,$6.02,,$0.7525,,0,0.00%,$0.0
