﻿Date,Start Date,End Date,Portfolio name,Campaign Type,Campaign Name,Status,Currency,Budget,Targeting Type,Bidding strategy,Impressions,Last Year Impressions,Clicks,Last Year Clicks,Click-Thru Rate (CTR),Spend,Last Year Spend,Cost Per Click (CPC),Last Year Cost Per Click (CPC),7 Day Total Orders (#),"Total Advertising Cost of Sales (ACoS) ","7 Day Total Sales "
"Dec 1, 2019","Dec 7, 2019",,No Portfolio,Sponsored Products,B07JJ3HGSN (Moroccan Wooden House) - Keyword Target,ENABLED,USD,$20.0,Manual targeting,Dynamic bids - down only,7116,,77,,1.08%,$46.33,,$0.6016883,,1,115.85%,$39.99
"Dec 1, 2019","Nov 6, 2019",,No Portfolio,Sponsored Products,Kitchen Mat - SP Auto,ARCHIVED,USD,$3.0,Automatic targeting,Dynamic bids - down only,3130,,28,,0.90%,$17.05,,$0.6089286,,0,0.00%,$0.0
"Dec 1, 2019","Oct 22, 2019",,No Portfolio,Sponsored Products,"31\"" x 19\""-Auto",ARCHIVED,USD,$3.0,Automatic targeting,Dynamic bids - down only,16686,,17,,0.10%,$9.34,,$0.5494118,,2,12.98%,$71.98
"Dec 1, 2019","Nov 15, 2018",,No Portfolio,Sponsored Products,"63\"" x 27.5\"" -key words 3 manual",ARCHIVED,USD,$3.0,Manual targeting,Dynamic bids - down only,26953,62310,25,220,0.09%,$12.31,$135.31,$0.4924,$0.6150455,0,0.00%,$0.0
"Dec 1, 2019","Oct 9, 2019",,No Portfolio,Sponsored Products,YSD 简约风,ARCHIVED,USD,$3.0,Automatic targeting,Dynamic bids - up and down,5404,,20,,0.37%,$15.81,,$0.7905,,1,10.14%,$155.96
"Dec 1, 2019","Nov 5, 2019",,No Portfolio,Sponsored Products,YSD手动,ARCHIVED,USD,$3.5,Manual targeting,Dynamic bids - down only,5130,,26,,0.51%,$22.04,,$0.8476923,,1,55.11%,$39.99
"Dec 1, 2019","Nov 5, 2019",,No Portfolio,Sponsored Products,SQ 手动,ARCHIVED,USD,$2.0,Manual targeting,Dynamic bids - down only,238,,1,,0.42%,$0.89,,$0.89,,0,0.00%,$0.0
"Dec 1, 2019","Dec 7, 2019",,No Portfolio,Sponsored Products,B07VW6N66M (Spiritual Song) - Keyword Target,ENABLED,USD,$6.0,Manual targeting,Dynamic bids - down only,9407,,23,,0.24%,$13.1,,$0.5695652,,0,0.00%,$0.0
"Dec 1, 2019","Nov 15, 2018",,No Portfolio,Sponsored Products,"31\"" x 19\""  - key words 1 manual",ARCHIVED,USD,$4.0,Manual targeting,Dynamic bids - down only,10003,35213,42,173,0.42%,$25.41,$104.49,$0.605,$0.6039884,1,63.54%,$39.99
"Dec 1, 2019","Sep 10, 2019",,No Portfolio,Sponsored Products,DL门垫自动,ARCHIVED,USD,$2.0,Automatic targeting,Dynamic bids - down only,11969,,19,,0.16%,$15.8,,$0.8315788999999999,,0,0.00%,$0.0
"Dec 1, 2019","Dec 10, 2019",,No Portfolio,Sponsored Products,B07JND9C85 (My balcony) - Keyword Target,ENABLED,USD,$6.0,Manual targeting,Dynamic bids - down only,11432,,9,,0.08%,$7.31,,$0.8122221999999999,,0,0.00%,$0.0
"Dec 1, 2019","Dec 7, 2019",,No Portfolio,Sponsored Products,B07VX6FRQQ (Modern Show) - Keyword Target,ENABLED,USD,$6.0,Manual targeting,Dynamic bids - down only,6266,,14,,0.22%,$8.44,,$0.6028571,,0,0.00%,$0.0
"Dec 1, 2019","Nov 20, 2019",,No Portfolio,Sponsored Products,YSD Pure Bath Mats,ARCHIVED,USD,$3.0,Automatic targeting,Dynamic bids - down only,1445,,5,,0.35%,$2.68,,$0.536,,0,0.00%,$0.0
"Dec 1, 2019","Dec 2, 2019",,No Portfolio,Sponsored Products,B07JMDZBSR (Dream Light) - Keyword Target,ENABLED,USD,$11.0,Manual targeting,Dynamic bids - down only,30612,,88,,0.29%,$35.29,,$0.40102269999999995,,1,70.65%,$49.95
"Dec 1, 2019","Dec 5, 2019",,No Portfolio,Sponsored Products,B07KJXY5SN (Golden Map) - Keyword Target,ENABLED,USD,$6.0,Manual targeting,Dynamic bids - down only,9795,,58,,0.59%,$27.01,,$0.4656897,,0,0.00%,$0.0
"Dec 1, 2019","Dec 9, 2019",,No Portfolio,Sponsored Products,B07VSNNSD8 (Dream Light) - Keyword Target,ENABLED,USD,$10.0,Manual targeting,Dynamic bids - down only,48,,0,,0.00%,$0.0,,$0.0,,0,0.00%,$0.0
"Dec 1, 2019","Dec 7, 2019",,No Portfolio,Sponsored Products,B07JHV2GP2 (Space Man) - Keyword Target,ENABLED,USD,$6.0,Manual targeting,Dynamic bids - down only,7229,,6,,0.08%,$3.0,,$0.5,,0,0.00%,$0.0
"Dec 1, 2019","Nov 28, 2019",,No Portfolio,Sponsored Products,B07JMT389Q (Enjoy Life) - Keyword Target,ENABLED,USD,$6.0,Manual targeting,Dynamic bids - down only,12048,,86,,0.71%,$34.4,,$0.4,,1,68.87%,$49.95
"Dec 1, 2019","Dec 7, 2019",,No Portfolio,Sponsored Products,B07L118VDV (Hello Happiness) - Keyword Target,ENABLED,USD,$6.0,Manual targeting,Dynamic bids - down only,10500,,19,,0.18%,$8.91,,$0.4689474,,0,0.00%,$0.0
"Dec 1, 2019","Dec 7, 2019",,No Portfolio,Sponsored Products,B07VW6J6N5 (Norwegian White Impression) - Keyword Target,ENABLED,USD,$6.0,Manual targeting,Dynamic bids - down only,4552,,23,,0.51%,$13.09,,$0.5691304,,0,0.00%,$0.0
"Dec 1, 2019","Dec 10, 2019",,No Portfolio,Sponsored Products,B07JHNJT7Q (Perfect Day) - Keyword Target,ENABLED,USD,$6.0,Manual targeting,Dynamic bids - down only,1551,,4,,0.26%,$1.74,,$0.435,,0,0.00%,$0.0
"Dec 1, 2019","Oct 10, 2019",,No Portfolio,Sponsored Products,SQ 自动,ARCHIVED,USD,$2.5,Automatic targeting,Dynamic bids - up and down,13193,,15,,0.11%,$22.67,,$1.5113333,,1,66.70%,$33.99
"Dec 1, 2019","Dec 7, 2019",,No Portfolio,Sponsored Products,B07JJC4NTT (Moroccan Craftman) - Keyword Target,ENABLED,USD,$20.0,Manual targeting,Dynamic bids - down only,8962,,74,,0.83%,$46.29,,$0.6255404999999999,,2,57.88%,$79.98
"Dec 1, 2019","Dec 5, 2019",,No Portfolio,Sponsored Products,B07KK3RQNV (City Map) - Keyword Target,ENABLED,USD,$6.0,Manual targeting,Dynamic bids - down only,11958,,85,,0.71%,$35.1,,$0.4129412,,1,67.51%,$51.99
"Dec 1, 2019","Aug 22, 2019",,No Portfolio,Sponsored Products,B07JMDZBSR,ARCHIVED,USD,$3.0,Automatic targeting,Dynamic bids - down only,2303,,27,,1.17%,$16.99,,$0.6292593,,0,0.00%,$0.0
