"return-date","order-id","sku","asin","fnsku","product-name","quantity","fulfillment-center-id","detailed-disposition","reason","status","license-plate-number","customer-comments"
"2020-01-28T04:36:08+00:00","112-0759714-8957016","0Y-KRAZ-EDMI","B07JMT389Q","X001XKWM0X","Desiderare 2 Piece Anti Fatigue Kitchen Mat - (17.7"" x 29.5""+17.7"" x 59"") - Oil Resistant PVC Kitchen Runner - Soft Kitchen Rugs and Mats (Enjoy Life)","1","CVG2","SELLABLE","DEFECTIVE","Unit returned to inventory","LPNRR879428614","These slip around on kitchen floor"
"2020-01-27T04:02:46+00:00","114-5449066-5649829","1-mwh-18","B07JJ3HGSN","B07JJ3HGSN","Desiderare Thick Fluffy Washroom Mat - 31"" x 19"" Luxury Microfiber Non-Slip Rubber Bath Rug - Super Absorbent Bathroom Carpet with Anti-Skid Back (Mor","1","LAS2","SELLABLE","UNWANTED_ITEM","Unit returned to inventory","LPNRR896490518",
"2020-01-25T15:41:09+00:00","114-4167144-8692268","1-mwh-18","B07JJ3HGSN","B07JJ3HGSN","Desiderare Thick Fluffy Washroom Mat - 31"" x 19"" Luxury Microfiber Non-Slip Rubber Bath Rug - Super Absorbent Bathroom Carpet with Anti-Skid Back (Mor","1","LAS2","DEFECTIVE","NOT_AS_DESCRIBED","Unit returned to inventory","LPNRR895883199","The picture made me think I was getting both small bath mats and it only came with one."
"2020-01-25T13:03:22+00:00","112-4325991-9556244","1-mwh-18","B07JJ3HGSN","B07JJ3HGSN","Desiderare Thick Fluffy Boho Bathroom Rug - 31"" x 19"" Luxury Microfiber Bath Mat - Bath Rugs for Bathroom Non Slip - Super Absorbent Black and White B","1","CVG2","SELLABLE","UNWANTED_ITEM","Unit returned to inventory","LPNRR929366375",
"2020-01-24T06:57:01+00:00","114-4509528-7248255","0P-DOPF-MKUI","B07JND9C85","X001XNL7UV","Desiderare Thick Fluffy Bath Runner Rug -63"" x 27.5"" Luxury Microfiber Non-Slip Rubber Bath Rug Chenille Area Mat - Super Absorbent Bathroom Carpet wi","1","LEX2","SELLABLE","UNDELIVERABLE_UNKNOWN","Unit returned to inventory","LPNRR898432728",
"2020-01-22T12:51:19+00:00","111-2414929-6949025","MR-P63C-5KYC","B07KZZZDK4","X001YUL0KF","Desiderare Thick Fluffy Washroom Mat - 31"" x 19"" Luxury Microfiber Non-Slip Rubber Bath Rug - Super Absorbent Bathroom Carpet with Anti-Skid Back","1","LEX2","SELLABLE","DEFECTIVE","Unit returned to inventory","LPNRR889495192","too small"
"2020-01-21T01:15:55+00:00","111-8534069-2257008","0Y-KRAZ-EDMI","B07JMT389Q","X001XKWM0X","2 Piece Non-Slip Anti-Fatigue Kitchen Mat - (17.7"" x 29.5""+17.7"" x 59"") Soft Non Skid Throw Rugs Runner Carpet for Kitchen Hallway Entryway and Bedroo","1","TUS1","SELLABLE","ORDERED_WRONG_ITEM","Unit returned to inventory","LPNPM130412327",
"2020-01-13T06:58:32+00:00","114-4697667-2361836","0Y-KRAZ-EDMI","B07JMT389Q","X001XKWM0X","2 Piece Non-Slip Anti-Fatigue Kitchen Mat - (17.7"" x 29.5""+17.7"" x 59"") Soft Non Skid Throw Rugs Runner Carpet for Kitchen Hallway Entryway and Bedroo","1","CVG2","CUSTOMER_DAMAGED","NOT_AS_DESCRIBED","Unit returned to inventory","LPNRR929208450",
"2020-01-06T15:02:50+00:00","112-1690505-8638653","1-bm-18","B07JHVFFP8","B07JHVFFP8","Anti-Fatigue Kitchen Mat | Pack of 2 | 2 Sizes| Professionally Designed | PVC Synthetic Fiber | Super Fashionable | Oil Prevent | Double Sided | (Blac","1","CVG2","CUSTOMER_DAMAGED","SWITCHEROO","Unit returned to inventory","LPNRR867455229",
"2020-01-03T06:08:06+00:00","111-2253250-9190644","0Y-KRAZ-EDMI","B07JMT389Q","X001XKWM0X","2 Piece Non-Slip Anti-Fatigue Kitchen Mat - (17.7"" x 29.5""+17.7"" x 59"") Soft Non Skid Throw Rugs Runner Carpet for Kitchen Hallway Entryway and Bedroo","1","TUS1","DEFECTIVE","DEFECTIVE","Unit returned to inventory","LPNPM136717687","the material was not that one i expected"
"2020-01-03T02:26:19+00:00","111-3975745-6909869","YSD-NIW-50-80","B07VW6J6N5","X0029DM36V","Desiderare Thick Fluffy Microfiber Bath Mat - 31"" x 19"" Anti-Fatigue Shaggy�Comfort Bath Rug - Super Absorbent Bathroom Carpet - Non-Slip Luxury Plus","1","TUS1","SELLABLE","UNWANTED_ITEM","Unit returned to inventory","LPNPM126708710",
"2020-01-02T20:31:16+00:00","114-0154398-3806615","0Y-KRAZ-EDMI","B07JMT389Q","X001XKWM0X","2 Piece Non-Slip Anti-Fatigue Kitchen Mat - (17.7"" x 29.5""+17.7"" x 59"") Soft Non Skid Throw Rugs Runner Carpet for Kitchen Hallway Entryway and Bedroo","1","TUS1","SELLABLE","NOT_AS_DESCRIBED","Unit returned to inventory","LPNPM126740797","the color not accurate as the picture"
"2020-01-02T01:30:01+00:00","114-5760056-0197846","1-wm-18","B07JGCH5CC","B07JGCH5CC","Anti-Fatigue Kitchen Mat | Pack of 2 | 2 Sizes| Professionally Designed | PVC Synthetic Fiber | Super Fashionable | Oil Prevent | Double Sided | (Whit","1","CVG2","DEFECTIVE","NOT_AS_DESCRIBED","Unit returned to inventory","LPNRR867821029","The print quality is different."
"2019-12-31T21:36:51+00:00","112-2938153-6249868","DL-DQ-60-90","B07VW6HLVP","X0029H3JGZ","Desiderare 35"" x 23"" Christmas Door Mats Rubber Backing Non Slip - Heavy Duty Doormats for High Traffic Areas - Shoe Scraper Pet Mat - Indoor Outdoor","1","TUS1","CUSTOMER_DAMAGED","DEFECTIVE","Unit returned to inventory","LPNPM126974072",
"2019-12-31T21:32:44+00:00","113-6955799-8760227","M4-LSWE-EXF8","B07L3VSQCT","X001Z2NBQ3","2 Piece Non-Slip Anti-Fatigue Kitchen Mat - (17.7"" x 29.5""+17.7"" x 59"") Soft Non Skid Throw Rugs Runner Carpet for Kitchen Hallway Entryway and Bedroo","1","CVG2","SELLABLE","UNWANTED_ITEM","Unit returned to inventory","LPNRR867903406",
"2019-12-30T21:33:43+00:00","112-5799548-2765035","1-mwh-18","B07JJ3HGSN","B07JJ3HGSN","Desiderare Thick Fluffy Washroom Mat - 31"" x 19"" Luxury Microfiber Non-Slip Rubber Bath Rug - Super Absorbent Bathroom Carpet with Anti-Skid Back (Mor","1","CVG2","CUSTOMER_DAMAGED","UNWANTED_ITEM","Unit returned to inventory","LPNRR869937054",
"2019-12-30T01:17:30+00:00","113-2654990-9549059","DL-DQ-60-90","B07VW6HLVP","X0029H3JGZ","Desiderare 35"" x 23"" Christmas Door Mats Rubber Backing Non Slip - Heavy Duty Doormats for High Traffic Areas - Shoe Scraper Pet Mat - Indoor Outdoor","1","CVG2","CUSTOMER_DAMAGED","DEFECTIVE","Unit returned to inventory","LPNRR879932227",
"2019-12-30T01:15:26+00:00","113-7630868-2574645","DL-DQ-60-90","B07VW6HLVP","X0029H3JGZ","Desiderare 35"" x 23"" Christmas Door Mats Rubber Backing Non Slip - Heavy Duty Doormats for High Traffic Areas - Shoe Scraper Pet Mat - Indoor Outdoor","1","CVG2","SELLABLE","DEFECTIVE","Unit returned to inventory","LPNRR879932226",
"2019-12-29T22:27:42+00:00","113-3523749-4781032","1-mwh-18","B07JJ3HGSN","B07JJ3HGSN","Desiderare Thick Fluffy Washroom Mat - 31"" x 19"" Luxury Microfiber Non-Slip Rubber Bath Rug - Super Absorbent Bathroom Carpet with Anti-Skid Back (Mor","1","TUS1","DEFECTIVE","NOT_AS_DESCRIBED","Unit returned to inventory","LPNPM126717758","It says WHITE but its kinda cream."
