﻿Customer search term,Impressions,Clicks,CTR(%),Spend(USD),CPC(USD),Orders,Sales(USD),ACOS(%),RoAS,Conversion rate
2 piece kitchen mat,4,1,25,0.46,0.46,0,0.00,,0,0
anti fatigue kitchen mat,83,3,3.6145,1.67,0.56,0,0.00,,0,0
anti fatigue kitchen rug,2,1,50,0.52,0.52,0,0.00,,0,0
anti fatigue mat,20,2,10,1.63,0.82,0,0.00,,0,0
anti fatigue mat kitchen,18,1,5.5556,0.34,0.34,0,0.00,,0,0
anti fatigue rubber mat set,2,1,50,0.60,0.60,0,0.00,,0,0
anti fatigue runners for kitchen,17,1,5.8824,0.71,0.71,0,0.00,,0,0
antifatigue mats for kitchen,5,1,20,0.52,0.52,0,0.00,,0,0
antifatigue runner,2,1,50,0.60,0.60,0,0.00,,0,0
b01it19rhi,30,3,10,1.28,0.43,0,0.00,,0,0
b06xjdpyy4,13,1,7.6923,0.40,0.40,0,0.00,,0,0
b074t1898h,3,1,33.3333,0.40,0.40,0,0.00,,0,0
b077kvtyvd,2,1,50,0.30,0.30,0,0.00,,0,0
b0784wb5hs,2,1,50,0.23,0.23,0,0.00,,0,0
b07h5k2b9s,1,1,100,0.26,0.26,0,0.00,,0,0
b07l9spj4w,6,1,16.6667,0.39,0.39,0,0.00,,0,0
b07m9r4rbh,2,1,50,0.27,0.27,0,0.00,,0,0
b07myzt6tq,7,1,14.2857,0.15,0.15,0,0.00,,0,0
b07nxd825f,14,3,21.4286,1.67,0.56,0,0.00,,0,0
b07q648ty7,2,1,50,0.33,0.33,0,0.00,,0,0
b07qnb5twz,3,1,33.3333,0.76,0.76,0,0.00,,0,0
b07t4jpm1w,4,1,25,0.15,0.15,0,0.00,,0,0
b07vchz3dc,5,1,20,0.77,0.77,0,0.00,,0,0
b07vcmqc46,2,1,50,0.58,0.58,0,0.00,,0,0
b07vjyd865,2,1,50,0.71,0.71,0,0.00,,0,0
b07w8lw3ct,7,1,14.2857,0.23,0.23,0,0.00,,0,0
b07wlrvwkz,1,1,100,0.40,0.40,0,0.00,,0,0
b07wx7tqhf,10,1,10,0.38,0.38,0,0.00,,0,0
b07xsf23nj,1,1,100,0.35,0.35,0,0.00,,0,0
bedroom carpet,2,1,50,0.68,0.68,0,0.00,,0,0
bedroom mat,3,1,33.3333,0.66,0.66,0,0.00,,0,0
bedroom mats,2,1,50,0.79,0.79,0,0.00,,0,0
bedroom rugs,6,1,16.6667,0.64,0.64,0,0.00,,0,0
best kitchen rugs,1,1,100,0.18,0.18,0,0.00,,0,0
carpet mat,2,1,50,0.71,0.71,0,0.00,,0,0
carpet runner,8,1,12.5,1.10,1.10,0,0.00,,0,0
carpet set,1,1,100,0.58,0.58,0,0.00,,0,0
carpets for bedrooms,3,1,33.3333,0.69,0.69,0,0.00,,0,0
carpets for kitchen,4,1,25,0.75,0.75,0,0.00,,0,0
christmas kitchen mat,1,1,100,0.43,0.43,0,0.00,,0,0
christmas rug,1,1,100,0.53,0.53,0,0.00,,0,0
christmas rug runners,7,1,14.2857,0.65,0.65,0,0.00,,0,0
christmas rugs,37,4,10.8108,1.71,0.43,0,0.00,,0,0
cushioned floor mats,2,1,50,0.87,0.87,0,0.00,,0,0
fatigue mat kitchen,14,1,7.1429,0.53,0.53,0,0.00,,0,0
floor cushion,7,2,28.5714,1.19,0.60,0,0.00,,0,0
gold floor mat,1,1,100,0.41,0.41,0,0.00,,0,0
green memory foam rug,1,1,100,0.52,0.52,0,0.00,,0,0
hallway mat long,2,1,50,0.73,0.73,0,0.00,,0,0
hallway runner,2,1,50,0.87,0.87,0,0.00,,0,0
kitchen 2 piece rugs,6,1,16.6667,0.57,0.57,0,0.00,,0,0
kitchen comfort mat runner blue,2,1,50,0.59,0.59,0,0.00,,0,0
kitchen floor cushion mat 2 piece,1,1,100,0.21,0.21,0,0.00,,0,0
kitchen floor mat,29,4,13.7931,2.24,0.56,1,49.99,4.4809,22.317,25
kitchen floor mat cushion,1,1,100,0.86,0.86,0,0.00,,0,0
kitchen floor mat set,22,2,9.0909,0.94,0.47,0,0.00,,0,0
kitchen floor mats cushioned,3,1,33.3333,0.57,0.57,0,0.00,,0,0
kitchen floor matts,1,1,100,0.56,0.56,0,0.00,,0,0
kitchen mat 2 piece,8,1,12.5,1.04,1.04,0,0.00,,0,0
kitchen mat set,7,1,14.2857,0.91,0.91,0,0.00,,0,0
kitchen mats and rugs,138,7,5.0725,3.83,0.55,0,0.00,,0,0
kitchen mats cushioned anti fatigue,40,3,7.5,1.78,0.59,0,0.00,,0,0
kitchen mats for floor,6,1,16.6667,0.44,0.44,0,0.00,,0,0
kitchen rug anti fatigue,16,1,6.25,0.49,0.49,0,0.00,,0,0
kitchen rug runner,11,1,9.0909,0.21,0.21,0,0.00,,0,0
kitchen rug set,35,3,8.5714,2.32,0.77,0,0.00,,0,0
kitchen rug washable,5,1,20,0.49,0.49,0,0.00,,0,0
kitchen rugs and mats non skid anti fatigue,7,1,14.2857,0.71,0.71,0,0.00,,0,0
kitchen rugs and mats non skid washable,2,1,50,0.43,0.43,0,0.00,,0,0
kitchen rugs and mats sets,9,2,22.2222,1.45,0.73,0,0.00,,0,0
kitchen rugs non skid washable,13,2,15.3846,0.96,0.48,0,0.00,,0,0
kitchen rugs sets,1,1,100,0.50,0.50,0,0.00,,0,0
kitchen runner,9,2,22.2222,1.29,0.65,0,0.00,,0,0
long kitchen mats,5,1,20,0.60,0.60,0,0.00,,0,0
long mat,1,1,100,0.68,0.68,0,0.00,,0,0
long rugs,1,1,100,1.05,1.05,0,0.00,,0,0
marble kitchen,1,1,100,0.43,0.43,0,0.00,,0,0
memory foam mats,11,1,9.0909,0.85,0.85,0,0.00,,0,0
non skid kitchen rugs,12,1,8.3333,0.74,0.74,0,0.00,,0,0
non slip kitchen mat,12,1,8.3333,1.10,1.10,0,0.00,,0,0
non slip rug runner,11,2,18.1818,1.54,0.77,0,0.00,,0,0
non slip rugs and runners,3,1,33.3333,0.57,0.57,0,0.00,,0,0
non+skid+washable+kitchen+rugs,3,1,33.3333,0.55,0.55,0,0.00,,0,0
non-skid runner rug,1,1,100,0.71,0.71,0,0.00,,0,0
rug for girls bedroom,2,1,50,0.61,0.61,0,0.00,,0,0
rug for the hallway,1,1,100,0.69,0.69,0,0.00,,0,0
rug runner,11,1,9.0909,1.06,1.06,0,0.00,,0,0
rug runner sets,2,1,50,0.48,0.48,0,0.00,,0,0
rug runners for hallways,5,1,20,0.89,0.89,0,0.00,,0,0
rugs for kitchen sink area,1,1,100,0.91,0.91,0,0.00,,0,0
rugs runners,4,1,25,0.60,0.60,0,0.00,,0,0
runner rug,2,1,50,0.68,0.68,0,0.00,,0,0
runner rug for kitchen floor,2,1,50,0.90,0.90,0,0.00,,0,0
runners for kitchen,1,1,100,0.73,0.73,0,0.00,,0,0
silver anti fatigue mat,1,1,100,0.88,0.88,0,0.00,,0,0
soft kitchen rugs and mats,4,2,50,1.40,0.70,0,0.00,,0,0
stress mats for kitchen,1,1,100,0.57,0.57,0,0.00,,0,0
throw rugs and runners,12,1,8.3333,0.46,0.46,0,0.00,,0,0
vinyl floor runner,2,1,50,0.34,0.34,1,49.99,0.6801,147.0294,100
washable kitchen mat,2,1,50,0.92,0.92,0,0.00,,0,0