﻿Customer search term,Impressions,Clicks,CTR(%),Spend(USD),CPC(USD),Orders,Sales(USD),ACOS(%),RoAS,Conversion rate
b002sw6aq6,1,1,100,1.08,1.08,0,0.00,,0,0
b01mdqnrc9,4,1,25,0.92,0.92,0,0.00,,0,0
christmas door mat,30,3,10,1.69,0.56,0,0.00,,0,0
christmas door mats,101,2,1.9802,2.31,1.16,0,0.00,,0,0
christmas door mats outdoor,7,1,14.2857,1.17,1.17,0,0.00,,0,0
christmas doormat,926,8,0.8639,6.97,0.87,0,0.00,,0,0
christmas doormat indoor,5,1,20,0.45,0.45,0,0.00,,0,0
christmas floor mats,72,2,2.7778,1.71,0.86,0,0.00,,0,0
christmas indoor rug,1,1,100,0.79,0.79,0,0.00,,0,0
christmas mat,61,2,3.2787,1.68,0.84,0,0.00,,0,0
christmas outdoor doormat,32,1,3.125,1.12,1.12,0,0.00,,0,0
christmas outdoor mats,1,1,100,0.79,0.79,0,0.00,,0,0
christmas outdoor rug,128,2,1.5625,1.40,0.70,0,0.00,,0,0
christmas rug,434,4,0.9217,3.34,0.84,0,0.00,,0,0
christmas rug outdoor,105,2,1.9048,2.11,1.06,0,0.00,,0,0
christmas rugs,689,4,0.5806,3.32,0.83,0,0.00,,0,0
christmas rugs for indoors,9,1,11.1111,1.14,1.14,0,0.00,,0,0
christmas rugs outdoor,3,1,33.3333,1.13,1.13,0,0.00,,0,0
door mat,87,2,2.2989,2.39,1.19,0,0.00,,0,0
door mat indoor,156,1,0.641,1.16,1.16,0,0.00,,0,0
door mat outdoor,12,2,16.6667,2.09,1.05,0,0.00,,0,0
door mats outdoor,11,2,18.1818,2.25,1.13,0,0.00,,0,0
front door mat,34,1,2.9412,1.20,1.20,0,0.00,,0,0
garage mats for door,6,1,16.6667,1.19,1.19,0,0.00,,0,0
low profile outdoor mat,1,1,100,1.19,1.19,0,0.00,,0,0
outdoor christmas door mat,19,1,5.2632,0.43,0.43,0,0.00,,0,0
outdoor christmas doormat,20,1,5,0.44,0.44,0,0.00,,0,0
outdoor christmas mat,49,1,2.0408,0.52,0.52,0,0.00,,0,0
outdoor christmas rug,85,2,2.3529,2.30,1.15,0,0.00,,0,0
outdoor christmas rugs,223,1,0.4484,0.71,0.71,1,31.99,2.2194,45.0563,100
outdoor door mat,2,1,50,1.14,1.14,0,0.00,,0,0
outdoor entrance mat,9,1,11.1111,0.53,0.53,0,0.00,,0,0
outdoor floor mats,5,1,20,1.19,1.19,0,0.00,,0,0
rug christmas,3,1,33.3333,0.58,0.58,0,0.00,,0,0
snow entry rug,1,1,100,0.50,0.50,0,0.00,,0,0
waterproof mats,7,1,14.2857,1.14,1.14,0,0.00,,0,0