﻿Customer search term,Keywords,Match type,Impressions,Clicks,CTR(%),Spend(USD),CPC(USD),Orders,Sales(USD),ACOS(%),RoAS,Conversion rate
anti fatigue bathroom mat white,white bathroom mat,BROAD,5,1,20,1.33,1.33,0,0.00,,0,0
anti-fatigue mat for bathroom 5 star,anti fatigue mat,PHRASE,6,1,16.6667,0.44,0.44,0,0.00,,0,0
bath mat large non slip,non slip bath mat,BROAD,3,1,33.3333,0.64,0.64,0,0.00,,0,0
bath mat non slip gray white black,non slip bath mat,BROAD,3,1,33.3333,0.65,0.65,0,0.00,,0,0
bath mat oval non slip,non slip bath mat,BROAD,3,1,33.3333,1.00,1.00,0,0.00,,0,0
bath mat towel white,white bath mat,BROAD,2,1,50,0.98,0.98,0,0.00,,0,0
bath rugs for bathroom non slip,bath rugs for bathroom,BROAD,1,1,100,0.83,0.83,0,0.00,,0,0
bath rugs for bathroom sets,bath rugs for bathroom,BROAD,3,1,33.3333,0.54,0.54,0,0.00,,0,0
bath rugs kids bathroom,bath rugs for bathroom,BROAD,3,1,33.3333,0.58,0.58,0,0.00,,0,0
bathroom rug off white,white rug bathroom,BROAD,1,1,100,0.84,0.84,0,0.00,,0,0
bathroom rug white,white rug bathroom,BROAD,1,1,100,0.81,0.81,0,0.00,,0,0
bathroom rugs black and white,white rug bathroom,BROAD,1,1,100,0.84,0.84,0,0.00,,0,0
beige white gray bathroom rug,white rug bathroom,BROAD,1,1,100,0.85,0.85,0,0.00,,0,0
black and white bath mat,white bath mat,BROAD,7,3,42.8571,2.69,0.90,0,0.00,,0,0
black and white non slip bath mat,non slip bath mat,BROAD,1,1,100,0.65,0.65,0,0.00,,0,0
black white bath mat,white bath mat,BROAD,14,2,14.2857,1.46,0.73,1,39.99,3.6509,27.3904,50
black white bath rug,white bath rug,BROAD,1,1,100,0.87,0.87,0,0.00,,0,0
black white check bath mat,white bath mat,BROAD,1,1,100,0.86,0.86,0,0.00,,0,0
blue and white bath mat,white bath mat,BROAD,1,1,100,1.00,1.00,0,0.00,,0,0
circle bath rugs for bathroom,bath rugs for bathroom,BROAD,2,1,50,0.54,0.54,0,0.00,,0,0
grey white bath mat,white bath mat,BROAD,1,1,100,0.68,0.68,0,0.00,,0,0
luxury bath mat,luxury bath mat,BROAD,100,3,3,1.79,0.60,0,0.00,,0,0
luxury multi color bath mats,luxury bath mat,BROAD,4,1,25,0.99,0.99,0,0.00,,0,0
microfiber bath rug,microfiber bath rug,BROAD,1,1,100,0.53,0.53,0,0.00,,0,0
non slip memory foam bath mats,non slip bath mat,BROAD,8,2,25,1.99,1.00,0,0.00,,0,0
non slip white bathroom rugs,white rug bathroom,BROAD,1,1,100,0.30,0.30,0,0.00,,0,0
round bathroom mat white,white bathroom mat,BROAD,5,1,20,1.42,1.42,0,0.00,,0,0
stylish bath rugs for bathroom,bath rugs for bathroom,BROAD,1,1,100,0.54,0.54,0,0.00,,0,0
white aztec bath rug,white bath rug,BROAD,1,1,100,0.96,0.96,0,0.00,,0,0
white bath mat,white bath mat,BROAD,6,1,16.6667,1.00,1.00,0,0.00,,0,0
white bath mat with words,white bath mat,BROAD,1,1,100,0.68,0.68,0,0.00,,0,0
white bathroom mats,white bathroom mat,BROAD,8,1,12.5,0.97,0.97,0,0.00,,0,0
white bathroom rug set,white rug bathroom,BROAD,1,1,100,0.83,0.83,0,0.00,,0,0
white boho bath mat,white bath mat,BROAD,11,1,9.0909,0.71,0.71,0,0.00,,0,0
white mat for bathroom,white bathroom mat,BROAD,1,1,100,1.03,1.03,0,0.00,,0,0
white microfiber bath mat,white bath mat,BROAD,20,1,5,0.85,0.85,0,0.00,,0,0
yellow non slip bath mat,non slip bath mat,BROAD,6,1,16.6667,0.57,0.57,0,0.00,,0,0