﻿Customer search term,Impressions,Clicks,CTR(%),Spend(USD),CPC(USD),Orders,Sales(USD),ACOS(%),RoAS,Conversion rate
"31"" bath mat",2,1,50,1.30,1.30,0,0.00,,0,0
31” rug,1,1,100,0.87,0.87,0,0.00,,0,0
anti fatigue bath mat,2,1,50,1.19,1.19,0,0.00,,0,0
anti fatigue bathroom mat,4,1,25,1.25,1.25,0,0.00,,0,0
anti fatigue rug,1,1,100,1.93,1.93,0,0.00,,0,0
anti-fatigue rug,4,1,25,0.65,0.65,0,0.00,,0,0
b0731ygyt8,2,1,50,0.19,0.19,0,0.00,,0,0
b07g16rrxx,2,1,50,0.79,0.79,0,0.00,,0,0
b07v9y44dq,2,1,50,0.26,0.26,0,0.00,,0,0
b07vsq1p8l,4,1,25,2.05,2.05,0,0.00,,0,0
b07wn2cxmt,2,1,50,0.95,0.95,0,0.00,,0,0
bath absorbent mat,9,1,11.1111,1.26,1.26,0,0.00,,0,0
bath carpets and rugs,6,1,16.6667,1.29,1.29,0,0.00,,0,0
bath rugs,645,3,0.4651,3.33,1.11,0,0.00,,0,0
bath rugs for bathroom,259,4,1.5444,5.04,1.26,0,0.00,,0,0
bath rugs non slip,7,1,14.2857,1.59,1.59,0,0.00,,0,0
bathroom green,1,1,100,0.84,0.84,0,0.00,,0,0
bathroom mats and rugs,823,4,0.486,6.91,1.73,0,0.00,,0,0
bathroom mats gray,3,1,33.3333,1.28,1.28,0,0.00,,0,0
bathroom rug gray,288,1,0.3472,1.47,1.47,0,0.00,,0,0
bathroom rug white,2,1,50,1.98,1.98,0,0.00,,0,0
bathroom rugs dark gray,1,1,100,0.58,0.58,0,0.00,,0,0
bathroom rugs fluffy,3,1,33.3333,2.12,2.12,0,0.00,,0,0
bathroom rugs luxury,1,1,100,1.11,1.11,0,0.00,,0,0
bathroom rugs microfiber,5,1,20,1.87,1.87,0,0.00,,0,0
bathroom rugs non slip,33,2,6.0606,3.25,1.63,0,0.00,,0,0
bathroom rugs white,3,1,33.3333,1.06,1.06,0,0.00,,0,0
carpet anti-slip,2,1,50,1.43,1.43,0,0.00,,0,0
dark gray plush bath mat,1,1,100,0.55,0.55,0,0.00,,0,0
fashion bath mat,2,1,50,0.52,0.52,0,0.00,,0,0
fashion bath rugs,2,2,100,1.85,0.93,0,0.00,,0,0
fatigue mat,4,1,25,0.47,0.47,0,0.00,,0,0
fluffy bath mat,10,1,10,0.53,0.53,0,0.00,,0,0
fluffy bath rug,1,1,100,0.55,0.55,0,0.00,,0,0
fluffy bath rugs,3,1,33.3333,1.06,1.06,0,0.00,,0,0
fluffy bathroom mat,1,1,100,0.55,0.55,0,0.00,,0,0
fluffy carpet,13,1,7.6923,0.51,0.51,0,0.00,,0,0
fluffy rug,118,2,1.6949,1.37,0.69,0,0.00,,0,0
fluffy rugs,19,1,5.2632,0.97,0.97,0,0.00,,0,0
gray bath mat,62,2,3.2258,3.52,1.76,0,0.00,,0,0
gray bath rug,432,2,0.463,3.91,1.96,0,0.00,,0,0
gray bathroom mats,1,1,100,0.98,0.98,0,0.00,,0,0
gray bathroom rug,15,1,6.6667,0.62,0.62,0,0.00,,0,0
green bath mat,84,2,2.381,2.98,1.49,0,0.00,,0,0
green bath mats,36,2,5.5556,2.97,1.49,0,0.00,,0,0
green bath rugs for bathroom,1,1,100,0.97,0.97,0,0.00,,0,0
green bathroom,2,1,50,1.11,1.11,0,0.00,,0,0
green bathroom rug,154,4,2.5974,5.13,1.28,0,0.00,,0,0
green bathroom rugs,10,1,10,0.98,0.98,0,0.00,,0,0
luxury bath mat,14,2,14.2857,1.80,0.90,0,0.00,,0,0
luxury bath rug,3,1,33.3333,0.96,0.96,0,0.00,,0,0
luxury bathroom mats,263,1,0.3802,1.59,1.59,0,0.00,,0,0
luxury bathroom rug,8,2,25,1.79,0.90,0,0.00,,0,0
luxury bathroom rug mat,3,1,33.3333,0.94,0.94,0,0.00,,0,0
mat for bathroom,2,1,50,0.83,0.83,0,0.00,,0,0
microfiber bath rug,19,1,5.2632,1.64,1.64,0,0.00,,0,0
microfiber bathroom rug,14,1,7.1429,1.38,1.38,0,0.00,,0,0
microfiber mats,2,1,50,0.87,0.87,0,0.00,,0,0
microfiber rugs bathroom,50,1,2,1.85,1.85,0,0.00,,0,0
mint bath mat,3,2,66.6667,1.35,0.68,0,0.00,,0,0
mint green bath rugs,4,1,25,1.60,1.60,0,0.00,,0,0
non slip absorbent bath rugs,1,1,100,0.61,0.61,0,0.00,,0,0
non slip bathroom rug,5,2,40,2.17,1.09,0,0.00,,0,0
non slip rug,3,2,66.6667,2.81,1.41,0,0.00,,0,0
non-slip bathroom rugs,1,1,100,1.27,1.27,0,0.00,,0,0
plush bath mats,3,1,33.3333,1.49,1.49,0,0.00,,0,0
plush bath mats for bathroom,2,1,50,1.00,1.00,0,0.00,,0,0
plush bathroom mats and rugs,1,1,100,0.54,0.54,0,0.00,,0,0
plush gray bath mat,1,1,100,1.91,1.91,0,0.00,,0,0
plush rugs,7,1,14.2857,0.61,0.61,0,0.00,,0,0
rug fluffy,5,1,20,0.79,0.79,0,0.00,,0,0
shaggy bathroom carpet,2,1,50,0.89,0.89,0,0.00,,0,0
shaggy bathroom mat,1,1,100,1.31,1.31,0,0.00,,0,0
shaggy bathroom rugs,27,1,3.7037,1.88,1.88,0,0.00,,0,0
super plush bath mat,4,1,25,0.92,0.92,0,0.00,,0,0
thick bath mat,8,2,25,2.82,1.41,0,0.00,,0,0
thick bath rug,1,1,100,2.10,2.10,0,0.00,,0,0
thick non slip bathroom rugs,2,1,50,1.32,1.32,0,0.00,,0,0
thick rug,9,1,11.1111,0.51,0.51,0,0.00,,0,0
white bath mat plush,22,1,4.5455,1.73,1.73,0,0.00,,0,0
white bath rug,1,1,100,0.17,0.17,0,0.00,,0,0
white bath rugs,2,1,50,1.45,1.45,0,0.00,,0,0
white bathroom rug,36,2,5.5556,2.18,1.09,0,0.00,,0,0
white carpet,11,1,9.0909,0.74,0.74,0,0.00,,0,0
white plush bath mat,31,2,6.4516,3.53,1.77,0,0.00,,0,0
white rug for bathroom,23,2,8.6957,3.71,1.86,0,0.00,,0,0
white rug non slip,1,1,100,1.05,1.05,0,0.00,,0,0