﻿Customer search term,Impressions,Clicks,CTR(%),Spend(USD),CPC(USD),Orders,Sales(USD),ACOS(%),RoAS,Conversion rate
"""kitchen runner padded""",1,1,100,0.77,0.77,0,0.00,,0,0
anti fatigue kitchen mat long,1,1,100,0.52,0.52,0,0.00,,0,0
anti fatigue long kitchen mat,1,1,100,0.55,0.55,0,0.00,,0,0
anti fatigue mat kitchen,13,1,7.6923,0.42,0.42,0,0.00,,0,0
anti-fatigue mat kitchen,4,1,25,0.32,0.32,0,0.00,,0,0
antifatigue mats for kitchen,3,1,33.3333,0.30,0.30,0,0.00,,0,0
b01it19rhi,17,2,11.7647,0.51,0.26,0,0.00,,0,0
b06xywk9jl,1,1,100,0.63,0.63,0,0.00,,0,0
b072866xs3,1,1,100,0.35,0.35,0,0.00,,0,0
b074t1898h,2,1,50,0.32,0.32,0,0.00,,0,0
b079bj69n8,1,1,100,0.49,0.49,0,0.00,,0,0
b07czvmxjr,1,1,100,0.35,0.35,0,0.00,,0,0
b07gzps9nf,1,1,100,0.64,0.64,0,0.00,,0,0
b07h9t4fg7,6,1,16.6667,0.38,0.38,0,0.00,,0,0
b07hj559p7,1,1,100,0.28,0.28,0,0.00,,0,0
b07kc2l8vr,30,2,6.6667,0.70,0.35,0,0.00,,0,0
b07kjgbqwt,1,1,100,0.62,0.62,0,0.00,,0,0
b07l9spj4w,21,2,9.5238,1.20,0.60,0,0.00,,0,0
b07lfpks4j,3,1,33.3333,0.75,0.75,0,0.00,,0,0
b07np7hhb6,3,1,33.3333,0.75,0.75,0,0.00,,0,0
b07qsqvcj9,2,1,50,0.32,0.32,0,0.00,,0,0
b07vfrnkvw,8,1,12.5,0.74,0.74,1,49.99,1.4803,67.5541,100
b07w5tz8pq,2,1,50,0.15,0.15,0,0.00,,0,0
b07wdbvhjq,1,1,100,0.61,0.61,0,0.00,,0,0
b07wkczzfy,13,1,7.6923,0.48,0.48,0,0.00,,0,0
b07wx7tqhf,1,1,100,0.42,0.42,0,0.00,,0,0
b07y823dwy,7,1,14.2857,0.44,0.44,0,0.00,,0,0
b07y82r2wk,6,1,16.6667,0.75,0.75,0,0.00,,0,0
b07yb43nff,3,1,33.3333,0.32,0.32,1,39.99,0.8002,124.9688,100
black and white anti fatigue mat,2,1,50,0.13,0.13,0,0.00,,0,0
black kitchen runner rug,2,1,50,0.53,0.53,0,0.00,,0,0
blue kitchen floor mat,2,1,50,0.49,0.49,0,0.00,,0,0
carpet runner kitchen,13,1,7.6923,0.75,0.75,0,0.00,,0,0
chef rug,8,1,12.5,0.77,0.77,0,0.00,,0,0
comfort kitchen mat,2,1,50,0.45,0.45,0,0.00,,0,0
cushion kitchen carpet,1,1,100,0.51,0.51,0,0.00,,0,0
desk runner,1,1,100,0.53,0.53,0,0.00,,0,0
double sink mat,6,1,16.6667,0.78,0.78,0,0.00,,0,0
fatigue mat kitchen,1,1,100,0.73,0.73,0,0.00,,0,0
floor cushions 2,2,1,50,0.46,0.46,0,0.00,,0,0
floor mat kitchen,1,1,100,0.68,0.68,0,0.00,,0,0
floor mats for kitchen,3,1,33.3333,0.34,0.34,0,0.00,,0,0
floor rug runners long extra long,1,1,100,0.58,0.58,0,0.00,,0,0
foam floor mat,41,1,2.439,0.78,0.78,0,0.00,,0,0
foam rubber runner rug,1,1,100,0.75,0.75,0,0.00,,0,0
foam rug kitchen,2,1,50,0.53,0.53,0,0.00,,0,0
gel mat,9,1,11.1111,0.64,0.64,0,0.00,,0,0
golden rugs,1,1,100,0.75,0.75,0,0.00,,0,0
kirchen rug,1,1,100,0.46,0.46,0,0.00,,0,0
kitchen carpet,17,1,5.8824,0.72,0.72,0,0.00,,0,0
kitchen floor mat,29,1,3.4483,0.80,0.80,0,0.00,,0,0
kitchen floor mat long,1,1,100,0.80,0.80,0,0.00,,0,0
kitchen floor mats cushioned,35,1,2.8571,0.75,0.75,0,0.00,,0,0
kitchen floor mats set,1,1,100,0.42,0.42,0,0.00,,0,0
kitchen mats and rugs,10,1,10,0.75,0.75,0,0.00,,0,0
kitchen mats anti fatigue set,1,1,100,0.49,0.49,0,0.00,,0,0
kitchen mats cushioned anti fatigue,8,1,12.5,0.34,0.34,0,0.00,,0,0
kitchen mats cushioned anti fatigue black,1,1,100,0.72,0.72,0,0.00,,0,0
kitchen mats for floor,7,1,14.2857,0.32,0.32,0,0.00,,0,0
kitchen mats gel,2,1,50,0.78,0.78,0,0.00,,0,0
kitchen mats rubber,9,1,11.1111,0.70,0.70,0,0.00,,0,0
kitchen non slip long runners,2,1,50,0.71,0.71,0,0.00,,0,0
kitchen padded mat,1,1,100,0.77,0.77,0,0.00,,0,0
kitchen rug,280,3,1.0714,1.38,0.46,0,0.00,,0,0
kitchen rugs,181,1,0.5525,0.42,0.42,0,0.00,,0,0
kitchen rugs and mats,82,3,3.6585,1.59,0.53,0,0.00,,0,0
kitchen rugs black,3,1,33.3333,0.51,0.51,0,0.00,,0,0
kitchen rugs non skid,7,2,28.5714,0.47,0.24,0,0.00,,0,0
kitchen rugs white,1,1,100,0.49,0.49,0,0.00,,0,0
kitchen runner,6,1,16.6667,0.74,0.74,0,0.00,,0,0
kitchen runner rug,15,1,6.6667,0.45,0.45,0,0.00,,0,0
kitchen sink mats,2,1,50,0.53,0.53,0,0.00,,0,0
kitchen throw rugs,35,1,2.8571,0.69,0.69,0,0.00,,0,0
long carpet,1,1,100,0.75,0.75,0,0.00,,0,0
long kitchen mat,2,1,50,0.75,0.75,0,0.00,,0,0
long kitchen mat,1,1,100,0.53,0.53,0,0.00,,0,0
long kitchen runners,2,1,50,0.42,0.42,0,0.00,,0,0
mats for kitchen,13,1,7.6923,0.39,0.39,0,0.00,,0,0
memory foam kitchen runner,5,2,40,1.27,0.64,0,0.00,,0,0
memory foam mat,3,1,33.3333,0.75,0.75,0,0.00,,0,0
non skid kitchen rugs,2,1,50,0.44,0.44,0,0.00,,0,0
non slip kitchen runner rugs,1,1,100,0.52,0.52,0,0.00,,0,0
non slip runner rug,2,1,50,0.25,0.25,0,0.00,,0,0
padded kitchen floor mats,1,1,100,0.78,0.78,0,0.00,,0,0
pink anti fatigue rug,5,1,20,0.64,0.64,0,0.00,,0,0
pink rug non slip,1,1,100,0.47,0.47,0,0.00,,0,0
rugs for entryway,12,2,16.6667,1.34,0.67,0,0.00,,0,0
rugs for kitchen floor,69,2,2.8986,1.10,0.55,0,0.00,,0,0
rugs kitchen non slip,1,1,100,0.50,0.50,0,0.00,,0,0
sink accessories,1,1,100,0.80,0.80,0,0.00,,0,0
sink rug memory foam,3,1,33.3333,0.53,0.53,0,0.00,,0,0
stress mats for kitchen,2,1,50,0.52,0.52,0,0.00,,0,0
thick kitchen mat,11,1,9.0909,0.74,0.74,0,0.00,,0,0
throw rugs and runners,3,1,33.3333,0.43,0.43,0,0.00,,0,0
vinyl rug,7,1,14.2857,0.26,0.26,0,0.00,,0,0
white marble kitchen mat,1,1,100,0.47,0.47,0,0.00,,0,0
white table runner,1,1,100,0.52,0.52,0,0.00,,0,0