﻿State,Keyword,Match type,Status,Suggested bid (low)(USD),Suggested bid (median)(USD),Suggested bid (high)(USD),Keyword bid(USD),Impressions,Clicks,CTR(%),Spend(USD),CPC(USD),Orders,Sales(USD),ACOS(%)
ENABLED,17x24 bath rug,BROAD,CAMPAIGN_PAUSED,0.77,0.94,1.39,0.68,0,0,,0.00,0.00,0,0.00,
ENABLED,absorbant bath mats,BROAD,CAMPAIGN_PAUSED,0.83,1.20,2.09,0.75,0,0,,0.00,0.00,0,0.00,
ENABLED,absorbent bath mat,BROAD,CAMPAIGN_PAUSED,0.75,1.17,1.68,1.08,0,0,,0.00,0.00,0,0.00,
ENABLED,absorbent bath mat mold resistent,BROAD,CAMPAIGN_PAUSED,,,,0.55,0,0,,0.00,0.00,0,0.00,
ENABLED,amazon bath mats,BROAD,CAMPAIGN_PAUSED,0.66,0.90,1.53,0.55,0,0,,0.00,0.00,0,0.00,
ENABLED,amazon bathroom rugs,BROAD,CAMPAIGN_PAUSED,0.86,1.08,1.76,0.72,0,0,,0.00,0.00,0,0.00,
ENABLED,bath carpet,BROAD,CAMPAIGN_PAUSED,0.78,1.06,1.37,0.62,0,0,,0.00,0.00,0,0.00,
ENABLED,bath carpets and rugs,BROAD,CAMPAIGN_PAUSED,0.78,1.06,1.40,0.56,0,0,,0.00,0.00,0,0.00,
ENABLED,bath floor mats,BROAD,CAMPAIGN_PAUSED,0.72,1.03,2.07,0.75,0,0,,0.00,0.00,0,0.00,
ENABLED,bath mat boho,BROAD,CAMPAIGN_PAUSED,0.67,0.85,1.09,0.66,0,0,,0.00,0.00,0,0.00,
ENABLED,bath mat cute,BROAD,CAMPAIGN_PAUSED,0.72,0.88,1.18,0.61,0,0,,0.00,0.00,0,0.00,
ENABLED,bath mat for floor,BROAD,CAMPAIGN_PAUSED,0.72,1.03,2.07,0.77,0,0,,0.00,0.00,0,0.00,
ENABLED,bath mat gorgeous,BROAD,CAMPAIGN_PAUSED,0.52,0.67,0.82,0.43,0,0,,0.00,0.00,0,0.00,
ENABLED,bath mat luxury,BROAD,CAMPAIGN_PAUSED,0.74,0.98,1.96,0.79,0,0,,0.00,0.00,0,0.00,
ENABLED,bath mat pattern,BROAD,CAMPAIGN_PAUSED,0.69,0.95,1.11,0.62,0,0,,0.00,0.00,0,0.00,
ENABLED,bath mat rug,BROAD,CAMPAIGN_PAUSED,0.77,1.10,1.78,0.64,0,0,,0.00,0.00,0,0.00,
ENABLED,bath mat soft,BROAD,CAMPAIGN_PAUSED,0.72,0.95,1.90,0.72,0,0,,0.00,0.00,0,0.00,
ENABLED,bath mat tribal,BROAD,CAMPAIGN_PAUSED,0.66,0.85,1.70,0.50,0,0,,0.00,0.00,0,0.00,
ENABLED,bath mat washable,BROAD,CAMPAIGN_PAUSED,0.79,1.19,2.39,0.76,0,0,,0.00,0.00,0,0.00,
ENABLED,bath mat white,BROAD,CAMPAIGN_PAUSED,0.78,0.96,1.73,0.69,0,0,,0.00,0.00,0,0.00,
ENABLED,bath mats for bathroom,BROAD,CAMPAIGN_PAUSED,0.98,1.53,1.99,0.97,0,0,,0.00,0.00,0,0.00,
ENABLED,bath mats for floors,BROAD,CAMPAIGN_PAUSED,0.72,1.03,2.07,0.77,0,0,,0.00,0.00,0,0.00,
ENABLED,bath mats thick,BROAD,CAMPAIGN_PAUSED,0.75,1.00,1.52,0.36,0,0,,0.00,0.00,0,0.00,
ENABLED,bath matts,BROAD,CAMPAIGN_PAUSED,0.68,0.91,1.82,0.59,0,0,,0.00,0.00,0,0.00,
ENABLED,bath rug,BROAD,CAMPAIGN_PAUSED,0.75,1.16,1.82,0.83,0,0,,0.00,0.00,0,0.00,
ENABLED,bath rug mat,BROAD,CAMPAIGN_PAUSED,0.77,1.10,1.78,0.64,0,0,,0.00,0.00,0,0.00,
ENABLED,bath rug microfiber,BROAD,CAMPAIGN_PAUSED,0.64,0.85,1.70,0.69,0,0,,0.00,0.00,0,0.00,
ENABLED,bath rug natural,BROAD,CAMPAIGN_PAUSED,0.70,0.85,1.24,0.69,0,0,,0.00,0.00,0,0.00,
ENABLED,bath rug non slip,BROAD,CAMPAIGN_PAUSED,0.84,1.23,2.04,0.83,0,0,,0.00,0.00,0,0.00,
ENABLED,bath rug plush,BROAD,CAMPAIGN_PAUSED,0.79,1.11,1.52,0.77,0,0,,0.00,0.00,0,0.00,
ENABLED,bath rug runner,BROAD,CAMPAIGN_PAUSED,0.80,1.07,1.68,0.86,0,0,,0.00,0.00,0,0.00,
ENABLED,bath rug thick,BROAD,CAMPAIGN_PAUSED,0.83,1.07,1.56,0.52,0,0,,0.00,0.00,0,0.00,
ENABLED,bath rugs,BROAD,CAMPAIGN_PAUSED,0.75,1.16,1.82,0.70,0,0,,0.00,0.00,0,0.00,
ENABLED,bath rugs 17x24,BROAD,CAMPAIGN_PAUSED,0.77,0.94,1.39,0.83,0,0,,0.00,0.00,0,0.00,
ENABLED,bath rugs absorbent mats,BROAD,CAMPAIGN_PAUSED,0.72,1.00,1.18,0.64,0,0,,0.00,0.00,0,0.00,
ENABLED,bath rugs and mats,BROAD,CAMPAIGN_PAUSED,0.77,1.10,1.78,0.64,0,0,,0.00,0.00,0,0.00,
ENABLED,bath rugs and runners,BROAD,CAMPAIGN_PAUSED,0.80,1.07,1.68,0.86,0,0,,0.00,0.00,0,0.00,
ENABLED,bath rugs for bathroom,BROAD,CAMPAIGN_PAUSED,0.80,1.16,1.91,0.68,0,0,,0.00,0.00,0,0.00,
ENABLED,bath rugs for bathroom non slip,BROAD,CAMPAIGN_PAUSED,0.80,1.17,1.98,0.73,0,0,,0.00,0.00,0,0.00,
ENABLED,bath rugs mats,BROAD,CAMPAIGN_PAUSED,0.77,1.10,1.78,0.64,0,0,,0.00,0.00,0,0.00,
ENABLED,bath rugs modern,BROAD,CAMPAIGN_PAUSED,0.69,0.82,1.18,0.70,0,0,,0.00,0.00,0,0.00,
ENABLED,bath rugs non slip,BROAD,CAMPAIGN_PAUSED,0.84,1.23,2.04,0.83,0,0,,0.00,0.00,0,0.00,
ENABLED,bath rugs white,BROAD,CAMPAIGN_PAUSED,0.75,0.93,1.86,0.80,0,0,,0.00,0.00,0,0.00,
ENABLED,bath rugs with runner,BROAD,CAMPAIGN_PAUSED,0.79,0.94,1.49,0.71,0,0,,0.00,0.00,0,0.00,
ENABLED,bath runner mat,BROAD,CAMPAIGN_PAUSED,0.76,1.00,1.45,0.86,0,0,,0.00,0.00,0,0.00,
ENABLED,bathmat,BROAD,CAMPAIGN_PAUSED,0.63,0.87,1.58,0.50,0,0,,0.00,0.00,0,0.00,
ENABLED,bathmats for bathroom,BROAD,CAMPAIGN_PAUSED,0.66,0.87,1.56,0.59,0,0,,0.00,0.00,0,0.00,
ENABLED,bathroom anti fatigue mat,BROAD,CAMPAIGN_PAUSED,0.88,1.20,1.96,0.90,0,0,,0.00,0.00,0,0.00,
ENABLED,bathroom area rugs,BROAD,CAMPAIGN_PAUSED,0.88,1.17,1.91,0.73,0,0,,0.00,0.00,0,0.00,
ENABLED,bathroom bath mat,BROAD,CAMPAIGN_PAUSED,0.95,1.49,2.99,0.97,0,0,,0.00,0.00,0,0.00,
ENABLED,bathroom bath mats,BROAD,CAMPAIGN_PAUSED,0.95,1.49,2.99,0.88,0,0,,0.00,0.00,0,0.00,
ENABLED,bathroom carpet,BROAD,CAMPAIGN_PAUSED,0.69,0.92,1.41,0.67,0,0,,0.00,0.00,0,0.00,
ENABLED,bathroom floor mats,BROAD,CAMPAIGN_PAUSED,0.67,0.96,1.92,0.78,0,0,,0.00,0.00,0,0.00,
ENABLED,bathroom mat,BROAD,CAMPAIGN_PAUSED,0.90,1.13,2.27,0.63,0,0,,0.00,0.00,0,0.00,
ENABLED,bathroom mat small,BROAD,CAMPAIGN_PAUSED,0.78,1.00,1.57,0.65,0,0,,0.00,0.00,0,0.00,
ENABLED,bathroom mats,BROAD,CAMPAIGN_PAUSED,0.90,1.13,2.27,0.97,0,0,,0.00,0.00,0,0.00,
ENABLED,bathroom mats and rugs,BROAD,CAMPAIGN_PAUSED,0.75,1.01,1.51,0.71,0,0,,0.00,0.00,0,0.00,
ENABLED,bathroom rug,BROAD,CAMPAIGN_PAUSED,0.83,1.09,1.45,0.87,0,0,,0.00,0.00,0,0.00,
ENABLED,bathroom rug boho,BROAD,CAMPAIGN_PAUSED,0.64,0.88,1.73,0.80,0,0,,0.00,0.00,0,0.00,
ENABLED,bathroom rug farmhouse,BROAD,CAMPAIGN_PAUSED,0.72,0.93,1.18,0.87,0,0,,0.00,0.00,0,0.00,
ENABLED,bathroom rug non slip,BROAD,CAMPAIGN_PAUSED,0.80,1.18,1.82,0.84,0,0,,0.00,0.00,0,0.00,
ENABLED,bathroom rug runners,BROAD,CAMPAIGN_PAUSED,0.90,1.19,1.80,0.84,0,0,,0.00,0.00,0,0.00,
ENABLED,bathroom rug washable,BROAD,CAMPAIGN_PAUSED,0.83,1.15,1.60,0.85,0,0,,0.00,0.00,0,0.00,
ENABLED,bathroom rug white,BROAD,CAMPAIGN_PAUSED,0.69,0.96,1.29,0.79,0,0,,0.00,0.00,0,0.00,
ENABLED,bathroom rugs,BROAD,CAMPAIGN_PAUSED,0.83,1.09,1.45,0.75,0,0,,0.00,0.00,0,0.00,
ENABLED,bathroom rugs absorbent,BROAD,CAMPAIGN_PAUSED,0.85,1.21,2.09,0.76,0,0,,0.00,0.00,0,0.00,
ENABLED,bathroom rugs and mats,BROAD,CAMPAIGN_PAUSED,0.76,1.00,1.64,0.73,0,0,,0.00,0.00,0,0.00,
ENABLED,bathroom rugs black and white,BROAD,CAMPAIGN_PAUSED,0.69,0.86,1.21,0.62,0,0,,0.00,0.00,0,0.00,
ENABLED,bathroom rugs boho,BROAD,CAMPAIGN_PAUSED,0.64,0.88,1.73,0.80,0,0,,0.00,0.00,0,0.00,
ENABLED,bathroom rugs cotton,BROAD,CAMPAIGN_PAUSED,0.78,1.00,2.00,0.86,0,0,,0.00,0.00,0,0.00,
ENABLED,bathroom rugs farmhouse,BROAD,CAMPAIGN_PAUSED,0.72,0.93,1.18,0.87,0,0,,0.00,0.00,0,0.00,
ENABLED,bathroom rugs luxury,BROAD,CAMPAIGN_PAUSED,0.71,0.93,1.58,0.60,0,0,,0.00,0.00,0,0.00,
ENABLED,bathroom rugs modern,BROAD,CAMPAIGN_PAUSED,0.69,0.90,1.21,0.66,0,0,,0.00,0.00,0,0.00,
ENABLED,bathroom rugs non slip,BROAD,CAMPAIGN_PAUSED,0.80,1.18,1.82,0.84,0,0,,0.00,0.00,0,0.00,
ENABLED,bathroom rugs patterned,BROAD,CAMPAIGN_PAUSED,0.80,0.99,1.33,0.62,0,0,,0.00,0.00,0,0.00,
ENABLED,bathroom rugs rustic,BROAD,CAMPAIGN_PAUSED,0.64,0.84,1.21,0.62,0,0,,0.00,0.00,0,0.00,
ENABLED,bathroom rugs small,BROAD,CAMPAIGN_PAUSED,0.72,0.99,1.47,0.83,0,0,,0.00,0.00,0,0.00,
ENABLED,bathroom rugs white,BROAD,CAMPAIGN_PAUSED,0.69,0.96,1.29,0.79,0,0,,0.00,0.00,0,0.00,
ENABLED,bathroom runners non skid washable,BROAD,CAMPAIGN_PAUSED,0.76,0.96,1.31,0.91,0,0,,0.00,0.00,0,0.00,
ENABLED,bathroom shag rugs,BROAD,CAMPAIGN_PAUSED,0.86,1.19,2.39,0.93,0,0,,0.00,0.00,0,0.00,
ENABLED,bathroom washable rugs,BROAD,CAMPAIGN_PAUSED,0.83,1.28,2.57,0.83,0,0,,0.00,0.00,0,0.00,
ENABLED,bathroon floor mats,BROAD,CAMPAIGN_PAUSED,,,,0.55,0,0,,0.00,0.00,0,0.00,
ENABLED,bathrug,BROAD,CAMPAIGN_PAUSED,0.68,0.85,1.27,0.56,0,0,,0.00,0.00,0,0.00,
ENABLED,bathrugs,BROAD,CAMPAIGN_PAUSED,0.68,0.85,1.27,0.56,0,0,,0.00,0.00,0,0.00,
ENABLED,bathtub runner mat,BROAD,CAMPAIGN_PAUSED,0.51,0.61,0.95,0.69,0,0,,0.00,0.00,0,0.00,
ENABLED,beige black bathroom rug,BROAD,CAMPAIGN_PAUSED,0.70,0.88,1.17,0.60,0,0,,0.00,0.00,0,0.00,
ENABLED,best bath mat,BROAD,CAMPAIGN_PAUSED,0.67,1.10,2.21,0.62,0,0,,0.00,0.00,0,0.00,
ENABLED,black and white bath mat,BROAD,CAMPAIGN_PAUSED,0.69,0.91,1.17,0.52,0,0,,0.00,0.00,0,0.00,
ENABLED,black and white bath rug,BROAD,CAMPAIGN_PAUSED,0.71,0.87,1.16,0.80,0,0,,0.00,0.00,0,0.00,
ENABLED,black and white bath rugs,BROAD,CAMPAIGN_PAUSED,0.71,0.87,1.16,0.80,0,0,,0.00,0.00,0,0.00,
ENABLED,black and white bathroom mat,BROAD,CAMPAIGN_PAUSED,0.78,0.92,1.21,0.58,0,0,,0.00,0.00,0,0.00,
ENABLED,black and white bathroom rug,BROAD,CAMPAIGN_PAUSED,0.69,0.86,1.21,0.60,0,0,,0.00,0.00,0,0.00,
ENABLED,black and white bathroom rugs,BROAD,CAMPAIGN_PAUSED,0.69,0.86,1.21,0.60,0,0,,0.00,0.00,0,0.00,
ENABLED,black and white shower rug,BROAD,CAMPAIGN_PAUSED,0.59,0.70,0.96,0.40,0,0,,0.00,0.00,0,0.00,
ENABLED,black white bath mat,BROAD,CAMPAIGN_PAUSED,0.69,0.91,1.17,0.52,0,0,,0.00,0.00,0,0.00,
ENABLED,black white bathroom rug,BROAD,CAMPAIGN_PAUSED,0.69,0.86,1.21,0.60,0,0,,0.00,0.00,0,0.00,
ENABLED,blue and white bath mat,BROAD,CAMPAIGN_PAUSED,0.70,0.82,1.08,0.59,0,0,,0.00,0.00,0,0.00,
ENABLED,blush bath mat,BROAD,CAMPAIGN_PAUSED,0.67,0.90,1.47,0.67,0,0,,0.00,0.00,0,0.00,
ENABLED,bohemian bath mat,BROAD,CAMPAIGN_PAUSED,0.72,0.86,1.26,0.66,0,0,,0.00,0.00,0,0.00,
ENABLED,bohemian bathroom rug,BROAD,CAMPAIGN_PAUSED,0.67,0.86,1.55,0.58,0,0,,0.00,0.00,0,0.00,
ENABLED,bohemian bathroom rugs,BROAD,CAMPAIGN_PAUSED,0.67,0.86,1.55,0.58,0,0,,0.00,0.00,0,0.00,
ENABLED,boho bath mat,BROAD,CAMPAIGN_PAUSED,0.69,0.87,1.15,0.61,0,0,,0.00,0.00,0,0.00,
ENABLED,boho bath rug,BROAD,CAMPAIGN_PAUSED,0.69,0.87,1.23,0.60,0,0,,0.00,0.00,0,0.00,
ENABLED,boho bath runner rug,BROAD,CAMPAIGN_PAUSED,0.76,1.57,1.57,0.49,0,0,,0.00,0.00,0,0.00,
ENABLED,boho bathroom mat,BROAD,CAMPAIGN_PAUSED,0.72,0.90,1.43,0.66,0,0,,0.00,0.00,0,0.00,
ENABLED,boho bathroom rug,BROAD,CAMPAIGN_PAUSED,0.63,0.84,1.21,0.81,0,0,,0.00,0.00,0,0.00,
ENABLED,boho bathroom rugs,BROAD,CAMPAIGN_PAUSED,0.63,0.84,1.21,0.81,0,0,,0.00,0.00,0,0.00,
ENABLED,charisma bath rug,BROAD,CAMPAIGN_PAUSED,0.58,0.76,1.52,0.58,0,0,,0.00,0.00,0,0.00,
ENABLED,charisma bath rugs,BROAD,CAMPAIGN_PAUSED,0.58,0.76,1.52,0.58,0,0,,0.00,0.00,0,0.00,
ENABLED,cotton bath mats,BROAD,CAMPAIGN_PAUSED,0.68,1.13,1.94,0.65,0,0,,0.00,0.00,0,0.00,
ENABLED,cushioned bath mat,BROAD,CAMPAIGN_PAUSED,0.58,0.98,1.96,0.44,0,0,,0.00,0.00,0,0.00,
ENABLED,cute bath mat,BROAD,CAMPAIGN_PAUSED,0.72,0.88,1.18,0.61,0,0,,0.00,0.00,0,0.00,
ENABLED,cute bath mats,BROAD,CAMPAIGN_PAUSED,0.72,0.88,1.18,0.61,0,0,,0.00,0.00,0,0.00,
ENABLED,cute bathmat,BROAD,CAMPAIGN_PAUSED,0.51,0.63,0.76,0.47,0,0,,0.00,0.00,0,0.00,
ENABLED,decorative bath mat,BROAD,CAMPAIGN_PAUSED,0.83,1.00,1.25,0.65,0,0,,0.00,0.00,0,0.00,
ENABLED,decorative bathroom rug,BROAD,CAMPAIGN_PAUSED,0.72,0.92,1.17,0.58,0,0,,0.00,0.00,0,0.00,
ENABLED,decorative bathroom rugs,BROAD,CAMPAIGN_PAUSED,0.72,0.92,1.17,0.58,0,0,,0.00,0.00,0,0.00,
ENABLED,desiderare rug,BROAD,CAMPAIGN_PAUSED,,,,0.55,0,0,,0.00,0.00,0,0.00,
ENABLED,desiderare thick fluffy bath mat moroccan craftsman,BROAD,CAMPAIGN_PAUSED,,,,0.55,0,0,,0.00,0.00,0,0.00,
ENABLED,farmhouse bath mat,BROAD,CAMPAIGN_PAUSED,0.79,1.02,1.35,0.80,0,0,,0.00,0.00,0,0.00,
ENABLED,farmhouse bathroom rug,BROAD,CAMPAIGN_PAUSED,0.72,0.93,1.18,0.40,0,0,,0.00,0.00,0,0.00,
ENABLED,farmhouse bathroom rugs,BROAD,CAMPAIGN_PAUSED,0.72,0.93,1.18,0.40,0,0,,0.00,0.00,0,0.00,
ENABLED,farmhouse rug for bathroom,BROAD,CAMPAIGN_PAUSED,0.69,0.88,1.16,0.85,0,0,,0.00,0.00,0,0.00,
ENABLED,farmhouse rugs for bathroom,BROAD,CAMPAIGN_PAUSED,0.69,0.88,1.16,0.85,0,0,,0.00,0.00,0,0.00,
ENABLED,floor mat bathroom,BROAD,CAMPAIGN_PAUSED,0.67,0.94,1.88,0.84,0,0,,0.00,0.00,0,0.00,
ENABLED,floor mats for bathroom,BROAD,CAMPAIGN_PAUSED,0.67,0.94,1.88,0.84,0,0,,0.00,0.00,0,0.00,
ENABLED,fluffy bath mat,BROAD,CAMPAIGN_PAUSED,0.54,0.82,1.64,0.59,0,0,,0.00,0.00,0,0.00,
ENABLED,fluffy bath rug,BROAD,CAMPAIGN_PAUSED,0.62,0.99,1.53,0.58,0,0,,0.00,0.00,0,0.00,
ENABLED,fluffy bathroom rug,BROAD,CAMPAIGN_PAUSED,0.72,0.96,1.31,0.59,0,0,,0.00,0.00,0,0.00,
ENABLED,fluffy bathroom rugs,BROAD,CAMPAIGN_PAUSED,0.72,0.96,1.31,0.59,0,0,,0.00,0.00,0,0.00,
ENABLED,fluffy white bathroom rug,BROAD,CAMPAIGN_PAUSED,0.68,0.96,1.92,0.64,0,0,,0.00,0.00,0,0.00,
ENABLED,foot bath mat,BROAD,CAMPAIGN_PAUSED,0.67,0.90,1.80,0.49,0,0,,0.00,0.00,0,0.00,
ENABLED,fuzzy bath mat,BROAD,CAMPAIGN_PAUSED,0.77,0.95,1.47,0.56,0,0,,0.00,0.00,0,0.00,
ENABLED,fuzzy bathroom rug,BROAD,CAMPAIGN_PAUSED,0.76,0.93,1.76,0.60,0,0,,0.00,0.00,0,0.00,
ENABLED,innocor bath mat,BROAD,CAMPAIGN_PAUSED,0.53,0.78,1.33,0.48,0,0,,0.00,0.00,0,0.00,
ENABLED,luxury bath mat,BROAD,CAMPAIGN_PAUSED,0.77,0.98,1.70,0.88,0,0,,0.00,0.00,0,0.00,
ENABLED,luxury bath mats,BROAD,CAMPAIGN_PAUSED,0.77,0.98,1.70,0.88,0,0,,0.00,0.00,0,0.00,
ENABLED,luxury bath mats for bathroom,BROAD,CAMPAIGN_PAUSED,0.90,1.12,2.25,0.79,0,0,,0.00,0.00,0,0.00,
ENABLED,luxury bath rugs,BROAD,CAMPAIGN_PAUSED,0.78,1.03,1.67,0.75,0,0,,0.00,0.00,0,0.00,
ENABLED,luxury bathroom rugs,BROAD,CAMPAIGN_PAUSED,0.71,0.93,1.58,0.55,0,0,,0.00,0.00,0,0.00,
ENABLED,mat bathroom,BROAD,CAMPAIGN_PAUSED,0.90,1.13,2.27,0.97,0,0,,0.00,0.00,0,0.00,
ENABLED,mat for bathroom,BROAD,CAMPAIGN_PAUSED,0.90,1.13,2.27,0.97,0,0,,0.00,0.00,0,0.00,
ENABLED,microfiber bath mat,BROAD,CAMPAIGN_PAUSED,0.68,0.93,1.86,0.64,0,0,,0.00,0.00,0,0.00,
ENABLED,microfiber bath rug,BROAD,CAMPAIGN_PAUSED,0.64,0.85,1.70,0.94,0,0,,0.00,0.00,0,0.00,
ENABLED,modern bath mat,BROAD,CAMPAIGN_PAUSED,0.80,0.96,1.26,0.73,0,0,,0.00,0.00,0,0.00,
ENABLED,modern bath rug,BROAD,CAMPAIGN_PAUSED,0.69,0.82,1.18,0.59,0,0,,0.00,0.00,0,0.00,
ENABLED,modern bathroom mat,BROAD,CAMPAIGN_PAUSED,0.74,0.99,1.35,0.67,0,0,,0.00,0.00,0,0.00,
ENABLED,modern bathroom rug,BROAD,CAMPAIGN_PAUSED,0.74,0.93,1.27,0.68,0,0,,0.00,0.00,0,0.00,
ENABLED,mohawk bath rug,BROAD,CAMPAIGN_PAUSED,0.83,1.16,2.33,0.65,0,0,,0.00,0.00,0,0.00,
ENABLED,mohawk bath rugs,BROAD,CAMPAIGN_PAUSED,0.83,1.16,2.33,0.65,0,0,,0.00,0.00,0,0.00,
ENABLED,moroccan bath mat,BROAD,CAMPAIGN_PAUSED,0.66,0.84,1.35,0.76,0,0,,0.00,0.00,0,0.00,
ENABLED,moroccan bathroom rug,BROAD,CAMPAIGN_PAUSED,0.63,0.96,1.24,0.65,0,0,,0.00,0.00,0,0.00,
ENABLED,morracan bath mat,BROAD,CAMPAIGN_PAUSED,,,,0.55,0,0,,0.00,0.00,0,0.00,
ENABLED,natural bath rug,BROAD,CAMPAIGN_PAUSED,0.71,0.99,1.98,0.69,0,0,,0.00,0.00,0,0.00,
ENABLED,neutral bathroom rug,BROAD,CAMPAIGN_PAUSED,0.79,0.96,1.35,0.54,0,0,,0.00,0.00,0,0.00,
ENABLED,no slip bath rug,BROAD,CAMPAIGN_PAUSED,0.72,1.15,2.31,0.59,0,0,,0.00,0.00,0,0.00,
ENABLED,no slip bathroom rug,BROAD,CAMPAIGN_PAUSED,0.72,0.98,1.78,0.65,0,0,,0.00,0.00,0,0.00,
ENABLED,non skid bath mats for bathroom floor,BROAD,CAMPAIGN_PAUSED,0.90,0.99,1.96,0.91,0,0,,0.00,0.00,0,0.00,
ENABLED,non skid bath rugs,BROAD,CAMPAIGN_PAUSED,0.83,0.96,1.51,0.78,0,0,,0.00,0.00,0,0.00,
ENABLED,non slip bath mat,BROAD,CAMPAIGN_PAUSED,0.92,1.18,2.37,0.72,0,0,,0.00,0.00,0,0.00,
ENABLED,non slip bath rug,BROAD,CAMPAIGN_PAUSED,0.86,1.16,1.98,0.91,0,0,,0.00,0.00,0,0.00,
ENABLED,non slip bathroom rug,BROAD,CAMPAIGN_PAUSED,0.83,1.16,1.98,0.90,0,0,,0.00,0.00,0,0.00,
ENABLED,nonslip bathroom rug,BROAD,CAMPAIGN_PAUSED,0.64,0.86,1.39,0.80,0,0,,0.00,0.00,0,0.00,
ENABLED,pattern bath mat,BROAD,CAMPAIGN_PAUSED,0.71,0.88,1.15,0.62,0,0,,0.00,0.00,0,0.00,
ENABLED,patterned bath mat,BROAD,CAMPAIGN_PAUSED,0.70,0.82,1.04,0.71,0,0,,0.00,0.00,0,0.00,
ENABLED,plush bath mat,BROAD,CAMPAIGN_PAUSED,0.84,1.00,1.40,0.80,0,0,,0.00,0.00,0,0.00,
ENABLED,plush bath mats for bathroom,BROAD,CAMPAIGN_PAUSED,0.96,1.15,1.81,0.65,0,0,,0.00,0.00,0,0.00,
ENABLED,plush bathroom mat,BROAD,CAMPAIGN_PAUSED,0.83,0.96,1.42,0.62,0,0,,0.00,0.00,0,0.00,
ENABLED,plush bathroom rugs,BROAD,CAMPAIGN_PAUSED,0.80,1.00,1.53,1.02,0,0,,0.00,0.00,0,0.00,
ENABLED,rug for bathroom,BROAD,CAMPAIGN_PAUSED,0.79,1.04,1.36,0.60,0,0,,0.00,0.00,0,0.00,
ENABLED,rug runner bathroom,BROAD,CAMPAIGN_PAUSED,0.90,1.19,1.80,1.01,0,0,,0.00,0.00,0,0.00,
ENABLED,rugs for bathroom,BROAD,CAMPAIGN_PAUSED,0.79,1.04,1.36,0.80,0,0,,0.00,0.00,0,0.00,
ENABLED,rugs for bathroom floor,BROAD,CAMPAIGN_PAUSED,0.72,0.93,1.37,0.62,0,0,,0.00,0.00,0,0.00,
ENABLED,rugs for the bathroom,BROAD,CAMPAIGN_PAUSED,0.79,1.04,1.36,0.80,0,0,,0.00,0.00,0,0.00,
ENABLED,shag bath mat,BROAD,CAMPAIGN_PAUSED,0.76,0.95,1.51,0.75,0,0,,0.00,0.00,0,0.00,
ENABLED,shag bath rug,BROAD,CAMPAIGN_PAUSED,0.85,1.18,1.83,0.93,0,0,,0.00,0.00,0,0.00,
ENABLED,shag bathroom rug,BROAD,CAMPAIGN_PAUSED,0.80,1.06,1.72,0.93,0,0,,0.00,0.00,0,0.00,
ENABLED,shaggy bath mat,BROAD,CAMPAIGN_PAUSED,0.82,1.09,2.18,0.86,0,0,,0.00,0.00,0,0.00,
ENABLED,shaggy bathroom mat,BROAD,CAMPAIGN_PAUSED,0.85,1.04,1.33,0.61,0,0,,0.00,0.00,0,0.00,
ENABLED,shaggy bathroom rugs,BROAD,CAMPAIGN_PAUSED,0.83,1.06,1.37,0.73,0,0,,0.00,0.00,0,0.00,
ENABLED,shower rugs,BROAD,CAMPAIGN_PAUSED,0.54,0.62,1.17,0.47,0,0,,0.00,0.00,0,0.00,
ENABLED,small bath rugs,BROAD,CAMPAIGN_PAUSED,0.77,1.04,1.60,0.72,0,0,,0.00,0.00,0,0.00,
ENABLED,small bathroom mats,BROAD,CAMPAIGN_PAUSED,0.67,0.80,1.39,0.66,0,0,,0.00,0.00,0,0.00,
ENABLED,small white bath mat,BROAD,CAMPAIGN_PAUSED,0.69,0.80,1.17,0.72,0,0,,0.00,0.00,0,0.00,
ENABLED,soft bath mat,BROAD,CAMPAIGN_PAUSED,0.77,0.96,1.92,0.72,0,0,,0.00,0.00,0,0.00,
ENABLED,soft bathroom rug,BROAD,CAMPAIGN_PAUSED,0.80,1.19,2.07,0.81,0,0,,0.00,0.00,0,0.00,
ENABLED,spa bath mat,BROAD,CAMPAIGN_PAUSED,0.60,0.92,1.84,0.48,0,0,,0.00,0.00,0,0.00,
ENABLED,super absorbent bath mat,BROAD,CAMPAIGN_PAUSED,0.75,1.17,1.66,0.87,0,0,,0.00,0.00,0,0.00,
ENABLED,thick bath mat,BROAD,CAMPAIGN_PAUSED,0.74,1.11,1.75,0.56,0,0,,0.00,0.00,0,0.00,
ENABLED,thick bath rug,BROAD,CAMPAIGN_PAUSED,0.74,0.93,1.44,0.54,0,0,,0.00,0.00,0,0.00,
ENABLED,thick bathroom rugs,BROAD,CAMPAIGN_PAUSED,0.90,1.02,1.56,0.91,0,0,,0.00,0.00,0,0.00,
ENABLED,throw rugs for bathroom,BROAD,CAMPAIGN_PAUSED,0.77,0.92,1.51,0.67,0,0,,0.00,0.00,0,0.00,
ENABLED,tribal bath mat,BROAD,CAMPAIGN_PAUSED,0.60,0.76,1.01,0.53,0,0,,0.00,0.00,0,0.00,
ENABLED,tufted bath mat,BROAD,CAMPAIGN_PAUSED,0.80,1.06,1.57,0.56,0,0,,0.00,0.00,0,0.00,
ENABLED,tufted bath rug,BROAD,CAMPAIGN_PAUSED,0.72,0.91,1.34,0.68,0,0,,0.00,0.00,0,0.00,
ENABLED,wamsutta bath mat,BROAD,CAMPAIGN_PAUSED,0.59,0.77,1.54,0.58,0,0,,0.00,0.00,0,0.00,
ENABLED,washable bath mat,BROAD,CAMPAIGN_PAUSED,0.79,1.19,2.39,0.77,0,0,,0.00,0.00,0,0.00,
ENABLED,waterproof bathroom mat,BROAD,CAMPAIGN_PAUSED,0.71,0.94,1.43,0.83,0,0,,0.00,0.00,0,0.00,