﻿State,Keyword,Match type,Status,Suggested bid (low)(USD),Suggested bid (median)(USD),Suggested bid (high)(USD),Keyword bid(USD),Impressions,Clicks,CTR(%),Spend(USD),CPC(USD),Orders,Sales(USD),ACOS(%)
ENABLED,bath mat boho,EXACT,CAMPAIGN_PAUSED,0.64,0.78,0.94,0.90,2,0,0,0.00,0.00,0,0.00,
ENABLED,bath rugs modern,EXACT,CAMPAIGN_PAUSED,0.74,0.98,1.17,0.80,0,0,,0.00,0.00,0,0.00,
ENABLED,bathroom rug boho,EXACT,CAMPAIGN_PAUSED,0.68,0.91,1.73,0.80,0,0,,0.00,0.00,0,0.00,
ENABLED,bathroom rugs boho,EXACT,CAMPAIGN_PAUSED,0.68,0.91,1.73,0.85,1,0,0,0.00,0.00,0,0.00,
ENABLED,black and white bath mat,EXACT,CAMPAIGN_PAUSED,0.60,0.86,1.20,0.60,0,0,,0.00,0.00,0,0.00,
ENABLED,black and white bath rug,EXACT,CAMPAIGN_PAUSED,0.66,0.80,1.47,0.80,0,0,,0.00,0.00,0,0.00,
ENABLED,black and white bath rugs,EXACT,CAMPAIGN_PAUSED,0.66,0.80,1.47,0.80,0,0,,0.00,0.00,0,0.00,
ENABLED,black white bath mat,EXACT,CAMPAIGN_PAUSED,0.60,0.86,1.20,0.60,0,0,,0.00,0.00,0,0.00,
ENABLED,black white bathroom rug,EXACT,CAMPAIGN_PAUSED,0.80,0.99,1.23,0.80,0,0,,0.00,0.00,0,0.00,
ENABLED,boho bath mat,EXACT,CAMPAIGN_PAUSED,0.87,1.08,2.16,0.70,3,0,0,0.00,0.00,0,0.00,
ENABLED,boho bath rug,EXACT,CAMPAIGN_PAUSED,0.71,1.01,1.23,0.80,0,0,,0.00,0.00,0,0.00,
ENABLED,boho bathroom rugs,EXACT,CAMPAIGN_PAUSED,0.60,0.88,0.92,0.85,17,0,0,0.00,0.00,0,0.00,
ENABLED,desiderare rug,EXACT,CAMPAIGN_PAUSED,,,,0.50,0,0,,0.00,0.00,0,0.00,
ENABLED,modern bath mat,EXACT,CAMPAIGN_PAUSED,0.67,0.93,1.26,1.20,8,0,0,0.00,0.00,0,0.00,
ENABLED,modern bath rug,EXACT,CAMPAIGN_PAUSED,0.66,0.79,1.00,0.85,0,0,,0.00,0.00,0,0.00,
ENABLED,modern bathroom mat,EXACT,CAMPAIGN_PAUSED,0.61,0.74,0.91,0.80,1,0,0,0.00,0.00,0,0.00,
ENABLED,modern bathroom rug,EXACT,CAMPAIGN_PAUSED,0.75,1.08,1.19,0.80,0,0,,0.00,0.00,0,0.00,
ENABLED,moroccan bathroom rug,EXACT,CAMPAIGN_PAUSED,0.63,0.96,1.92,0.70,0,0,,0.00,0.00,0,0.00,