﻿"(Parent) ASIN","(Child) ASIN","Title","Sessions","Session Percentage","Page Views","Page Views Percentage","Buy Box Percentage","Units Ordered","Unit Session Percentage","Ordered Product Sales","Total Order Items"
"B07RRZSCSX","B07JMDZBSR","2 Piece Non-slip Anti-Fatigue Kitchen Mat - (17.7"" x 29.5""+17.7"" x 59"") Soft Non Skid Throw Rugs Runner Carpet for Kitchen Hallway Entryway and Bedroom - Oil Resistant Long PVC Kitchen F (Dream Light)","1,763","6.84%","2,493","7.63%","100%","74","4.20%","$3,881.42","72"
"B07JH5RJYF","B07JJ3HGSN","Desiderare Thick Fluffy Washroom Mat - 31"" x 19"" Luxury Microfiber Non-Slip Rubber Bath Rug - Super Absorbent Bathroom Carpet with Anti-Skid Back (Moroccan Wooden House)","2,022","7.85%","2,693","8.24%","100%","37","1.83%","$1,673.11","31"
"B07JH2JKVQ","B07L3WFM1C","2 Piece Non-Slip Anti-Fatigue Kitchen Mat - (17.7"" x 29.5""+17.7"" x 59"") Soft Non Skid Throw Rugs Runner Carpet for Kitchen Hallway Entryway and Bedroom - Oil Resistant Long PVC Kitchen F (Pink Crown)","1,106","4.29%","1,412","4.32%","100%","25","2.26%","$1,480.28","25"
"B07JH5RJYF","B07JJC4NTT","Desiderare Thick Fluffy Washroom Mat - 31"" x 19"" Luxury Microfiber Non-Slip Rubber Bath Rug - Super Absorbent Bathroom Carpet with Anti-Skid Back(Moroccan Craftman)","1,218","4.73%","1,603","4.91%","99%","29","2.38%","$1,337.30","24"
"B07RRZSCSX","B07KJXZ3SG","2 Piece Non-Slip Anti-Fatigue Kitchen Mat - (17.7"" x 29.5""+17.7"" x 59"") Soft Non Skid Throw Rugs Runner Carpet for Kitchen Hallway Entryway Bedroom - Oil Resistant Long Ｍat(Marble Stone)","648","2.52%","928","2.84%","100%","22","3.40%","$1,121.68","22"
"B07JH2JKVQ","B07KJZH4KL","2 Piece Nonslip AntiFatigue Kitchen Mat -(17.7"" x 29.5""+17.7"" x 59"") Soft Non Skid Throw Rugs Runner Carpet for Kitchen Hallway Entryway Bedroom- Oil Resistant Long Kitchen(Luxury Feast)","1,090","4.23%","1,406","4.30%","100%","24","2.20%","$1,413.92","22"
"B07JH2JKVQ","B07JGCH5CC","Anti-Fatigue Kitchen Mat | Pack of 2 | 2 Sizes| Professionally Designed | PVC Synthetic Fiber | Super Fashionable | Oil Prevent | Double Sided | (White Marble)","1,788","6.94%","2,257","6.91%","99%","14","0.78%","$831.73","13"
"B07RRZSCSX","B07JHVFFP8","Anti-Fatigue Kitchen Mat | Pack of 2 | 2 Sizes| Professionally Designed | PVC Synthetic Fiber | Super Fashionable | Oil Prevent | Double Sided | (Black Marble)","2,117","8.22%","2,737","8.38%","100%","12","0.57%","$660.23","12"
"B07JJDG3G1","B07JHNJT7Q","Fluffy Soft Bedside Mat Rug -27.5"" x 63"" Runner Throw Rug Non-Slip Back- Fluffy Microfibers Throw for Girls Room-Water Absorbent Home Décor- Luxury Area Runners- Bathroom Rug Shag (Perfect Day)","528","2.05%","701","2.15%","99%","11","2.08%","$729.40","11"
"B07JH2JKVQ","B07KK3RQNV","2 Piece Non-Slip Anti-Fatigue Kitchen Mat - (17.7"" x 29.5""+17.7"" x 59"") Soft Non Skid Throw Rugs Runner Carpet for Kitchen Hallway Entryway and Bedroom - Oil Resistant Long PVC Kitchen F (City map)","1,401","5.44%","1,731","5.30%","100%","11","0.79%","$644.49","10"
"B07JH2JKVQ","B07JHVFFP8","Anti-Fatigue Kitchen Mat | Pack of 2 | 2 Sizes| Professionally Designed | PVC Synthetic Fiber | Super Fashionable | Oil Prevent | Double Sided | (Black Marble)","1,327","5.15%","1,657","5.07%","100%","12","0.90%","$711.63","9"
"B07JH2JKVQ","B07KJXY5SN","2 Piece Non-Slip Anti-Fatigue Kitchen Mat - (17.7"" x 29.5""+17.7"" x 59"") Soft Non Skid Throw Rugs Runner Carpet for Kitchen Hallway Entryway and Bedroom - Oil Resistant Long PVC Kitchen F (Golden map)","929","3.61%","1,145","3.51%","100%","9","0.97%","$537.62","9"
"B07RRZSCSX","B07KK3RQNV","2 Piece Non-Slip Anti-Fatigue Kitchen Mat - (17.7"" x 29.5""+17.7"" x 59"") Soft Non Skid Throw Rugs Runner Carpet for Kitchen Hallway Entryway and Bedroom - Oil Resistant Long PVC Kitchen F (City map)","740","2.87%","897","2.75%","100%","9","1.22%","$486.73","9"
"B07RRZSCSX","B07KJXY5SN","2 Piece Non-Slip Anti-Fatigue Kitchen Mat - (17.7"" x 29.5""+17.7"" x 59"") Soft Non Skid Throw Rugs Runner Carpet for Kitchen Hallway Entryway and Bedroom - Oil Resistant Long PVC Kitchen F (Golden map)","582","2.26%","688","2.11%","100%","8","1.37%","$408.52","7"
"B07JH5RJYF","B07KZZ1S5G","Desiderare Thick Fluffy Washroom Mat - 31"" x 19"" Luxury Microfiber Non-Slip Rubber Bath Rug - Super Absorbent Bathroom Carpet with Anti-Skid Back ...","495","1.92%","585","1.79%","100%","6","1.21%","$265.44","6"
"B07RRZSCSX","B07L3YG763","2 Piece Non-Slip Anti-Fatigue Kitchen Mat - (17.7"" x 29.5""+17.7"" x 59"") Soft Non Skid Throw Rugs Runner Carpet for Kitchen Hallway Entryway and Bedroom - Oil Resistant Long PVC Kitchen F (Love air)","590","2.29%","682","2.09%","100%","6","1.02%","$324.00","6"
"B07RRZSCSX","B07RXLPJG8","Non-Slip Kitchen Mat, (17.7"" x 29.5"") Soft Non Skid Anti-Fatigue Throw Rugs Runner Carpet, PVC Synthetic Fiber for Kitchen Hallway Entryway and Bedroom, Long Kitchen Rugs (Purple)","524","2.03%","618","1.89%","100%","6","1.15%","$141.14","6"
"B07JH5RJYF","B07JHV2GP2","Desiderare Thick Fluffy Washroom Mat - 31"" x 19"" Luxury Microfiber Non-Slip Rubber Bath Rug - Super Absorbent Bathroom Carpet with Anti-Skid Back (Space Man)","711","2.76%","884","2.71%","100%","5","0.70%","$229.45","5"
"B07JH2JKVQ","B07L3VSQCT","2 Piece Non-Slip Anti-Fatigue Kitchen Mat - (17.7"" x 29.5""+17.7"" x 59"") Soft Non Skid Throw Rugs Runner Carpet for Kitchen Hallway Entryway and Bedroom - Oil Resistant Long PVC Kitchen F (Super Cook)","634","2.46%","733","2.24%","100%","5","0.79%","$306.27","5"
"B07JH2JKVQ","B07L3YG763","2 Piece Non-Slip Anti-Fatigue Kitchen Mat - (17.7"" x 29.5""+17.7"" x 59"") Soft Non Skid Throw Rugs Runner Carpet for Kitchen Hallway Entryway and Bedroom - Oil Resistant Long PVC Kitchen F (Love air)","746","2.90%","860","2.63%","100%","5","0.67%","$292.95","5"
"B07RRZSCSX","B07JGCH5CC","Anti-Fatigue Kitchen Mat | Pack of 2 | 2 Sizes| Professionally Designed | PVC Synthetic Fiber | Super Fashionable | Oil Prevent | Double Sided | (White Marble)","646","2.51%","774","2.37%","100%","4","0.62%","$219.76","4"
"B07JJDG3G1","B07JX5RN5K","Desiderare Thick Fluffy Bath Round Runner Rug -39.4"" x 39.4"" Luxury Microfiber Non-Slip Rubber Bath Rug Chenille Area Mat - Super Absorbent Bathroom Carpet with Anti-Skid Back","518","2.01%","705","2.16%","100%","4","0.77%","$263.56","4"
"B07RRZSCSX","B07L3WFM1C","2 Piece Non-Slip Anti-Fatigue Kitchen Mat - (17.7"" x 29.5""+17.7"" x 59"") Soft Non Skid Throw Rugs Runner Carpet for Kitchen Hallway Entryway and Bedroom - Oil Resistant Long PVC Kitchen F (Pink Crown)","441","1.71%","555","1.70%","100%","4","0.91%","$223.13","4"
"B07JJDG3G1","B07JJY9K22","Desiderare Thick Fluffy Bath Runner Rug -63"" x 27.5"" Luxury Microfiber Non-Slip Rubber Bath Rug Chenille Area Mat - Super Absorbent Bathroom Carpet with Anti-Skid Back","334","1.30%","439","1.34%","100%","3","0.90%","$197.67","3"
"B07JH5RJYF","B07L118VDV","Desiderare Thick Fluffy Washroom Mat - 31"" x 19"" Luxury Microfiber Non-Slip Rubber Bath Rug - Super Absorbent Bathroom Carpet with Anti-Skid Back ...","562","2.18%","654","2.00%","100%","3","0.53%","$127.77","3"
"B07JH5RJYF","B07KZZZDK4","Desiderare Thick Fluffy Washroom Mat - 31"" x 19"" Luxury Microfiber Non-Slip Rubber Bath Rug - Super Absorbent Bathroom Carpet with Anti-Skid Back","560","2.17%","673","2.06%","100%","2","0.36%","$99.16","2"
"B07JH5RJYF","B07T35WHQ6","Desiderare Thick Fluffy Washroom Mat - 31"" x 19"" Luxury Microfiber Non-Slip Rubber Bath Rug - Super Absorbent Bathroom Carpet with Anti-Skid Back (Moroccan Craftman)","69","0.27%","100","0.31%","100%","2","2.90%","$71.98","2"
"B07JJDG3G1","B07JND9C85","Desiderare Thick Fluffy Bath Runner Rug -63"" x 27.5"" Luxury Microfiber Non-Slip Rubber Bath Rug Chenille Area Mat - Super Absorbent Bathroom Carpet with Anti-Skid Back","288","1.12%","373","1.14%","100%","1","0.35%","$65.89","1"
"B07H2Q2GZL","B07H2QYVYC","Area Rugs for Bedside, Bathroom, Kitchen, Front Door| Decorative All-Season | Stylish Soft Cozy Cake Cashmere Quick Dry Bathroom Rug Carpet Non Slip Absorbent |2031"" (Moroccan House)","2","0.01%","2","0.01%","0%","0","0.00%","$0.00","0"
"B07JGCH5CC","B07JGCH5CC","Anti-Fatigue Kitchen Mat | Pack of 2 | 2 Sizes| Professionally Designed | PVC Synthetic Fiber | Super Fashionable | Oil Prevent | Double Sided | (White Marble)","6","0.02%","7","0.02%","100%","0","0.00%","$0.00","0"
"B07JH2JKVQ","B07JH2JKVQ","","1","0.00%","1","0.00%","0%","0","0.00%","$0.00","0"
"B07JHVFFP8","B07JHVFFP8","Anti-Fatigue Kitchen Mat | Pack of 2 | 2 Sizes| Professionally Designed | PVC Synthetic Fiber | Super Fashionable | Oil Prevent | Double Sided | (Black Marble)","7","0.03%","9","0.03%","100%","0","0.00%","$0.00","0"
"B07JMDZBSR","B07JMDZBSR","2 Piece Non-slip Anti-Fatigue Kitchen Mat - (17.7"" x 29.5""+17.7"" x 59"") Soft Non Skid Throw Rugs Runner Carpet for Kitchen Hallway Entryway and Bedroom - Oil Resistant Long PVC Kitchen F (Dream Light)","8","0.03%","11","0.03%","100%","0","0.00%","$0.00","0"
"B07JH2JKVQ","B07JMDZBSR","2 Piece Non-slip Anti-Fatigue Kitchen Mat - (17.7"" x 29.5""+17.7"" x 59"") Soft Non Skid Throw Rugs Runner Carpet for Kitchen Hallway Entryway and Bedroom - Oil Resistant Long PVC Kitchen F (Dream Light)","71","0.28%","95","0.29%","98%","0","0.00%","$0.00","0"
"B07JH2JKVQ","B07JMT389Q","2 Piece Non-Slip Anti-Fatigue Kitchen Mat - (17.7"" x 29.5""+17.7"" x 59"") Soft Non Skid Throw Rugs Runner Carpet for Kitchen Hallway Entryway and Bedroom - Oil Resistant Long PVC Kitchen F (Enjoy Life)","29","0.11%","33","0.10%","100%","0","0.00%","$0.00","0"
"B07JMT389Q","B07JMT389Q","2 Piece Non-Slip Anti-Fatigue Kitchen Mat - (17.7"" x 29.5""+17.7"" x 59"") Soft Non Skid Throw Rugs Runner Carpet for Kitchen Hallway Entryway and Bedroom - Oil Resistant Long PVC Kitchen F (Enjoy Life)","272","1.06%","365","1.12%","99%","0","0.00%","$0.00","0"
"B07KJXY5SN","B07KJXY5SN","2 Piece Non-Slip Anti-Fatigue Kitchen Mat - (17.7"" x 29.5""+17.7"" x 59"") Soft Non Skid Throw Rugs Runner Carpet for Kitchen Hallway Entryway and Bedroom - Oil Resistant Long PVC Kitchen F (Golden map)","3","0.01%","3","0.01%","100%","0","0.00%","$0.00","0"
"B07KK3RQNV","B07KK3RQNV","2 Piece Non-Slip Anti-Fatigue Kitchen Mat - (17.7"" x 29.5""+17.7"" x 59"") Soft Non Skid Throw Rugs Runner Carpet for Kitchen Hallway Entryway and Bedroom - Oil Resistant Long PVC Kitchen F (City map)","4","0.02%","4","0.01%","100%","0","0.00%","$0.00","0"
"B07JH5RJYF","B07KZZ6QYP","Desiderare Thick Fluffy Washroom Mat - 31"" x 19"" Luxury Microfiber Non-Slip Rubber Bath Rug - Super Absorbent Bathroom Carpet with Anti-Skid Back ...","563","2.19%","677","2.07%","99%","0","0.00%","$0.00","0"
"B07RRZSCSX","B07L3VSQCT","2 Piece Non-Slip Anti-Fatigue Kitchen Mat - (17.7"" x 29.5""+17.7"" x 59"") Soft Non Skid Throw Rugs Runner Carpet for Kitchen Hallway Entryway and Bedroom - Oil Resistant Long PVC Kitchen F (Super Cook)","405","1.57%","457","1.40%","100%","0","0.00%","$0.00","0"
"B07L3VSQCT","B07L3VSQCT","2 Piece Non-Slip Anti-Fatigue Kitchen Mat - (17.7"" x 29.5""+17.7"" x 59"") Soft Non Skid Throw Rugs Runner Carpet for Kitchen Hallway Entryway and Bedroom - Oil Resistant Long PVC Kitchen F (Super Cook)","3","0.01%","3","0.01%","100%","0","0.00%","$0.00","0"
"B07L3WFM1C","B07L3WFM1C","2 Piece Non-Slip Anti-Fatigue Kitchen Mat - (17.7"" x 29.5""+17.7"" x 59"") Soft Non Skid Throw Rugs Runner Carpet for Kitchen Hallway Entryway and Bedroom - Oil Resistant Long PVC Kitchen F (Pink Crown)","4","0.02%","6","0.02%","100%","0","0.00%","$0.00","0"
"B07L3YG763","B07L3YG763","2 Piece Non-Slip Anti-Fatigue Kitchen Mat - (17.7"" x 29.5""+17.7"" x 59"") Soft Non Skid Throw Rugs Runner Carpet for Kitchen Hallway Entryway and Bedroom - Oil Resistant Long PVC Kitchen F (Love air)","4","0.02%","9","0.03%","100%","0","0.00%","$0.00","0"
