﻿"(Parent) ASIN","(Child) ASIN","Title","Sessions","Session Percentage","Page Views","Page Views Percentage","Buy Box Percentage","Units Ordered","Unit Session Percentage","Ordered Product Sales","Total Order Items"
"B07JH5RJYF","B07JJC4NTT","Desiderare Thick Fluffy Washroom Mat - 31"" x 19"" Luxury Microfiber Non-Slip Rubber Bath Rug - Super Absorbent Bathroom Carpet with Anti-Skid Back(Moroccan Craftman)","1,138","5.94%","1,565","6.24%","99%","71","6.24%","$2,985.86","67"
"B07JH5RJYF","B07JJ3HGSN","Desiderare Thick Fluffy Washroom Mat - 31"" x 19"" Luxury Microfiber Non-Slip Rubber Bath Rug - Super Absorbent Bathroom Carpet with Anti-Skid Back (Moroccan Wooden House)","2,345","12.24%","3,245","12.93%","98%","57","2.43%","$2,352.16","53"
"B07RRZSCSX","B07JMT389Q","2 Piece Non-Slip Anti-Fatigue Kitchen Mat - (17.7"" x 29.5""+17.7"" x 59"") Soft Non Skid Throw Rugs Runner Carpet for Kitchen Hallway Entryway and Bedroom - Oil Resistant Long PVC Kitchen F (Enjoy Life)","1,441","7.52%","1,942","7.74%","100%","44","3.05%","$2,297.99","42"
"B07RRZSCSX","B07KJXZ3SG","2 Piece Non-Slip Anti-Fatigue Kitchen Mat - (17.7"" x 29.5""+17.7"" x 59"") Soft Non Skid Throw Rugs Runner Carpet for Kitchen Hallway Entryway Bedroom - Oil Resistant Long Ｍat(Marble Stone)","1,224","6.39%","1,638","6.53%","100%","30","2.45%","$1,530.00","30"
"B07RRZSCSX","B07JMDZBSR","2 Piece Non-slip Anti-Fatigue Kitchen Mat - (17.7"" x 29.5""+17.7"" x 59"") Soft Non Skid Throw Rugs Runner Carpet for Kitchen Hallway Entryway and Bedroom - Oil Resistant Long PVC Kitchen F (Dream Light)","1,318","6.88%","1,746","6.96%","100%","22","1.67%","$1,153.83","22"
"B07JH5RJYF","B07KZZ6QYP","Desiderare Thick Fluffy Washroom Mat - 31"" x 19"" Luxury Microfiber Non-Slip Rubber Bath Rug - Super Absorbent Bathroom Carpet with Anti-Skid Back ...","589","3.07%","715","2.85%","100%","12","2.04%","$376.66","11"
"B07RRZSCSX","B07L3YG763","2 Piece Non-Slip Anti-Fatigue Kitchen Mat - (17.7"" x 29.5""+17.7"" x 59"") Soft Non Skid Throw Rugs Runner Carpet for Kitchen Hallway Entryway and Bedroom - Oil Resistant Long PVC Kitchen F (Love air)","903","4.71%","1,122","4.47%","100%","10","1.11%","$513.04","10"
"B07RRZSCSX","B07KJXY5SN","2 Piece Non-Slip Anti-Fatigue Kitchen Mat - (17.7"" x 29.5""+17.7"" x 59"") Soft Non Skid Throw Rugs Runner Carpet for Kitchen Hallway Entryway and Bedroom - Oil Resistant Long PVC Kitchen F (Golden map)","806","4.21%","967","3.85%","100%","8","0.99%","$393.97","8"
"B07JH5RJYF","B07JHV2GP2","Desiderare Thick Fluffy Washroom Mat - 31"" x 19"" Luxury Microfiber Non-Slip Rubber Bath Rug - Super Absorbent Bathroom Carpet with Anti-Skid Back (Space Man)","486","2.54%","642","2.56%","100%","7","1.44%","$256.03","7"
"B07JH5RJYF","B07KZZZDK4","Desiderare Thick Fluffy Washroom Mat - 31"" x 19"" Luxury Microfiber Non-Slip Rubber Bath Rug - Super Absorbent Bathroom Carpet with Anti-Skid Back","432","2.25%","511","2.04%","100%","7","1.62%","$244.02","7"
"B07RRZSCSX","B07JGCH5CC","Anti-Fatigue Kitchen Mat | Pack of 2 | 2 Sizes| Professionally Designed | PVC Synthetic Fiber | Super Fashionable | Oil Prevent | Double Sided | (White Marble)","789","4.12%","1,047","4.17%","100%","6","0.76%","$304.61","6"
"B07RRZSCSX","B07JHVFFP8","Anti-Fatigue Kitchen Mat | Pack of 2 | 2 Sizes| Professionally Designed | PVC Synthetic Fiber | Super Fashionable | Oil Prevent | Double Sided | (Black Marble)","1,213","6.33%","1,551","6.18%","100%","5","0.41%","$240.52","5"
"B07RRZSCSX","B07KK3RQNV","2 Piece Non-Slip Anti-Fatigue Kitchen Mat - (17.7"" x 29.5""+17.7"" x 59"") Soft Non Skid Throw Rugs Runner Carpet for Kitchen Hallway Entryway and Bedroom - Oil Resistant Long PVC Kitchen F (City map)","920","4.80%","1,176","4.69%","100%","5","0.54%","$243.03","5"
"B07RRZSCSX","B07L3WFM1C","2 Piece Non-Slip Anti-Fatigue Kitchen Mat - (17.7"" x 29.5""+17.7"" x 59"") Soft Non Skid Throw Rugs Runner Carpet for Kitchen Hallway Entryway and Bedroom - Oil Resistant Long PVC Kitchen F (Pink Crown)","673","3.51%","812","3.24%","100%","5","0.74%","$263.02","5"
"B07Z35SXCW","B07VW6QK7W","Desiderare 35"" x 23"" PVC Door Mat Shoes Scraper - Heavy Duty Doormat - Outdoor Gate Front Entry Pad Rug - Waterproof Easy Clean Mats for Entrance, Garage, Blue space","102","0.53%","143","0.57%","100%","5","4.90%","$170.50","5"
"B07VW6F871","B07VSMY4RW","Desiderare Thick Fluffy Microfiber Bath Mat - 31"" x 19"" Anti-Fatigue Shaggy Comfort Bath Rug - Super Absorbent Bathroom Carpet - Non-Slip Luxury Plush Standing Mat, Dark Gray Fashion","153","0.80%","216","0.86%","99%","4","2.61%","$147.92","4"
"B07VW6F871","B07VW6J6N5","Desiderare Thick Fluffy Microfiber Bath Mat - 31"" x 19"" Anti-Fatigue Shaggy Comfort Bath Rug - Super Absorbent Bathroom Carpet - Non-Slip Luxury Plush Standing Mat, Norwegian White Impression","183","0.96%","250","1.00%","99%","4","2.19%","$171.14","4"
"B07RRZSCSX","B07RXLPJG8","Non-Slip Kitchen Mat, (17.7"" x 29.5"") Soft Non Skid Anti-Fatigue Throw Rugs Runner Carpet, PVC Synthetic Fiber for Kitchen Hallway Entryway and Bedroom, Long Kitchen Rugs (Purple)","660","3.44%","800","3.19%","100%","3","0.45%","$74.97","3"
"B07JH5RJYF","B07T35WHQ6","Desiderare Thick Fluffy Washroom Mat - 31"" x 19"" Luxury Microfiber Non-Slip Rubber Bath Rug - Super Absorbent Bathroom Carpet with Anti-Skid Back (Moroccan Craftman)","59","0.31%","93","0.37%","100%","3","5.08%","$111.16","3"
"B07VSLZ8YM","B07VW6HLVP","Desiderare 35"" x 23"" Christmas Door Mats Rubber Backing Non Slip - Heavy Duty Doormats for High Traffic Areas - Shoe Scraper Pet Mat - Indoor Outdoor Rug - Floor Mats - Entrance Doormat, Diamond queen","149","0.78%","208","0.83%","93%","4","2.68%","$132.89","3"
"B07JJDG3G1","B07JND9C85","Desiderare Thick Fluffy Bath Runner Rug -63"" x 27.5"" Luxury Microfiber Non-Slip Rubber Bath Rug Chenille Area Mat - Super Absorbent Bathroom Carpet with Anti-Skid Back","237","1.24%","410","1.63%","100%","2","0.84%","$121.09","2"
"B07JJDG3G1","B07JX5RN5K","Desiderare Thick Fluffy Bath Round Runner Rug -39.4"" x 39.4"" Luxury Microfiber Non-Slip Rubber Bath Rug Chenille Area Mat - Super Absorbent Bathroom Carpet with Anti-Skid Back","191","1.00%","290","1.16%","100%","2","1.05%","$129.83","2"
"B07JH5RJYF","B07L118VDV","Desiderare Thick Fluffy Washroom Mat - 31"" x 19"" Luxury Microfiber Non-Slip Rubber Bath Rug - Super Absorbent Bathroom Carpet with Anti-Skid Back ...","429","2.24%","507","2.02%","99%","2","0.47%","$65.56","2"
"B07JJDG3G1","B07JHNJT7Q","Fluffy Soft Bedside Mat Rug -27.5"" x 63"" Runner Throw Rug Non-Slip Back- Fluffy Microfibers Throw for Girls Room-Water Absorbent Home Décor- Luxury Area Runners- Bathroom Rug Shag (Perfect Day)","187","0.98%","254","1.01%","93%","1","0.53%","$63.59","1"
"B07JJDG3G1","B07JJY9K22","Desiderare Thick Fluffy Bath Runner Rug -63"" x 27.5"" Luxury Microfiber Non-Slip Rubber Bath Rug Chenille Area Mat - Super Absorbent Bathroom Carpet with Anti-Skid Back","286","1.49%","409","1.63%","99%","1","0.35%","$43.29","1"
"B07JH5RJYF","B07KZZ1S5G","Desiderare Thick Fluffy Washroom Mat - 31"" x 19"" Luxury Microfiber Non-Slip Rubber Bath Rug - Super Absorbent Bathroom Carpet with Anti-Skid Back ...","434","2.26%","502","2.00%","100%","1","0.23%","$29.99","1"
"B07VSLZ8YM","B07VRKGRQP","Desiderare 35"" x 23"" PVC Door Mat - Heavy Duty Doormat -Indoor Outdoor Gate Front Entry Pad Rug - Waterproof Easy Clean Low-Profile Mats for Entrance, Garage, Patio, High Traffic Areas, Flying snow","68","0.35%","83","0.33%","98%","1","1.47%","$34.02","1"
"B07Z35SXCW","B07VV251XD","Desiderare 35"" x 23"" PVC Door Mat Shoes Scraper - Heavy Duty Doormat - Outdoor Gate Front Entry Pad Rug - Waterproof Easy Clean Mats for Entrance, Garage, Love is air","46","0.24%","53","0.21%","100%","1","2.17%","$31.99","1"
"B07VSLZ8YM","B07VW6N66M","Desiderare 35"" x 23"" PVC Door Mat - Heavy Duty Doormat -Indoor Outdoor Gate Front Entry Pad Rug - Waterproof Easy Clean Low-Profile Mats for Entrance, Garage, Patio, High Traffic Areas, Spiritual song","75","0.39%","118","0.47%","95%","1","1.33%","$31.99","1"
"B07VTL8X2F","B07VW6QK7W","Desiderare 35"" x 23"" PVC Door Mat Shoes Scraper - Heavy Duty Doormat - Outdoor Gate Front Entry Pad Rug - Waterproof Easy Clean Mats for Entrance, Garage, Blue space","27","0.14%","38","0.15%","100%","1","3.70%","$45.64","1"
"B07VW6F871","B07VX5WSY8","Desiderare Thick Fluffy Microfiber Bath Mat - 31"" x 19"" Anti-Fatigue Shaggy Comfort Bath Rug - Super Absorbent Bathroom Carpet - Non-Slip Luxury Plush Standing Mat, Mint Green Fashion","151","0.79%","199","0.79%","100%","1","0.66%","$37.86","1"
"B07H2HNQCN","B07H2J2TBD","Entryway Door Mat for Patio, Front Door, Inside Floor | Decorative Four-Season| Super absorbs mud Rubber Backing Non Slip Door mat for Front Door Dirt Trapper mats | 18"" x 30 (Forest Green)","1","0.01%","2","0.01%","0%","0","0.00%","$0.00","0"
"B07H2JHDD9","B07H2JHDD9","Color De Vie Entryway Door mat for Patio, Front Door,Inside Floor | Decorative Four-Season| Super absorbs mud Rubber Backing Non Slip Door mat Dirt Trapper mats | 18"" x 30"" (Blossom Love)","1","0.01%","1","0.00%","0%","0","0.00%","$0.00","0"
"B07H2KY6YD","B07H2KKXJH","Entryway Door mat for Patio, Front Door,Inside Floor | Decorative Four-Season| Super absorbs mud Rubber Backing Non Slip Door mat Dirt Trapper mats | 18"" x 30"" (Sweet Home)","1","0.01%","1","0.00%","100%","0","0.00%","$0.00","0"
"B07H2KY6YD","B07H2KP755","Entryway Door mat for Patio, Front Door,Inside Floor | Decorative Four-Season| Super absorbs mud Rubber Backing Non Slip Door mat Dirt Trapper mats | 18"" x 30"" (Plant Party)","7","0.04%","12","0.05%","58%","0","0.00%","$0.00","0"
"B07H2NRKFJ","B07H2L5D3F","Entryway Door mat for Patio, Front Door, Inside Floor | Decorative Four-Season| Super absorbs mud Coconut Coir Rubber Backing Non Slip Door mat for Front Door Inside Floor | 18"" x 3 (Smile)","1","0.01%","1","0.00%","0%","0","0.00%","$0.00","0"
"B07H2Q2GZL","B07H2QPKDB","Area Rugs for Bedside, Bathroom, Kitchen, Front Door| Decorative All-Season | Stylish Soft Cozy Cake Cashmere Quick Dry Bathroom Rug Carpet Non Slip Absorbent |2031"" (Moroccan Artisan)","7","0.04%","10","0.04%","100%","0","0.00%","$0.00","0"
"B07H2Q2GZL","B07H2QYVYC","Area Rugs for Bedside, Bathroom, Kitchen, Front Door| Decorative All-Season | Stylish Soft Cozy Cake Cashmere Quick Dry Bathroom Rug Carpet Non Slip Absorbent |2031"" (Moroccan House)","17","0.09%","26","0.10%","65%","0","0.00%","$0.00","0"
"B07JHJMS69","B07JHJMS69","Bedside mat Rug | Runner Throw Rug | Non-Slip TPE Back | Fluffy microfibers | Water Absorbent | Home décor | Luxury Rug shag (My Balcony)","5","0.03%","7","0.03%","100%","0","0.00%","$0.00","0"
"B07JMT389Q","B07JMT389Q","2 Piece Non-Slip Anti-Fatigue Kitchen Mat - (17.7"" x 29.5""+17.7"" x 59"") Soft Non Skid Throw Rugs Runner Carpet for Kitchen Hallway Entryway and Bedroom - Oil Resistant Long PVC Kitchen F (Enjoy Life)","12","0.06%","21","0.08%","100%","0","0.00%","$0.00","0"
"B07RRZSCSX","B07L3VSQCT","2 Piece Non-Slip Anti-Fatigue Kitchen Mat - (17.7"" x 29.5""+17.7"" x 59"") Soft Non Skid Throw Rugs Runner Carpet for Kitchen Hallway Entryway and Bedroom - Oil Resistant Long PVC Kitchen F (Super Cook)","532","2.78%","605","2.41%","100%","0","0.00%","$0.00","0"
"B07VV2CV9C","B07VRHPJHW","Desiderare Anti-Slip Bathtub Mats - 27""*15"" Mathroom Shower mat - Bathtub Floor PVC Rug with Suction Cups - Antiskid Bath Mat, Machine Washable, Simple Marble","33","0.17%","42","0.17%","88%","0","0.00%","$0.00","0"
"B07VW6F871","B07VSL8YC2","Desiderare Thick Fluffy Microfiber Bath Mat - 31"" x 19"" Anti-Fatigue Shaggy Comfort Bath Rug - Super Absorbent Bathroom Carpet - Non-Slip Luxury Plush Standing Mat, Danish Impression","120","0.63%","147","0.59%","100%","0","0.00%","$0.00","0"
"B07VV2CV9C","B07VSLXQC3","Desiderare Anti-Slip Bathtub Mats - 27""*15"" Mathroom Shower mat - Bathtub Floor PVC Rug with Suction Cups - Antiskid Bath Mat, Machine Washable, Tidy Bath","40","0.21%","53","0.21%","94%","0","0.00%","$0.00","0"
"B07VW6F871","B07VSNKQPH","Desiderare Thick Fluffy Microfiber Bath Mat - 31"" x 19"" Anti-Fatigue Shaggy Comfort Bath Rug - Super Absorbent Bathroom Carpet - Non-Slip Luxury Plush Standing Mat, Light Gray Fashion","69","0.36%","82","0.33%","100%","0","0.00%","$0.00","0"
"B07VV2CV9C","B07VSNNSD8","Desiderare Anti-Slip Bath Mats - 27""*15"" Mathroom Shower mat - Mathroom Mat Bathtub Floor PVC Rug with Suction Cups - Antiskid Bath Mat Bathroom Accessories, Dream Light","45","0.23%","53","0.21%","94%","0","0.00%","$0.00","0"
"B07VW6F871","B07VTTM55M","Desiderare Thick Fluffy Washroom Mat - 31"" x 19"" Luxury Microfiber Non-Slip Rubber Bath Rug - Super Absorbent Bathroom Carpet, Pure Beige","62","0.32%","72","0.29%","100%","0","0.00%","$0.00","0"
"B07VV2CV9C","B07VV1YB9M","Desiderare Anti-Slip Bath Mats - 27""*15"" Mathroom Shower mat - Mathroom Mat Bathtub Floor PVC Rug with Suction Cups - Antiskid Bath Mat Bathroom Accessories, Summer Pineapple","47","0.25%","62","0.25%","98%","0","0.00%","$0.00","0"
"B07VTL8X2F","B07VV251XD","Desiderare 35"" x 23"" PVC Door Mat Shoes Scraper - Heavy Duty Doormat - Outdoor Gate Front Entry Pad Rug - Waterproof Easy Clean Mats for Entrance, Garage, Love is air","12","0.06%","14","0.06%","100%","0","0.00%","$0.00","0"
"B07YXLJSHX","B07VV251XD","Desiderare 35"" x 23"" PVC Door Mat Shoes Scraper - Heavy Duty Doormat - Outdoor Gate Front Entry Pad Rug - Waterproof Easy Clean Mats for Entrance, Garage, Love is air","7","0.04%","7","0.03%","100%","0","0.00%","$0.00","0"
"B07VW6F871","B07VW5RPSD","Desiderare Thick Fluffy Microfiber Bath Mat - 31"" x 19"" Anti-Fatigue Shaggy Comfort Bath Rug - Super Absorbent Bathroom Carpet - Non-Slip Luxury Plush Standing Mat, Norwegian Grey Impression","76","0.40%","103","0.41%","100%","0","0.00%","$0.00","0"
"B07YXLJSHX","B07VW6QK7W","Desiderare 35"" x 23"" PVC Door Mat Shoes Scraper - Heavy Duty Doormat - Outdoor Gate Front Entry Pad Rug - Waterproof Easy Clean Mats for Entrance, Garage, Blue space","11","0.06%","12","0.05%","100%","0","0.00%","$0.00","0"
"B07VV2CV9C","B07VX5KB8V","Desiderare Anti-Slip Bathtub Mats - 27""*15"" Mathroom Shower mat - Bathtub Floor PVC Rug with Suction Cups - Antiskid Bath Mat, Machine Washable, Psychedelic Europe","56","0.29%","106","0.42%","87%","0","0.00%","$0.00","0"
"B07Z35SXCW","B07VX6FRQQ","Desiderare 35"" x 23"" PVC Door Mat Shoes Scraper - Heavy Duty Doormat - Outdoor Gate Front Entry Pad Rug - Waterproof Easy Clean Mats for Entrance, Garage, Morden show","85","0.44%","108","0.43%","99%","0","0.00%","$0.00","0"
"B07YXLJSHX","B07VX6FRQQ","Desiderare 35"" x 23"" PVC Door Mat Shoes Scraper - Heavy Duty Doormat - Outdoor Gate Front Entry Pad Rug - Waterproof Easy Clean Mats for Entrance, Garage, Morden show","15","0.08%","20","0.08%","100%","0","0.00%","$0.00","0"
"B07VTL8X2F","B07VX6FRQQ","Desiderare 35"" x 23"" PVC Door Mat Shoes Scraper - Heavy Duty Doormat - Outdoor Gate Front Entry Pad Rug - Waterproof Easy Clean Mats for Entrance, Garage, Morden show","45","0.23%","83","0.33%","94%","0","0.00%","$0.00","0"
"B07VW6F871","B07VXF2CV6","Desiderare Extra Thick Fluffy Bath Mat - 31"" x 19"" Anti-Fatigue Comfort Soft Shower Rug - Super Absorbent Bathroom Carpet - Non-Slip Luxury Microfiber Plush Standing Mat, Pure Gray","55","0.29%","72","0.29%","99%","0","0.00%","$0.00","0"
"B07VW6F871","B07W1P5YCB","Desiderare Extra Thick Fluffy Bath Mat - 31"" x 19"" Anti-Fatigue Comfort Soft Shower Rug - Super Absorbent Bathroom Carpet - Non-Slip Luxury Microfiber Plush Standing Mat, Pure Brown","86","0.45%","126","0.50%","86%","0","0.00%","$0.00","0"
