﻿State,Keyword,Match type,Status,Suggested bid (low)(USD),Suggested bid (median)(USD),Suggested bid (high)(USD),Keyword bid(USD),Impressions,Clicks,CTR(%),Spend(USD),CPC(USD),Orders,Sales(USD),ACOS(%)
ENABLED,moroccan bathroom rug,EXACT,TARGETING_CLAUSE_STATUS_LIVE,0.58,0.89,1.78,0.70,0,0,,0.00,0.00,0,0.00,
ENABLED,bath mat boho,EXACT,TARGETING_CLAUSE_STATUS_LIVE,0.59,0.68,0.81,0.90,0,0,,0.00,0.00,0,0.00,
ENABLED,modern bath rug,EXACT,TARGETING_CLAUSE_STATUS_LIVE,0.58,0.70,0.88,0.85,0,0,,0.00,0.00,0,0.00,
ENABLED,modern bath mat,EXACT,TARGETING_CLAUSE_STATUS_LIVE,0.59,0.83,1.12,1.20,143,0,0,0.00,0.00,0,0.00,
ENABLED,black and white bath rug,EXACT,TARGETING_CLAUSE_STATUS_LIVE,0.63,0.77,1.30,0.80,0,0,,0.00,0.00,0,0.00,
ENABLED,black and white bath mat,EXACT,TARGETING_CLAUSE_STATUS_LIVE,0.53,0.76,1.06,0.60,1,0,0,0.00,0.00,0,0.00,
ENABLED,desiderare rug,EXACT,TARGETING_CLAUSE_STATUS_LIVE,,,,0.50,0,0,,0.00,0.00,0,0.00,
ENABLED,bath rugs modern,EXACT,TARGETING_CLAUSE_STATUS_LIVE,0.59,1.12,1.12,0.80,1,0,0,0.00,0.00,0,0.00,
ENABLED,modern bathroom mat,EXACT,TARGETING_CLAUSE_STATUS_LIVE,0.56,0.80,0.83,0.80,0,0,,0.00,0.00,0,0.00,
ENABLED,boho bath rug,EXACT,TARGETING_CLAUSE_STATUS_LIVE,0.61,0.85,1.02,0.44,0,0,,0.00,0.00,0,0.00,
ENABLED,bathroom rugs boho,EXACT,TARGETING_CLAUSE_STATUS_LIVE,0.61,0.81,1.55,0.82,1,0,0,0.00,0.00,0,0.00,
ENABLED,boho bathroom rugs,EXACT,TARGETING_CLAUSE_STATUS_LIVE,0.54,0.80,0.81,0.85,1,0,0,0.00,0.00,0,0.00,
ENABLED,black white bathroom rug,EXACT,TARGETING_CLAUSE_STATUS_LIVE,0.71,0.87,1.08,0.80,0,0,,0.00,0.00,0,0.00,
ENABLED,black white bath mat,EXACT,TARGETING_CLAUSE_STATUS_LIVE,0.53,0.76,1.06,0.60,0,0,,0.00,0.00,0,0.00,
ENABLED,modern bathroom rug,EXACT,TARGETING_CLAUSE_STATUS_LIVE,0.78,1.17,1.24,0.80,1,0,0,0.00,0.00,0,0.00,
ENABLED,bathroom rug boho,EXACT,TARGETING_CLAUSE_STATUS_LIVE,0.61,0.81,1.55,0.80,0,0,,0.00,0.00,0,0.00,
ENABLED,black and white bath rugs,EXACT,TARGETING_CLAUSE_STATUS_LIVE,0.63,0.77,1.30,0.80,0,0,,0.00,0.00,0,0.00,
ENABLED,bathroom rugs modern,EXACT,TARGETING_CLAUSE_STATUS_LIVE,0.68,1.01,1.08,0.80,0,0,,0.00,0.00,0,0.00,
ENABLED,boho bathroom mat,EXACT,TARGETING_CLAUSE_STATUS_LIVE,0.67,0.79,0.84,0.80,0,0,,0.00,0.00,0,0.00,
ENABLED,moroccan bath mat,EXACT,TARGETING_CLAUSE_STATUS_LIVE,0.60,0.85,0.96,0.60,0,0,,0.00,0.00,0,0.00,
ENABLED,black and white bathroom mat,EXACT,TARGETING_CLAUSE_STATUS_LIVE,0.53,0.69,0.82,0.30,0,0,,0.00,0.00,0,0.00,
ENABLED,bathmats for bathroom,EXACT,TARGETING_CLAUSE_STATUS_LIVE,0.56,0.77,1.54,0.79,1,0,0,0.00,0.00,0,0.00,
ENABLED,bath rugs for bathroom non slip,EXACT,TARGETING_CLAUSE_STATUS_LIVE,1.02,1.58,3.17,0.95,0,0,,0.00,0.00,0,0.00,
ENABLED,unique bathroom rugs,EXACT,TARGETING_CLAUSE_STATUS_LIVE,0.62,0.74,0.87,0.75,0,0,,0.00,0.00,0,0.00,
ENABLED,luxury bath mats,EXACT,TARGETING_CLAUSE_STATUS_LIVE,0.77,0.97,1.94,0.85,0,0,,0.00,0.00,0,0.00,
ENABLED,designer bathroom rugs,EXACT,TARGETING_CLAUSE_STATUS_LIVE,0.72,0.89,1.78,0.75,0,0,,0.00,0.00,0,0.00,
ENABLED,decorative bathroom rugs,EXACT,TARGETING_CLAUSE_STATUS_LIVE,0.64,0.83,1.66,0.80,1,0,0,0.00,0.00,0,0.00,
ENABLED,boho bath runner rug,EXACT,TARGETING_CLAUSE_STATUS_LIVE,0.53,0.64,0.86,0.50,0,0,,0.00,0.00,0,0.00,
ENABLED,black bathroom rugs,EXACT,TARGETING_CLAUSE_STATUS_LIVE,0.63,0.81,1.62,0.86,4,0,0,0.00,0.00,0,0.00,
ENABLED,black and white shower rug,EXACT,TARGETING_CLAUSE_STATUS_LIVE,0.59,0.70,0.84,0.60,0,0,,0.00,0.00,0,0.00,