﻿Customer search term,Keywords,Match type,Impressions,Clicks,CTR(%),Spend(USD),CPC(USD),Orders,Sales(USD),ACOS(%),RoAS,Conversion rate
bath rug red,bath rug red,PHRASE,3,1,33.3333,0.80,0.80,1,29.99,2.6676,37.4875,100
moroccan modern herringbone single shower curtain,moroccan,BROAD,2,2,100,1.52,0.76,1,39.99,3.801,26.3092,50
disney bath rugs,bath rug,PHRASE,2,1,50,0.44,0.44,1,39.99,1.1003,90.8864,100
morracan bath mat,bath mat,PHRASE,1,1,100,0.84,0.84,1,39.99,2.1005,47.6071,100
bathroom mat purple white,bathroom mat purple,PHRASE,1,1,100,0.46,0.46,0,0.00,,0,0
bathroom mat pink,bathroom mat pink,PHRASE,1,1,100,0.79,0.79,0,0.00,,0,0
bathroom mat small,bathroom mat small,PHRASE,1,1,100,0.80,0.80,0,0.00,,0,0
bathroom mats and rugs grey and blue,bathroom mats and rugs grey,PHRASE,2,1,50,0.48,0.48,0,0.00,,0,0
72 bathroom rug gray white,bathroom rug gray,PHRASE,2,1,50,0.47,0.47,0,0.00,,0,0
better homes and gardens bath rug orange,bath rug orange,PHRASE,2,1,50,0.46,0.46,0,0.00,,0,0
bath rug tassel,bath rug tassel,PHRASE,2,1,50,0.79,0.79,0,0.00,,0,0
luxury bath mat large,bath mat large,PHRASE,2,1,50,0.51,0.51,0,0.00,,0,0
bath mat red,bath mat red,PHRASE,2,1,50,0.80,0.80,0,0.00,,0,0
bath mat rug,bath mat rug,PHRASE,2,1,50,0.79,0.79,0,0.00,,0,0
bath mat runner morocan,bath mat runner,PHRASE,1,1,100,0.74,0.74,0,0.00,,0,0
aesthetic bathroom mat,bathroom mat,PHRASE,2,1,50,0.44,0.44,0,0.00,,0,0
bamboo bathroom mats,bathroom mat,PHRASE,1,1,100,0.68,0.68,0,0.00,,0,0
bathroom mats christmas,bathroom mat,PHRASE,7,1,14.2857,0.30,0.30,0,0.00,,0,0
black chic bathroom mat,bathroom mat,PHRASE,2,1,50,0.42,0.42,0,0.00,,0,0
multi color non skid bathroom mat,bathroom mat,PHRASE,2,1,50,0.45,0.45,0,0.00,,0,0
natural bathroom mat,bathroom mat,PHRASE,1,1,100,0.54,0.54,0,0.00,,0,0
sea theme bathroom mats with toilet cover,bathroom mat,PHRASE,2,1,50,0.41,0.41,0,0.00,,0,0
small bathroom mat dark grey round,bathroom mat,PHRASE,1,1,100,0.43,0.43,0,0.00,,0,0
sparkle gray bathroom mat,bathroom mat,PHRASE,1,1,100,0.44,0.44,0,0.00,,0,0
black and gold bathroom mats sets,bathroom mat set,PHRASE,2,1,50,0.49,0.49,0,0.00,,0,0
teal southwest bathroom mat set,bathroom mat set,PHRASE,1,1,100,0.51,0.51,0,0.00,,0,0
black and white bathroom mat non slip,bathroom mats non slip,PHRASE,2,1,50,0.48,0.48,0,0.00,,0,0
black and white non skid bath mat,non skid bath mat,BROAD,1,1,100,0.49,0.49,0,0.00,,0,0
non skid bath mats for bathroom floor,non skid bath mat,BROAD,2,1,50,0.79,0.79,0,0.00,,0,0
door rugs inside non slip absorbent,non slip rug,BROAD,1,1,100,0.80,0.80,0,0.00,,0,0
fireplace rug non slip,non slip rug,BROAD,2,1,50,0.65,0.65,0,0.00,,0,0
non slip accent rug,non slip rug,BROAD,2,1,50,0.77,0.77,0,0.00,,0,0
3x5 non slip mat,non slip mat,BROAD,3,1,33.3333,0.79,0.79,0,0.00,,0,0
bathtub mats non slip mildew resistant,non slip mat,BROAD,5,1,20,0.80,0.80,0,0.00,,0,0
non slip bohemian mat,non slip mat,BROAD,2,1,50,0.47,0.47,0,0.00,,0,0
non slip chenille mat patterned,non slip mat,BROAD,4,1,25,0.61,0.61,0,0.00,,0,0
non slip suspendion mat,non slip mat,BROAD,1,1,100,0.50,0.50,0,0.00,,0,0
luxury bath runner rugs for bathroom,bath rugs for bathroom,BROAD,4,1,25,0.80,0.80,0,0.00,,0,0
fluffy wool rug,fluffy rug,BROAD,2,1,50,0.79,0.79,0,0.00,,0,0
large fluffy rug,fluffy rug,BROAD,1,1,100,0.38,0.38,0,0.00,,0,0
large soft fluffy rugs anti skid,fluffy rug,BROAD,1,1,100,0.49,0.49,0,0.00,,0,0
oversized fluffy rug,fluffy rug,BROAD,1,1,100,0.49,0.49,0,0.00,,0,0
thick fluffy rug 6x6,fluffy rug,BROAD,2,1,50,0.49,0.49,0,0.00,,0,0
washable fluffy rug,fluffy rug,BROAD,2,1,50,0.80,0.80,0,0.00,,0,0
gold bathroom rugs and mats sets,bathroom mats and rugs,BROAD,3,1,33.3333,0.49,0.49,0,0.00,,0,0
luxury bathroom rugs and mats sets,bathroom mats and rugs,BROAD,3,1,33.3333,0.51,0.51,0,0.00,,0,0
bath mst luxury,luxury,BROAD,1,1,100,0.47,0.47,0,0.00,,0,0
luxury,luxury,BROAD,6,1,16.6667,0.48,0.48,0,0.00,,0,0
luxury bathroom accessories,luxury,BROAD,6,2,33.3333,0.94,0.47,0,0.00,,0,0
bone shag round rug,round shag rug,BROAD,1,1,100,0.54,0.54,0,0.00,,0,0
long hall rug runner,runner rug,BROAD,1,1,100,0.70,0.70,0,0.00,,0,0
navy mat rug,rug mat,BROAD,1,1,100,0.79,0.79,0,0.00,,0,0
rug mat charcoal 55 30,rug mat,BROAD,1,1,100,0.49,0.49,0,0.00,,0,0
gold rubber back bathroom rug,rubber back rugs,BROAD,2,1,50,0.57,0.57,0,0.00,,0,0
cute bathroom rugs for girls,girls rug,BROAD,2,1,50,0.14,0.14,0,0.00,,0,0
disney rug for girls,girls rug,BROAD,3,1,33.3333,0.68,0.68,0,0.00,,0,0
mean girls rug,girls rug,BROAD,1,1,100,0.13,0.13,0,0.00,,0,0
boho shag rug,shag rug,BROAD,1,1,100,0.80,0.80,0,0.00,,0,0
printed shag rug,shag rug,BROAD,2,1,50,0.76,0.76,0,0.00,,0,0
shag rug sale,shag rug,BROAD,1,1,100,0.60,0.60,0,0.00,,0,0
"shag rug, 6x7",shag rug,BROAD,2,1,50,0.78,0.78,0,0.00,,0,0
textured shag rug,shag rug,BROAD,1,1,100,0.61,0.61,0,0.00,,0,0
african designed bathroom floor mats 55x27,bathroom mat,BROAD,1,1,100,0.47,0.47,0,0.00,,0,0
bathroom circle mat,bathroom mat,BROAD,3,1,33.3333,0.47,0.47,0,0.00,,0,0
bathroom thin mat set,bathroom mat,BROAD,1,1,100,0.50,0.50,0,0.00,,0,0
colorful mats for bathroom,bathroom mat,BROAD,2,1,50,0.49,0.49,0,0.00,,0,0
kids bathroom curtain set with mat,bathroom mat,BROAD,11,1,9.0909,0.37,0.37,0,0.00,,0,0
rustic bathroom floor mats,bathroom mat,BROAD,1,1,100,0.79,0.79,0,0.00,,0,0
teal floor mats bathroom,bathroom mat,BROAD,2,1,50,0.46,0.46,0,0.00,,0,0
round bathroom mats and rugs,round bathroom rugs and mats,BROAD,1,1,100,0.49,0.49,0,0.00,,0,0
gray microfiber shower curtain,microfiber,BROAD,1,1,100,0.47,0.47,0,0.00,,0,0
baby play mat runner,runner mat,BROAD,1,1,100,0.45,0.45,0,0.00,,0,0
bathroom carpet oval,bathroom carpet,BROAD,1,1,100,0.55,0.55,0,0.00,,0,0
beige bathroom carpets,bathroom carpet,BROAD,2,1,50,0.50,0.50,0,0.00,,0,0
carpet for bathroom christmas,bathroom carpet,BROAD,5,1,20,0.52,0.52,0,0.00,,0,0
carpets for bathrooms for islam,bathroom carpet,BROAD,3,1,33.3333,0.49,0.49,0,0.00,,0,0
christmas carpet rug bathroom,bathroom carpet,BROAD,1,1,100,0.46,0.46,0,0.00,,0,0
cute bathroom carpets,bathroom carpet,BROAD,7,1,14.2857,0.36,0.36,0,0.00,,0,0
white bathroom full-size floor carpets,bathroom carpet,BROAD,2,1,50,0.48,0.48,0,0.00,,0,0
heated rugs for and carpet,carpet rug,BROAD,1,1,100,0.80,0.80,0,0.00,,0,0
rug/carpet cleanrer,carpet rug,BROAD,1,1,100,0.80,0.80,0,0.00,,0,0
bath carpet 3x4,bath carpet,BROAD,1,1,100,0.50,0.50,0,0.00,,0,0
very thin carpet mat,carpet mat,BROAD,1,1,100,0.77,0.77,0,0.00,,0,0
5.2 round rug,round rug,BROAD,1,1,100,0.46,0.46,0,0.00,,0,0
black round rugs 5ft,round rug,BROAD,1,1,100,0.78,0.78,0,0.00,,0,0
boho decor round rugs,round rug,BROAD,1,1,100,0.79,0.79,0,0.00,,0,0
dark green round rug,round rug,BROAD,1,1,100,0.50,0.50,0,0.00,,0,0
machine washable round rug,round rug,BROAD,1,1,100,0.80,0.80,0,0.00,,0,0
round black rug,round rug,BROAD,1,1,100,0.54,0.54,0,0.00,,0,0
round cream rugs,round rug,BROAD,1,1,100,0.49,0.49,0,0.00,,0,0
round crochet rug,round rug,BROAD,3,1,33.3333,0.44,0.44,0,0.00,,0,0
round rug dollie,round rug,BROAD,1,1,100,0.80,0.80,0,0.00,,0,0
round washable rug,round rug,BROAD,1,1,100,0.80,0.80,0,0.00,,0,0
extra thick yoga mat,thick,BROAD,1,1,100,0.73,0.73,0,0.00,,0,0
modern soft thick runner,thick,BROAD,1,1,100,0.47,0.47,0,0.00,,0,0
thick place mats,thick,BROAD,1,1,100,0.48,0.48,0,0.00,,0,0
thick wool carpet,thick,BROAD,1,1,100,0.49,0.49,0,0.00,,0,0
rug 12x21 bath,bath rug,BROAD,2,1,50,0.62,0.62,0,0.00,,0,0
kitchen mat moroccan trellis,moroccan,BROAD,1,1,100,0.46,0.46,0,0.00,,0,0
moroccan,moroccan,BROAD,24,3,12.5,1.71,0.57,0,0.00,,0,0
moroccan bathroom,moroccan,BROAD,2,1,50,0.48,0.48,0,0.00,,0,0
moroccan decor for home,moroccan,BROAD,1,1,100,0.49,0.49,0,0.00,,0,0
moroccan decorations for home,moroccan,BROAD,2,1,50,0.47,0.47,0,0.00,,0,0
moroccan home decor,moroccan,BROAD,2,1,50,0.54,0.54,0,0.00,,0,0
moroccan home decorations,moroccan,BROAD,6,1,16.6667,0.74,0.74,0,0.00,,0,0
moroccan kitchen accessories,moroccan,BROAD,1,1,100,0.47,0.47,0,0.00,,0,0
moroccan shower curtain,moroccan,BROAD,4,2,50,1.53,0.77,0,0.00,,0,0
yokii boho moroccan,moroccan,BROAD,1,1,100,0.48,0.48,0,0.00,,0,0
"20"" x 60"" rubber mat",rubber mat,BROAD,2,1,50,0.73,0.73,0,0.00,,0,0
rubber farm sink mat,rubber mat,BROAD,1,1,100,0.51,0.51,0,0.00,,0,0
rubber mat 72x72,rubber mat,BROAD,1,1,100,0.80,0.80,0,0.00,,0,0
10' moroccan runner rug,moroccan rug,BROAD,1,1,100,0.80,0.80,0,0.00,,0,0
60'' x 24' moroccan rug,moroccan rug,BROAD,2,1,50,0.70,0.70,0,0.00,,0,0
black white moroccan rug,moroccan rug,BROAD,2,1,50,0.49,0.49,0,0.00,,0,0
moroccan rug 2x3,moroccan rug,BROAD,1,1,100,0.80,0.80,0,0.00,,0,0
neutral moroccan rug,moroccan rug,BROAD,1,1,100,0.45,0.45,0,0.00,,0,0
round bathroom rug,round bathroom rug,BROAD,2,1,50,0.49,0.49,0,0.00,,0,0
6x9 rug modern,modern rug,BROAD,2,1,50,0.56,0.56,0,0.00,,0,0
round rugs 8ft modern blue,modern rug,BROAD,1,1,100,0.49,0.49,0,0.00,,0,0
bathroom runners extra long 72,bathroom runner,BROAD,2,1,50,0.49,0.49,0,0.00,,0,0
flamingo bathroom runner,bathroom runner,BROAD,1,1,100,0.49,0.49,0,0.00,,0,0
luxurious bathroom runner,bathroom runner,BROAD,2,1,50,0.79,0.79,0,0.00,,0,0
bathroom rugs sanrio,rug,BROAD,3,1,33.3333,0.49,0.49,0,0.00,,0,0
honey rugs non skid washable,rug,BROAD,2,1,50,0.34,0.34,0,0.00,,0,0
large bathroom rugs,rug,BROAD,2,1,50,0.26,0.26,0,0.00,,0,0
most ansorbment bathroom rug,rug,BROAD,1,1,100,0.19,0.19,0,0.00,,0,0
rug 31 x 45,rug,BROAD,4,1,25,0.10,0.10,0,0.00,,0,0
shrimp bathroom rug,rug,BROAD,1,1,100,0.50,0.50,0,0.00,,0,0
southwestern bathroom rug,rug,BROAD,2,1,50,0.50,0.50,0,0.00,,0,0
6x9 slip mat,mat,BROAD,1,1,100,0.46,0.46,0,0.00,,0,0
fluffy mathroom mat,mat,BROAD,1,1,100,0.45,0.45,0,0.00,,0,0
beige and black area rug,area rugs,BROAD,2,1,50,0.45,0.45,0,0.00,,0,0
lake house rugs,house rugs,BROAD,1,1,100,0.48,0.48,0,0.00,,0,0
crawling mat round,round mat,BROAD,2,2,100,0.96,0.48,0,0.00,,0,0
17 x 24 purple bath rug,bath rug,PHRASE,5,1,20,0.15,0.15,0,0.00,,0,0
18x24 bath rug,bath rug,PHRASE,2,1,50,0.75,0.75,0,0.00,,0,0
african bath rugs,bath rug,PHRASE,4,1,25,0.51,0.51,0,0.00,,0,0
bath rug,bath rug,PHRASE,6,1,16.6667,0.74,0.74,0,0.00,,0,0
bath rug funny,bath rug,PHRASE,2,1,50,0.52,0.52,0,0.00,,0,0
bath rugs,bath rug,PHRASE,1,1,100,0.75,0.75,0,0.00,,0,0
black and white bath rugs,bath rug,PHRASE,2,1,50,0.46,0.46,0,0.00,,0,0
black white bath rug,bath rug,PHRASE,3,1,33.3333,0.46,0.46,0,0.00,,0,0
cactus bath rug,bath rug,PHRASE,2,1,50,0.72,0.72,0,0.00,,0,0
fun bath rug,bath rug,PHRASE,2,1,50,0.49,0.49,0,0.00,,0,0
healdsburg bath rug,bath rug,PHRASE,2,1,50,0.75,0.75,0,0.00,,0,0
heather+bath+rug,bath rug,PHRASE,3,1,33.3333,0.74,0.74,0,0.00,,0,0
holiday bath rug,bath rug,PHRASE,3,1,33.3333,0.46,0.46,0,0.00,,0,0
lauren bath rugs,bath rug,PHRASE,2,2,100,1.49,0.75,0,0.00,,0,0
oriental bath rug,bath rug,PHRASE,1,1,100,0.75,0.75,0,0.00,,0,0
panda bath rugs,bath rug,PHRASE,2,1,50,0.52,0.52,0,0.00,,0,0
paris bath rug,bath rug,PHRASE,2,1,50,0.66,0.66,0,0.00,,0,0
peanuts bath rug,bath rug,PHRASE,1,1,100,0.46,0.46,0,0.00,,0,0
pinecone bath rugs,bath rug,PHRASE,2,1,50,0.58,0.58,0,0.00,,0,0
purple bath rugs,bath rug,PHRASE,4,1,25,0.14,0.14,0,0.00,,0,0
ribbed bath rugs,bath rug,PHRASE,3,1,33.3333,0.75,0.75,0,0.00,,0,0
thick absorbant bath rug,bath rug,PHRASE,2,1,50,0.45,0.45,0,0.00,,0,0
whale bath rug,bath rug,PHRASE,2,1,50,0.71,0.71,0,0.00,,0,0
bath rug set with tank cover,bath rug set,PHRASE,2,1,50,0.72,0.72,0,0.00,,0,0
bath rug christmas,bath rug christmas,PHRASE,1,1,100,0.79,0.79,0,0.00,,0,0
round bath rugs for bathroom,bath rug for bathroom,PHRASE,5,1,20,0.80,0.80,0,0.00,,0,0
absorbant moroccan bath mat,bath mat,PHRASE,1,1,100,0.48,0.48,0,0.00,,0,0
abstract bath mat,bath mat,PHRASE,4,1,25,0.48,0.48,0,0.00,,0,0
aesthetic bath mat,bath mat,PHRASE,1,1,100,0.50,0.50,0,0.00,,0,0
african bath mat,bath mat,PHRASE,2,1,50,0.81,0.81,0,0.00,,0,0
bamboo bath mat,bath mat,PHRASE,8,1,12.5,0.34,0.34,0,0.00,,0,0
bamboo bath mat step for shower,bath mat,PHRASE,1,1,100,0.50,0.50,0,0.00,,0,0
bath mat,bath mat,PHRASE,1281,14,1.0929,11.47,0.82,0,0.00,,0,0
bath mat boho,bath mat,PHRASE,2,1,50,0.51,0.51,0,0.00,,0,0
bath mat dark teal,bath mat,PHRASE,1,1,100,0.80,0.80,0,0.00,,0,0
bath mat geometric,bath mat,PHRASE,1,1,100,0.76,0.76,0,0.00,,0,0
bath mat greek,bath mat,PHRASE,2,1,50,0.78,0.78,0,0.00,,0,0
bath mat naked,bath mat,PHRASE,1,1,100,0.47,0.47,0,0.00,,0,0
bath mat tribal,bath mat,PHRASE,1,1,100,0.49,0.49,0,0.00,,0,0
bath mat with design,bath mat,PHRASE,2,2,100,1.16,0.58,0,0.00,,0,0
bath mat with hook,bath mat,PHRASE,1,1,100,0.74,0.74,0,0.00,,0,0
bath mat with words,bath mat,PHRASE,1,1,100,0.51,0.51,0,0.00,,0,0
bath mats 17xby24 multi color,bath mat,PHRASE,1,1,100,0.47,0.47,0,0.00,,0,0
bath mats agate,bath mat,PHRASE,3,2,66.6667,0.94,0.47,0,0.00,,0,0
bath mats mustard,bath mat,PHRASE,3,1,33.3333,0.49,0.49,0,0.00,,0,0
black and ivory pattern bath mat,bath mat,PHRASE,4,1,25,0.47,0.47,0,0.00,,0,0
black and white bath mat,bath mat,PHRASE,6,1,16.6667,0.79,0.79,0,0.00,,0,0
black quote bath mat,bath mat,PHRASE,2,1,50,0.85,0.85,0,0.00,,0,0
bohemian bath mat,bath mat,PHRASE,2,1,50,0.45,0.45,0,0.00,,0,0
bright coral no slip bath mat,bath mat,PHRASE,1,1,100,0.53,0.53,0,0.00,,0,0
chanel bath mat,bath mat,PHRASE,1,1,100,0.80,0.80,0,0.00,,0,0
cheetah bath mats,bath mat,PHRASE,1,1,100,0.46,0.46,0,0.00,,0,0
christmas bath mat,bath mat,PHRASE,7,1,14.2857,0.80,0.80,0,0.00,,0,0
cotton bath mats,bath mat,PHRASE,1,1,100,0.77,0.77,0,0.00,,0,0
country modern bath mat,bath mat,PHRASE,2,1,50,0.49,0.49,0,0.00,,0,0
crochet bath mat,bath mat,PHRASE,1,1,100,0.74,0.74,0,0.00,,0,0
cute bath mat,bath mat,PHRASE,1,1,100,0.80,0.80,0,0.00,,0,0
decorative bath mat,bath mat,PHRASE,2,1,50,0.83,0.83,0,0.00,,0,0
designer bath mat,bath mat,PHRASE,3,1,33.3333,0.52,0.52,0,0.00,,0,0
distressed bath mat,bath mat,PHRASE,1,1,100,0.48,0.48,0,0.00,,0,0
dragon bath mat,bath mat,PHRASE,2,1,50,0.80,0.80,0,0.00,,0,0
drawing bath mat,bath mat,PHRASE,1,1,100,0.80,0.80,0,0.00,,0,0
eco bath mat,bath mat,PHRASE,1,1,100,0.80,0.80,0,0.00,,0,0
ethnic bath mat,bath mat,PHRASE,1,1,100,0.79,0.79,0,0.00,,0,0
feather bath mat,bath mat,PHRASE,2,1,50,0.46,0.46,0,0.00,,0,0
flower bath mat,bath mat,PHRASE,2,1,50,0.50,0.50,0,0.00,,0,0
fun bath mat,bath mat,PHRASE,14,3,21.4286,1.76,0.59,0,0.00,,0,0
fun bath mats,bath mat,PHRASE,7,1,14.2857,0.55,0.55,0,0.00,,0,0
funny bath mat,bath mat,PHRASE,1,1,100,0.82,0.82,0,0.00,,0,0
furry bath mat,bath mat,PHRASE,3,1,33.3333,0.47,0.47,0,0.00,,0,0
geo bath mat,bath mat,PHRASE,1,1,100,0.80,0.80,0,0.00,,0,0
gray and ivory bath mat,bath mat,PHRASE,7,1,14.2857,0.80,0.80,0,0.00,,0,0
grey and peach floral bath mat,bath mat,PHRASE,1,1,100,0.83,0.83,0,0.00,,0,0
interdesign bath mat,bath mat,PHRASE,2,2,100,0.98,0.49,0,0.00,,0,0
kilm bath mat,bath mat,PHRASE,1,1,100,0.76,0.76,0,0.00,,0,0
large red round bath mat,bath mat,PHRASE,1,1,100,0.49,0.49,0,0.00,,0,0
leaf bath mat,bath mat,PHRASE,2,1,50,0.50,0.50,0,0.00,,0,0
leopard bath mat,bath mat,PHRASE,3,1,33.3333,0.52,0.52,0,0.00,,0,0
lotus bath mat,bath mat,PHRASE,1,1,100,0.49,0.49,0,0.00,,0,0
luxury bath mat,bath mat,PHRASE,1,1,100,0.85,0.85,0,0.00,,0,0
misona bath mat,bath mat,PHRASE,1,1,100,0.80,0.80,0,0.00,,0,0
moose bath mats,bath mat,PHRASE,5,1,20,0.74,0.74,0,0.00,,0,0
mystical bath mat,bath mat,PHRASE,2,1,50,0.52,0.52,0,0.00,,0,0
oversize bath mat,bath mat,PHRASE,7,1,14.2857,0.85,0.85,0,0.00,,0,0
paris bath mat,bath mat,PHRASE,1,1,100,0.52,0.52,0,0.00,,0,0
patterned bath mat,bath mat,PHRASE,4,2,50,1.33,0.67,0,0.00,,0,0
peachy clean bath mat,bath mat,PHRASE,3,1,33.3333,0.44,0.44,0,0.00,,0,0
plush round bath mat 2x2 brown,bath mat,PHRASE,1,1,100,0.80,0.80,0,0.00,,0,0
print bath mats,bath mat,PHRASE,2,2,100,1.02,0.51,0,0.00,,0,0
quote bath mat,bath mat,PHRASE,1,1,100,0.53,0.53,0,0.00,,0,0
rainbow bath mat,bath mat,PHRASE,5,1,20,0.52,0.52,0,0.00,,0,0
round bath mat,bath mat,PHRASE,3,1,33.3333,0.85,0.85,0,0.00,,0,0
script bath mat,bath mat,PHRASE,2,1,50,0.75,0.75,0,0.00,,0,0
small bath mat naked,bath mat,PHRASE,1,1,100,0.80,0.80,0,0.00,,0,0
small half round bath mat,bath mat,PHRASE,1,1,100,0.47,0.47,0,0.00,,0,0
spa bath mat,bath mat,PHRASE,1,1,100,0.85,0.85,0,0.00,,0,0
square bath mat,bath mat,PHRASE,1,1,100,0.78,0.78,0,0.00,,0,0
teak bath mat,bath mat,PHRASE,5,1,20,0.38,0.38,0,0.00,,0,0
thick cotton bath mats,bath mat,PHRASE,2,1,50,0.54,0.54,0,0.00,,0,0
tribal bath mat,bath mat,PHRASE,2,1,50,0.50,0.50,0,0.00,,0,0
tufted bath mat,bath mat,PHRASE,3,2,66.6667,1.04,0.52,0,0.00,,0,0
wamsutta bath mat,bath mat,PHRASE,4,2,50,1.37,0.69,0,0.00,,0,0
yellow bath mat,bath mat,PHRASE,4,2,50,1.48,0.74,0,0.00,,0,0
bath mats for bathroom,bath mats for bathroom,PHRASE,1,1,100,0.80,0.80,0,0.00,,0,0
red bath mats for bathroom,bath mats for bathroom,PHRASE,1,1,100,0.31,0.31,0,0.00,,0,0
bath mat set for guest toilet,bath mat set,PHRASE,2,1,50,0.16,0.16,0,0.00,,0,0
bath matts for bathrooms decorated,bath matts for bathrooms,PHRASE,1,1,100,0.45,0.45,0,0.00,,0,0
cotton bath matts for bathrooms,bath matts for bathrooms,PHRASE,1,1,100,0.49,0.49,0,0.00,,0,0
bath mat anti slip,bath mat anti slip,PHRASE,1,1,100,0.45,0.45,0,0.00,,0,0
bath mat cute,bath mat cute,PHRASE,4,2,50,1.28,0.64,0,0.00,,0,0
bath mat green,bath mat green,PHRASE,1,1,100,0.75,0.75,0,0.00,,0,0
bath mat pattern,bath mat pattern,PHRASE,1,1,100,0.54,0.54,0,0.00,,0,0
bath mat washable guest,bath mat washable,PHRASE,1,1,100,0.50,0.50,0,0.00,,0,0
round cotton crochet bathroom mat green,bathroom mat green,PHRASE,1,1,100,0.47,0.47,0,0.00,,0,0
moroccan bath rug,moroccan bath rug,BROAD,2,1,50,0.80,0.80,0,0.00,,0,0
moroccan bath mat,moroccan bath mat,BROAD,1,1,100,0.48,0.48,0,0.00,,0,0
black and white farmhouse bath mat,white bath mat,BROAD,1,1,100,0.59,0.59,0,0.00,,0,0
fluffy white bath mat,white bath mat,BROAD,1,1,100,0.55,0.55,0,0.00,,0,0
small white bath mat,white bath mat,BROAD,1,1,100,0.94,0.94,0,0.00,,0,0
white half moon bath mat,white bath mat,BROAD,2,1,50,0.58,0.58,0,0.00,,0,0
white teak bath mat,white bath mat,BROAD,1,1,100,0.20,0.20,0,0.00,,0,0
white with black dots bath mat,white bath mat,BROAD,1,1,100,0.72,0.72,0,0.00,,0,0