﻿Customer search term,Keywords,Match type,Impressions,Clicks,CTR(%),Spend(USD),CPC(USD),Orders,Sales(USD),ACOS(%),RoAS,Conversion rate
10x11 area rug,rug,BROAD,1,1,100,0.57,0.57,0,0.00,,0,0
14 x 14 non slip food service tray,non slip,BROAD,2,1,50,0.68,0.68,0,0.00,,0,0
15”x23”bathroom rug white,rug,BROAD,1,1,100,0.30,0.30,0,0.00,,0,0
"21"" x 34"" bath rug",bath rug,BROAD,1,1,100,0.50,0.50,0,0.00,,0,0
24 x 28 non slip rug,non slip rug,BROAD,2,1,50,0.73,0.73,0,0.00,,0,0
24x40 bathroom rugs,rug,BROAD,1,1,100,0.40,0.40,0,0.00,,0,0
24x60 bathroom rug,rug,BROAD,1,1,100,0.22,0.22,0,0.00,,0,0
2x3 non-slip area rug,non slip area rug,BROAD,1,1,100,0.83,0.83,0,0.00,,0,0
30 x 44 rubber bracket shag mat,rubber mat,BROAD,1,1,100,1.10,1.10,0,0.00,,0,0
3d bathroom floor rug,rug,BROAD,1,1,100,0.33,0.33,0,0.00,,0,0
3x2 thick bathroom rug,thick rug,BROAD,1,1,100,0.62,0.62,0,0.00,,0,0
3x4 rug with rubber backing,rug,BROAD,1,1,100,0.32,0.32,0,0.00,,0,0
3x7 rug runner non slip,non slip runner rug,BROAD,3,1,33.3333,0.28,0.28,0,0.00,,0,0
3x7 runner rug thick,thick rug,BROAD,1,1,100,0.62,0.62,0,0.00,,0,0
48 inch outdoor rug,rug,BROAD,1,1,100,0.33,0.33,0,0.00,,0,0
50mm thick rug,thick rug,BROAD,10,1,10,0.52,0.52,0,0.00,,0,0
70 inch long bathroom rugs,rug,BROAD,1,1,100,0.31,0.31,0,0.00,,0,0
9 x 12 shag thick rug,thick rug,BROAD,11,2,18.1818,1.84,0.92,0,0.00,,0,0
absorbent bath mat mold resistent,absorbent bath mat,BROAD,1,1,100,0.93,0.93,1,39.99,2.3256,43,100
absorbent bath mat set,absorbent bath mat,BROAD,1,1,100,0.62,0.62,0,0.00,,0,0
afro bathroom sets with rugs and accessories,rug,BROAD,2,1,50,0.35,0.35,0,0.00,,0,0
anti slip bath tape,anti slip,BROAD,3,1,33.3333,0.62,0.62,0,0.00,,0,0
anti slip help,anti slip,BROAD,2,1,50,0.60,0.60,0,0.00,,0,0
anti slip pad over carpet,anti slip,BROAD,1,1,100,1.00,1.00,0,0.00,,0,0
anti slip silicone pastry mat,anti slip mat,BROAD,2,1,50,0.61,0.61,0,0.00,,0,0
area rug 4x5,rug,BROAD,1,1,100,0.40,0.40,0,0.00,,0,0
area rug 7x9,rug,BROAD,2,1,50,0.31,0.31,0,0.00,,0,0
area rug runners,area rug runner,BROAD,13,1,7.6923,1.00,1.00,0,0.00,,0,0
bath mat large non slip,non slip bath mat,BROAD,2,1,50,0.52,0.52,0,0.00,,0,0
bath mats absorbent,absorbent bath mat,BROAD,3,1,33.3333,0.75,0.75,0,0.00,,0,0
bath mats carpet commercial grade,bath carpet,BROAD,2,1,50,0.59,0.59,0,0.00,,0,0
bath mats for shower non slip,non slip bath mat,BROAD,6,1,16.6667,0.83,0.83,0,0.00,,0,0
bath non slip mat stickers,non slip bath mat,BROAD,2,1,50,0.80,0.80,0,0.00,,0,0
bath round christmas carpets and rugs,bath carpet,BROAD,1,1,100,0.59,0.59,0,0.00,,0,0
bath rug,bath rug,BROAD,17,1,5.8824,0.46,0.46,0,0.00,,0,0
bathroom mat fun,bathroom mat,BROAD,1,1,100,0.35,0.35,0,0.00,,0,0
bathroom rug designed,rug,BROAD,2,1,50,0.43,0.43,0,0.00,,0,0
bathroom rug novelty,rug,BROAD,1,1,100,0.41,0.41,0,0.00,,0,0
bathroom rugs,rug,BROAD,181,6,3.3149,2.70,0.45,0,0.00,,0,0
bathroom rugs 25 x 62,rug,BROAD,2,1,50,0.45,0.45,0,0.00,,0,0
bathroom rugs modern,modern rug,BROAD,4,1,25,0.62,0.62,2,119.97,0.5168,193.5,200
bathroom rugs paris,rug,BROAD,1,1,100,0.45,0.45,0,0.00,,0,0
bathroom rugs single,rug,BROAD,1,1,100,0.21,0.21,0,0.00,,0,0
bathroom rugs tribal,rug,BROAD,2,1,50,0.11,0.11,0,0.00,,0,0
bathroom shower mat,bathroom mat,BROAD,3,1,33.3333,0.27,0.27,0,0.00,,0,0
bathtub runner mat,runner mat,BROAD,70,1,1.4286,0.60,0.60,0,0.00,,0,0
beach rugs,rug,BROAD,1,1,100,0.11,0.11,0,0.00,,0,0
beachy area rug,rug,BROAD,2,1,50,0.31,0.31,0,0.00,,0,0
beaded rug mat,rug mat,BROAD,2,1,50,0.45,0.45,0,0.00,,0,0
bedside mat rug maroon,rug mat,BROAD,1,1,100,0.52,0.52,0,0.00,,0,0
bedside rugs for bedroom non slip black,non slip rug,BROAD,1,1,100,0.25,0.25,0,0.00,,0,0
black and gold area rugs tigers bathroom,bathroom area rug,BROAD,3,1,33.3333,0.55,0.55,0,0.00,,0,0
black and white bathroom rugs,rug,BROAD,3,1,33.3333,0.57,0.57,0,0.00,,0,0
black and white playroom rug,rug,BROAD,2,1,50,0.37,0.37,0,0.00,,0,0
black and white rug,rug,BROAD,2,1,50,0.21,0.21,0,0.00,,0,0
black and white shower rug,rug,BROAD,1,1,100,0.36,0.36,0,0.00,,0,0
black and white zigzag rug,rug,BROAD,2,1,50,0.35,0.35,0,0.00,,0,0
black n white rugs,rug,BROAD,2,1,50,0.35,0.35,0,0.00,,0,0
blush pink rug,pink rug,BROAD,1,1,100,0.09,0.09,0,0.00,,0,0
bohemian bath rugs for bathroom non slip,non slip bath rug,BROAD,2,1,50,0.56,0.56,0,0.00,,0,0
boho round rugs,round rug,BROAD,1,1,100,0.41,0.41,0,0.00,,0,0
carpet bath,bath carpet,BROAD,26,1,3.8462,0.93,0.93,0,0.00,,0,0
carpet luxury bath,bath carpet,BROAD,2,1,50,0.56,0.56,0,0.00,,0,0
carpet mat anti-slip mat,anti slip mat,BROAD,231,1,0.4329,0.84,0.84,0,0.00,,0,0
casa platino non skid rug,non skid rugs,BROAD,1,1,100,0.52,0.52,0,0.00,,0,0
charcoal rugs 3x5,rug,BROAD,1,1,100,0.35,0.35,0,0.00,,0,0
chenille area rugs 8x10,rug,BROAD,1,1,100,0.11,0.11,0,0.00,,0,0
chenille microfiber rug,microfiber rug,BROAD,3,1,33.3333,0.97,0.97,0,0.00,,0,0
chicken bathroom rug,rug,BROAD,1,1,100,0.55,0.55,0,0.00,,0,0
christmas rugs,rug,BROAD,3,1,33.3333,0.21,0.21,0,0.00,,0,0
coastal runner rug,runner rug,BROAD,1,1,100,0.24,0.24,0,0.00,,0,0
dachshund bathroom runner rug,bathroom runner rug,BROAD,4,1,25,0.50,0.50,0,0.00,,0,0
decorative non slip kids tub mat,non slip mat,BROAD,20,1,5,0.69,0.69,0,0.00,,0,0
desiderare thick fluffy bath mat moroccan craftsman,fluffy bath mat,BROAD,3,1,33.3333,0.75,0.75,1,39.99,1.8755,53.32,100
dorm room throw rugs,throw rugs,BROAD,1,1,100,0.20,0.20,0,0.00,,0,0
eco friendly non slip shower stools and benches,non slip,BROAD,1,1,100,0.66,0.66,0,0.00,,0,0
elegant room rug non bend,room rug,BROAD,1,1,100,0.03,0.03,0,0.00,,0,0
elmo rug for room,room rug,BROAD,2,1,50,0.38,0.38,0,0.00,,0,0
entry runner rug,runner rug,BROAD,1,1,100,0.25,0.25,0,0.00,,0,0
extra fluffy bath mat small,fluffy bath mat,BROAD,12,1,8.3333,0.90,0.90,0,0.00,,0,0
fashion rugs for bathroom,rug,BROAD,1,1,100,0.34,0.34,0,0.00,,0,0
floral runner rug,runner rug,BROAD,1,1,100,0.23,0.23,0,0.00,,0,0
fluffy bath mat,fluffy bath mat,BROAD,5,2,40,1.00,0.50,0,0.00,,0,0
fluffy throw rugs,throw rugs,BROAD,120,1,0.8333,0.43,0.43,0,0.00,,0,0
football rug large,rug,BROAD,1,1,100,0.36,0.36,0,0.00,,0,0
fortnite throw rug,throw rugs,BROAD,1,1,100,0.57,0.57,0,0.00,,0,0
fringe bathroom mat,bathroom mat,BROAD,2,1,50,0.33,0.33,0,0.00,,0,0
fuzzy throw rug,throw rugs,BROAD,20,1,5,0.65,0.65,0,0.00,,0,0
hall long rug 2’ x 8’ non slip,non slip rug,BROAD,2,1,50,0.44,0.44,0,0.00,,0,0
hallway rug runner,runner rug,BROAD,1,1,100,0.50,0.50,0,0.00,,0,0
home luxury scents,luxury,BROAD,5,1,20,0.42,0.42,0,0.00,,0,0
hot pink rug bathroom,pink bathroom rugs,BROAD,1,1,100,0.20,0.20,0,0.00,,0,0
hunting area rug,rug,BROAD,2,1,50,0.24,0.24,0,0.00,,0,0
hunting theme rug,rug,BROAD,4,1,25,0.57,0.57,0,0.00,,0,0
jeep throw rug,throw rugs,BROAD,4,1,25,0.20,0.20,0,0.00,,0,0
kids reading nook thick floor mat,thick,BROAD,1,1,100,0.56,0.56,0,0.00,,0,0
kilim bath mat rug,rug mat,BROAD,2,2,100,1.54,0.77,0,0.00,,0,0
kitchen mat rubber,rubber mat,BROAD,9,1,11.1111,0.83,0.83,0,0.00,,0,0
kitchen mats and rugs,rug mat,BROAD,46,1,2.1739,0.59,0.59,0,0.00,,0,0
kitchen rug expresso,rug,BROAD,2,1,50,0.35,0.35,0,0.00,,0,0
"kitchen rug runner 2'5"" x 8'",runner rug,BROAD,1,1,100,0.50,0.50,0,0.00,,0,0
kitchen rugs and mats,rug mat,BROAD,61,1,1.6393,0.70,0.70,0,0.00,,0,0
kitchen rugs and mats with native american theme,rug mat,BROAD,2,1,50,0.59,0.59,0,0.00,,0,0
kitchen rugs non skid white black 2x4,non skid rugs,BROAD,1,1,100,0.33,0.33,0,0.00,,0,0
kitchen throw rugs non skid washable,throw rugs non skid,PHRASE,4,1,25,0.48,0.48,0,0.00,,0,0
latex backed rug,rug,BROAD,2,2,100,1.12,0.56,0,0.00,,0,0
laundry area rug,rug,BROAD,1,1,100,0.20,0.20,0,0.00,,0,0
laundry room rugs and mats,rug mat,BROAD,20,2,10,0.30,0.15,0,0.00,,0,0
laundry rugs and mats,rug mat,BROAD,51,1,1.9608,0.54,0.54,0,0.00,,0,0
lodge bathroom mats,bathroom mat,BROAD,4,1,25,0.56,0.56,0,0.00,,0,0
long bath mat runner,runner mat,BROAD,2,1,50,0.56,0.56,0,0.00,,0,0
luxury,luxury,BROAD,171,4,2.3392,2.04,0.51,0,0.00,,0,0
luxury bath mat non slip,non slip bath mat,BROAD,3,1,33.3333,0.36,0.36,0,0.00,,0,0
luxury carpeta baths,luxury,BROAD,1,1,100,0.18,0.18,0,0.00,,0,0
luxury christmas crackers,luxury,BROAD,1,1,100,0.47,0.47,0,0.00,,0,0
luxury dormitorii mat,luxury,BROAD,1,1,100,0.08,0.08,0,0.00,,0,0
luxury persian kitchen mats,luxury,BROAD,1,1,100,0.27,0.27,0,0.00,,0,0
luxury pink barstool,luxury,BROAD,3,1,33.3333,0.54,0.54,0,0.00,,0,0
luxury plush bathroom rugs,luxury,BROAD,2,1,50,0.45,0.45,0,0.00,,0,0
luxury turkishvtowels pink,luxury,BROAD,1,1,100,0.36,0.36,0,0.00,,0,0
mayshine microfiber rug,microfiber rug,BROAD,7,1,14.2857,0.36,0.36,0,0.00,,0,0
mexican bathroom rug,rug,BROAD,1,1,100,0.57,0.57,0,0.00,,0,0
microfiber squishy mat,microfiber mat,BROAD,4,1,25,0.41,0.41,0,0.00,,0,0
modern bathroom rug,rug,BROAD,2,1,50,0.24,0.24,0,0.00,,0,0
modern bohemian rug,modern rug,BROAD,1,1,100,0.14,0.14,0,0.00,,0,0
mohawk accent rugs with rubber backing,rug,BROAD,2,1,50,0.36,0.36,0,0.00,,0,0
moon and stars area rug,rug,BROAD,1,1,100,0.11,0.11,0,0.00,,0,0
multicolor super soft area rugs,soft area rug,BROAD,2,1,50,0.46,0.46,0,0.00,,0,0
naturally luxury for home,luxury,BROAD,1,1,100,0.37,0.37,0,0.00,,0,0
non slip area rug,non slip area rug,BROAD,280,1,0.3571,1.47,1.47,0,0.00,,0,0
non slip area rug runner,non slip area rug,BROAD,1,1,100,0.53,0.53,0,0.00,,0,0
non slip kitchen rugs,non slip rug,BROAD,3,1,33.3333,0.27,0.27,0,0.00,,0,0
non slip outdoor area rug,non slip area rug,BROAD,1,1,100,0.72,0.72,0,0.00,,0,0
non slip rug,non slip rug,BROAD,1,1,100,0.15,0.15,0,0.00,,0,0
non slip rug runner,non slip rug,BROAD,1,1,100,0.20,0.20,0,0.00,,0,0
non slip rug set,non slip rug,BROAD,2,1,50,0.56,0.56,0,0.00,,0,0
non slip runner rugs with rubber backing,non slip runner rug,BROAD,2,1,50,0.40,0.40,0,0.00,,0,0
non slip socks for baby girl,non slip,BROAD,1,1,100,0.67,0.67,0,0.00,,0,0
nuloom runner rug,runner rug,BROAD,1,1,100,0.18,0.18,0,0.00,,0,0
personalized bathroom carpets,bathroom carpet,BROAD,2,1,50,0.36,0.36,0,0.00,,0,0
pink runner with tessles,pink runner,BROAD,2,1,50,0.32,0.32,0,0.00,,0,0
psychedelic bathroom mat,bathroom mat,BROAD,2,1,50,0.56,0.56,0,0.00,,0,0
rag throw rugs washable,throw rugs,BROAD,15,1,6.6667,0.52,0.52,0,0.00,,0,0
red area rug,rug,BROAD,2,1,50,0.42,0.42,0,0.00,,0,0
red rug 6x9 non slip,non slip rug,BROAD,2,1,50,0.44,0.44,0,0.00,,0,0
red rug with white snowflakes,rug,BROAD,2,1,50,0.57,0.57,0,0.00,,0,0
religious bath rugs,bath rug,BROAD,2,1,50,0.32,0.32,0,0.00,,0,0
reversible throw rugs,throw rugs,BROAD,24,1,4.1667,0.36,0.36,0,0.00,,0,0
rivet runner rug,runner rug,BROAD,1,1,100,0.24,0.24,0,0.00,,0,0
round bathroom rug,rug,BROAD,25,1,4,0.54,0.54,0,0.00,,0,0
round kitchen mat,round mat,BROAD,1,1,100,0.46,0.46,0,0.00,,0,0
round thick rugs,thick rug,BROAD,2,1,50,0.96,0.96,0,0.00,,0,0
rubber back rug low threshold,rubber back rugs,BROAD,2,1,50,0.39,0.39,0,0.00,,0,0
rubber back rugs 3x5,rubber back rugs,BROAD,2,1,50,0.40,0.40,0,0.00,,0,0
rubber backed extra large bath carpets,bath carpet,BROAD,4,1,25,0.93,0.93,0,0.00,,0,0
rubber backed mat,rubber mat,BROAD,1,1,100,1.00,1.00,0,0.00,,0,0
rubber duck bathroom mat,rubber mat,BROAD,2,1,50,0.68,0.68,0,0.00,,0,0
rubber floor mats for kitchen,rubber mat,BROAD,3,1,33.3333,1.10,1.10,0,0.00,,0,0
rubber kitchen mat,rubber mat,BROAD,141,1,0.7092,0.52,0.52,0,0.00,,0,0
rubber kitchen mat with cows,rubber mat,BROAD,2,1,50,1.01,1.01,0,0.00,,0,0
rubber mat,rubber mat,BROAD,36,1,2.7778,0.38,0.38,0,0.00,,0,0
rubber mat for bathtub,rubber mat,BROAD,2,1,50,0.71,0.71,0,0.00,,0,0
rubber spill mat 20”,rubber mat,BROAD,1,1,100,0.52,0.52,1,39.99,1.3003,76.9038,100
rubber stair mat,rubber mat,BROAD,2,1,50,1.09,1.09,0,0.00,,0,0
rubber step mats,rubber mat,BROAD,3,2,66.6667,1.72,0.86,0,0.00,,0,0
rug,rug,BROAD,644,7,1.087,2.39,0.34,0,0.00,,0,0
rug 19&#34 x28&#34 non slip,non slip rug,BROAD,1,1,100,0.69,0.69,0,0.00,,0,0
rug designer round tulip super soft non slip,non slip rug,BROAD,2,1,50,0.27,0.27,0,0.00,,0,0
rug with cats,rug,BROAD,1,1,100,0.43,0.43,0,0.00,,0,0
rugs,rug,BROAD,1158,7,0.6045,3.43,0.49,0,0.00,,0,0
rugs 8x10 super thick,thick rug,BROAD,4,1,25,0.60,0.60,0,0.00,,0,0
runner rug 2x10,runner rug,BROAD,1,1,100,0.27,0.27,0,0.00,,0,0
runner rug for hallway,runner rug,BROAD,1,1,100,0.10,0.10,0,0.00,,0,0
sheep throw rug,throw rugs,BROAD,26,1,3.8462,0.25,0.25,0,0.00,,0,0
shower anti slip,anti slip,BROAD,6,1,16.6667,0.60,0.60,0,0.00,,0,0
shower rubber mat extra wide,rubber mat,BROAD,2,1,50,0.59,0.59,0,0.00,,0,0
small toilet rug for inside rv 24x17,rug,BROAD,1,1,100,0.41,0.41,0,0.00,,0,0
snakeskin bathroom rugs,rug,BROAD,1,1,100,0.21,0.21,0,0.00,,0,0
sunflower throw rugs,throw rugs,BROAD,1,1,100,0.67,0.67,0,0.00,,0,0
surfboard rugs for bathroom,rug,BROAD,1,1,100,0.17,0.17,0,0.00,,0,0
tapestry throw rugs,throw rugs,BROAD,2,1,50,0.92,0.92,0,0.00,,0,0
thick bath mat,thick,BROAD,3,1,33.3333,0.59,0.59,0,0.00,,0,0
thick bathroom rugs,thick rug,BROAD,1,1,100,0.78,0.78,0,0.00,,0,0
thick cotton area rugs,thick rug,BROAD,5,2,40,1.09,0.54,0,0.00,,0,0
thick fluffy washroom mat,thick,BROAD,2,1,50,0.83,0.83,0,0.00,,0,0
thick ikea flatwear,thick,BROAD,1,1,100,0.59,0.59,0,0.00,,0,0
thick kitchen mat,thick,BROAD,2,1,50,0.20,0.20,0,0.00,,0,0
thick pile 8x10 area rugs for living room,thick rug,BROAD,1,1,100,0.37,0.37,0,0.00,,0,0
thick shag contour rug,thick rug,BROAD,1,1,100,0.20,0.20,0,0.00,,0,0
thick turkish bath rug,thick rug,BROAD,2,1,50,0.91,0.91,0,0.00,,0,0
thick welcome mat,thick,BROAD,2,1,50,1.00,1.00,0,0.00,,0,0
throw rug with reminder notes,throw rugs,BROAD,2,1,50,0.52,0.52,0,0.00,,0,0
throw rugs and runners,throw rugs runners,PHRASE,6,2,33.3333,1.07,0.53,0,0.00,,0,0
throw rugs washable,throw rugs,BROAD,29,1,3.4483,0.99,0.99,0,0.00,,0,0
tropical bathroom rugs,rug,BROAD,1,1,100,0.11,0.11,0,0.00,,0,0
very thin rug,rug,BROAD,1,1,100,0.54,0.54,1,29.99,1.8006,55.537,100
warm area rug,rug,BROAD,3,1,33.3333,0.32,0.32,0,0.00,,0,0
washable rug,rug,BROAD,19,2,10.5263,0.87,0.44,0,0.00,,0,0
washable rug hygge,rug,BROAD,3,1,33.3333,0.21,0.21,0,0.00,,0,0
white paper shag bath mat,shag,BROAD,1,1,100,0.50,0.50,0,0.00,,0,0
white with black moroccan rug bedroom,moroccan rug,BROAD,2,1,50,0.66,0.66,0,0.00,,0,0
wooden bath mats,wooden bath mats,BROAD,12,2,16.6667,1.56,0.78,0,0.00,,0,0
wooden bath mats for bathroom,wooden bath mats,BROAD,2,1,50,1.00,1.00,0,0.00,,0,0
xl bath carpet,bath carpet,BROAD,1,1,100,0.62,0.62,0,0.00,,0,0
yellow runner rug,runner rug,BROAD,6,1,16.6667,0.24,0.24,0,0.00,,0,0