﻿Customer search term,Keywords,Match type,Impressions,Clicks,CTR(%),Spend(USD),CPC(USD),Orders,Sales(USD),ACOS(%),RoAS,Conversion rate
2 white bath rugs,white bath rug,BROAD,1,1,100,0.94,0.94,0,0.00,,0,0
anti fatigue bathroom mat white,white bathroom mat,BROAD,5,1,20,1.33,1.33,0,0.00,,0,0
anti-fatigue mat for bathroom 5 star,anti fatigue mat,PHRASE,6,1,16.6667,0.44,0.44,0,0.00,,0,0
bath mat large non slip,non slip bath mat,BROAD,3,1,33.3333,0.64,0.64,0,0.00,,0,0
bath mat luxury,luxury bath mat,BROAD,7,1,14.2857,0.67,0.67,0,0.00,,0,0
bath mat non slip gray white black,non slip bath mat,BROAD,3,1,33.3333,0.65,0.65,0,0.00,,0,0
bath mat oval non slip,non slip bath mat,BROAD,3,1,33.3333,1.00,1.00,0,0.00,,0,0
bath mat towel white,white bath mat,BROAD,2,1,50,0.98,0.98,0,0.00,,0,0
bath rug set white,white bath rug,BROAD,1,1,100,0.97,0.97,0,0.00,,0,0
bath rugs for bathroom latex back,bath rugs for bathroom,BROAD,4,1,25,0.53,0.53,0,0.00,,0,0
bath rugs for bathroom non slip,bath rugs for bathroom,BROAD,1,1,100,0.83,0.83,0,0.00,,0,0
bath rugs for bathroom sets,bath rugs for bathroom,BROAD,3,1,33.3333,0.54,0.54,0,0.00,,0,0
bath rugs kids bathroom,bath rugs for bathroom,BROAD,3,1,33.3333,0.58,0.58,0,0.00,,0,0
bathroom mats white with brown,white bathroom mat,BROAD,1,1,100,1.04,1.04,0,0.00,,0,0
bathroom rug off white,white rug bathroom,BROAD,1,1,100,0.84,0.84,0,0.00,,0,0
bathroom rug white,white rug bathroom,BROAD,1,1,100,0.81,0.81,0,0.00,,0,0
bathroom rugs and mats sets brown and white,white bathroom mat,BROAD,1,1,100,1.12,1.12,0,0.00,,0,0
bathroom rugs black and white,white rug bathroom,BROAD,1,1,100,0.84,0.84,0,0.00,,0,0
bathroom rugs from bed bath and beyond,bath rugs for bathroom,BROAD,2,1,50,0.81,0.81,0,0.00,,0,0
bathroom white mat set,white bathroom mat,BROAD,1,1,100,1.29,1.29,0,0.00,,0,0
beige white gray bathroom rug,white rug bathroom,BROAD,1,1,100,0.85,0.85,0,0.00,,0,0
black   white bath mat,white bath mat,BROAD,6,1,16.6667,0.98,0.98,0,0.00,,0,0
black & white bath rug,white bath rug,BROAD,1,1,100,1.00,1.00,0,0.00,,0,0
black and white bath mat,white bath mat,BROAD,14,7,50,6.50,0.93,0,0.00,,0,0
black and white bath rug,white bath rug,BROAD,1,1,100,0.94,0.94,0,0.00,,0,0
black and white bathroom mat,white bathroom mat,BROAD,5,1,20,1.26,1.26,0,0.00,,0,0
black and white bathroom rug,white rug bathroom,BROAD,10,2,20,1.43,0.72,0,0.00,,0,0
black and white bathroom rugs,white rug bathroom,BROAD,1,1,100,0.81,0.81,0,0.00,,0,0
black and white non slip bath mat,non slip bath mat,BROAD,1,1,100,0.65,0.65,0,0.00,,0,0
black white bath mat,white bath mat,BROAD,30,4,13.3333,2.98,0.75,1,39.99,7.4519,13.4195,25
black white bath rug,white bath rug,BROAD,19,2,10.5263,1.24,0.62,0,0.00,,0,0
black white bathroom rug,white rug bathroom,BROAD,2,1,50,0.83,0.83,0,0.00,,0,0
black white check bath mat,white bath mat,BROAD,1,1,100,0.86,0.86,0,0.00,,0,0
blue and white bath mat,white bath mat,BROAD,1,1,100,1.00,1.00,0,0.00,,0,0
boho bath mat non slip,non slip bath mat,BROAD,10,1,10,0.96,0.96,0,0.00,,0,0
christmas bath rugs for bathroom,bath rugs for bathroom,BROAD,25,1,4,0.83,0.83,0,0.00,,0,0
christmas bathroom rugs white,white rug bathroom,BROAD,1,1,100,0.79,0.79,0,0.00,,0,0
circle bath rugs for bathroom,bath rugs for bathroom,BROAD,2,1,50,0.54,0.54,0,0.00,,0,0
cotton bath mat white,white bath mat,BROAD,7,1,14.2857,0.91,0.91,0,0.00,,0,0
diamond bath mat non slip,non slip bath mat,BROAD,3,1,33.3333,0.63,0.63,0,0.00,,0,0
fuzzy white bath mat,white bath mat,BROAD,25,1,4,0.86,0.86,0,0.00,,0,0
gray and white bathroom rugs and mats sets,white bathroom mat,BROAD,1,1,100,1.38,1.38,0,0.00,,0,0
green and white bath rug,white bath rug,BROAD,1,1,100,0.72,0.72,0,0.00,,0,0
grey white bath mat,white bath mat,BROAD,1,1,100,0.68,0.68,0,0.00,,0,0
large thick anti fatigue mats,anti fatigue mat,PHRASE,6,1,16.6667,0.73,0.73,0,0.00,,0,0
luxury bath mat,luxury bath mat,BROAD,100,3,3,1.79,0.60,0,0.00,,0,0
luxury bath mat set,luxury bath mat,BROAD,2,1,50,0.58,0.58,0,0.00,,0,0
luxury bath mats for bathroom,luxury bath mat,BROAD,1,1,100,0.61,0.61,0,0.00,,0,0
luxury deep pile bath mat,luxury bath mat,BROAD,1,1,100,0.66,0.66,0,0.00,,0,0
luxury multi color bath mats,luxury bath mat,BROAD,4,1,25,0.99,0.99,0,0.00,,0,0
mat bathroom black and white,white bathroom mat,BROAD,1,1,100,1.33,1.33,0,0.00,,0,0
microfiber bath rug,microfiber bath rug,BROAD,1,1,100,0.53,0.53,0,0.00,,0,0
momentum home modern bath premium bathroom rug,bath rugs for bathroom,BROAD,1,1,100,0.80,0.80,0,0.00,,0,0
moroccan bath mat white grey,white bath mat,BROAD,1,1,100,0.65,0.65,0,0.00,,0,0
navy white bathroom mats modern,white bathroom mat,BROAD,1,1,100,0.95,0.95,0,0.00,,0,0
non slip memory foam bath mats,non slip bath mat,BROAD,8,2,25,1.99,1.00,0,0.00,,0,0
non slip white bathroom rugs,white rug bathroom,BROAD,1,1,100,0.30,0.30,0,0.00,,0,0
ocean bath rugs for bathroom,bath rugs for bathroom,BROAD,1,1,100,0.58,0.58,0,0.00,,0,0
round bathroom mat white,white bathroom mat,BROAD,5,1,20,1.42,1.42,0,0.00,,0,0
stylish bath rugs for bathroom,bath rugs for bathroom,BROAD,1,1,100,0.54,0.54,0,0.00,,0,0
thin white bathroom rug,white rug bathroom,BROAD,11,1,9.0909,0.83,0.83,0,0.00,,0,0
vinyl bath mats non slip x long,non slip bath mat,BROAD,5,1,20,0.98,0.98,0,0.00,,0,0
white 20x32 bath rug,white bath rug,BROAD,20,0,0,0.00,0.00,1,39.99,0,,
white and blue bathroom rug,white rug bathroom,BROAD,1,1,100,0.78,0.78,0,0.00,,0,0
white and grey bathroom mat,white bathroom mat,BROAD,2,1,50,1.35,1.35,0,0.00,,0,0
white aztec bath rug,white bath rug,BROAD,1,1,100,0.96,0.96,0,0.00,,0,0
white bath mat,white bath mat,BROAD,6,1,16.6667,1.00,1.00,0,0.00,,0,0
white bath mat with words,white bath mat,BROAD,1,1,100,0.68,0.68,0,0.00,,0,0
white bathroom mats,white bathroom mat,BROAD,8,1,12.5,0.97,0.97,0,0.00,,0,0
white bathroom rug set,white rug bathroom,BROAD,1,1,100,0.83,0.83,0,0.00,,0,0
white boho bath mat,white bath mat,BROAD,11,1,9.0909,0.71,0.71,0,0.00,,0,0
white mat for bathroom,white bathroom mat,BROAD,1,1,100,1.03,1.03,0,0.00,,0,0
white microfiber bath mat,white bath mat,BROAD,20,1,5,0.85,0.85,0,0.00,,0,0
white rose gold bathroom rug,white rug bathroom,BROAD,1,1,100,0.82,0.82,0,0.00,,0,0
white rug luxury bath chenille,white bath rug,BROAD,1,1,100,0.98,0.98,0,0.00,,0,0
yellow non slip bath mat,non slip bath mat,BROAD,6,1,16.6667,0.57,0.57,0,0.00,,0,0