﻿State,Keyword,Match type,Status,Suggested bid (low)(USD),Suggested bid (median)(USD),Suggested bid (high)(USD),Keyword bid(USD),Impressions,Clicks,CTR(%),Spend(USD),CPC(USD),Orders,Sales(USD),ACOS(%)
ENABLED,abc floor mat puzzle,PHRASE,CAMPAIGN_PAUSED,0.99,1.22,2.27,0.90,0,0,,0.00,0.00,0,0.00,
ENABLED,absorbent bath mat,BROAD,CAMPAIGN_PAUSED,1.11,1.99,3.99,0.90,0,0,,0.00,0.00,0,0.00,
ENABLED,anti slip,BROAD,CAMPAIGN_PAUSED,0.84,1.68,3.37,0.90,0,0,,0.00,0.00,0,0.00,
ENABLED,anti slip bath mat,BROAD,CAMPAIGN_PAUSED,0.90,1.84,3.69,0.90,0,0,,0.00,0.00,0,0.00,
ENABLED,anti slip hallway mat,PHRASE,CAMPAIGN_PAUSED,,,,0.90,0,0,,0.00,0.00,0,0.00,
ENABLED,anti slip mat,BROAD,CAMPAIGN_PAUSED,0.91,1.84,3.69,0.90,0,0,,0.00,0.00,0,0.00,
ENABLED,area rug runner,BROAD,CAMPAIGN_PAUSED,1.29,1.83,2.79,0.90,0,0,,0.00,0.00,0,0.00,
ENABLED,area rugs,BROAD,CAMPAIGN_PAUSED,1.77,2.64,5.30,0.60,0,0,,0.00,0.00,0,0.00,
ENABLED,baby floor mat activity gym,PHRASE,CAMPAIGN_PAUSED,1.42,1.85,3.15,0.90,0,0,,0.00,0.00,0,0.00,
ENABLED,bath carpet,BROAD,CAMPAIGN_PAUSED,0.82,1.29,1.82,0.90,0,0,,0.00,0.00,0,0.00,
ENABLED,bath mat,BROAD,CAMPAIGN_PAUSED,1.56,2.61,4.20,0.60,0,0,,0.00,0.00,0,0.00,
ENABLED,bath mats for bathroom,BROAD,CAMPAIGN_PAUSED,1.56,2.64,3.84,0.90,0,0,,0.00,0.00,0,0.00,
ENABLED,bath rug,BROAD,CAMPAIGN_PAUSED,1.15,1.68,2.88,0.50,0,0,,0.00,0.00,0,0.00,
ENABLED,bath rugs for bathroom,BROAD,CAMPAIGN_PAUSED,1.16,1.75,2.94,0.90,0,0,,0.00,0.00,0,0.00,
PAUSED,bathroom,BROAD,CAMPAIGN_PAUSED,1.07,1.54,3.09,0.90,0,0,,0.00,0.00,0,0.00,
ENABLED,bathroom area rug,BROAD,CAMPAIGN_PAUSED,1.12,1.47,2.54,0.90,0,0,,0.00,0.00,0,0.00,
ENABLED,bathroom carpet,BROAD,CAMPAIGN_PAUSED,0.92,1.39,2.28,0.90,0,0,,0.00,0.00,0,0.00,
ENABLED,bathroom mat,BROAD,CAMPAIGN_PAUSED,1.44,2.05,3.84,0.70,0,0,,0.00,0.00,0,0.00,
ENABLED,bathroom mats and rugs,BROAD,CAMPAIGN_PAUSED,1.01,1.42,2.22,0.90,0,0,,0.00,0.00,0,0.00,
ENABLED,bathroom rug,PHRASE,CAMPAIGN_PAUSED,1.33,1.90,2.94,0.80,0,0,,0.00,0.00,0,0.00,
ENABLED,bathroom rug beige,PHRASE,CAMPAIGN_PAUSED,0.87,1.12,1.54,0.90,0,0,,0.00,0.00,0,0.00,
ENABLED,bathroom rug black,PHRASE,CAMPAIGN_PAUSED,0.86,1.17,1.64,0.90,0,0,,0.00,0.00,0,0.00,
ENABLED,bathroom rug black and white,PHRASE,CAMPAIGN_PAUSED,0.77,0.96,1.29,0.90,0,0,,0.00,0.00,0,0.00,
ENABLED,bathroom rug black shaggy,PHRASE,CAMPAIGN_PAUSED,,,,0.90,0,0,,0.00,0.00,0,0.00,
ENABLED,bathroom rug blood,PHRASE,CAMPAIGN_PAUSED,1.06,2.17,2.31,0.90,0,0,,0.00,0.00,0,0.00,
ENABLED,bathroom rug blue,PHRASE,CAMPAIGN_PAUSED,1.11,1.69,2.54,0.90,0,0,,0.00,0.00,0,0.00,
ENABLED,bathroom rug boho,PHRASE,CAMPAIGN_PAUSED,1.11,1.35,2.00,0.90,0,0,,0.00,0.00,0,0.00,
ENABLED,bathroom rug brown,PHRASE,CAMPAIGN_PAUSED,1.02,1.23,1.85,0.90,0,0,,0.00,0.00,0,0.00,
ENABLED,bathroom rug brown washable,PHRASE,CAMPAIGN_PAUSED,,,,0.90,0,0,,0.00,0.00,0,0.00,
ENABLED,bathroom rug burgundy,PHRASE,CAMPAIGN_PAUSED,0.79,1.04,1.48,0.90,0,0,,0.00,0.00,0,0.00,
ENABLED,bathroom rug chocolate brown,PHRASE,CAMPAIGN_PAUSED,1.15,1.29,2.59,0.90,0,0,,0.00,0.00,0,0.00,
ENABLED,bathroom rug christmas,PHRASE,CAMPAIGN_PAUSED,0.72,0.87,1.06,0.90,0,0,,0.00,0.00,0,0.00,
ENABLED,bathroom rug circle,PHRASE,CAMPAIGN_PAUSED,0.87,1.17,1.67,0.90,0,0,,0.00,0.00,0,0.00,
ENABLED,bathroom rug combo,PHRASE,CAMPAIGN_PAUSED,1.08,1.15,1.83,0.90,0,0,,0.00,0.00,0,0.00,
ENABLED,bathroom rug contour,PHRASE,CAMPAIGN_PAUSED,1.32,1.84,3.69,0.90,0,0,,0.00,0.00,0,0.00,
ENABLED,bathroom rug coral,PHRASE,CAMPAIGN_PAUSED,0.94,1.25,1.78,0.90,0,0,,0.00,0.00,0,0.00,
ENABLED,bathroom rug cotton,PHRASE,CAMPAIGN_PAUSED,0.94,1.48,2.18,0.90,0,0,,0.00,0.00,0,0.00,
ENABLED,bathroom rug crochet,PHRASE,CAMPAIGN_PAUSED,0.99,1.11,1.62,0.90,0,0,,0.00,0.00,0,0.00,
ENABLED,bathroom rug curtain set,PHRASE,CAMPAIGN_PAUSED,0.87,1.09,1.48,0.90,0,0,,0.00,0.00,0,0.00,
ENABLED,bathroom rug cut to fit,PHRASE,CAMPAIGN_PAUSED,0.73,0.87,1.74,0.90,0,0,,0.00,0.00,0,0.00,
ENABLED,bathroom rug dark brown,PHRASE,CAMPAIGN_PAUSED,0.93,1.19,2.39,0.90,0,0,,0.00,0.00,0,0.00,
ENABLED,bathroom rug dark green,PHRASE,CAMPAIGN_PAUSED,0.91,1.11,1.53,0.90,0,0,,0.00,0.00,0,0.00,
ENABLED,bathroom rug dark grey,PHRASE,CAMPAIGN_PAUSED,0.92,1.24,2.08,0.90,0,0,,0.00,0.00,0,0.00,
ENABLED,bathroom rug dark red,PHRASE,CAMPAIGN_PAUSED,1.37,1.42,2.85,0.90,0,0,,0.00,0.00,0,0.00,
ENABLED,bathroom rug decor,PHRASE,CAMPAIGN_PAUSED,0.64,0.76,0.98,0.90,0,0,,0.00,0.00,0,0.00,
ENABLED,bathroom rug decorative,PHRASE,CAMPAIGN_PAUSED,1.05,1.33,1.82,0.90,0,0,,0.00,0.00,0,0.00,
ENABLED,bathroom rug design,PHRASE,CAMPAIGN_PAUSED,1.08,1.26,2.41,0.90,0,0,,0.00,0.00,0,0.00,
ENABLED,bathroom rug disney,PHRASE,CAMPAIGN_PAUSED,0.74,0.77,0.84,0.90,0,0,,0.00,0.00,0,0.00,
ENABLED,bathroom rug dog,PHRASE,CAMPAIGN_PAUSED,0.68,0.85,1.14,0.90,0,0,,0.00,0.00,0,0.00,
ENABLED,bathroom rug dragonfly,PHRASE,CAMPAIGN_PAUSED,0.92,0.99,1.98,0.90,0,0,,0.00,0.00,0,0.00,
ENABLED,bathroom rug flamingo,PHRASE,CAMPAIGN_PAUSED,1.01,1.58,1.58,0.90,0,0,,0.00,0.00,0,0.00,
ENABLED,bathroom rug floral,PHRASE,CAMPAIGN_PAUSED,0.84,1.09,1.50,0.90,0,0,,0.00,0.00,0,0.00,
ENABLED,bathroom rug foam,PHRASE,CAMPAIGN_PAUSED,0.97,1.13,1.48,0.90,0,0,,0.00,0.00,0,0.00,
ENABLED,bathroom rug for christmas,PHRASE,CAMPAIGN_PAUSED,0.72,0.87,1.06,0.90,0,0,,0.00,0.00,0,0.00,
ENABLED,bathroom rug for double vanity,PHRASE,CAMPAIGN_PAUSED,0.93,1.09,1.68,0.90,0,0,,0.00,0.00,0,0.00,
ENABLED,bathroom rug for kids,PHRASE,CAMPAIGN_PAUSED,0.93,1.07,1.35,0.90,0,0,,0.00,0.00,0,0.00,
ENABLED,bathroom rug for toilet,PHRASE,CAMPAIGN_PAUSED,1.06,1.64,2.73,0.90,0,0,,0.00,0.00,0,0.00,
ENABLED,bathroom rug fun,PHRASE,CAMPAIGN_PAUSED,0.82,0.92,1.01,0.90,0,0,,0.00,0.00,0,0.00,
ENABLED,bathroom rug funny,PHRASE,CAMPAIGN_PAUSED,0.78,0.91,0.99,0.90,0,0,,0.00,0.00,0,0.00,
ENABLED,bathroom rug gold,PHRASE,CAMPAIGN_PAUSED,0.77,1.03,1.34,0.90,0,0,,0.00,0.00,0,0.00,
ENABLED,bathroom rug gold color,PHRASE,CAMPAIGN_PAUSED,1.05,1.16,2.33,0.90,0,0,,0.00,0.00,0,0.00,
ENABLED,bathroom rug green and white,PHRASE,CAMPAIGN_PAUSED,0.73,0.82,0.93,0.90,0,0,,0.00,0.00,0,0.00,
ENABLED,bathroom rug grey and white,PHRASE,CAMPAIGN_PAUSED,0.94,1.08,1.48,0.90,0,0,,0.00,0.00,0,0.00,
ENABLED,bathroom rug grey set,PHRASE,CAMPAIGN_PAUSED,0.64,1.16,1.16,0.90,0,0,,0.00,0.00,0,0.00,
ENABLED,bathroom rug gripper tile,PHRASE,CAMPAIGN_PAUSED,1.94,2.05,2.44,0.90,0,0,,0.00,0.00,0,0.00,
ENABLED,bathroom rug half moon,PHRASE,CAMPAIGN_PAUSED,,,,0.90,0,0,,0.00,0.00,0,0.00,
ENABLED,bathroom rug halloween,PHRASE,CAMPAIGN_PAUSED,,,,0.90,0,0,,0.00,0.00,0,0.00,
ENABLED,bathroom rug hello,PHRASE,CAMPAIGN_PAUSED,0.72,0.77,0.95,0.90,0,0,,0.00,0.00,0,0.00,
ENABLED,bathroom rug high traffic,PHRASE,CAMPAIGN_PAUSED,0.67,0.79,0.79,0.90,0,0,,0.00,0.00,0,0.00,
ENABLED,bathroom rug holder,PHRASE,CAMPAIGN_PAUSED,0.70,1.43,1.43,0.90,0,0,,0.00,0.00,0,0.00,
ENABLED,bathroom rug holiday,PHRASE,CAMPAIGN_PAUSED,0.79,0.97,1.18,0.90,0,0,,0.00,0.00,0,0.00,
ENABLED,bathroom rug hot pink,PHRASE,CAMPAIGN_PAUSED,,,,0.90,0,0,,0.00,0.00,0,0.00,
ENABLED,bathroom rug hotel,PHRASE,CAMPAIGN_PAUSED,0.96,1.13,1.88,0.90,0,0,,0.00,0.00,0,0.00,
ENABLED,bathroom rug huge,PHRASE,CAMPAIGN_PAUSED,,,,0.90,0,0,,0.00,0.00,0,0.00,
ENABLED,bathroom rug hunter green,PHRASE,CAMPAIGN_PAUSED,0.84,1.24,2.49,0.90,0,0,,0.00,0.00,0,0.00,
ENABLED,bathroom rug ikea,PHRASE,CAMPAIGN_PAUSED,0.89,1.37,1.37,0.90,0,0,,0.00,0.00,0,0.00,
ENABLED,bathroom rug in a bag,PHRASE,CAMPAIGN_PAUSED,,,,0.90,0,0,,0.00,0.00,0,0.00,
ENABLED,bathroom rug in front of toilet,PHRASE,CAMPAIGN_PAUSED,0.92,1.89,1.89,0.90,0,0,,0.00,0.00,0,0.00,
ENABLED,bathroom rug in red,PHRASE,CAMPAIGN_PAUSED,1.01,1.44,2.33,0.90,0,0,,0.00,0.00,0,0.00,
ENABLED,bathroom rug industrial,PHRASE,CAMPAIGN_PAUSED,0.95,1.14,2.09,0.90,0,0,,0.00,0.00,0,0.00,
ENABLED,bathroom rug ivory,PHRASE,CAMPAIGN_PAUSED,1.05,1.25,2.51,0.90,0,0,,0.00,0.00,0,0.00,
ENABLED,bathroom rug jute,PHRASE,CAMPAIGN_PAUSED,,,,0.90,0,0,,0.00,0.00,0,0.00,
ENABLED,bathroom rug kids,PHRASE,CAMPAIGN_PAUSED,0.93,1.07,1.35,0.90,0,0,,0.00,0.00,0,0.00,
ENABLED,bathroom rug kit,PHRASE,CAMPAIGN_PAUSED,0.54,0.62,1.20,0.90,0,0,,0.00,0.00,0,0.00,
ENABLED,bathroom rug lacoste,PHRASE,CAMPAIGN_PAUSED,1.29,2.37,2.37,0.90,0,0,,0.00,0.00,0,0.00,
ENABLED,bathroom rug large,PHRASE,CAMPAIGN_PAUSED,1.40,1.92,2.85,0.90,0,0,,0.00,0.00,0,0.00,
ENABLED,bathroom rug large gray,PHRASE,CAMPAIGN_PAUSED,0.87,1.19,1.19,0.90,0,0,,0.00,0.00,0,0.00,
ENABLED,bathroom rug lavender,PHRASE,CAMPAIGN_PAUSED,0.98,1.66,2.40,0.90,0,0,,0.00,0.00,0,0.00,
ENABLED,bathroom rug light blue,PHRASE,CAMPAIGN_PAUSED,1.20,1.54,2.10,0.90,0,0,,0.00,0.00,0,0.00,
ENABLED,bathroom rug light gray,PHRASE,CAMPAIGN_PAUSED,0.96,1.11,1.38,0.90,0,0,,0.00,0.00,0,0.00,
ENABLED,bathroom rug light green,PHRASE,CAMPAIGN_PAUSED,0.88,1.18,2.07,0.90,0,0,,0.00,0.00,0,0.00,
ENABLED,bathroom rug lilac,PHRASE,CAMPAIGN_PAUSED,0.73,0.98,0.98,0.90,0,0,,0.00,0.00,0,0.00,
ENABLED,bathroom rug long,PHRASE,CAMPAIGN_PAUSED,1.20,1.58,2.35,0.90,0,0,,0.00,0.00,0,0.00,
ENABLED,bathroom rug long runner,PHRASE,CAMPAIGN_PAUSED,1.20,1.64,2.35,0.90,0,0,,0.00,0.00,0,0.00,
ENABLED,bathroom rug machine washable,PHRASE,CAMPAIGN_PAUSED,1.18,1.52,2.24,0.90,0,0,,0.00,0.00,0,0.00,
ENABLED,bathroom rug mat,PHRASE,CAMPAIGN_PAUSED,1.01,1.38,2.09,0.90,0,0,,0.00,0.00,0,0.00,
ENABLED,bathroom rug mat set,PHRASE,CAMPAIGN_PAUSED,0.98,1.34,1.90,0.90,0,0,,0.00,0.00,0,0.00,
ENABLED,bathroom rug mat set 4 piece,PHRASE,CAMPAIGN_PAUSED,0.91,0.98,1.46,0.90,0,0,,0.00,0.00,0,0.00,
ENABLED,bathroom rug mats set 3,PHRASE,CAMPAIGN_PAUSED,0.95,1.23,1.80,0.90,0,0,,0.00,0.00,0,0.00,
ENABLED,bathroom rug memory foam,PHRASE,CAMPAIGN_PAUSED,1.06,1.66,2.40,0.90,0,0,,0.00,0.00,0,0.00,
ENABLED,bathroom rug memory foam navy,PHRASE,CAMPAIGN_PAUSED,,,,0.90,0,0,,0.00,0.00,0,0.00,
ENABLED,bathroom rug mermaid,PHRASE,CAMPAIGN_PAUSED,0.68,0.85,1.52,0.90,0,0,,0.00,0.00,0,0.00,
ENABLED,bathroom rug microfiber,PHRASE,CAMPAIGN_PAUSED,1.18,1.95,2.86,0.90,0,0,,0.00,0.00,0,0.00,
ENABLED,bathroom rug mildew resistant,PHRASE,CAMPAIGN_PAUSED,0.99,1.26,1.26,0.90,0,0,,0.00,0.00,0,0.00,
ENABLED,bathroom rug natural,PHRASE,CAMPAIGN_PAUSED,0.74,0.93,1.68,0.90,0,0,,0.00,0.00,0,0.00,
ENABLED,bathroom rug nautical,PHRASE,CAMPAIGN_PAUSED,0.71,0.91,1.35,0.90,0,0,,0.00,0.00,0,0.00,
ENABLED,bathroom rug navy,PHRASE,CAMPAIGN_PAUSED,0.88,1.16,1.57,0.90,0,0,,0.00,0.00,0,0.00,
ENABLED,bathroom rug navy blue,PHRASE,CAMPAIGN_PAUSED,1.04,1.30,1.68,0.90,0,0,,0.00,0.00,0,0.00,
ENABLED,bathroom rug no slip,PHRASE,CAMPAIGN_PAUSED,,,,0.90,0,0,,0.00,0.00,0,0.00,
ENABLED,bathroom rug non skid,PHRASE,CAMPAIGN_PAUSED,1.24,1.57,2.09,0.90,0,0,,0.00,0.00,0,0.00,
ENABLED,bathroom rug non slip,PHRASE,CAMPAIGN_PAUSED,1.28,1.78,3.06,0.90,0,0,,0.00,0.00,0,0.00,
ENABLED,bathroom rug non slip large,PHRASE,CAMPAIGN_PAUSED,1.01,1.38,2.77,0.90,0,0,,0.00,0.00,0,0.00,
ENABLED,bathroom rug non slip mildew resistant,PHRASE,CAMPAIGN_PAUSED,,,,0.90,0,0,,0.00,0.00,0,0.00,
ENABLED,bathroom rug nonslip,PHRASE,CAMPAIGN_PAUSED,0.96,1.04,1.94,0.90,0,0,,0.00,0.00,0,0.00,
ENABLED,bathroom rug ocean,PHRASE,CAMPAIGN_PAUSED,0.85,1.14,1.72,0.90,0,0,,0.00,0.00,0,0.00,
ENABLED,bathroom rug ocean theme,PHRASE,CAMPAIGN_PAUSED,0.83,1.13,1.72,0.90,0,0,,0.00,0.00,0,0.00,
ENABLED,bathroom rug off white,PHRASE,CAMPAIGN_PAUSED,1.17,1.42,1.66,0.90,0,0,,0.00,0.00,0,0.00,
ENABLED,bathroom rug olive green,PHRASE,CAMPAIGN_PAUSED,0.88,1.34,1.34,0.90,0,0,,0.00,0.00,0,0.00,
ENABLED,bathroom rug orange,PHRASE,CAMPAIGN_PAUSED,1.02,1.20,1.88,0.90,0,0,,0.00,0.00,0,0.00,
ENABLED,bathroom rug orange in color,PHRASE,CAMPAIGN_PAUSED,0.99,1.19,1.56,0.90,0,0,,0.00,0.00,0,0.00,
ENABLED,bathroom rug orca,PHRASE,CAMPAIGN_PAUSED,,,,0.90,0,0,,0.00,0.00,0,0.00,
ENABLED,bathroom rug organic,PHRASE,CAMPAIGN_PAUSED,,,,0.90,0,0,,0.00,0.00,0,0.00,
ENABLED,bathroom rug oriental,PHRASE,CAMPAIGN_PAUSED,1.03,1.16,1.85,0.90,0,0,,0.00,0.00,0,0.00,
ENABLED,bathroom rug oval,PHRASE,CAMPAIGN_PAUSED,1.01,1.23,2.36,0.90,0,0,,0.00,0.00,0,0.00,
ENABLED,bathroom rug pad,PHRASE,CAMPAIGN_PAUSED,0.82,1.04,2.08,0.90,0,0,,0.00,0.00,0,0.00,
ENABLED,bathroom rug palm tree,PHRASE,CAMPAIGN_PAUSED,0.81,1.11,1.67,0.90,0,0,,0.00,0.00,0,0.00,
ENABLED,bathroom rug peach,PHRASE,CAMPAIGN_PAUSED,0.88,1.20,1.50,0.90,0,0,,0.00,0.00,0,0.00,
ENABLED,bathroom rug pineapple,PHRASE,CAMPAIGN_PAUSED,0.71,0.97,1.05,0.90,0,0,,0.00,0.00,0,0.00,
ENABLED,bathroom rug pink,PHRASE,CAMPAIGN_PAUSED,0.89,1.08,1.65,0.90,0,0,,0.00,0.00,0,0.00,
ENABLED,bathroom rug pink set,PHRASE,CAMPAIGN_PAUSED,0.81,0.91,1.11,0.90,0,0,,0.00,0.00,0,0.00,
ENABLED,bathroom rug plum,PHRASE,CAMPAIGN_PAUSED,0.97,1.09,1.65,0.90,0,0,,0.00,0.00,0,0.00,
ENABLED,bathroom rug plush,PHRASE,CAMPAIGN_PAUSED,0.94,1.33,2.22,0.90,0,0,,0.00,0.00,0,0.00,
ENABLED,bathroom rug plush small,PHRASE,CAMPAIGN_PAUSED,,,,0.90,0,0,,0.00,0.00,0,0.00,
ENABLED,bathroom rug purple,PHRASE,CAMPAIGN_PAUSED,0.86,1.15,1.65,0.90,0,0,,0.00,0.00,0,0.00,
ENABLED,bathroom rug quick dry,PHRASE,CAMPAIGN_PAUSED,1.60,2.23,2.53,0.90,0,0,,0.00,0.00,0,0.00,
ENABLED,bathroom rug quotes,PHRASE,CAMPAIGN_PAUSED,0.68,0.78,1.04,0.90,0,0,,0.00,0.00,0,0.00,
ENABLED,bathroom rug ralph lauren,PHRASE,CAMPAIGN_PAUSED,,,,0.90,0,0,,0.00,0.00,0,0.00,
ENABLED,bathroom rug red,PHRASE,CAMPAIGN_PAUSED,1.01,1.44,2.33,0.90,0,0,,0.00,0.00,0,0.00,
ENABLED,bathroom rug round,PHRASE,CAMPAIGN_PAUSED,0.91,1.19,1.70,0.90,0,0,,0.00,0.00,0,0.00,
ENABLED,bathroom rug runner,PHRASE,CAMPAIGN_PAUSED,1.69,2.26,4.54,0.90,0,0,,0.00,0.00,0,0.00,
ENABLED,bathroom rug runner 60 inch,PHRASE,CAMPAIGN_PAUSED,2.44,3.47,6.97,0.90,0,0,,0.00,0.00,0,0.00,
ENABLED,bathroom rug runner blue,PHRASE,CAMPAIGN_PAUSED,1.06,1.34,2.03,0.90,0,0,,0.00,0.00,0,0.00,
ENABLED,bathroom rug runner grey,PHRASE,CAMPAIGN_PAUSED,0.84,1.63,1.63,0.90,0,0,,0.00,0.00,0,0.00,
ENABLED,bathroom rug runner purple,PHRASE,CAMPAIGN_PAUSED,0.85,1.04,1.19,0.90,0,0,,0.00,0.00,0,0.00,
ENABLED,bathroom rug runner red,PHRASE,CAMPAIGN_PAUSED,0.93,1.14,1.82,0.90,0,0,,0.00,0.00,0,0.00,
ENABLED,bathroom rug runner set,PHRASE,CAMPAIGN_PAUSED,1.07,1.38,2.09,0.90,0,0,,0.00,0.00,0,0.00,
ENABLED,bathroom rug runners 2 x 6,PHRASE,CAMPAIGN_PAUSED,,,,0.90,0,0,,0.00,0.00,0,0.00,
ENABLED,bathroom rug set,PHRASE,CAMPAIGN_PAUSED,1.03,1.46,2.47,0.80,0,0,,0.00,0.00,0,0.00,
ENABLED,bathroom rug set with shower curtain,PHRASE,CAMPAIGN_PAUSED,0.85,1.06,1.37,0.90,0,0,,0.00,0.00,0,0.00,
ENABLED,bathroom rug sets 2 piece,PHRASE,CAMPAIGN_PAUSED,1.03,1.46,2.08,0.90,0,0,,0.00,0.00,0,0.00,
ENABLED,bathroom rug sets 2 piece blue,PHRASE,CAMPAIGN_PAUSED,0.95,1.08,1.28,0.90,0,0,,0.00,0.00,0,0.00,
ENABLED,bathroom rug sets 2 piece brown,PHRASE,CAMPAIGN_PAUSED,0.88,1.13,1.13,0.90,0,0,,0.00,0.00,0,0.00,
ENABLED,bathroom rug sets 2 piece coral,PHRASE,CAMPAIGN_PAUSED,,,,0.90,0,0,,0.00,0.00,0,0.00,
ENABLED,bathroom rug sets 2 piece gray,PHRASE,CAMPAIGN_PAUSED,0.69,1.08,1.24,0.90,0,0,,0.00,0.00,0,0.00,
ENABLED,bathroom rug sets 2 piece green,PHRASE,CAMPAIGN_PAUSED,1.11,1.30,1.84,0.90,0,0,,0.00,0.00,0,0.00,
ENABLED,bathroom rug sets 2 piece memory foam,PHRASE,CAMPAIGN_PAUSED,0.76,0.88,1.06,0.90,0,0,,0.00,0.00,0,0.00,
ENABLED,bathroom rug sets 2 piece nonslip,PHRASE,CAMPAIGN_PAUSED,,,,0.90,0,0,,0.00,0.00,0,0.00,
ENABLED,bathroom rug sets 2 piece red,PHRASE,CAMPAIGN_PAUSED,0.85,0.96,1.54,0.90,0,0,,0.00,0.00,0,0.00,
ENABLED,bathroom rug sets 2 piece white,PHRASE,CAMPAIGN_PAUSED,0.93,1.13,1.13,0.90,0,0,,0.00,0.00,0,0.00,
ENABLED,bathroom rug sets 3 piece,PHRASE,CAMPAIGN_PAUSED,0.99,1.48,2.37,0.90,0,0,,0.00,0.00,0,0.00,
ENABLED,bathroom rug sets 3 piece black,PHRASE,CAMPAIGN_PAUSED,0.61,0.69,0.93,0.90,0,0,,0.00,0.00,0,0.00,
ENABLED,bathroom rug sets 3 piece brown,PHRASE,CAMPAIGN_PAUSED,0.94,1.14,1.19,0.90,0,0,,0.00,0.00,0,0.00,
ENABLED,bathroom rug sets 3 piece clearance,PHRASE,CAMPAIGN_PAUSED,0.77,0.95,1.35,0.90,0,0,,0.00,0.00,0,0.00,
ENABLED,bathroom rug sets 3 piece hot pink,PHRASE,CAMPAIGN_PAUSED,,,,0.90,0,0,,0.00,0.00,0,0.00,
ENABLED,bathroom rug sets 3 piece memory foam,PHRASE,CAMPAIGN_PAUSED,0.99,1.20,1.57,0.90,0,0,,0.00,0.00,0,0.00,
ENABLED,bathroom rug sets 3 piece navy blue,PHRASE,CAMPAIGN_PAUSED,0.93,1.03,1.16,0.90,0,0,,0.00,0.00,0,0.00,
ENABLED,bathroom rug sets 3 piece pink,PHRASE,CAMPAIGN_PAUSED,1.03,1.20,2.33,0.90,0,0,,0.00,0.00,0,0.00,
ENABLED,bathroom rug sets 3 piece purple,PHRASE,CAMPAIGN_PAUSED,0.76,0.93,1.43,0.90,0,0,,0.00,0.00,0,0.00,
ENABLED,bathroom rug sets 3 piece red,PHRASE,CAMPAIGN_PAUSED,0.88,1.05,1.22,0.90,0,0,,0.00,0.00,0,0.00,
ENABLED,bathroom rug sets 4 piece,PHRASE,CAMPAIGN_PAUSED,0.84,1.07,1.39,0.90,0,0,,0.00,0.00,0,0.00,
ENABLED,bathroom rug sets 4 piece blue,PHRASE,CAMPAIGN_PAUSED,,,,0.90,0,0,,0.00,0.00,0,0.00,
ENABLED,bathroom rug sets 4 piece brown,PHRASE,CAMPAIGN_PAUSED,,,,0.90,0,0,,0.00,0.00,0,0.00,
ENABLED,bathroom rug sets 4 piece gray,PHRASE,CAMPAIGN_PAUSED,,,,0.90,0,0,,0.00,0.00,0,0.00,
ENABLED,bathroom rug sets 4 piece green,PHRASE,CAMPAIGN_PAUSED,,,,0.90,0,0,,0.00,0.00,0,0.00,
ENABLED,bathroom rug sets 4 piece purple,PHRASE,CAMPAIGN_PAUSED,0.76,0.91,0.91,0.90,0,0,,0.00,0.00,0,0.00,
ENABLED,bathroom rug sets 4 piece red,PHRASE,CAMPAIGN_PAUSED,,,,0.90,0,0,,0.00,0.00,0,0.00,
ENABLED,bathroom rug sets 5 piece,PHRASE,CAMPAIGN_PAUSED,0.91,1.27,1.65,0.90,0,0,,0.00,0.00,0,0.00,
ENABLED,bathroom rug sets 5 piece brown,PHRASE,CAMPAIGN_PAUSED,0.73,0.84,0.84,0.90,0,0,,0.00,0.00,0,0.00,
ENABLED,bathroom rug sets 5 piece gold,PHRASE,CAMPAIGN_PAUSED,,,,0.90,0,0,,0.00,0.00,0,0.00,
ENABLED,bathroom rug sets 5 piece gray,PHRASE,CAMPAIGN_PAUSED,,,,0.90,0,0,,0.00,0.00,0,0.00,
ENABLED,bathroom rug sets 5 piece orange,PHRASE,CAMPAIGN_PAUSED,,,,0.90,0,0,,0.00,0.00,0,0.00,
ENABLED,bathroom rug sets 5 piece purple,PHRASE,CAMPAIGN_PAUSED,,,,0.90,0,0,,0.00,0.00,0,0.00,
ENABLED,bathroom rug sets 5 piece with shower curtain,PHRASE,CAMPAIGN_PAUSED,,,,0.90,0,0,,0.00,0.00,0,0.00,
ENABLED,bathroom rug small,PHRASE,CAMPAIGN_PAUSED,0.91,1.26,1.79,0.90,0,0,,0.00,0.00,0,0.00,
ENABLED,bathroom rug tan,PHRASE,CAMPAIGN_PAUSED,0.94,1.13,1.54,0.90,0,0,,0.00,0.00,0,0.00,
ENABLED,bathroom rug tape,PHRASE,CAMPAIGN_PAUSED,1.52,1.58,2.37,0.90,0,0,,0.00,0.00,0,0.00,
ENABLED,bathroom rug taupe,PHRASE,CAMPAIGN_PAUSED,1.05,1.42,1.82,0.90,0,0,,0.00,0.00,0,0.00,
ENABLED,bathroom rug teal,PHRASE,CAMPAIGN_PAUSED,0.91,1.12,1.45,0.90,0,0,,0.00,0.00,0,0.00,
ENABLED,bathroom rug thick,PHRASE,CAMPAIGN_PAUSED,0.89,1.53,3.07,0.90,0,0,,0.00,0.00,0,0.00,
ENABLED,bathroom rug toilet,PHRASE,CAMPAIGN_PAUSED,1.06,1.64,2.73,0.90,0,0,,0.00,0.00,0,0.00,
ENABLED,bathroom rug toilet set,PHRASE,CAMPAIGN_PAUSED,1.19,1.43,2.38,0.90,0,0,,0.00,0.00,0,0.00,
ENABLED,bathroom rug toliet,PHRASE,CAMPAIGN_PAUSED,0.79,0.81,0.96,0.90,0,0,,0.00,0.00,0,0.00,
ENABLED,bathroom rug tropical,PHRASE,CAMPAIGN_PAUSED,0.96,1.07,1.48,0.90,0,0,,0.00,0.00,0,0.00,
ENABLED,bathroom rug turquoise,PHRASE,CAMPAIGN_PAUSED,0.91,1.16,1.46,0.90,0,0,,0.00,0.00,0,0.00,
ENABLED,bathroom rug u shaped,PHRASE,CAMPAIGN_PAUSED,0.69,0.99,1.37,0.90,0,0,,0.00,0.00,0,0.00,
ENABLED,bathroom rug under 10,PHRASE,CAMPAIGN_PAUSED,0.68,0.81,1.62,0.90,0,0,,0.00,0.00,0,0.00,
ENABLED,bathroom rug under door,PHRASE,CAMPAIGN_PAUSED,1.12,1.57,2.12,0.90,0,0,,0.00,0.00,0,0.00,
ENABLED,bathroom rug unicorn,PHRASE,CAMPAIGN_PAUSED,0.68,0.73,0.79,0.90,0,0,,0.00,0.00,0,0.00,
ENABLED,bathroom rug unique,PHRASE,CAMPAIGN_PAUSED,0.96,1.12,2.25,0.90,0,0,,0.00,0.00,0,0.00,
ENABLED,bathroom rug vintage,PHRASE,CAMPAIGN_PAUSED,0.84,0.97,1.27,0.90,0,0,,0.00,0.00,0,0.00,
ENABLED,bathroom rug violet,PHRASE,CAMPAIGN_PAUSED,1.18,1.47,2.95,0.90,0,0,,0.00,0.00,0,0.00,
ENABLED,bathroom rug washable,PHRASE,CAMPAIGN_PAUSED,1.45,2.24,3.15,0.90,0,0,,0.00,0.00,0,0.00,
ENABLED,bathroom rug washable cotton,PHRASE,CAMPAIGN_PAUSED,,,,0.90,0,0,,0.00,0.00,0,0.00,
ENABLED,bathroom rug water absorbent,PHRASE,CAMPAIGN_PAUSED,1.46,2.98,2.98,0.90,0,0,,0.00,0.00,0,0.00,
ENABLED,bathroom rug waterproof,PHRASE,CAMPAIGN_PAUSED,1.29,1.63,2.64,0.90,0,0,,0.00,0.00,0,0.00,
ENABLED,bathroom rug white,PHRASE,CAMPAIGN_PAUSED,0.95,1.40,2.15,0.90,0,0,,0.00,0.00,0,0.00,
ENABLED,bathroom rug white memory foam,PHRASE,CAMPAIGN_PAUSED,,,,0.90,0,0,,0.00,0.00,0,0.00,
ENABLED,bathroom rug with green,PHRASE,CAMPAIGN_PAUSED,0.86,0.93,1.01,0.90,0,0,,0.00,0.00,0,0.00,
ENABLED,bathroom rug with no backing,PHRASE,CAMPAIGN_PAUSED,0.92,1.14,1.14,0.90,0,0,,0.00,0.00,0,0.00,
ENABLED,bathroom rug with rubber backing,PHRASE,CAMPAIGN_PAUSED,1.09,1.74,2.60,0.90,0,0,,0.00,0.00,0,0.00,
ENABLED,bathroom rug woven,PHRASE,CAMPAIGN_PAUSED,0.87,1.19,1.67,0.90,0,0,,0.00,0.00,0,0.00,
ENABLED,bathroom rug xl,PHRASE,CAMPAIGN_PAUSED,1.17,1.32,2.65,0.90,0,0,,0.00,0.00,0,0.00,
ENABLED,bathroom rug xlarge,PHRASE,CAMPAIGN_PAUSED,,,,0.90,0,0,,0.00,0.00,0,0.00,
ENABLED,bathroom rug yellow,PHRASE,CAMPAIGN_PAUSED,0.97,1.15,1.57,0.90,0,0,,0.00,0.00,0,0.00,
ENABLED,bathroom rug yellow and brown,PHRASE,CAMPAIGN_PAUSED,,,,0.90,0,0,,0.00,0.00,0,0.00,
ENABLED,bathroom rug yellow and gray,PHRASE,CAMPAIGN_PAUSED,0.84,1.01,1.19,0.90,0,0,,0.00,0.00,0,0.00,
ENABLED,bathroom rug yellow and grey,PHRASE,CAMPAIGN_PAUSED,0.88,1.04,1.98,0.90,0,0,,0.00,0.00,0,0.00,
ENABLED,bathroom rug zen,PHRASE,CAMPAIGN_PAUSED,,,,0.90,0,0,,0.00,0.00,0,0.00,
ENABLED,bathroom rugs,PHRASE,CAMPAIGN_PAUSED,1.33,1.90,2.94,0.90,0,0,,0.00,0.00,0,0.00,
ENABLED,bathroom rugs,BROAD,CAMPAIGN_PAUSED,1.33,1.88,2.67,0.90,0,0,,0.00,0.00,0,0.00,
ENABLED,bathroom rugs and mats sets,PHRASE,CAMPAIGN_PAUSED,0.98,1.34,1.90,0.90,0,0,,0.00,0.00,0,0.00,
ENABLED,bathroom rugs and mats sets black,PHRASE,CAMPAIGN_PAUSED,0.85,0.99,1.36,0.90,0,0,,0.00,0.00,0,0.00,
ENABLED,bathroom rugs and mats sets blue,PHRASE,CAMPAIGN_PAUSED,0.92,1.07,1.27,0.90,0,0,,0.00,0.00,0,0.00,
ENABLED,bathroom rugs and mats sets memory foam,PHRASE,CAMPAIGN_PAUSED,1.26,1.93,2.40,0.90,0,0,,0.00,0.00,0,0.00,
ENABLED,bathroom rugs and mats sets pink,PHRASE,CAMPAIGN_PAUSED,0.75,0.98,1.25,0.90,0,0,,0.00,0.00,0,0.00,
ENABLED,bathroom rugs and mats sets purple,PHRASE,CAMPAIGN_PAUSED,0.95,1.22,1.65,0.90,0,0,,0.00,0.00,0,0.00,
ENABLED,bathroom rugs and mats sets white,PHRASE,CAMPAIGN_PAUSED,0.73,0.77,1.54,0.90,0,0,,0.00,0.00,0,0.00,
ENABLED,bathroom rugs memory foam,PHRASE,CAMPAIGN_PAUSED,1.06,1.66,2.40,0.90,0,0,,0.00,0.00,0,0.00,
ENABLED,bathroom rugs memory foam 3 piece set,PHRASE,CAMPAIGN_PAUSED,,,,0.90,0,0,,0.00,0.00,0,0.00,
ENABLED,bathroom rugs memory foam beige,PHRASE,CAMPAIGN_PAUSED,,,,0.90,0,0,,0.00,0.00,0,0.00,
ENABLED,bathroom rugs memory foam black,PHRASE,CAMPAIGN_PAUSED,,,,0.90,0,0,,0.00,0.00,0,0.00,
ENABLED,bathroom rugs memory foam large,PHRASE,CAMPAIGN_PAUSED,0.93,1.32,2.65,0.90,0,0,,0.00,0.00,0,0.00,
ENABLED,bathroom rugs memory foam long,PHRASE,CAMPAIGN_PAUSED,,,,0.90,0,0,,0.00,0.00,0,0.00,
ENABLED,bathroom rugs memory foam red,PHRASE,CAMPAIGN_PAUSED,1.02,1.29,1.29,0.90,0,0,,0.00,0.00,0,0.00,
ENABLED,bathroom rugs memory foam set,PHRASE,CAMPAIGN_PAUSED,1.01,1.17,2.18,0.90,0,0,,0.00,0.00,0,0.00,
ENABLED,bathroom rugs memory foam set of 4,PHRASE,CAMPAIGN_PAUSED,,,,0.90,0,0,,0.00,0.00,0,0.00,
ENABLED,bathroom rugs memory foam white,PHRASE,CAMPAIGN_PAUSED,,,,0.90,0,0,,0.00,0.00,0,0.00,
ENABLED,bathroom runner,BROAD,CAMPAIGN_PAUSED,1.35,1.89,3.79,0.70,0,0,,0.00,0.00,0,0.00,
ENABLED,bathroom runner rug,BROAD,CAMPAIGN_PAUSED,1.34,1.97,3.17,0.90,0,0,,0.00,0.00,0,0.00,
PAUSED,bedside,BROAD,CAMPAIGN_PAUSED,1.14,1.55,2.66,0.90,0,0,,0.00,0.00,0,0.00,
ENABLED,bedside rug,BROAD,CAMPAIGN_PAUSED,0.91,1.33,1.84,0.50,0,0,,0.00,0.00,0,0.00,
ENABLED,black bathroom rug set,PHRASE,CAMPAIGN_PAUSED,0.96,1.34,1.74,0.90,0,0,,0.00,0.00,0,0.00,
ENABLED,black hallway mats,PHRASE,CAMPAIGN_PAUSED,1.04,1.13,1.17,0.90,0,0,,0.00,0.00,0,0.00,
ENABLED,bmw z3 floor mats,PHRASE,CAMPAIGN_PAUSED,0.83,1.42,2.46,0.90,0,0,,0.00,0.00,0,0.00,
ENABLED,bmw z4 floor mats,PHRASE,CAMPAIGN_PAUSED,0.71,0.86,1.72,0.90,0,0,,0.00,0.00,0,0.00,
ENABLED,carpet,BROAD,CAMPAIGN_PAUSED,1.56,3.20,6.06,0.50,0,0,,0.00,0.00,0,0.00,
ENABLED,carpet mat,BROAD,CAMPAIGN_PAUSED,0.93,1.90,3.81,0.90,0,0,,0.00,0.00,0,0.00,
ENABLED,carpet rug,BROAD,CAMPAIGN_PAUSED,1.07,1.93,3.87,0.90,0,0,,0.00,0.00,0,0.00,
ENABLED,checkered door mat for layering,PHRASE,CAMPAIGN_PAUSED,0.57,0.94,1.88,0.90,0,0,,0.00,0.00,0,0.00,
ENABLED,christmas door mats outdoor,PHRASE,CAMPAIGN_PAUSED,0.79,1.04,1.25,0.90,0,0,,0.00,0.00,0,0.00,
ENABLED,christmas door mats outside,PHRASE,CAMPAIGN_PAUSED,0.74,0.89,1.20,0.90,0,0,,0.00,0.00,0,0.00,
ENABLED,christmas doormat outdoor,PHRASE,CAMPAIGN_PAUSED,0.86,1.04,1.52,0.90,0,0,,0.00,0.00,0,0.00,
ENABLED,commercial hallway mat,PHRASE,CAMPAIGN_PAUSED,,,,0.90,0,0,,0.00,0.00,0,0.00,
ENABLED,contour bathroom rug for toilet,PHRASE,CAMPAIGN_PAUSED,1.29,1.64,3.29,0.90,0,0,,0.00,0.00,0,0.00,
ENABLED,dog door mat super absorbent,PHRASE,CAMPAIGN_PAUSED,1.71,3.49,3.49,0.90,0,0,,0.00,0.00,0,0.00,
ENABLED,door mat,PHRASE,CAMPAIGN_PAUSED,1.13,1.68,2.49,0.75,0,0,,0.00,0.00,0,0.00,
ENABLED,door mat absorb,PHRASE,CAMPAIGN_PAUSED,0.81,1.48,2.97,0.90,0,0,,0.00,0.00,0,0.00,
ENABLED,door mat absorbant,PHRASE,CAMPAIGN_PAUSED,0.97,1.26,2.53,0.90,0,0,,0.00,0.00,0,0.00,
ENABLED,door mat absorbent,PHRASE,CAMPAIGN_PAUSED,1.42,2.54,5.10,0.90,0,0,,0.00,0.00,0,0.00,
ENABLED,door mat absorbent non slip,PHRASE,CAMPAIGN_PAUSED,,,,0.90,0,0,,0.00,0.00,0,0.00,
ENABLED,door mat alarm,PHRASE,CAMPAIGN_PAUSED,0.71,1.04,1.59,0.90,0,0,,0.00,0.00,0,0.00,
ENABLED,door mat and runner set,PHRASE,CAMPAIGN_PAUSED,0.81,0.91,1.39,0.90,0,0,,0.00,0.00,0,0.00,
ENABLED,door mat ask not for whom the dog barks,PHRASE,CAMPAIGN_PAUSED,0.47,0.51,0.88,0.90,0,0,,0.00,0.00,0,0.00,
ENABLED,door mat astroturf,PHRASE,CAMPAIGN_PAUSED,1.17,1.18,1.49,0.90,0,0,,0.00,0.00,0,0.00,
ENABLED,door mat autumn,PHRASE,CAMPAIGN_PAUSED,0.87,0.92,1.23,0.90,0,0,,0.00,0.00,0,0.00,
ENABLED,door mat beach,PHRASE,CAMPAIGN_PAUSED,0.62,0.91,1.38,0.90,0,0,,0.00,0.00,0,0.00,
ENABLED,door mat bear,PHRASE,CAMPAIGN_PAUSED,0.61,0.74,0.92,0.90,0,0,,0.00,0.00,0,0.00,
ENABLED,door mat beer,PHRASE,CAMPAIGN_PAUSED,0.83,1.35,1.35,0.90,0,0,,0.00,0.00,0,0.00,
ENABLED,door mat bicycle,PHRASE,CAMPAIGN_PAUSED,,,,0.90,0,0,,0.00,0.00,0,0.00,
ENABLED,door mat black,PHRASE,CAMPAIGN_PAUSED,0.82,1.17,1.64,0.90,0,0,,0.00,0.00,0,0.00,
ENABLED,door mat black and white,PHRASE,CAMPAIGN_PAUSED,0.81,0.91,1.08,0.90,0,0,,0.00,0.00,0,0.00,
ENABLED,door mat blue,PHRASE,CAMPAIGN_PAUSED,1.01,1.39,2.19,0.90,0,0,,0.00,0.00,0,0.00,
ENABLED,door mat boot scraper,PHRASE,CAMPAIGN_PAUSED,0.96,1.14,1.44,0.90,0,0,,0.00,0.00,0,0.00,
ENABLED,door mat brown,PHRASE,CAMPAIGN_PAUSED,0.82,1.11,1.74,0.90,0,0,,0.00,0.00,0,0.00,
ENABLED,door mat buffalo plaid,PHRASE,CAMPAIGN_PAUSED,0.73,0.91,1.76,0.90,0,0,,0.00,0.00,0,0.00,
ENABLED,door mat cactus,PHRASE,CAMPAIGN_PAUSED,0.61,0.68,0.81,0.90,0,0,,0.00,0.00,0,0.00,
ENABLED,door mat cat,PHRASE,CAMPAIGN_PAUSED,0.65,0.92,1.35,0.90,0,0,,0.00,0.00,0,0.00,
ENABLED,door mat christmas,PHRASE,CAMPAIGN_PAUSED,0.79,0.96,1.20,0.90,0,0,,0.00,0.00,0,0.00,
ENABLED,door mat christmas outdoor,PHRASE,CAMPAIGN_PAUSED,0.79,0.96,1.18,0.90,0,0,,0.00,0.00,0,0.00,
ENABLED,door mat coco,PHRASE,CAMPAIGN_PAUSED,0.78,1.12,1.37,0.90,0,0,,0.00,0.00,0,0.00,
ENABLED,door mat coir,PHRASE,CAMPAIGN_PAUSED,0.93,1.19,1.60,0.90,0,0,,0.00,0.00,0,0.00,
ENABLED,door mat come back with tacos,PHRASE,CAMPAIGN_PAUSED,0.47,0.51,0.59,0.90,0,0,,0.00,0.00,0,0.00,
ENABLED,door mat commercial,PHRASE,CAMPAIGN_PAUSED,1.06,1.80,3.61,0.90,0,0,,0.00,0.00,0,0.00,
ENABLED,door mat cute,PHRASE,CAMPAIGN_PAUSED,0.79,1.03,1.28,0.80,0,0,,0.00,0.00,0,0.00,
ENABLED,door mat decorative,PHRASE,CAMPAIGN_PAUSED,0.82,1.19,1.85,0.90,0,0,,0.00,0.00,0,0.00,
ENABLED,door mat dirt trapper,PHRASE,CAMPAIGN_PAUSED,1.49,1.94,3.89,0.90,0,0,,0.00,0.00,0,0.00,
ENABLED,door mat disney,PHRASE,CAMPAIGN_PAUSED,0.73,0.84,1.04,0.90,0,0,,0.00,0.00,0,0.00,
ENABLED,door mat disney outdoor,PHRASE,CAMPAIGN_PAUSED,,,,0.90,0,0,,0.00,0.00,0,0.00,
ENABLED,door mat dog,PHRASE,CAMPAIGN_PAUSED,0.92,1.32,2.65,0.90,0,0,,0.00,0.00,0,0.00,
ENABLED,door mat dog cat,PHRASE,CAMPAIGN_PAUSED,,,,0.90,0,0,,0.00,0.00,0,0.00,
ENABLED,door mat dog funny,PHRASE,CAMPAIGN_PAUSED,0.56,0.74,0.96,0.90,0,0,,0.00,0.00,0,0.00,
ENABLED,door mat dog greeting,PHRASE,CAMPAIGN_PAUSED,,,,0.90,0,0,,0.00,0.00,0,0.00,
ENABLED,door mat dog hair,PHRASE,CAMPAIGN_PAUSED,,,,0.90,0,0,,0.00,0.00,0,0.00,
ENABLED,door mat dog outdoor,PHRASE,CAMPAIGN_PAUSED,1.13,1.22,1.39,0.90,0,0,,0.00,0.00,0,0.00,
ENABLED,door mat dog paws,PHRASE,CAMPAIGN_PAUSED,0.48,0.55,1.10,0.90,0,0,,0.00,0.00,0,0.00,
ENABLED,door mat dog theme,PHRASE,CAMPAIGN_PAUSED,0.72,0.88,1.38,0.90,0,0,,0.00,0.00,0,0.00,
ENABLED,door mat dogs in here,PHRASE,CAMPAIGN_PAUSED,,,,0.90,0,0,,0.00,0.00,0,0.00,
ENABLED,door mat dogs welcome people tolerated,PHRASE,CAMPAIGN_PAUSED,,,,0.90,0,0,,0.00,0.00,0,0.00,
ENABLED,door mat double door,PHRASE,CAMPAIGN_PAUSED,0.95,1.42,1.96,0.90,0,0,,0.00,0.00,0,0.00,
ENABLED,door mat drainage,PHRASE,CAMPAIGN_PAUSED,0.83,1.42,2.18,0.90,0,0,,0.00,0.00,0,0.00,
ENABLED,door mat dry,PHRASE,CAMPAIGN_PAUSED,0.78,0.93,1.29,0.90,0,0,,0.00,0.00,0,0.00,
ENABLED,door mat eagles,PHRASE,CAMPAIGN_PAUSED,0.78,0.91,0.91,0.90,0,0,,0.00,0.00,0,0.00,
ENABLED,door mat easy clean,PHRASE,CAMPAIGN_PAUSED,0.95,1.33,1.33,0.90,0,0,,0.00,0.00,0,0.00,
ENABLED,door mat eco friendly,PHRASE,CAMPAIGN_PAUSED,0.66,0.95,1.30,0.90,0,0,,0.00,0.00,0,0.00,
ENABLED,door mat elephant,PHRASE,CAMPAIGN_PAUSED,0.54,0.58,0.89,0.90,0,0,,0.00,0.00,0,0.00,
ENABLED,door mat entrance,PHRASE,CAMPAIGN_PAUSED,0.86,0.99,1.65,0.90,0,0,,0.00,0.00,0,0.00,
ENABLED,door mat entryway,PHRASE,CAMPAIGN_PAUSED,0.77,1.15,1.74,0.90,0,0,,0.00,0.00,0,0.00,
ENABLED,door mat exterior,PHRASE,CAMPAIGN_PAUSED,0.77,0.97,1.62,0.90,0,0,,0.00,0.00,0,0.00,
ENABLED,door mat extra large,PHRASE,CAMPAIGN_PAUSED,1.15,1.68,2.76,0.90,0,0,,0.00,0.00,0,0.00,
ENABLED,door mat extra large outdoor,PHRASE,CAMPAIGN_PAUSED,1.90,3.88,3.88,0.90,0,0,,0.00,0.00,0,0.00,
ENABLED,door mat extra thick,PHRASE,CAMPAIGN_PAUSED,,,,0.90,0,0,,0.00,0.00,0,0.00,
ENABLED,door mat fall,PHRASE,CAMPAIGN_PAUSED,0.94,1.19,1.56,0.90,0,0,,0.00,0.00,0,0.00,
ENABLED,door mat for dogs,PHRASE,CAMPAIGN_PAUSED,0.92,1.32,2.65,0.90,0,0,,0.00,0.00,0,0.00,
ENABLED,door mat for dogs feet,PHRASE,CAMPAIGN_PAUSED,2.24,4.59,4.59,0.90,0,0,,0.00,0.00,0,0.00,
ENABLED,door mat for shoes,PHRASE,CAMPAIGN_PAUSED,1.06,1.32,2.65,0.90,0,0,,0.00,0.00,0,0.00,
ENABLED,door mat for snow,PHRASE,CAMPAIGN_PAUSED,0.69,1.07,1.83,0.90,0,0,,0.00,0.00,0,0.00,
ENABLED,door mat frame,PHRASE,CAMPAIGN_PAUSED,0.56,0.69,1.38,0.90,0,0,,0.00,0.00,0,0.00,
ENABLED,door mat funny outdoor,PHRASE,CAMPAIGN_PAUSED,0.87,1.03,1.29,0.90,0,0,,0.00,0.00,0,0.00,
ENABLED,door mat garage,PHRASE,CAMPAIGN_PAUSED,0.63,1.11,2.23,0.90,0,0,,0.00,0.00,0,0.00,
ENABLED,door mat gingham,PHRASE,CAMPAIGN_PAUSED,0.54,1.11,1.11,0.90,0,0,,0.00,0.00,0,0.00,
ENABLED,door mat go away,PHRASE,CAMPAIGN_PAUSED,0.79,1.06,1.52,0.90,0,0,,0.00,0.00,0,0.00,
ENABLED,door mat gorilla grip,PHRASE,CAMPAIGN_PAUSED,0.95,1.12,2.14,0.90,0,0,,0.00,0.00,0,0.00,
ENABLED,door mat grass,PHRASE,CAMPAIGN_PAUSED,0.89,1.17,1.94,0.90,0,0,,0.00,0.00,0,0.00,
ENABLED,door mat grassworx,PHRASE,CAMPAIGN_PAUSED,,,,0.90,0,0,,0.00,0.00,0,0.00,
ENABLED,door mat gray,PHRASE,CAMPAIGN_PAUSED,0.91,1.33,2.30,0.90,0,0,,0.00,0.00,0,0.00,
ENABLED,door mat green,PHRASE,CAMPAIGN_PAUSED,0.75,1.02,1.29,0.90,0,0,,0.00,0.00,0,0.00,
ENABLED,door mat grey,PHRASE,CAMPAIGN_PAUSED,0.78,1.05,2.10,0.90,0,0,,0.00,0.00,0,0.00,
ENABLED,door mat gripper,PHRASE,CAMPAIGN_PAUSED,1.08,1.18,2.05,0.90,0,0,,0.00,0.00,0,0.00,
ENABLED,door mat half round,PHRASE,CAMPAIGN_PAUSED,0.77,1.01,1.44,0.90,0,0,,0.00,0.00,0,0.00,
ENABLED,door mat harry potter,PHRASE,CAMPAIGN_PAUSED,0.71,0.79,1.02,0.90,0,0,,0.00,0.00,0,0.00,
ENABLED,door mat heavy duty outdoor,PHRASE,CAMPAIGN_PAUSED,,,,0.90,0,0,,0.00,0.00,0,0.00,
ENABLED,door mat hello,PHRASE,CAMPAIGN_PAUSED,0.87,1.07,1.48,0.90,0,0,,0.00,0.00,0,0.00,
ENABLED,door mat hey,PHRASE,CAMPAIGN_PAUSED,0.64,0.82,1.06,0.90,0,0,,0.00,0.00,0,0.00,
ENABLED,door mat hola,PHRASE,CAMPAIGN_PAUSED,0.53,0.96,1.34,0.90,0,0,,0.00,0.00,0,0.00,
ENABLED,door mat holder,PHRASE,CAMPAIGN_PAUSED,0.72,1.19,1.92,0.90,0,0,,0.00,0.00,0,0.00,
ENABLED,door mat holiday,PHRASE,CAMPAIGN_PAUSED,0.77,1.11,1.34,0.90,0,0,,0.00,0.00,0,0.00,
ENABLED,door mat home,PHRASE,CAMPAIGN_PAUSED,0.99,1.63,2.81,0.90,0,0,,0.00,0.00,0,0.00,
ENABLED,door mat home sweet home,PHRASE,CAMPAIGN_PAUSED,0.74,1.11,1.44,0.90,0,0,,0.00,0.00,0,0.00,
ENABLED,door mat indoor outdoor,PHRASE,CAMPAIGN_PAUSED,0.86,1.42,2.51,0.90,0,0,,0.00,0.00,0,0.00,
ENABLED,door mat inserts,PHRASE,CAMPAIGN_PAUSED,0.56,0.77,1.24,0.90,0,0,,0.00,0.00,0,0.00,
ENABLED,door mat inserts fall,PHRASE,CAMPAIGN_PAUSED,0.43,0.56,0.67,0.90,0,0,,0.00,0.00,0,0.00,
ENABLED,door mat inside,PHRASE,CAMPAIGN_PAUSED,1.40,2.49,4.42,0.90,0,0,,0.00,0.00,0,0.00,
ENABLED,door mat inside non slip,PHRASE,CAMPAIGN_PAUSED,1.28,1.98,3.35,0.90,0,0,,0.00,0.00,0,0.00,
ENABLED,door mat japanese,PHRASE,CAMPAIGN_PAUSED,,,,0.90,0,0,,0.00,0.00,0,0.00,
ENABLED,door mat joanna gaines,PHRASE,CAMPAIGN_PAUSED,,,,0.90,0,0,,0.00,0.00,0,0.00,
ENABLED,door mat joke,PHRASE,CAMPAIGN_PAUSED,0.58,0.71,0.71,0.90,0,0,,0.00,0.00,0,0.00,
ENABLED,door mat jumbo,PHRASE,CAMPAIGN_PAUSED,1.27,1.69,2.33,0.90,0,0,,0.00,0.00,0,0.00,
ENABLED,door mat just married,PHRASE,CAMPAIGN_PAUSED,,,,0.90,0,0,,0.00,0.00,0,0.00,
ENABLED,door mat justin timberlake,PHRASE,CAMPAIGN_PAUSED,,,,0.90,0,0,,0.00,0.00,0,0.00,
ENABLED,door mat jute,PHRASE,CAMPAIGN_PAUSED,0.72,0.86,1.04,0.90,0,0,,0.00,0.00,0,0.00,
ENABLED,door mat k,PHRASE,CAMPAIGN_PAUSED,,,,0.90,0,0,,0.00,0.00,0,0.00,
ENABLED,door mat kempf,PHRASE,CAMPAIGN_PAUSED,1.42,1.70,1.70,0.90,0,0,,0.00,0.00,0,0.00,
ENABLED,door mat kentucky,PHRASE,CAMPAIGN_PAUSED,,,,0.90,0,0,,0.00,0.00,0,0.00,
ENABLED,door mat key hider,PHRASE,CAMPAIGN_PAUSED,,,,0.90,0,0,,0.00,0.00,0,0.00,
ENABLED,door mat kids,PHRASE,CAMPAIGN_PAUSED,0.81,0.97,1.34,0.90,0,0,,0.00,0.00,0,0.00,
ENABLED,door mat kids animals,PHRASE,CAMPAIGN_PAUSED,,,,0.90,0,0,,0.00,0.00,0,0.00,
ENABLED,door mat kids in here,PHRASE,CAMPAIGN_PAUSED,0.88,1.33,1.33,0.90,0,0,,0.00,0.00,0,0.00,
ENABLED,door mat kit,PHRASE,CAMPAIGN_PAUSED,,,,0.90,0,0,,0.00,0.00,0,0.00,
ENABLED,door mat kitchen,PHRASE,CAMPAIGN_PAUSED,1.35,1.87,3.75,0.90,0,0,,0.00,0.00,0,0.00,
ENABLED,door mat labrador,PHRASE,CAMPAIGN_PAUSED,0.41,0.45,0.46,0.90,0,0,,0.00,0.00,0,0.00,
ENABLED,door mat large,PHRASE,CAMPAIGN_PAUSED,1.30,1.70,3.03,0.90,0,0,,0.00,0.00,0,0.00,
ENABLED,door mat large outdoor,PHRASE,CAMPAIGN_PAUSED,1.04,1.72,2.74,0.90,0,0,,0.00,0.00,0,0.00,
ENABLED,door mat leaves,PHRASE,CAMPAIGN_PAUSED,0.54,0.71,1.11,0.90,0,0,,0.00,0.00,0,0.00,
ENABLED,door mat leopard,PHRASE,CAMPAIGN_PAUSED,1.05,1.23,1.46,0.90,0,0,,0.00,0.00,0,0.00,
ENABLED,door mat letter,PHRASE,CAMPAIGN_PAUSED,0.57,0.73,0.95,0.90,0,0,,0.00,0.00,0,0.00,
ENABLED,door mat letter b,PHRASE,CAMPAIGN_PAUSED,,,,0.90,0,0,,0.00,0.00,0,0.00,
ENABLED,door mat lord of the rings,PHRASE,CAMPAIGN_PAUSED,0.45,0.73,0.73,0.90,0,0,,0.00,0.00,0,0.00,
ENABLED,door mat love,PHRASE,CAMPAIGN_PAUSED,0.72,0.82,1.13,0.90,0,0,,0.00,0.00,0,0.00,
ENABLED,door mat low profile,PHRASE,CAMPAIGN_PAUSED,0.87,1.38,2.09,0.90,0,0,,0.00,0.00,0,0.00,
ENABLED,door mat machine washable,PHRASE,CAMPAIGN_PAUSED,1.57,2.40,4.44,0.90,0,0,,0.00,0.00,0,0.00,
ENABLED,door mat mandala,PHRASE,CAMPAIGN_PAUSED,0.65,0.84,1.01,0.90,0,0,,0.00,0.00,0,0.00,
ENABLED,door mat marvel,PHRASE,CAMPAIGN_PAUSED,0.74,1.32,2.65,0.90,0,0,,0.00,0.00,0,0.00,
ENABLED,door mat modern,PHRASE,CAMPAIGN_PAUSED,0.95,1.14,1.46,0.90,0,0,,0.00,0.00,0,0.00,
ENABLED,door mat monogram,PHRASE,CAMPAIGN_PAUSED,0.68,0.82,1.13,0.90,0,0,,0.00,0.00,0,0.00,
ENABLED,door mat monogrammed,PHRASE,CAMPAIGN_PAUSED,0.66,1.04,1.28,0.90,0,0,,0.00,0.00,0,0.00,
ENABLED,door mat mud,PHRASE,CAMPAIGN_PAUSED,0.97,1.16,2.33,0.90,0,0,,0.00,0.00,0,0.00,
ENABLED,door mat mud catcher,PHRASE,CAMPAIGN_PAUSED,0.45,0.59,1.07,0.90,0,0,,0.00,0.00,0,0.00,
ENABLED,door mat music,PHRASE,CAMPAIGN_PAUSED,0.43,0.89,0.89,0.90,0,0,,0.00,0.00,0,0.00,
ENABLED,door mat name,PHRASE,CAMPAIGN_PAUSED,0.76,0.96,1.33,0.90,0,0,,0.00,0.00,0,0.00,
ENABLED,door mat natural,PHRASE,CAMPAIGN_PAUSED,0.72,1.12,1.95,0.90,0,0,,0.00,0.00,0,0.00,
ENABLED,door mat natural fiber,PHRASE,CAMPAIGN_PAUSED,0.93,1.53,3.07,0.90,0,0,,0.00,0.00,0,0.00,
ENABLED,door mat nautical,PHRASE,CAMPAIGN_PAUSED,0.63,0.89,1.62,0.90,0,0,,0.00,0.00,0,0.00,
ENABLED,door mat no shoes,PHRASE,CAMPAIGN_PAUSED,1.57,2.05,2.05,0.90,0,0,,0.00,0.00,0,0.00,
ENABLED,door mat no shoes inside,PHRASE,CAMPAIGN_PAUSED,,,,0.90,0,0,,0.00,0.00,0,0.00,
ENABLED,door mat non slip,PHRASE,CAMPAIGN_PAUSED,1.03,1.79,3.59,0.90,0,0,,0.00,0.00,0,0.00,
ENABLED,door mat non slip pad,PHRASE,CAMPAIGN_PAUSED,2.25,4.60,4.60,0.90,0,0,,0.00,0.00,0,0.00,
ENABLED,door mat not you again,PHRASE,CAMPAIGN_PAUSED,,,,0.90,0,0,,0.00,0.00,0,0.00,
ENABLED,door mat novelty,PHRASE,CAMPAIGN_PAUSED,0.65,1.03,1.03,0.90,0,0,,0.00,0.00,0,0.00,
ENABLED,door mat pad,PHRASE,CAMPAIGN_PAUSED,0.79,0.84,0.94,0.90,0,0,,0.00,0.00,0,0.00,
ENABLED,door mat paws,PHRASE,CAMPAIGN_PAUSED,0.66,0.86,1.40,0.90,0,0,,0.00,0.00,0,0.00,
ENABLED,door mat personalized,PHRASE,CAMPAIGN_PAUSED,1.04,1.77,2.20,0.90,0,0,,0.00,0.00,0,0.00,
ENABLED,door mat pet,PHRASE,CAMPAIGN_PAUSED,0.72,1.15,2.31,0.90,0,0,,0.00,0.00,0,0.00,
ENABLED,door mat pet friendly,PHRASE,CAMPAIGN_PAUSED,0.76,1.44,2.89,0.90,0,0,,0.00,0.00,0,0.00,
ENABLED,door mat pineapple,PHRASE,CAMPAIGN_PAUSED,0.74,0.86,1.09,0.90,0,0,,0.00,0.00,0,0.00,
ENABLED,door mat plaid,PHRASE,CAMPAIGN_PAUSED,0.75,1.04,1.49,0.90,0,0,,0.00,0.00,0,0.00,
ENABLED,door mat plain,PHRASE,CAMPAIGN_PAUSED,0.91,1.22,1.59,0.90,0,0,,0.00,0.00,0,0.00,
ENABLED,door mat plastic,PHRASE,CAMPAIGN_PAUSED,1.11,1.55,3.11,0.90,0,0,,0.00,0.00,0,0.00,
ENABLED,door mat purple,PHRASE,CAMPAIGN_PAUSED,0.94,1.14,1.65,0.90,0,0,,0.00,0.00,0,0.00,
ENABLED,door mat quick dry,PHRASE,CAMPAIGN_PAUSED,0.53,0.69,0.87,0.90,0,0,,0.00,0.00,0,0.00,
ENABLED,door mat quote,PHRASE,CAMPAIGN_PAUSED,0.63,0.84,1.34,0.80,0,0,,0.00,0.00,0,0.00,
ENABLED,door mat quote awesome,PHRASE,CAMPAIGN_PAUSED,,,,0.90,0,0,,0.00,0.00,0,0.00,
ENABLED,door mat quote outdoor,PHRASE,CAMPAIGN_PAUSED,,,,0.90,0,0,,0.00,0.00,0,0.00,
ENABLED,door mat red,PHRASE,CAMPAIGN_PAUSED,0.81,1.12,1.69,0.90,0,0,,0.00,0.00,0,0.00,
ENABLED,door mat rick and morty,PHRASE,CAMPAIGN_PAUSED,0.74,1.53,1.53,0.90,0,0,,0.00,0.00,0,0.00,
ENABLED,door mat ring bell,PHRASE,CAMPAIGN_PAUSED,0.53,0.68,0.75,0.90,0,0,,0.00,0.00,0,0.00,
ENABLED,door mat ring bell pull weeds,PHRASE,CAMPAIGN_PAUSED,0.51,0.55,0.68,0.90,0,0,,0.00,0.00,0,0.00,
ENABLED,door mat round,PHRASE,CAMPAIGN_PAUSED,0.86,1.07,1.33,0.90,0,0,,0.00,0.00,0,0.00,
ENABLED,door mat rubber,PHRASE,CAMPAIGN_PAUSED,0.92,1.54,2.45,0.90,0,0,,0.00,0.00,0,0.00,
ENABLED,door mat rubber back,PHRASE,CAMPAIGN_PAUSED,0.62,0.82,1.18,0.90,0,0,,0.00,0.00,0,0.00,
ENABLED,door mat rubber backed,PHRASE,CAMPAIGN_PAUSED,1.77,2.16,3.75,0.90,0,0,,0.00,0.00,0,0.00,
ENABLED,door mat rubber backing,PHRASE,CAMPAIGN_PAUSED,0.75,0.97,1.72,0.90,0,0,,0.00,0.00,0,0.00,
ENABLED,door mat rubber bottom,PHRASE,CAMPAIGN_PAUSED,0.59,0.65,0.74,0.90,0,0,,0.00,0.00,0,0.00,
ENABLED,door mat rubber brown,PHRASE,CAMPAIGN_PAUSED,,,,0.90,0,0,,0.00,0.00,0,0.00,
ENABLED,door mat rubber indoor,PHRASE,CAMPAIGN_PAUSED,,,,0.90,0,0,,0.00,0.00,0,0.00,
ENABLED,door mat rubber large,PHRASE,CAMPAIGN_PAUSED,,,,0.90,0,0,,0.00,0.00,0,0.00,
ENABLED,door mat rubber outside,PHRASE,CAMPAIGN_PAUSED,,,,0.90,0,0,,0.00,0.00,0,0.00,
ENABLED,door mat rubber paws,PHRASE,CAMPAIGN_PAUSED,,,,0.90,0,0,,0.00,0.00,0,0.00,
ENABLED,door mat rug,PHRASE,CAMPAIGN_PAUSED,1.01,1.42,2.64,0.90,0,0,,0.00,0.00,0,0.00,
ENABLED,door mat rugs indoor,PHRASE,CAMPAIGN_PAUSED,1.03,1.42,2.38,0.90,0,0,,0.00,0.00,0,0.00,
ENABLED,door mat runner,PHRASE,CAMPAIGN_PAUSED,0.93,1.46,2.20,0.90,0,0,,0.00,0.00,0,0.00,
ENABLED,door mat runner inside,PHRASE,CAMPAIGN_PAUSED,1.04,1.29,2.59,0.90,0,0,,0.00,0.00,0,0.00,
ENABLED,door mat s,PHRASE,CAMPAIGN_PAUSED,,,,0.90,0,0,,0.00,0.00,0,0.00,
ENABLED,door mat see you later alligator,PHRASE,CAMPAIGN_PAUSED,,,,0.90,0,0,,0.00,0.00,0,0.00,
ENABLED,door mat shoe cleaner,PHRASE,CAMPAIGN_PAUSED,0.86,1.13,2.04,0.90,0,0,,0.00,0.00,0,0.00,
ENABLED,door mat shoe scraper,PHRASE,CAMPAIGN_PAUSED,1.04,1.09,1.18,0.90,0,0,,0.00,0.00,0,0.00,
ENABLED,door mat shoes off,PHRASE,CAMPAIGN_PAUSED,0.94,1.32,1.32,0.90,0,0,,0.00,0.00,0,0.00,
ENABLED,door mat sign language,PHRASE,CAMPAIGN_PAUSED,,,,0.90,0,0,,0.00,0.00,0,0.00,
ENABLED,door mat small,PHRASE,CAMPAIGN_PAUSED,1.07,1.47,1.77,0.90,0,0,,0.00,0.00,0,0.00,
ENABLED,door mat snow,PHRASE,CAMPAIGN_PAUSED,0.69,1.07,1.83,0.90,0,0,,0.00,0.00,0,0.00,
ENABLED,door mat stripe,PHRASE,CAMPAIGN_PAUSED,0.97,1.29,1.59,0.90,0,0,,0.00,0.00,0,0.00,
ENABLED,door mat tacos,PHRASE,CAMPAIGN_PAUSED,0.63,0.69,0.88,0.90,0,0,,0.00,0.00,0,0.00,
ENABLED,door mat thanksgiving,PHRASE,CAMPAIGN_PAUSED,0.82,0.94,1.32,0.90,0,0,,0.00,0.00,0,0.00,
ENABLED,door mat thanksgiving outdoor,PHRASE,CAMPAIGN_PAUSED,,,,0.90,0,0,,0.00,0.00,0,0.00,
ENABLED,door mat thick,PHRASE,CAMPAIGN_PAUSED,0.75,1.09,1.79,0.90,0,0,,0.00,0.00,0,0.00,
ENABLED,door mat thin,PHRASE,CAMPAIGN_PAUSED,1.05,1.65,2.71,0.90,0,0,,0.00,0.00,0,0.00,
ENABLED,door mat to clean dog paws,PHRASE,CAMPAIGN_PAUSED,,,,0.90,0,0,,0.00,0.00,0,0.00,
ENABLED,door mat tray,PHRASE,CAMPAIGN_PAUSED,0.69,1.02,1.39,0.90,0,0,,0.00,0.00,0,0.00,
ENABLED,door mat tray 18x30,PHRASE,CAMPAIGN_PAUSED,,,,0.90,0,0,,0.00,0.00,0,0.00,
ENABLED,door mat tropical,PHRASE,CAMPAIGN_PAUSED,0.81,0.92,1.16,0.90,0,0,,0.00,0.00,0,0.00,
ENABLED,door mat tropical outdoor,PHRASE,CAMPAIGN_PAUSED,,,,0.90,0,0,,0.00,0.00,0,0.00,
ENABLED,door mat uk,PHRASE,CAMPAIGN_PAUSED,,,,0.90,0,0,,0.00,0.00,0,0.00,
ENABLED,door mat under 10,PHRASE,CAMPAIGN_PAUSED,0.58,0.72,0.88,0.90,0,0,,0.00,0.00,0,0.00,
ENABLED,door mat under 10 dollars,PHRASE,CAMPAIGN_PAUSED,0.49,0.62,0.76,0.90,0,0,,0.00,0.00,0,0.00,
ENABLED,door mat under 5,PHRASE,CAMPAIGN_PAUSED,,,,0.90,0,0,,0.00,0.00,0,0.00,
ENABLED,door mat underwear,PHRASE,CAMPAIGN_PAUSED,,,,0.90,0,0,,0.00,0.00,0,0.00,
ENABLED,door mat unicorn,PHRASE,CAMPAIGN_PAUSED,,,,0.90,0,0,,0.00,0.00,0,0.00,
ENABLED,door mat unique,PHRASE,CAMPAIGN_PAUSED,0.74,0.87,1.11,0.90,0,0,,0.00,0.00,0,0.00,
ENABLED,door mat uniquely,PHRASE,CAMPAIGN_PAUSED,,,,0.90,0,0,,0.00,0.00,0,0.00,
ENABLED,door mat unless you call or text,PHRASE,CAMPAIGN_PAUSED,,,,0.90,0,0,,0.00,0.00,0,0.00,
ENABLED,door mat usa,PHRASE,CAMPAIGN_PAUSED,0.62,0.73,1.46,0.90,0,0,,0.00,0.00,0,0.00,
ENABLED,door mat v,PHRASE,CAMPAIGN_PAUSED,,,,0.90,0,0,,0.00,0.00,0,0.00,
ENABLED,door mat vandarllin,PHRASE,CAMPAIGN_PAUSED,,,,0.90,0,0,,0.00,0.00,0,0.00,
ENABLED,door mat very thin,PHRASE,CAMPAIGN_PAUSED,1.70,2.24,4.50,0.90,0,0,,0.00,0.00,0,0.00,
ENABLED,door mat veteran,PHRASE,CAMPAIGN_PAUSED,,,,0.90,0,0,,0.00,0.00,0,0.00,
ENABLED,door mat video game,PHRASE,CAMPAIGN_PAUSED,0.61,0.67,0.78,0.90,0,0,,0.00,0.00,0,0.00,
ENABLED,door mat viking,PHRASE,CAMPAIGN_PAUSED,0.57,0.62,0.72,0.90,0,0,,0.00,0.00,0,0.00,
ENABLED,door mat vintage,PHRASE,CAMPAIGN_PAUSED,0.86,1.06,1.55,0.90,0,0,,0.00,0.00,0,0.00,
ENABLED,door mat vinyl,PHRASE,CAMPAIGN_PAUSED,0.84,1.13,1.72,0.90,0,0,,0.00,0.00,0,0.00,
ENABLED,door mat vinyl back,PHRASE,CAMPAIGN_PAUSED,,,,0.90,0,0,,0.00,0.00,0,0.00,
ENABLED,door mat washable,PHRASE,CAMPAIGN_PAUSED,1.09,1.59,2.20,0.90,0,0,,0.00,0.00,0,0.00,
ENABLED,door mat washable indoor,PHRASE,CAMPAIGN_PAUSED,1.15,1.54,2.26,0.90,0,0,,0.00,0.00,0,0.00,
ENABLED,door mat welcome,PHRASE,CAMPAIGN_PAUSED,0.89,1.19,1.62,0.90,0,0,,0.00,0.00,0,0.00,
ENABLED,door mat wine,PHRASE,CAMPAIGN_PAUSED,0.82,1.01,1.25,0.90,0,0,,0.00,0.00,0,0.00,
ENABLED,door mat winter,PHRASE,CAMPAIGN_PAUSED,1.02,1.53,2.05,0.90,0,0,,0.00,0.00,0,0.00,
ENABLED,door mat wipe your paws outdoor,PHRASE,CAMPAIGN_PAUSED,0.83,1.40,1.40,0.90,0,0,,0.00,0.00,0,0.00,
ENABLED,door mat with dogs,PHRASE,CAMPAIGN_PAUSED,0.68,0.83,1.18,0.90,0,0,,0.00,0.00,0,0.00,
ENABLED,door mat with holes,PHRASE,CAMPAIGN_PAUSED,0.52,0.92,1.39,0.90,0,0,,0.00,0.00,0,0.00,
ENABLED,door mat with initial,PHRASE,CAMPAIGN_PAUSED,0.55,0.65,0.82,0.90,0,0,,0.00,0.00,0,0.00,
ENABLED,door mat with words,PHRASE,CAMPAIGN_PAUSED,0.71,0.84,1.20,0.90,0,0,,0.00,0.00,0,0.00,
ENABLED,door mat xl,PHRASE,CAMPAIGN_PAUSED,0.67,1.03,2.06,0.90,0,0,,0.00,0.00,0,0.00,
ENABLED,door mat xlarge,PHRASE,CAMPAIGN_PAUSED,0.67,1.37,1.37,0.90,0,0,,0.00,0.00,0,0.00,
ENABLED,door mat xmas,PHRASE,CAMPAIGN_PAUSED,0.54,0.63,1.19,0.90,0,0,,0.00,0.00,0,0.00,
ENABLED,door mat y all,PHRASE,CAMPAIGN_PAUSED,,,,0.90,0,0,,0.00,0.00,0,0.00,
ENABLED,door mat yall,PHRASE,CAMPAIGN_PAUSED,0.47,0.55,0.81,0.90,0,0,,0.00,0.00,0,0.00,
ENABLED,door mat yell ding dong,PHRASE,CAMPAIGN_PAUSED,,,,0.90,0,0,,0.00,0.00,0,0.00,
ENABLED,door mat yellow,PHRASE,CAMPAIGN_PAUSED,1.04,1.42,1.90,0.90,0,0,,0.00,0.00,0,0.00,
ENABLED,door mat yo,PHRASE,CAMPAIGN_PAUSED,,,,0.90,0,0,,0.00,0.00,0,0.00,
ENABLED,door mat yoga,PHRASE,CAMPAIGN_PAUSED,0.64,1.32,1.32,0.90,0,0,,0.00,0.00,0,0.00,
ENABLED,door mat you again,PHRASE,CAMPAIGN_PAUSED,,,,0.90,0,0,,0.00,0.00,0,0.00,
ENABLED,door mat you are here,PHRASE,CAMPAIGN_PAUSED,,,,0.90,0,0,,0.00,0.00,0,0.00,
ENABLED,door mat you better have tacos,PHRASE,CAMPAIGN_PAUSED,,,,0.90,0,0,,0.00,0.00,0,0.00,
ENABLED,door mat you shall not pass,PHRASE,CAMPAIGN_PAUSED,0.48,0.66,0.66,0.90,0,0,,0.00,0.00,0,0.00,
ENABLED,door mat zelda,PHRASE,CAMPAIGN_PAUSED,0.49,0.55,0.84,0.90,0,0,,0.00,0.00,0,0.00,
ENABLED,door mat zen,PHRASE,CAMPAIGN_PAUSED,0.57,1.09,1.09,0.90,0,0,,0.00,0.00,0,0.00,
ENABLED,door mat zoo,PHRASE,CAMPAIGN_PAUSED,0.94,1.07,1.07,0.90,0,0,,0.00,0.00,0,0.00,
ENABLED,door mats inside,PHRASE,CAMPAIGN_PAUSED,1.40,2.49,4.42,0.90,0,0,,0.00,0.00,0,0.00,
ENABLED,door mats inside absorbant,PHRASE,CAMPAIGN_PAUSED,,,,0.90,0,0,,0.00,0.00,0,0.00,
ENABLED,door mats inside black,PHRASE,CAMPAIGN_PAUSED,,,,0.90,0,0,,0.00,0.00,0,0.00,
ENABLED,door mats inside blue,PHRASE,CAMPAIGN_PAUSED,0.92,1.23,1.75,0.90,0,0,,0.00,0.00,0,0.00,
ENABLED,door mats inside decorative,PHRASE,CAMPAIGN_PAUSED,0.89,1.09,1.39,0.90,0,0,,0.00,0.00,0,0.00,
ENABLED,door mats inside dog,PHRASE,CAMPAIGN_PAUSED,0.69,1.35,2.71,0.90,0,0,,0.00,0.00,0,0.00,
ENABLED,door mats inside fall,PHRASE,CAMPAIGN_PAUSED,,,,0.90,0,0,,0.00,0.00,0,0.00,
ENABLED,door mats inside funny,PHRASE,CAMPAIGN_PAUSED,1.09,1.28,1.52,0.90,0,0,,0.00,0.00,0,0.00,
ENABLED,door mats inside non slip,PHRASE,CAMPAIGN_PAUSED,1.28,1.98,3.35,0.90,0,0,,0.00,0.00,0,0.00,
ENABLED,door mats inside non slip commercial,PHRASE,CAMPAIGN_PAUSED,1.38,2.44,4.90,0.90,0,0,,0.00,0.00,0,0.00,
ENABLED,door mats inside non slip decorative,PHRASE,CAMPAIGN_PAUSED,1.54,1.86,1.86,0.90,0,0,,0.00,0.00,0,0.00,
ENABLED,door mats inside non slip funny,PHRASE,CAMPAIGN_PAUSED,,,,0.90,0,0,,0.00,0.00,0,0.00,
ENABLED,door mats inside non slip grey,PHRASE,CAMPAIGN_PAUSED,,,,0.90,0,0,,0.00,0.00,0,0.00,
ENABLED,door mats inside non slip large,PHRASE,CAMPAIGN_PAUSED,,,,0.90,0,0,,0.00,0.00,0,0.00,
ENABLED,door mats inside non slip runner,PHRASE,CAMPAIGN_PAUSED,1.06,1.12,1.30,0.90,0,0,,0.00,0.00,0,0.00,
ENABLED,door mats inside non slip rustic,PHRASE,CAMPAIGN_PAUSED,,,,0.90,0,0,,0.00,0.00,0,0.00,
ENABLED,door mats inside non slip rustic and washable,PHRASE,CAMPAIGN_PAUSED,,,,0.90,0,0,,0.00,0.00,0,0.00,
ENABLED,door mats inside non slip thin,PHRASE,CAMPAIGN_PAUSED,0.86,1.28,1.28,0.90,0,0,,0.00,0.00,0,0.00,
ENABLED,door mats outdoor,PHRASE,CAMPAIGN_PAUSED,1.23,1.88,2.81,0.90,0,0,,0.00,0.00,0,0.00,
ENABLED,door mats outdoor dog,PHRASE,CAMPAIGN_PAUSED,1.04,1.54,2.05,0.90,0,0,,0.00,0.00,0,0.00,
ENABLED,door mats outdoor inserts,PHRASE,CAMPAIGN_PAUSED,,,,0.90,0,0,,0.00,0.00,0,0.00,
ENABLED,door mats outdoor monogram,PHRASE,CAMPAIGN_PAUSED,1.53,2.04,4.09,0.90,0,0,,0.00,0.00,0,0.00,
ENABLED,door mats outdoor pets,PHRASE,CAMPAIGN_PAUSED,,,,0.90,0,0,,0.00,0.00,0,0.00,
ENABLED,door mats outdoor with initial,PHRASE,CAMPAIGN_PAUSED,,,,0.90,0,0,,0.00,0.00,0,0.00,
ENABLED,door mats outside,PHRASE,CAMPAIGN_PAUSED,0.97,1.67,2.49,0.90,0,0,,0.00,0.00,0,0.00,
ENABLED,door mats outside dog,PHRASE,CAMPAIGN_PAUSED,0.81,1.29,1.85,0.90,0,0,,0.00,0.00,0,0.00,
ENABLED,door mats outside funny,PHRASE,CAMPAIGN_PAUSED,0.67,0.82,1.09,0.90,0,0,,0.00,0.00,0,0.00,
ENABLED,door mats outside funny cat,PHRASE,CAMPAIGN_PAUSED,0.64,0.72,0.78,0.90,0,0,,0.00,0.00,0,0.00,
ENABLED,door mats outside funny dog,PHRASE,CAMPAIGN_PAUSED,0.71,0.87,1.23,0.90,0,0,,0.00,0.00,0,0.00,
ENABLED,door mats outside funny sayings,PHRASE,CAMPAIGN_PAUSED,0.68,0.97,0.97,0.90,0,0,,0.00,0.00,0,0.00,
ENABLED,door mats outside funny wine,PHRASE,CAMPAIGN_PAUSED,,,,0.90,0,0,,0.00,0.00,0,0.00,
ENABLED,door mats outside go away,PHRASE,CAMPAIGN_PAUSED,0.59,0.74,0.86,0.90,0,0,,0.00,0.00,0,0.00,
ENABLED,door mats outside heavy duty,PHRASE,CAMPAIGN_PAUSED,1.02,1.58,3.06,0.90,0,0,,0.00,0.00,0,0.00,
ENABLED,door mats outside large,PHRASE,CAMPAIGN_PAUSED,0.93,1.38,2.49,0.90,0,0,,0.00,0.00,0,0.00,
ENABLED,door matts indoors,PHRASE,CAMPAIGN_PAUSED,0.88,1.48,2.39,0.90,0,0,,0.00,0.00,0,0.00,
ENABLED,door matts indoors washable,PHRASE,CAMPAIGN_PAUSED,,,,0.90,0,0,,0.00,0.00,0,0.00,
ENABLED,door matts outdoors,PHRASE,CAMPAIGN_PAUSED,0.85,1.19,1.67,0.90,0,0,,0.00,0.00,0,0.00,
ENABLED,door matts outdoors cute,PHRASE,CAMPAIGN_PAUSED,,,,0.90,0,0,,0.00,0.00,0,0.00,
ENABLED,door matts outdoors dog,PHRASE,CAMPAIGN_PAUSED,0.56,0.77,0.77,0.90,0,0,,0.00,0.00,0,0.00,
ENABLED,door matts outdoors farmhouse,PHRASE,CAMPAIGN_PAUSED,,,,0.90,0,0,,0.00,0.00,0,0.00,
ENABLED,door matts outdoors funny,PHRASE,CAMPAIGN_PAUSED,0.67,0.97,0.97,0.90,0,0,,0.00,0.00,0,0.00,
ENABLED,door matts outdoors large,PHRASE,CAMPAIGN_PAUSED,0.87,1.11,1.48,0.90,0,0,,0.00,0.00,0,0.00,
ENABLED,door matts outdoors personalized,PHRASE,CAMPAIGN_PAUSED,,,,0.90,0,0,,0.00,0.00,0,0.00,
ENABLED,door matts outdoors welcome,PHRASE,CAMPAIGN_PAUSED,1.25,1.50,1.50,0.90,0,0,,0.00,0.00,0,0.00,
ENABLED,doormat funny,PHRASE,CAMPAIGN_PAUSED,0.76,0.91,1.17,0.90,0,0,,0.00,0.00,0,0.00,
ENABLED,doormat indoor,PHRASE,CAMPAIGN_PAUSED,1.32,1.92,3.29,0.90,0,0,,0.00,0.00,0,0.00,
ENABLED,doormat outdoor,PHRASE,CAMPAIGN_PAUSED,0.93,1.15,2.09,0.60,0,0,,0.00,0.00,0,0.00,
ENABLED,doormat outdoor coir,PHRASE,CAMPAIGN_PAUSED,0.89,1.25,1.89,0.90,0,0,,0.00,0.00,0,0.00,
ENABLED,doormat outdoor funny,PHRASE,CAMPAIGN_PAUSED,0.65,0.75,0.92,0.90,0,0,,0.00,0.00,0,0.00,
ENABLED,doormat outdoor home,PHRASE,CAMPAIGN_PAUSED,0.92,0.97,1.05,0.90,0,0,,0.00,0.00,0,0.00,
ENABLED,doormat outdoor large,PHRASE,CAMPAIGN_PAUSED,1.06,1.38,2.12,0.90,0,0,,0.00,0.00,0,0.00,
ENABLED,doormat outside,PHRASE,CAMPAIGN_PAUSED,0.87,1.05,1.67,0.90,0,0,,0.00,0.00,0,0.00,
ENABLED,double door mats outdoor,PHRASE,CAMPAIGN_PAUSED,0.94,1.47,2.43,0.90,0,0,,0.00,0.00,0,0.00,
ENABLED,entrance hallway mat,PHRASE,CAMPAIGN_PAUSED,,,,0.90,0,0,,0.00,0.00,0,0.00,
ENABLED,evergreen door mat insert,PHRASE,CAMPAIGN_PAUSED,0.68,0.95,1.24,0.90,0,0,,0.00,0.00,0,0.00,
ENABLED,exercise floor mats for home gym,PHRASE,CAMPAIGN_PAUSED,1.30,2.49,5.00,0.90,0,0,,0.00,0.00,0,0.00,
ENABLED,fall doormat outdoor,PHRASE,CAMPAIGN_PAUSED,0.76,1.03,2.06,0.90,0,0,,0.00,0.00,0,0.00,
ENABLED,floor mat,PHRASE,CAMPAIGN_PAUSED,0.72,1.11,2.23,0.90,0,0,,0.00,0.00,0,0.00,
ENABLED,floor mat adhesive,PHRASE,CAMPAIGN_PAUSED,0.42,0.62,0.77,0.90,0,0,,0.00,0.00,0,0.00,
ENABLED,floor mat alarm,PHRASE,CAMPAIGN_PAUSED,0.77,1.33,2.67,0.90,0,0,,0.00,0.00,0,0.00,
ENABLED,floor mat alarm clock,PHRASE,CAMPAIGN_PAUSED,0.60,1.23,1.23,0.90,0,0,,0.00,0.00,0,0.00,
ENABLED,floor mat alarms for elderly,PHRASE,CAMPAIGN_PAUSED,1.16,2.37,2.37,0.90,0,0,,0.00,0.00,0,0.00,
ENABLED,floor mat anchor,PHRASE,CAMPAIGN_PAUSED,0.46,0.68,1.36,0.90,0,0,,0.00,0.00,0,0.00,
ENABLED,floor mat anti fatigue,PHRASE,CAMPAIGN_PAUSED,1.12,1.62,3.25,0.90,0,0,,0.00,0.00,0,0.00,
ENABLED,floor mat anti slip,PHRASE,CAMPAIGN_PAUSED,0.64,0.77,1.52,0.90,0,0,,0.00,0.00,0,0.00,
ENABLED,floor mat audi a4,PHRASE,CAMPAIGN_PAUSED,0.81,0.97,1.44,0.90,0,0,,0.00,0.00,0,0.00,
ENABLED,floor mat automotive,PHRASE,CAMPAIGN_PAUSED,0.59,0.82,1.38,0.90,0,0,,0.00,0.00,0,0.00,
ENABLED,floor mat baby,PHRASE,CAMPAIGN_PAUSED,0.92,1.58,3.17,0.90,0,0,,0.00,0.00,0,0.00,
ENABLED,floor mat baby high chair,PHRASE,CAMPAIGN_PAUSED,0.86,1.76,2.36,0.90,0,0,,0.00,0.00,0,0.00,
ENABLED,floor mat back support,PHRASE,CAMPAIGN_PAUSED,0.85,0.93,1.14,0.90,0,0,,0.00,0.00,0,0.00,
ENABLED,floor mat bamboo,PHRASE,CAMPAIGN_PAUSED,0.58,1.11,1.54,0.90,0,0,,0.00,0.00,0,0.00,
ENABLED,floor mat bathroom,PHRASE,CAMPAIGN_PAUSED,1.11,1.55,3.11,0.90,0,0,,0.00,0.00,0,0.00,
ENABLED,floor mat bed,PHRASE,CAMPAIGN_PAUSED,0.86,1.04,1.38,0.90,0,0,,0.00,0.00,0,0.00,
ENABLED,floor mat bed alarm,PHRASE,CAMPAIGN_PAUSED,,,,0.90,0,0,,0.00,0.00,0,0.00,
ENABLED,floor mat blue,PHRASE,CAMPAIGN_PAUSED,0.68,0.99,1.65,0.90,0,0,,0.00,0.00,0,0.00,
ENABLED,floor mat brush,PHRASE,CAMPAIGN_PAUSED,0.79,0.99,1.43,0.90,0,0,,0.00,0.00,0,0.00,
ENABLED,floor mat car,PHRASE,CAMPAIGN_PAUSED,0.75,1.09,1.59,0.90,0,0,,0.00,0.00,0,0.00,
ENABLED,floor mat carpet,PHRASE,CAMPAIGN_PAUSED,0.88,1.39,2.79,0.90,0,0,,0.00,0.00,0,0.00,
ENABLED,floor mat chair carpet,PHRASE,CAMPAIGN_PAUSED,0.87,1.79,3.59,0.90,0,0,,0.00,0.00,0,0.00,
ENABLED,floor mat cleaner,PHRASE,CAMPAIGN_PAUSED,0.46,0.95,1.90,0.90,0,0,,0.00,0.00,0,0.00,
ENABLED,floor mat clips,PHRASE,CAMPAIGN_PAUSED,0.56,0.69,1.06,0.90,0,0,,0.00,0.00,0,0.00,
ENABLED,floor mat clips toyota,PHRASE,CAMPAIGN_PAUSED,0.72,1.22,1.22,0.90,0,0,,0.00,0.00,0,0.00,
ENABLED,floor mat commercial,PHRASE,CAMPAIGN_PAUSED,1.45,2.41,4.84,0.90,0,0,,0.00,0.00,0,0.00,
ENABLED,floor mat cushion,PHRASE,CAMPAIGN_PAUSED,0.62,1.27,1.86,0.90,0,0,,0.00,0.00,0,0.00,
ENABLED,floor mat decorative,PHRASE,CAMPAIGN_PAUSED,0.72,1.08,1.44,0.90,0,0,,0.00,0.00,0,0.00,
ENABLED,floor mat desk,PHRASE,CAMPAIGN_PAUSED,0.73,0.98,1.96,0.90,0,0,,0.00,0.00,0,0.00,
ENABLED,floor mat desk chair,PHRASE,CAMPAIGN_PAUSED,0.89,1.28,2.37,0.90,0,0,,0.00,0.00,0,0.00,
ENABLED,floor mat desk chair 48,PHRASE,CAMPAIGN_PAUSED,,,,0.90,0,0,,0.00,0.00,0,0.00,
ENABLED,floor mat desk chair carpet,PHRASE,CAMPAIGN_PAUSED,0.79,1.01,1.14,0.90,0,0,,0.00,0.00,0,0.00,
ENABLED,floor mat disposable,PHRASE,CAMPAIGN_PAUSED,0.61,0.99,1.98,0.90,0,0,,0.00,0.00,0,0.00,
ENABLED,floor mat dodge journey,PHRASE,CAMPAIGN_PAUSED,0.67,0.85,1.43,0.90,0,0,,0.00,0.00,0,0.00,
ENABLED,floor mat dog,PHRASE,CAMPAIGN_PAUSED,1.14,2.02,3.46,0.90,0,0,,0.00,0.00,0,0.00,
ENABLED,floor mat dog bowl,PHRASE,CAMPAIGN_PAUSED,1.46,2.58,5.18,0.90,0,0,,0.00,0.00,0,0.00,
ENABLED,floor mat doorbell,PHRASE,CAMPAIGN_PAUSED,,,,0.90,0,0,,0.00,0.00,0,0.00,
ENABLED,floor mat entrance,PHRASE,CAMPAIGN_PAUSED,1.15,1.82,3.65,0.90,0,0,,0.00,0.00,0,0.00,
ENABLED,floor mat entry,PHRASE,CAMPAIGN_PAUSED,0.75,1.13,2.27,0.90,0,0,,0.00,0.00,0,0.00,
ENABLED,floor mat entry carpet,PHRASE,CAMPAIGN_PAUSED,,,,0.90,0,0,,0.00,0.00,0,0.00,
ENABLED,floor mat ergonomic,PHRASE,CAMPAIGN_PAUSED,,,,0.90,0,0,,0.00,0.00,0,0.00,
ENABLED,floor mat eva,PHRASE,CAMPAIGN_PAUSED,0.54,0.54,0.54,0.90,0,0,,0.00,0.00,0,0.00,
ENABLED,floor mat exercise,PHRASE,CAMPAIGN_PAUSED,1.09,2.12,3.71,0.90,0,0,,0.00,0.00,0,0.00,
ENABLED,floor mat exercise equipment,PHRASE,CAMPAIGN_PAUSED,1.20,2.45,2.97,0.90,0,0,,0.00,0.00,0,0.00,
ENABLED,floor mat exit alarm for elderly fall prevention and anti-wandering,PHRASE,CAMPAIGN_PAUSED,,,,0.90,0,0,,0.00,0.00,0,0.00,
ENABLED,floor mat extra large,PHRASE,CAMPAIGN_PAUSED,0.81,1.09,2.19,0.90,0,0,,0.00,0.00,0,0.00,
ENABLED,floor mat for baby,PHRASE,CAMPAIGN_PAUSED,0.92,1.58,3.17,0.90,0,0,,0.00,0.00,0,0.00,
ENABLED,floor mat for bathrooms,PHRASE,CAMPAIGN_PAUSED,1.11,1.55,3.11,0.90,0,0,,0.00,0.00,0,0.00,
ENABLED,floor mat for exercise equipment,PHRASE,CAMPAIGN_PAUSED,1.20,2.45,2.97,0.90,0,0,,0.00,0.00,0,0.00,
ENABLED,floor mat for high chair,PHRASE,CAMPAIGN_PAUSED,0.93,1.44,2.89,0.90,0,0,,0.00,0.00,0,0.00,
ENABLED,floor mat for kids,PHRASE,CAMPAIGN_PAUSED,0.87,1.16,2.33,0.90,0,0,,0.00,0.00,0,0.00,
ENABLED,floor mat for kitchen,PHRASE,CAMPAIGN_PAUSED,0.94,1.39,2.79,0.90,0,0,,0.00,0.00,0,0.00,
ENABLED,floor mat for office,PHRASE,CAMPAIGN_PAUSED,1.11,2.17,4.36,0.90,0,0,,0.00,0.00,0,0.00,
ENABLED,floor mat for office chair carpet,PHRASE,CAMPAIGN_PAUSED,0.79,1.36,2.73,0.90,0,0,,0.00,0.00,0,0.00,
ENABLED,floor mat for office chair carpet black,PHRASE,CAMPAIGN_PAUSED,,,,0.90,0,0,,0.00,0.00,0,0.00,
ENABLED,floor mat for office chair carpet for thick carpet,PHRASE,CAMPAIGN_PAUSED,,,,0.90,0,0,,0.00,0.00,0,0.00,
ENABLED,floor mat for office chair wood floor,PHRASE,CAMPAIGN_PAUSED,1.02,1.38,2.77,0.90,0,0,,0.00,0.00,0,0.00,
ENABLED,floor mat for office chair wood floor 48x48,PHRASE,CAMPAIGN_PAUSED,1.68,1.80,3.50,0.90,0,0,,0.00,0.00,0,0.00,
ENABLED,floor mat for office chair wood floor 60,PHRASE,CAMPAIGN_PAUSED,,,,0.90,0,0,,0.00,0.00,0,0.00,
ENABLED,floor mat for office chair wood floor black,PHRASE,CAMPAIGN_PAUSED,,,,0.90,0,0,,0.00,0.00,0,0.00,
ENABLED,floor mat for office chair wood floor large,PHRASE,CAMPAIGN_PAUSED,,,,0.90,0,0,,0.00,0.00,0,0.00,
ENABLED,floor mat for office chair wood floor with lip,PHRASE,CAMPAIGN_PAUSED,,,,0.90,0,0,,0.00,0.00,0,0.00,
ENABLED,floor mat for standing desk,PHRASE,CAMPAIGN_PAUSED,0.96,1.86,3.73,0.90,0,0,,0.00,0.00,0,0.00,
ENABLED,floor mat games,PHRASE,CAMPAIGN_PAUSED,0.72,0.87,1.44,0.90,0,0,,0.00,0.00,0,0.00,
ENABLED,floor mat garage,PHRASE,CAMPAIGN_PAUSED,0.98,1.57,2.75,0.90,0,0,,0.00,0.00,0,0.00,
ENABLED,floor mat gmc sierra,PHRASE,CAMPAIGN_PAUSED,0.78,1.19,2.39,0.90,0,0,,0.00,0.00,0,0.00,
ENABLED,floor mat gorilla,PHRASE,CAMPAIGN_PAUSED,0.51,0.87,1.17,0.90,0,0,,0.00,0.00,0,0.00,
ENABLED,floor mat grip,PHRASE,CAMPAIGN_PAUSED,0.47,0.83,1.22,0.90,0,0,,0.00,0.00,0,0.00,
ENABLED,floor mat grip tape,PHRASE,CAMPAIGN_PAUSED,0.84,1.73,1.73,0.90,0,0,,0.00,0.00,0,0.00,
ENABLED,floor mat gripper for runner,PHRASE,CAMPAIGN_PAUSED,,,,0.90,0,0,,0.00,0.00,0,0.00,
ENABLED,floor mat gym,PHRASE,CAMPAIGN_PAUSED,0.79,1.37,2.57,0.90,0,0,,0.00,0.00,0,0.00,
ENABLED,floor mat gym equipment,PHRASE,CAMPAIGN_PAUSED,1.01,2.03,2.98,0.90,0,0,,0.00,0.00,0,0.00,
ENABLED,floor mat gymnastics,PHRASE,CAMPAIGN_PAUSED,1.78,2.34,4.70,0.90,0,0,,0.00,0.00,0,0.00,
ENABLED,floor mat hangers,PHRASE,CAMPAIGN_PAUSED,0.81,0.94,1.88,0.90,0,0,,0.00,0.00,0,0.00,
ENABLED,floor mat hardwood,PHRASE,CAMPAIGN_PAUSED,0.88,1.62,3.25,0.90,0,0,,0.00,0.00,0,0.00,
ENABLED,floor mat heater,PHRASE,CAMPAIGN_PAUSED,0.62,0.99,1.95,0.90,0,0,,0.00,0.00,0,0.00,
ENABLED,floor mat high chair,PHRASE,CAMPAIGN_PAUSED,0.93,1.44,2.89,0.90,0,0,,0.00,0.00,0,0.00,
ENABLED,floor mat holder,PHRASE,CAMPAIGN_PAUSED,0.46,0.67,1.34,0.90,0,0,,0.00,0.00,0,0.00,
ENABLED,floor mat holder clips,PHRASE,CAMPAIGN_PAUSED,0.82,1.01,2.02,0.90,0,0,,0.00,0.00,0,0.00,
ENABLED,floor mat home,PHRASE,CAMPAIGN_PAUSED,0.92,1.64,2.87,0.90,0,0,,0.00,0.00,0,0.00,
ENABLED,floor mat honda crv 2018,PHRASE,CAMPAIGN_PAUSED,0.99,2.03,2.89,0.90,0,0,,0.00,0.00,0,0.00,
ENABLED,floor mat hooks,PHRASE,CAMPAIGN_PAUSED,0.74,0.97,1.30,0.90,0,0,,0.00,0.00,0,0.00,
ENABLED,floor mat hooks toyota,PHRASE,CAMPAIGN_PAUSED,0.75,1.18,1.18,0.90,0,0,,0.00,0.00,0,0.00,
ENABLED,floor mat in bathroom,PHRASE,CAMPAIGN_PAUSED,1.11,1.55,3.11,0.90,0,0,,0.00,0.00,0,0.00,
ENABLED,floor mat in front of the stove,PHRASE,CAMPAIGN_PAUSED,0.66,1.16,1.67,0.90,0,0,,0.00,0.00,0,0.00,
ENABLED,floor mat indoor,PHRASE,CAMPAIGN_PAUSED,0.88,1.13,1.96,0.90,0,0,,0.00,0.00,0,0.00,
ENABLED,floor mat indoor entry,PHRASE,CAMPAIGN_PAUSED,1.35,1.73,2.50,0.90,0,0,,0.00,0.00,0,0.00,
ENABLED,floor mat indoor outdoor,PHRASE,CAMPAIGN_PAUSED,0.81,0.98,1.96,0.90,0,0,,0.00,0.00,0,0.00,
ENABLED,floor mat industrial,PHRASE,CAMPAIGN_PAUSED,1.18,1.70,3.41,0.90,0,0,,0.00,0.00,0,0.00,
ENABLED,floor mat infant,PHRASE,CAMPAIGN_PAUSED,0.73,1.30,1.96,0.90,0,0,,0.00,0.00,0,0.00,
ENABLED,floor mat inserts,PHRASE,CAMPAIGN_PAUSED,0.58,0.75,1.06,0.90,0,0,,0.00,0.00,0,0.00,
ENABLED,floor mat inside,PHRASE,CAMPAIGN_PAUSED,0.79,1.06,1.79,0.90,0,0,,0.00,0.00,0,0.00,
ENABLED,floor mat interlock,PHRASE,CAMPAIGN_PAUSED,1.02,1.23,1.23,0.90,0,0,,0.00,0.00,0,0.00,
ENABLED,floor mat jeep,PHRASE,CAMPAIGN_PAUSED,0.91,1.45,2.91,0.90,0,0,,0.00,0.00,0,0.00,
ENABLED,floor mat jeep compass,PHRASE,CAMPAIGN_PAUSED,0.62,0.92,1.84,0.90,0,0,,0.00,0.00,0,0.00,
ENABLED,floor mat jeep grand cherokee,PHRASE,CAMPAIGN_PAUSED,0.87,1.79,3.59,0.90,0,0,,0.00,0.00,0,0.00,
ENABLED,floor mat jeep grand cherokee 2015,PHRASE,CAMPAIGN_PAUSED,0.95,1.56,3.13,0.90,0,0,,0.00,0.00,0,0.00,
ENABLED,floor mat jeep liberty 2012,PHRASE,CAMPAIGN_PAUSED,0.82,1.06,1.18,0.90,0,0,,0.00,0.00,0,0.00,
ENABLED,floor mat jeep wrangler,PHRASE,CAMPAIGN_PAUSED,0.82,1.39,2.79,0.90,0,0,,0.00,0.00,0,0.00,
ENABLED,floor mat keyboard,PHRASE,CAMPAIGN_PAUSED,0.44,0.77,1.16,0.90,0,0,,0.00,0.00,0,0.00,
ENABLED,floor mat kia forte,PHRASE,CAMPAIGN_PAUSED,0.58,0.93,1.64,0.90,0,0,,0.00,0.00,0,0.00,
ENABLED,floor mat kia optima 2018,PHRASE,CAMPAIGN_PAUSED,,,,0.90,0,0,,0.00,0.00,0,0.00,
ENABLED,floor mat kids,PHRASE,CAMPAIGN_PAUSED,0.87,1.16,2.33,0.90,0,0,,0.00,0.00,0,0.00,
ENABLED,floor mat kids eating,PHRASE,CAMPAIGN_PAUSED,1.73,2.57,5.16,0.90,0,0,,0.00,0.00,0,0.00,
ENABLED,floor mat kids foam,PHRASE,CAMPAIGN_PAUSED,0.53,1.08,1.08,0.90,0,0,,0.00,0.00,0,0.00,
ENABLED,floor mat kids food,PHRASE,CAMPAIGN_PAUSED,,,,0.90,0,0,,0.00,0.00,0,0.00,
ENABLED,floor mat kitchen,PHRASE,CAMPAIGN_PAUSED,0.94,1.39,2.79,0.90,0,0,,0.00,0.00,0,0.00,
ENABLED,floor mat kitchen anti fatigue,PHRASE,CAMPAIGN_PAUSED,0.92,1.89,3.59,0.90,0,0,,0.00,0.00,0,0.00,
ENABLED,floor mat kitchen sink,PHRASE,CAMPAIGN_PAUSED,0.98,1.38,2.77,0.90,0,0,,0.00,0.00,0,0.00,
ENABLED,floor mat large,PHRASE,CAMPAIGN_PAUSED,0.61,0.77,1.54,0.90,0,0,,0.00,0.00,0,0.00,
ENABLED,floor mat laundry room,PHRASE,CAMPAIGN_PAUSED,0.77,1.17,2.22,0.90,0,0,,0.00,0.00,0,0.00,
ENABLED,floor mat leaves,PHRASE,CAMPAIGN_PAUSED,0.92,1.11,1.29,0.90,0,0,,0.00,0.00,0,0.00,
ENABLED,floor mat lexus es350,PHRASE,CAMPAIGN_PAUSED,0.65,0.92,1.84,0.90,0,0,,0.00,0.00,0,0.00,
ENABLED,floor mat liner,PHRASE,CAMPAIGN_PAUSED,0.61,0.76,1.48,0.90,0,0,,0.00,0.00,0,0.00,
ENABLED,floor mat living room,PHRASE,CAMPAIGN_PAUSED,0.83,1.09,1.48,0.90,0,0,,0.00,0.00,0,0.00,
ENABLED,floor mat lock clip,PHRASE,CAMPAIGN_PAUSED,,,,0.90,0,0,,0.00,0.00,0,0.00,
ENABLED,floor mat long,PHRASE,CAMPAIGN_PAUSED,0.95,1.23,1.98,0.90,0,0,,0.00,0.00,0,0.00,
ENABLED,floor mat massage,PHRASE,CAMPAIGN_PAUSED,,,,0.90,0,0,,0.00,0.00,0,0.00,
ENABLED,floor mat material,PHRASE,CAMPAIGN_PAUSED,0.81,1.20,1.23,0.90,0,0,,0.00,0.00,0,0.00,
ENABLED,floor mat mattress,PHRASE,CAMPAIGN_PAUSED,0.63,0.86,1.19,0.90,0,0,,0.00,0.00,0,0.00,
ENABLED,floor mat medium pile,PHRASE,CAMPAIGN_PAUSED,0.73,0.76,1.52,0.90,0,0,,0.00,0.00,0,0.00,
ENABLED,floor mat memory foam,PHRASE,CAMPAIGN_PAUSED,0.94,1.22,2.45,0.90,0,0,,0.00,0.00,0,0.00,
ENABLED,floor mat mercedes,PHRASE,CAMPAIGN_PAUSED,0.63,0.93,1.86,0.90,0,0,,0.00,0.00,0,0.00,
ENABLED,floor mat mercedes benz,PHRASE,CAMPAIGN_PAUSED,0.55,0.73,0.93,0.90,0,0,,0.00,0.00,0,0.00,
ENABLED,floor mat model 3,PHRASE,CAMPAIGN_PAUSED,1.46,2.41,4.84,0.90,0,0,,0.00,0.00,0,0.00,
ENABLED,floor mat nap,PHRASE,CAMPAIGN_PAUSED,0.91,1.01,1.01,0.90,0,0,,0.00,0.00,0,0.00,
ENABLED,floor mat nissan altima 2016,PHRASE,CAMPAIGN_PAUSED,0.47,0.58,1.16,0.90,0,0,,0.00,0.00,0,0.00,
ENABLED,floor mat nissan frontier 2011,PHRASE,CAMPAIGN_PAUSED,,,,0.90,0,0,,0.00,0.00,0,0.00,
ENABLED,floor mat noise,PHRASE,CAMPAIGN_PAUSED,0.81,1.43,1.43,0.90,0,0,,0.00,0.00,0,0.00,
ENABLED,floor mat non slip,PHRASE,CAMPAIGN_PAUSED,1.06,1.58,3.17,0.90,0,0,,0.00,0.00,0,0.00,
ENABLED,floor mat ocean,PHRASE,CAMPAIGN_PAUSED,,,,0.90,0,0,,0.00,0.00,0,0.00,
ENABLED,floor mat odyssey 2019,PHRASE,CAMPAIGN_PAUSED,1.12,1.67,3.35,0.90,0,0,,0.00,0.00,0,0.00,
ENABLED,floor mat office chair,PHRASE,CAMPAIGN_PAUSED,0.92,1.88,3.77,0.90,0,0,,0.00,0.00,0,0.00,
ENABLED,floor mat office chair carpet,PHRASE,CAMPAIGN_PAUSED,0.79,1.36,2.73,0.90,0,0,,0.00,0.00,0,0.00,
ENABLED,floor mat office chair hardwood,PHRASE,CAMPAIGN_PAUSED,1.03,1.45,2.91,0.90,0,0,,0.00,0.00,0,0.00,
ENABLED,floor mat office standing,PHRASE,CAMPAIGN_PAUSED,0.89,1.18,2.37,0.90,0,0,,0.00,0.00,0,0.00,
ENABLED,floor mat or 2019 honda pilot,PHRASE,CAMPAIGN_PAUSED,0.68,0.92,1.84,0.90,0,0,,0.00,0.00,0,0.00,
ENABLED,floor mat outdoor,PHRASE,CAMPAIGN_PAUSED,0.92,1.59,2.77,0.90,0,0,,0.00,0.00,0,0.00,
ENABLED,floor mat outdoor cute,PHRASE,CAMPAIGN_PAUSED,,,,0.90,0,0,,0.00,0.00,0,0.00,
ENABLED,floor mat outside,PHRASE,CAMPAIGN_PAUSED,0.84,1.20,2.03,0.90,0,0,,0.00,0.00,0,0.00,
ENABLED,floor mat pacifica hybrid,PHRASE,CAMPAIGN_PAUSED,0.66,0.69,0.82,0.90,0,0,,0.00,0.00,0,0.00,
ENABLED,floor mat padded,PHRASE,CAMPAIGN_PAUSED,0.65,1.34,1.34,0.90,0,0,,0.00,0.00,0,0.00,
ENABLED,floor mat piano,PHRASE,CAMPAIGN_PAUSED,0.72,1.26,2.53,0.90,0,0,,0.00,0.00,0,0.00,
ENABLED,floor mat piano for kids,PHRASE,CAMPAIGN_PAUSED,0.84,1.53,3.07,0.90,0,0,,0.00,0.00,0,0.00,
ENABLED,floor mat plastic,PHRASE,CAMPAIGN_PAUSED,0.71,0.85,1.27,0.90,0,0,,0.00,0.00,0,0.00,
ENABLED,floor mat protector for hard wood,PHRASE,CAMPAIGN_PAUSED,,,,0.90,0,0,,0.00,0.00,0,0.00,
ENABLED,floor mat protectors for cars,PHRASE,CAMPAIGN_PAUSED,0.96,1.57,1.57,0.90,0,0,,0.00,0.00,0,0.00,
ENABLED,floor mat puzzle,PHRASE,CAMPAIGN_PAUSED,0.63,1.16,1.87,0.90,0,0,,0.00,0.00,0,0.00,
ENABLED,floor mat puzzle for kids,PHRASE,CAMPAIGN_PAUSED,0.87,0.93,1.22,0.90,0,0,,0.00,0.00,0,0.00,
ENABLED,floor mat queen,PHRASE,CAMPAIGN_PAUSED,0.94,1.07,2.15,0.90,0,0,,0.00,0.00,0,0.00,
ENABLED,floor mat restaurant,PHRASE,CAMPAIGN_PAUSED,1.03,1.82,3.65,0.90,0,0,,0.00,0.00,0,0.00,
ENABLED,floor mat retainer,PHRASE,CAMPAIGN_PAUSED,0.46,0.66,0.94,0.90,0,0,,0.00,0.00,0,0.00,
ENABLED,floor mat roll,PHRASE,CAMPAIGN_PAUSED,0.78,1.22,1.89,0.90,0,0,,0.00,0.00,0,0.00,
ENABLED,floor mat rolling chair carpet,PHRASE,CAMPAIGN_PAUSED,1.11,1.74,2.74,0.90,0,0,,0.00,0.00,0,0.00,
ENABLED,floor mat room,PHRASE,CAMPAIGN_PAUSED,0.84,1.02,1.43,0.90,0,0,,0.00,0.00,0,0.00,
ENABLED,floor mat rubber,PHRASE,CAMPAIGN_PAUSED,0.59,1.09,1.88,0.90,0,0,,0.00,0.00,0,0.00,
ENABLED,floor mat rubber non slip,PHRASE,CAMPAIGN_PAUSED,,,,0.90,0,0,,0.00,0.00,0,0.00,
ENABLED,floor mat runner,PHRASE,CAMPAIGN_PAUSED,1.03,1.57,3.15,0.90,0,0,,0.00,0.00,0,0.00,
ENABLED,floor mat runners for the home,PHRASE,CAMPAIGN_PAUSED,0.85,0.87,1.15,0.90,0,0,,0.00,0.00,0,0.00,
ENABLED,floor mat set,PHRASE,CAMPAIGN_PAUSED,1.03,1.56,2.27,0.90,0,0,,0.00,0.00,0,0.00,
ENABLED,floor mat sleeping,PHRASE,CAMPAIGN_PAUSED,0.83,1.28,1.78,0.90,0,0,,0.00,0.00,0,0.00,
ENABLED,floor mat small,PHRASE,CAMPAIGN_PAUSED,0.57,0.79,1.53,0.90,0,0,,0.00,0.00,0,0.00,
ENABLED,floor mat snow,PHRASE,CAMPAIGN_PAUSED,0.88,1.15,2.31,0.90,0,0,,0.00,0.00,0,0.00,
ENABLED,floor mat squares,PHRASE,CAMPAIGN_PAUSED,0.75,0.95,1.59,0.90,0,0,,0.00,0.00,0,0.00,
ENABLED,floor mat stand up desk,PHRASE,CAMPAIGN_PAUSED,0.92,1.52,1.93,0.90,0,0,,0.00,0.00,0,0.00,
ENABLED,floor mat standing desk,PHRASE,CAMPAIGN_PAUSED,0.96,1.86,3.73,0.90,0,0,,0.00,0.00,0,0.00,
ENABLED,floor mat sticky pad,PHRASE,CAMPAIGN_PAUSED,0.44,0.62,1.24,0.90,0,0,,0.00,0.00,0,0.00,
ENABLED,floor mat suv,PHRASE,CAMPAIGN_PAUSED,0.67,0.96,1.28,0.90,0,0,,0.00,0.00,0,0.00,
ENABLED,floor mat tape,PHRASE,CAMPAIGN_PAUSED,0.56,0.85,1.08,0.90,0,0,,0.00,0.00,0,0.00,
ENABLED,floor mat ten frame,PHRASE,CAMPAIGN_PAUSED,,,,0.90,0,0,,0.00,0.00,0,0.00,
ENABLED,floor mat thanksgiving,PHRASE,CAMPAIGN_PAUSED,0.52,0.53,0.59,0.90,0,0,,0.00,0.00,0,0.00,
ENABLED,floor mat tiles,PHRASE,CAMPAIGN_PAUSED,0.52,0.81,1.62,0.90,0,0,,0.00,0.00,0,0.00,
ENABLED,floor mat to cover cords,PHRASE,CAMPAIGN_PAUSED,,,,0.90,0,0,,0.00,0.00,0,0.00,
ENABLED,floor mat to lay on,PHRASE,CAMPAIGN_PAUSED,0.49,0.54,0.94,0.90,0,0,,0.00,0.00,0,0.00,
ENABLED,floor mat to protect hardwood floor,PHRASE,CAMPAIGN_PAUSED,,,,0.90,0,0,,0.00,0.00,0,0.00,
ENABLED,floor mat toddler,PHRASE,CAMPAIGN_PAUSED,0.69,1.23,2.25,0.90,0,0,,0.00,0.00,0,0.00,
ENABLED,floor mat toyota rav4 2018,PHRASE,CAMPAIGN_PAUSED,0.92,1.22,2.45,0.90,0,0,,0.00,0.00,0,0.00,
ENABLED,floor mat truck,PHRASE,CAMPAIGN_PAUSED,0.68,0.89,1.78,0.90,0,0,,0.00,0.00,0,0.00,
ENABLED,floor mat under desk,PHRASE,CAMPAIGN_PAUSED,0.88,1.19,2.12,0.90,0,0,,0.00,0.00,0,0.00,
ENABLED,floor mat under desk chair,PHRASE,CAMPAIGN_PAUSED,0.73,0.82,1.12,0.90,0,0,,0.00,0.00,0,0.00,
ENABLED,floor mat under dining table,PHRASE,CAMPAIGN_PAUSED,,,,0.90,0,0,,0.00,0.00,0,0.00,
ENABLED,floor mat under dog crate,PHRASE,CAMPAIGN_PAUSED,,,,0.90,0,0,,0.00,0.00,0,0.00,
ENABLED,floor mat under high chair,PHRASE,CAMPAIGN_PAUSED,0.52,0.86,1.72,0.90,0,0,,0.00,0.00,0,0.00,
ENABLED,floor mat under highchair,PHRASE,CAMPAIGN_PAUSED,1.61,3.29,6.61,0.90,0,0,,0.00,0.00,0,0.00,
ENABLED,floor mat under office chair,PHRASE,CAMPAIGN_PAUSED,0.97,1.17,1.90,0.90,0,0,,0.00,0.00,0,0.00,
ENABLED,floor mat under rug,PHRASE,CAMPAIGN_PAUSED,0.68,0.88,1.42,0.90,0,0,,0.00,0.00,0,0.00,
ENABLED,floor mat under sink,PHRASE,CAMPAIGN_PAUSED,0.93,1.42,1.63,0.90,0,0,,0.00,0.00,0,0.00,
ENABLED,floor mat under treadmill,PHRASE,CAMPAIGN_PAUSED,,,,0.90,0,0,,0.00,0.00,0,0.00,
ENABLED,floor mat vaccum,PHRASE,CAMPAIGN_PAUSED,,,,0.90,0,0,,0.00,0.00,0,0.00,
ENABLED,floor mat van,PHRASE,CAMPAIGN_PAUSED,0.59,0.79,1.16,0.90,0,0,,0.00,0.00,0,0.00,
ENABLED,floor mat velcro,PHRASE,CAMPAIGN_PAUSED,0.55,1.06,2.13,0.90,0,0,,0.00,0.00,0,0.00,
ENABLED,floor mat velcro holder,PHRASE,CAMPAIGN_PAUSED,0.81,0.87,1.08,0.90,0,0,,0.00,0.00,0,0.00,
ENABLED,floor mat video game,PHRASE,CAMPAIGN_PAUSED,0.64,0.74,0.74,0.90,0,0,,0.00,0.00,0,0.00,
ENABLED,floor mat vinyl,PHRASE,CAMPAIGN_PAUSED,0.63,0.73,1.46,0.90,0,0,,0.00,0.00,0,0.00,
ENABLED,floor mat volvo,PHRASE,CAMPAIGN_PAUSED,0.66,0.97,1.94,0.90,0,0,,0.00,0.00,0,0.00,
ENABLED,floor mat volvo xc90,PHRASE,CAMPAIGN_PAUSED,0.77,1.22,2.45,0.90,0,0,,0.00,0.00,0,0.00,
ENABLED,floor mat vw,PHRASE,CAMPAIGN_PAUSED,0.63,0.81,1.11,0.90,0,0,,0.00,0.00,0,0.00,
ENABLED,floor mat vw 1959,PHRASE,CAMPAIGN_PAUSED,,,,0.90,0,0,,0.00,0.00,0,0.00,
ENABLED,floor mat water,PHRASE,CAMPAIGN_PAUSED,0.82,1.22,2.09,0.90,0,0,,0.00,0.00,0,0.00,
ENABLED,floor mat water absorbent,PHRASE,CAMPAIGN_PAUSED,0.87,1.27,2.09,0.90,0,0,,0.00,0.00,0,0.00,
ENABLED,floor mat water proof,PHRASE,CAMPAIGN_PAUSED,,,,0.90,0,0,,0.00,0.00,0,0.00,
ENABLED,floor mat waterproof,PHRASE,CAMPAIGN_PAUSED,0.94,1.55,2.50,0.90,0,0,,0.00,0.00,0,0.00,
ENABLED,floor mat with alarm,PHRASE,CAMPAIGN_PAUSED,0.49,0.63,1.26,0.90,0,0,,0.00,0.00,0,0.00,
ENABLED,floor mat with grip,PHRASE,CAMPAIGN_PAUSED,0.74,0.94,1.09,0.90,0,0,,0.00,0.00,0,0.00,
ENABLED,floor mat with lip,PHRASE,CAMPAIGN_PAUSED,0.53,1.08,1.08,0.90,0,0,,0.00,0.00,0,0.00,
ENABLED,floor mat with schnauzer,PHRASE,CAMPAIGN_PAUSED,,,,0.90,0,0,,0.00,0.00,0,0.00,
ENABLED,floor mat wood grain,PHRASE,CAMPAIGN_PAUSED,0.89,1.36,2.37,0.90,0,0,,0.00,0.00,0,0.00,
ENABLED,floor mat workout,PHRASE,CAMPAIGN_PAUSED,0.75,1.55,3.11,0.90,0,0,,0.00,0.00,0,0.00,
ENABLED,floor mat x5,PHRASE,CAMPAIGN_PAUSED,0.82,1.22,2.45,0.90,0,0,,0.00,0.00,0,0.00,
ENABLED,floor mat yoga,PHRASE,CAMPAIGN_PAUSED,1.32,2.70,5.42,0.90,0,0,,0.00,0.00,0,0.00,
ENABLED,floor mat yukon,PHRASE,CAMPAIGN_PAUSED,0.68,1.22,2.45,0.90,0,0,,0.00,0.00,0,0.00,
ENABLED,floor mat yukon xl,PHRASE,CAMPAIGN_PAUSED,0.95,1.48,2.97,0.90,0,0,,0.00,0.00,0,0.00,
ENABLED,floor mats for cars,PHRASE,CAMPAIGN_PAUSED,0.75,1.09,1.59,0.90,0,0,,0.00,0.00,0,0.00,
ENABLED,floor mats for exercise equipment,PHRASE,CAMPAIGN_PAUSED,1.20,2.45,2.97,0.90,0,0,,0.00,0.00,0,0.00,
ENABLED,floor mats for home,PHRASE,CAMPAIGN_PAUSED,0.92,1.64,2.87,0.90,0,0,,0.00,0.00,0,0.00,
ENABLED,floor mats for home entrance,PHRASE,CAMPAIGN_PAUSED,1.14,1.79,2.87,0.90,0,0,,0.00,0.00,0,0.00,
ENABLED,floor mats for home large,PHRASE,CAMPAIGN_PAUSED,1.03,1.28,1.44,0.90,0,0,,0.00,0.00,0,0.00,
ENABLED,floor mats for home office,PHRASE,CAMPAIGN_PAUSED,0.74,0.86,1.42,0.90,0,0,,0.00,0.00,0,0.00,
ENABLED,floor mats for home office chair,PHRASE,CAMPAIGN_PAUSED,,,,0.90,0,0,,0.00,0.00,0,0.00,
ENABLED,floor mats for home welcome,PHRASE,CAMPAIGN_PAUSED,,,,0.90,0,0,,0.00,0.00,0,0.00,
ENABLED,floor mats for kids,PHRASE,CAMPAIGN_PAUSED,0.87,1.16,2.33,0.90,0,0,,0.00,0.00,0,0.00,
ENABLED,floor mats for kids cars,PHRASE,CAMPAIGN_PAUSED,,,,0.90,0,0,,0.00,0.00,0,0.00,
ENABLED,floor mats for kids eating,PHRASE,CAMPAIGN_PAUSED,1.73,2.57,5.16,0.90,0,0,,0.00,0.00,0,0.00,
ENABLED,floor mats for kids large,PHRASE,CAMPAIGN_PAUSED,0.82,1.13,1.85,0.90,0,0,,0.00,0.00,0,0.00,
ENABLED,floor mats for kids letters,PHRASE,CAMPAIGN_PAUSED,,,,0.90,0,0,,0.00,0.00,0,0.00,
ENABLED,floor mats for kids non toxic,PHRASE,CAMPAIGN_PAUSED,0.38,0.46,0.84,0.90,0,0,,0.00,0.00,0,0.00,
ENABLED,floor mats for kids non toxic extra thick,PHRASE,CAMPAIGN_PAUSED,,,,0.90,0,0,,0.00,0.00,0,0.00,
ENABLED,floor mats for office,PHRASE,CAMPAIGN_PAUSED,1.11,2.17,4.36,0.90,0,0,,0.00,0.00,0,0.00,
ENABLED,floor mats for office carpet,PHRASE,CAMPAIGN_PAUSED,0.75,0.99,1.98,0.90,0,0,,0.00,0.00,0,0.00,
ENABLED,floor mats for office chairs,PHRASE,CAMPAIGN_PAUSED,0.92,1.88,3.77,0.90,0,0,,0.00,0.00,0,0.00,
ENABLED,floor mats for office chairs on carpet,PHRASE,CAMPAIGN_PAUSED,0.79,1.36,2.73,0.90,0,0,,0.00,0.00,0,0.00,
ENABLED,floor mats for office chairs on hardwood floors,PHRASE,CAMPAIGN_PAUSED,0.97,1.85,3.71,0.90,0,0,,0.00,0.00,0,0.00,
ENABLED,floor mats for office chairs on laminate,PHRASE,CAMPAIGN_PAUSED,,,,0.90,0,0,,0.00,0.00,0,0.00,
ENABLED,floor mats for office hardwood floor,PHRASE,CAMPAIGN_PAUSED,1.13,1.47,2.95,0.90,0,0,,0.00,0.00,0,0.00,
ENABLED,floor mats for office round,PHRASE,CAMPAIGN_PAUSED,,,,0.90,0,0,,0.00,0.00,0,0.00,
ENABLED,floor mats for office standing desk,PHRASE,CAMPAIGN_PAUSED,1.14,1.30,1.84,0.90,0,0,,0.00,0.00,0,0.00,
ENABLED,floor mattress,PHRASE,CAMPAIGN_PAUSED,1.32,2.00,4.02,0.90,0,0,,0.00,0.00,0,0.00,
ENABLED,floor mattress for adults,PHRASE,CAMPAIGN_PAUSED,0.78,1.15,1.77,0.90,0,0,,0.00,0.00,0,0.00,
ENABLED,floor mattress for kids,PHRASE,CAMPAIGN_PAUSED,0.53,0.98,1.96,0.90,0,0,,0.00,0.00,0,0.00,
ENABLED,floor mattress for sleep,PHRASE,CAMPAIGN_PAUSED,1.66,3.09,5.20,0.90,0,0,,0.00,0.00,0,0.00,
ENABLED,floor mattress for sleep best,PHRASE,CAMPAIGN_PAUSED,,,,0.90,0,0,,0.00,0.00,0,0.00,
ENABLED,floor mattress for sleep for adults,PHRASE,CAMPAIGN_PAUSED,,,,0.90,0,0,,0.00,0.00,0,0.00,
ENABLED,floor mattress for sleep full,PHRASE,CAMPAIGN_PAUSED,0.39,0.45,0.74,0.90,0,0,,0.00,0.00,0,0.00,
ENABLED,floor mattress for sleep full size,PHRASE,CAMPAIGN_PAUSED,,,,0.90,0,0,,0.00,0.00,0,0.00,
ENABLED,floor mattress for sleep king,PHRASE,CAMPAIGN_PAUSED,,,,0.90,0,0,,0.00,0.00,0,0.00,
ENABLED,floor mattress for sleep king size,PHRASE,CAMPAIGN_PAUSED,,,,0.90,0,0,,0.00,0.00,0,0.00,
ENABLED,floor mattress for sleep queen,PHRASE,CAMPAIGN_PAUSED,0.71,1.45,2.17,0.90,0,0,,0.00,0.00,0,0.00,
ENABLED,floor mattress for sleep twin,PHRASE,CAMPAIGN_PAUSED,0.44,0.51,0.68,0.90,0,0,,0.00,0.00,0,0.00,
ENABLED,floor mattress for sleeping,PHRASE,CAMPAIGN_PAUSED,0.65,0.96,1.92,0.90,0,0,,0.00,0.00,0,0.00,
ENABLED,floor mattress full,PHRASE,CAMPAIGN_PAUSED,1.15,1.79,3.59,0.90,0,0,,0.00,0.00,0,0.00,
ENABLED,floor mattress pad,PHRASE,CAMPAIGN_PAUSED,0.72,1.05,2.10,0.90,0,0,,0.00,0.00,0,0.00,
ENABLED,floor mattress queen,PHRASE,CAMPAIGN_PAUSED,0.96,1.92,3.85,0.90,0,0,,0.00,0.00,0,0.00,
ENABLED,floor mattress twin,PHRASE,CAMPAIGN_PAUSED,0.96,1.50,3.01,0.90,0,0,,0.00,0.00,0,0.00,
ENABLED,fluffy area rug,BROAD,CAMPAIGN_PAUSED,1.09,1.55,3.11,0.90,0,0,,0.00,0.00,0,0.00,
ENABLED,fluffy bath mat,BROAD,CAMPAIGN_PAUSED,0.93,1.14,1.78,0.90,0,0,,0.00,0.00,0,0.00,
ENABLED,fluffy bathroom rugs,BROAD,CAMPAIGN_PAUSED,0.88,1.28,1.80,0.90,0,0,,0.00,0.00,0,0.00,
ENABLED,fluffy carpet,BROAD,CAMPAIGN_PAUSED,0.83,1.12,2.03,0.90,0,0,,0.00,0.00,0,0.00,
ENABLED,fluffy rug,BROAD,CAMPAIGN_PAUSED,0.94,1.53,3.07,0.70,0,0,,0.00,0.00,0,0.00,
ENABLED,foam floor mats for kids,PHRASE,CAMPAIGN_PAUSED,0.79,1.05,1.60,0.90,0,0,,0.00,0.00,0,0.00,
ENABLED,folding floor mattress,PHRASE,CAMPAIGN_PAUSED,0.72,1.23,1.66,0.90,0,0,,0.00,0.00,0,0.00,
ENABLED,front door mat christmas,PHRASE,CAMPAIGN_PAUSED,0.67,0.78,1.05,0.90,0,0,,0.00,0.00,0,0.00,
ENABLED,front door mat funny,PHRASE,CAMPAIGN_PAUSED,0.72,0.87,1.18,0.90,0,0,,0.00,0.00,0,0.00,
ENABLED,front door mat indoor,PHRASE,CAMPAIGN_PAUSED,1.24,1.95,3.24,0.90,0,0,,0.00,0.00,0,0.00,
ENABLED,front door mat monogram,PHRASE,CAMPAIGN_PAUSED,0.64,0.82,1.13,0.90,0,0,,0.00,0.00,0,0.00,
ENABLED,front door mats outside,PHRASE,CAMPAIGN_PAUSED,0.88,1.35,2.26,0.90,0,0,,0.00,0.00,0,0.00,
ENABLED,funny door mats outdoor,PHRASE,CAMPAIGN_PAUSED,0.78,0.95,1.26,0.90,0,0,,0.00,0.00,0,0.00,
ENABLED,girls area rug,BROAD,CAMPAIGN_PAUSED,1.19,1.57,3.06,0.90,0,0,,0.00,0.00,0,0.00,
PAUSED,girls room,BROAD,CAMPAIGN_PAUSED,0.75,0.94,1.29,0.90,0,0,,0.00,0.00,0,0.00,
ENABLED,girls room rug,BROAD,CAMPAIGN_PAUSED,1.02,1.43,2.29,0.40,0,0,,0.00,0.00,0,0.00,
ENABLED,girls rug,BROAD,CAMPAIGN_PAUSED,1.05,1.45,2.91,0.40,0,0,,0.00,0.00,0,0.00,
ENABLED,gold bathroom rugs and mats sets,PHRASE,CAMPAIGN_PAUSED,0.85,1.08,1.43,0.90,0,0,,0.00,0.00,0,0.00,
ENABLED,gray bathroom rug set,PHRASE,CAMPAIGN_PAUSED,0.96,1.19,1.65,0.90,0,0,,0.00,0.00,0,0.00,
ENABLED,green bathroom rugs and mats sets,PHRASE,CAMPAIGN_PAUSED,0.91,1.25,1.96,0.90,0,0,,0.00,0.00,0,0.00,
ENABLED,grey bathroom rug set,PHRASE,CAMPAIGN_PAUSED,1.12,1.49,2.13,0.90,0,0,,0.00,0.00,0,0.00,
ENABLED,hallway boot mat,PHRASE,CAMPAIGN_PAUSED,,,,0.90,0,0,,0.00,0.00,0,0.00,
ENABLED,hallway carpet mats,PHRASE,CAMPAIGN_PAUSED,0.52,0.56,0.67,0.90,0,0,,0.00,0.00,0,0.00,
ENABLED,hallway door mat,PHRASE,CAMPAIGN_PAUSED,0.64,0.73,0.88,0.90,0,0,,0.00,0.00,0,0.00,
ENABLED,hallway floor mat,PHRASE,CAMPAIGN_PAUSED,0.93,0.99,1.77,0.90,0,0,,0.00,0.00,0,0.00,
ENABLED,hallway floor mat runner,PHRASE,CAMPAIGN_PAUSED,,,,0.90,0,0,,0.00,0.00,0,0.00,
ENABLED,hallway mat,PHRASE,CAMPAIGN_PAUSED,0.83,1.18,1.94,0.90,0,0,,0.00,0.00,0,0.00,
ENABLED,hallway mat indoor,PHRASE,CAMPAIGN_PAUSED,,,,0.90,0,0,,0.00,0.00,0,0.00,
ENABLED,hallway mat runner,PHRASE,CAMPAIGN_PAUSED,1.11,1.47,2.95,0.90,0,0,,0.00,0.00,0,0.00,
ENABLED,hallway mat runner commercial,PHRASE,CAMPAIGN_PAUSED,,,,0.90,0,0,,0.00,0.00,0,0.00,
ENABLED,hallway matts,PHRASE,CAMPAIGN_PAUSED,0.46,0.56,0.73,0.90,0,0,,0.00,0.00,0,0.00,
ENABLED,hallway runner and door mat set,PHRASE,CAMPAIGN_PAUSED,,,,0.90,0,0,,0.00,0.00,0,0.00,
ENABLED,hallway runner n mat set,PHRASE,CAMPAIGN_PAUSED,,,,0.90,0,0,,0.00,0.00,0,0.00,
ENABLED,hallway welcome mat,PHRASE,CAMPAIGN_PAUSED,,,,0.90,0,0,,0.00,0.00,0,0.00,
ENABLED,heavy duty hallway mat,PHRASE,CAMPAIGN_PAUSED,,,,0.90,0,0,,0.00,0.00,0,0.00,
ENABLED,hello doormat outdoor,PHRASE,CAMPAIGN_PAUSED,0.87,1.05,1.33,0.90,0,0,,0.00,0.00,0,0.00,
ENABLED,holiday door mats outdoor,PHRASE,CAMPAIGN_PAUSED,0.87,1.16,1.73,0.90,0,0,,0.00,0.00,0,0.00,
ENABLED,house rugs,BROAD,CAMPAIGN_PAUSED,1.16,2.08,4.18,0.90,0,0,,0.00,0.00,0,0.00,
ENABLED,indoor floor mat entrance,PHRASE,CAMPAIGN_PAUSED,0.96,1.19,1.73,0.90,0,0,,0.00,0.00,0,0.00,
ENABLED,indoor floor mats for home,PHRASE,CAMPAIGN_PAUSED,1.15,1.83,3.30,0.90,0,0,,0.00,0.00,0,0.00,
ENABLED,japanese floor mattress,PHRASE,CAMPAIGN_PAUSED,1.26,2.28,3.84,0.90,0,0,,0.00,0.00,0,0.00,
ENABLED,japanese shower mat,PHRASE,CAMPAIGN_PAUSED,0.87,1.58,1.99,0.90,0,0,,0.00,0.00,0,0.00,
ENABLED,jnsm loofah shower mat,PHRASE,CAMPAIGN_PAUSED,,,,0.90,0,0,,0.00,0.00,0,0.00,
ENABLED,jumbo shower mat,PHRASE,CAMPAIGN_PAUSED,,,,0.90,0,0,,0.00,0.00,0,0.00,
ENABLED,kitchen floor mat set,PHRASE,CAMPAIGN_PAUSED,1.13,1.63,2.28,0.90,0,0,,0.00,0.00,0,0.00,
ENABLED,large door mats inside,PHRASE,CAMPAIGN_PAUSED,1.45,2.16,4.08,0.90,0,0,,0.00,0.00,0,0.00,
ENABLED,long mats for hallways,PHRASE,CAMPAIGN_PAUSED,1.15,1.59,1.59,0.90,0,0,,0.00,0.00,0,0.00,
ENABLED,luxury,BROAD,CAMPAIGN_PAUSED,0.87,1.32,2.65,0.90,0,0,,0.00,0.00,0,0.00,
ENABLED,luxury bath mat,BROAD,CAMPAIGN_PAUSED,1.18,1.87,3.75,0.90,0,0,,0.00,0.00,0,0.00,
PAUSED,mat,BROAD,CAMPAIGN_PAUSED,1.06,1.83,3.67,0.50,0,0,,0.00,0.00,0,0.00,
ENABLED,mat for hair salon hallway,PHRASE,CAMPAIGN_PAUSED,,,,0.90,0,0,,0.00,0.00,0,0.00,
ENABLED,mat for hallway 5 x 30,PHRASE,CAMPAIGN_PAUSED,,,,0.90,0,0,,0.00,0.00,0,0.00,
ENABLED,mat hallway water resistant 3x4,PHRASE,CAMPAIGN_PAUSED,,,,0.90,0,0,,0.00,0.00,0,0.00,
ENABLED,maxspider floor mat model 3,PHRASE,CAMPAIGN_PAUSED,,,,0.90,0,0,,0.00,0.00,0,0.00,
ENABLED,microfiber,BROAD,CAMPAIGN_PAUSED,0.99,2.03,4.07,0.90,0,0,,0.00,0.00,0,0.00,
ENABLED,microfiber bath mat,BROAD,CAMPAIGN_PAUSED,1.09,1.92,3.71,0.90,0,0,,0.00,0.00,0,0.00,
ENABLED,microfiber bath mats for bathroom,BROAD,CAMPAIGN_PAUSED,0.89,1.83,3.67,0.90,0,0,,0.00,0.00,0,0.00,
ENABLED,microfiber bath rug,BROAD,CAMPAIGN_PAUSED,1.17,1.69,2.65,0.90,0,0,,0.00,0.00,0,0.00,
ENABLED,microfiber bathroom rugs,BROAD,CAMPAIGN_PAUSED,1.26,1.80,3.27,0.70,0,0,,0.00,0.00,0,0.00,
ENABLED,microfiber mat,BROAD,CAMPAIGN_PAUSED,1.02,1.66,3.33,0.90,0,0,,0.00,0.00,0,0.00,
ENABLED,microfiber rug,BROAD,CAMPAIGN_PAUSED,1.09,1.68,2.86,0.80,0,0,,0.00,0.00,0,0.00,
ENABLED,modern rug,BROAD,CAMPAIGN_PAUSED,1.37,2.06,4.14,0.70,0,0,,0.00,0.00,0,0.00,
ENABLED,modern runner rug,BROAD,CAMPAIGN_PAUSED,0.86,1.42,2.80,0.90,0,0,,0.00,0.00,0,0.00,
ENABLED,moroccan,BROAD,CAMPAIGN_PAUSED,1.02,2.06,4.14,0.90,0,0,,0.00,0.00,0,0.00,
ENABLED,moroccan rug,BROAD,CAMPAIGN_PAUSED,1.33,2.25,4.52,0.90,0,0,,0.00,0.00,0,0.00,
ENABLED,no slip bath mat,BROAD,CAMPAIGN_PAUSED,1.54,2.13,4.27,0.90,0,0,,0.00,0.00,0,0.00,
ENABLED,no slip rug,BROAD,CAMPAIGN_PAUSED,1.48,2.59,5.20,0.90,0,0,,0.00,0.00,0,0.00,
ENABLED,non skid bath mat,BROAD,CAMPAIGN_PAUSED,1.21,2.47,4.82,0.90,0,0,,0.00,0.00,0,0.00,
ENABLED,non skid rugs,BROAD,CAMPAIGN_PAUSED,1.33,1.89,3.79,0.80,0,0,,0.00,0.00,0,0.00,
PAUSED,non slip,BROAD,CAMPAIGN_PAUSED,1.68,2.87,5.76,0.90,0,0,,0.00,0.00,0,0.00,
ENABLED,non slip area rug,BROAD,CAMPAIGN_PAUSED,1.19,1.79,3.20,0.90,0,0,,0.00,0.00,0,0.00,
ENABLED,non slip bath mat,BROAD,CAMPAIGN_PAUSED,1.28,2.36,4.74,0.90,0,0,,0.00,0.00,0,0.00,
ENABLED,non slip bath rug,BROAD,CAMPAIGN_PAUSED,1.34,2.04,3.39,0.80,0,0,,0.00,0.00,0,0.00,
ENABLED,non slip bathroom rug,BROAD,CAMPAIGN_PAUSED,1.29,1.88,3.69,0.70,0,0,,0.00,0.00,0,0.00,
ENABLED,non slip mat,BROAD,CAMPAIGN_PAUSED,1.68,2.56,5.14,0.90,0,0,,0.00,0.00,0,0.00,
ENABLED,non slip rug,BROAD,CAMPAIGN_PAUSED,1.67,2.81,5.64,0.70,0,0,,0.00,0.00,0,0.00,
ENABLED,non slip runner rug,BROAD,CAMPAIGN_PAUSED,1.44,1.92,3.85,0.90,0,0,,0.00,0.00,0,0.00,
ENABLED,outdoor floor mats for home,PHRASE,CAMPAIGN_PAUSED,1.17,1.67,3.35,0.90,0,0,,0.00,0.00,0,0.00,
ENABLED,padded floor mats for kids,PHRASE,CAMPAIGN_PAUSED,1.24,1.76,3.53,0.90,0,0,,0.00,0.00,0,0.00,
ENABLED,personalized door mats outside,PHRASE,CAMPAIGN_PAUSED,1.07,1.65,2.78,0.90,0,0,,0.00,0.00,0,0.00,
ENABLED,pink bathroom rugs,BROAD,CAMPAIGN_PAUSED,1.06,1.42,1.97,0.90,0,0,,0.00,0.00,0,0.00,
ENABLED,pink rug,BROAD,CAMPAIGN_PAUSED,1.15,1.60,3.21,0.70,0,0,,0.00,0.00,0,0.00,
ENABLED,pink rugs for girls rooms,BROAD,CAMPAIGN_PAUSED,0.87,1.36,2.05,0.50,0,0,,0.00,0.00,0,0.00,
ENABLED,pink runner,BROAD,CAMPAIGN_PAUSED,0.91,1.24,2.49,0.90,0,0,,0.00,0.00,0,0.00,
ENABLED,pink runner rug,BROAD,CAMPAIGN_PAUSED,1.07,1.37,2.63,0.90,0,0,,0.00,0.00,0,0.00,
ENABLED,pink shag rug,BROAD,CAMPAIGN_PAUSED,1.29,1.83,3.67,0.90,0,0,,0.00,0.00,0,0.00,
ENABLED,pink throw,BROAD,CAMPAIGN_PAUSED,1.09,1.54,3.09,0.90,0,0,,0.00,0.00,0,0.00,
ENABLED,purple bathroom rug set,PHRASE,CAMPAIGN_PAUSED,0.97,1.19,1.95,0.90,0,0,,0.00,0.00,0,0.00,
ENABLED,room rug,BROAD,CAMPAIGN_PAUSED,1.34,1.94,3.89,0.60,0,0,,0.00,0.00,0,0.00,
ENABLED,round bathroom rug,BROAD,CAMPAIGN_PAUSED,0.99,1.26,2.53,0.90,0,0,,0.00,0.00,0,0.00,
ENABLED,round bathroom rugs and mats,BROAD,CAMPAIGN_PAUSED,0.99,1.12,1.35,0.90,0,0,,0.00,0.00,0,0.00,
ENABLED,round mat,BROAD,CAMPAIGN_PAUSED,0.91,1.35,2.71,0.60,0,0,,0.00,0.00,0,0.00,
ENABLED,round pink rug,BROAD,CAMPAIGN_PAUSED,0.91,1.22,1.92,0.50,0,0,,0.00,0.00,0,0.00,
ENABLED,round rug,BROAD,CAMPAIGN_PAUSED,1.26,1.72,3.45,0.50,0,0,,0.00,0.00,0,0.00,
ENABLED,round shag rug,BROAD,CAMPAIGN_PAUSED,1.05,1.60,3.21,0.90,0,0,,0.00,0.00,0,0.00,
ENABLED,rubber back rugs,BROAD,CAMPAIGN_PAUSED,1.33,1.83,3.49,0.90,0,0,,0.00,0.00,0,0.00,
ENABLED,rubber bath mat,BROAD,CAMPAIGN_PAUSED,0.98,1.92,3.85,0.90,0,0,,0.00,0.00,0,0.00,
ENABLED,rubber door mats outside,PHRASE,CAMPAIGN_PAUSED,0.98,1.75,2.49,0.90,0,0,,0.00,0.00,0,0.00,
ENABLED,rubber floor mats for hallways,PHRASE,CAMPAIGN_PAUSED,,,,0.90,0,0,,0.00,0.00,0,0.00,
ENABLED,rubber floor mats for home,PHRASE,CAMPAIGN_PAUSED,0.91,1.22,2.45,0.90,0,0,,0.00,0.00,0,0.00,
ENABLED,rubber mat,BROAD,CAMPAIGN_PAUSED,1.04,1.55,3.11,0.90,0,0,,0.00,0.00,0,0.00,
PAUSED,rug,BROAD,CAMPAIGN_PAUSED,1.35,2.10,4.22,0.90,0,0,,0.00,0.00,0,0.00,
PAUSED,rug mat,BROAD,CAMPAIGN_PAUSED,1.29,1.66,2.35,0.90,0,0,,0.00,0.00,0,0.00,
ENABLED,rug mat non slip,BROAD,CAMPAIGN_PAUSED,1.04,2.14,4.29,0.90,0,0,,0.00,0.00,0,0.00,
PAUSED,runner,BROAD,CAMPAIGN_PAUSED,1.20,1.64,3.29,0.90,0,0,,0.00,0.00,0,0.00,
ENABLED,runner mat,BROAD,CAMPAIGN_PAUSED,1.12,1.55,3.11,0.90,0,0,,0.00,0.00,0,0.00,
ENABLED,runner rug,BROAD,CAMPAIGN_PAUSED,1.49,2.25,4.52,0.60,0,0,,0.00,0.00,0,0.00,
ENABLED,sasafrass door mat inserts,PHRASE,CAMPAIGN_PAUSED,0.71,0.87,1.26,0.90,0,0,,0.00,0.00,0,0.00,
ENABLED,shag,BROAD,CAMPAIGN_PAUSED,1.28,2.10,4.22,0.90,0,0,,0.00,0.00,0,0.00,
ENABLED,shag area rug,BROAD,CAMPAIGN_PAUSED,1.36,2.08,4.18,0.90,0,0,,0.00,0.00,0,0.00,
ENABLED,shag bathroom rugs,BROAD,CAMPAIGN_PAUSED,1.45,1.82,2.58,0.90,0,0,,0.00,0.00,0,0.00,
ENABLED,shag rug,BROAD,CAMPAIGN_PAUSED,1.27,2.12,4.25,0.80,0,0,,0.00,0.00,0,0.00,
ENABLED,shag runner,BROAD,CAMPAIGN_PAUSED,1.07,1.64,3.29,0.90,0,0,,0.00,0.00,0,0.00,
ENABLED,shower floor mat non slip,PHRASE,CAMPAIGN_PAUSED,1.54,1.85,3.71,0.90,0,0,,0.00,0.00,0,0.00,
ENABLED,shower mat,PHRASE,CAMPAIGN_PAUSED,1.20,2.46,4.94,0.90,0,0,,0.00,0.00,0,0.00,
ENABLED,shower mat absorbent,PHRASE,CAMPAIGN_PAUSED,,,,0.90,0,0,,0.00,0.00,0,0.00,
ENABLED,shower mat adhesive,PHRASE,CAMPAIGN_PAUSED,1.14,1.29,1.29,0.90,0,0,,0.00,0.00,0,0.00,
ENABLED,shower mat and curtain set,PHRASE,CAMPAIGN_PAUSED,0.77,0.96,1.16,0.90,0,0,,0.00,0.00,0,0.00,
ENABLED,shower mat angled,PHRASE,CAMPAIGN_PAUSED,,,,0.90,0,0,,0.00,0.00,0,0.00,
ENABLED,shower mat animal,PHRASE,CAMPAIGN_PAUSED,,,,0.90,0,0,,0.00,0.00,0,0.00,
ENABLED,shower mat anti slip,PHRASE,CAMPAIGN_PAUSED,0.96,1.96,3.93,0.90,0,0,,0.00,0.00,0,0.00,
ENABLED,shower mat antibacterial,PHRASE,CAMPAIGN_PAUSED,1.54,1.94,3.46,0.90,0,0,,0.00,0.00,0,0.00,
ENABLED,shower mat antibacterial anti mildew,PHRASE,CAMPAIGN_PAUSED,2.24,4.59,4.59,0.90,0,0,,0.00,0.00,0,0.00,
ENABLED,shower mat antimicrobial,PHRASE,CAMPAIGN_PAUSED,,,,0.90,0,0,,0.00,0.00,0,0.00,
ENABLED,shower mat antislip,PHRASE,CAMPAIGN_PAUSED,,,,0.90,0,0,,0.00,0.00,0,0.00,
ENABLED,shower mat circle,PHRASE,CAMPAIGN_PAUSED,0.63,1.19,1.19,0.90,0,0,,0.00,0.00,0,0.00,
ENABLED,shower mat clear,PHRASE,CAMPAIGN_PAUSED,0.68,1.40,1.69,0.90,0,0,,0.00,0.00,0,0.00,
ENABLED,shower mat clear pebbles,PHRASE,CAMPAIGN_PAUSED,,,,0.90,0,0,,0.00,0.00,0,0.00,
ENABLED,shower mat cotton,PHRASE,CAMPAIGN_PAUSED,1.08,1.18,1.24,0.90,0,0,,0.00,0.00,0,0.00,
ENABLED,shower mat cream,PHRASE,CAMPAIGN_PAUSED,,,,0.90,0,0,,0.00,0.00,0,0.00,
ENABLED,shower mat cushion,PHRASE,CAMPAIGN_PAUSED,0.57,0.99,0.99,0.90,0,0,,0.00,0.00,0,0.00,
ENABLED,shower mat easy clean,PHRASE,CAMPAIGN_PAUSED,0.98,1.07,2.15,0.90,0,0,,0.00,0.00,0,0.00,
ENABLED,shower mat elevated,PHRASE,CAMPAIGN_PAUSED,,,,0.90,0,0,,0.00,0.00,0,0.00,
ENABLED,shower mat elmo,PHRASE,CAMPAIGN_PAUSED,,,,0.90,0,0,,0.00,0.00,0,0.00,
ENABLED,shower mat exfoliating,PHRASE,CAMPAIGN_PAUSED,1.24,1.33,1.59,0.90,0,0,,0.00,0.00,0,0.00,
ENABLED,shower mat extra large,PHRASE,CAMPAIGN_PAUSED,0.93,1.38,2.77,0.90,0,0,,0.00,0.00,0,0.00,
ENABLED,shower mat extra large square,PHRASE,CAMPAIGN_PAUSED,0.94,1.92,1.92,0.90,0,0,,0.00,0.00,0,0.00,
ENABLED,shower mat extra large square that can fit together,PHRASE,CAMPAIGN_PAUSED,,,,0.90,0,0,,0.00,0.00,0,0.00,
ENABLED,shower mat extra long,PHRASE,CAMPAIGN_PAUSED,1.25,1.49,2.00,0.90,0,0,,0.00,0.00,0,0.00,
ENABLED,shower mat foot scrubber,PHRASE,CAMPAIGN_PAUSED,0.85,1.75,1.75,0.90,0,0,,0.00,0.00,0,0.00,
ENABLED,shower mat for feet,PHRASE,CAMPAIGN_PAUSED,0.76,1.17,1.75,0.90,0,0,,0.00,0.00,0,0.00,
ENABLED,shower mat for kids,PHRASE,CAMPAIGN_PAUSED,1.05,1.28,2.57,0.90,0,0,,0.00,0.00,0,0.00,
ENABLED,shower mat for showers,PHRASE,CAMPAIGN_PAUSED,0.95,1.62,3.13,0.90,0,0,,0.00,0.00,0,0.00,
ENABLED,shower mat for stand up shower,PHRASE,CAMPAIGN_PAUSED,1.09,1.44,1.72,0.90,0,0,,0.00,0.00,0,0.00,
ENABLED,shower mat for standup shower,PHRASE,CAMPAIGN_PAUSED,,,,0.90,0,0,,0.00,0.00,0,0.00,
ENABLED,shower mat for textured surface,PHRASE,CAMPAIGN_PAUSED,1.01,1.76,3.53,0.90,0,0,,0.00,0.00,0,0.00,
ENABLED,shower mat for tile floors,PHRASE,CAMPAIGN_PAUSED,1.12,1.70,3.41,0.90,0,0,,0.00,0.00,0,0.00,
ENABLED,shower mat for tub,PHRASE,CAMPAIGN_PAUSED,0.97,1.48,2.97,0.90,0,0,,0.00,0.00,0,0.00,
ENABLED,shower mat funny,PHRASE,CAMPAIGN_PAUSED,0.55,0.78,1.08,0.90,0,0,,0.00,0.00,0,0.00,
ENABLED,shower mat gel,PHRASE,CAMPAIGN_PAUSED,,,,0.90,0,0,,0.00,0.00,0,0.00,
ENABLED,shower mat girls,PHRASE,CAMPAIGN_PAUSED,,,,0.90,0,0,,0.00,0.00,0,0.00,
ENABLED,shower mat gold,PHRASE,CAMPAIGN_PAUSED,,,,0.90,0,0,,0.00,0.00,0,0.00,
ENABLED,shower mat gorilla grip,PHRASE,CAMPAIGN_PAUSED,1.91,3.90,3.90,0.90,0,0,,0.00,0.00,0,0.00,
ENABLED,shower mat grass,PHRASE,CAMPAIGN_PAUSED,,,,0.90,0,0,,0.00,0.00,0,0.00,
ENABLED,shower mat grassy,PHRASE,CAMPAIGN_PAUSED,,,,0.90,0,0,,0.00,0.00,0,0.00,
ENABLED,shower mat gray,PHRASE,CAMPAIGN_PAUSED,0.75,0.86,1.40,0.90,0,0,,0.00,0.00,0,0.00,
ENABLED,shower mat green,PHRASE,CAMPAIGN_PAUSED,1.08,1.28,1.67,0.90,0,0,,0.00,0.00,0,0.00,
ENABLED,shower mat grey,PHRASE,CAMPAIGN_PAUSED,1.11,1.46,2.13,0.90,0,0,,0.00,0.00,0,0.00,
ENABLED,shower mat grip,PHRASE,CAMPAIGN_PAUSED,0.49,0.59,0.61,0.90,0,0,,0.00,0.00,0,0.00,
ENABLED,shower mat hair,PHRASE,CAMPAIGN_PAUSED,0.94,1.52,1.52,0.90,0,0,,0.00,0.00,0,0.00,
ENABLED,shower mat hair catcher,PHRASE,CAMPAIGN_PAUSED,0.94,1.52,1.52,0.90,0,0,,0.00,0.00,0,0.00,
ENABLED,shower mat halloween,PHRASE,CAMPAIGN_PAUSED,,,,0.90,0,0,,0.00,0.00,0,0.00,
ENABLED,shower mat hanger,PHRASE,CAMPAIGN_PAUSED,1.24,1.47,1.58,0.90,0,0,,0.00,0.00,0,0.00,
ENABLED,shower mat holder,PHRASE,CAMPAIGN_PAUSED,0.77,1.59,1.59,0.90,0,0,,0.00,0.00,0,0.00,
ENABLED,shower mat hole in middle,PHRASE,CAMPAIGN_PAUSED,0.75,0.77,0.79,0.90,0,0,,0.00,0.00,0,0.00,
ENABLED,shower mat holes with,PHRASE,CAMPAIGN_PAUSED,,,,0.90,0,0,,0.00,0.00,0,0.00,
ENABLED,shower mat hook,PHRASE,CAMPAIGN_PAUSED,,,,0.90,0,0,,0.00,0.00,0,0.00,
ENABLED,shower mat ikea,PHRASE,CAMPAIGN_PAUSED,,,,0.90,0,0,,0.00,0.00,0,0.00,
ENABLED,shower mat inside shower,PHRASE,CAMPAIGN_PAUSED,0.77,1.35,2.71,0.90,0,0,,0.00,0.00,0,0.00,
ENABLED,shower mat kids,PHRASE,CAMPAIGN_PAUSED,1.05,1.28,2.57,0.90,0,0,,0.00,0.00,0,0.00,
ENABLED,shower mat kids non slip,PHRASE,CAMPAIGN_PAUSED,1.54,2.06,2.29,0.90,0,0,,0.00,0.00,0,0.00,
ENABLED,shower mat large,PHRASE,CAMPAIGN_PAUSED,0.97,1.40,2.70,0.90,0,0,,0.00,0.00,0,0.00,
ENABLED,shower mat large non slip,PHRASE,CAMPAIGN_PAUSED,,,,0.90,0,0,,0.00,0.00,0,0.00,
ENABLED,shower mat large square,PHRASE,CAMPAIGN_PAUSED,0.97,1.84,1.84,0.90,0,0,,0.00,0.00,0,0.00,
ENABLED,shower mat light grey,PHRASE,CAMPAIGN_PAUSED,1.06,1.09,1.23,0.90,0,0,,0.00,0.00,0,0.00,
ENABLED,shower mat long,PHRASE,CAMPAIGN_PAUSED,0.84,1.59,2.48,0.90,0,0,,0.00,0.00,0,0.00,
ENABLED,shower mat loofa,PHRASE,CAMPAIGN_PAUSED,,,,0.90,0,0,,0.00,0.00,0,0.00,
ENABLED,shower mat loofah,PHRASE,CAMPAIGN_PAUSED,0.84,1.52,1.89,0.90,0,0,,0.00,0.00,0,0.00,
ENABLED,shower mat low profile,PHRASE,CAMPAIGN_PAUSED,,,,0.90,0,0,,0.00,0.00,0,0.00,
ENABLED,shower mat non slip,PHRASE,CAMPAIGN_PAUSED,1.24,2.54,5.10,0.90,0,0,,0.00,0.00,0,0.00,
ENABLED,shower mat square,PHRASE,CAMPAIGN_PAUSED,0.88,1.55,3.11,0.90,0,0,,0.00,0.00,0,0.00,
ENABLED,shower mat with drain hole in middle,PHRASE,CAMPAIGN_PAUSED,1.04,2.04,4.09,0.90,0,0,,0.00,0.00,0,0.00,
ENABLED,shower mate,PHRASE,CAMPAIGN_PAUSED,0.44,0.82,1.64,0.90,0,0,,0.00,0.00,0,0.00,
ENABLED,shower mats for bathroom,PHRASE,CAMPAIGN_PAUSED,1.02,1.63,2.69,0.90,0,0,,0.00,0.00,0,0.00,
ENABLED,shower mats non slip mildew resistant,PHRASE,CAMPAIGN_PAUSED,1.14,2.33,4.68,0.90,0,0,,0.00,0.00,0,0.00,
ENABLED,shower mats non slip mildew resistant with drain hole,PHRASE,CAMPAIGN_PAUSED,1.83,2.27,4.56,0.90,0,0,,0.00,0.00,0,0.00,
ENABLED,shower matts for showers,PHRASE,CAMPAIGN_PAUSED,0.95,1.72,3.13,0.90,0,0,,0.00,0.00,0,0.00,
ENABLED,shower matts for tubs,PHRASE,CAMPAIGN_PAUSED,0.79,1.22,2.45,0.90,0,0,,0.00,0.00,0,0.00,
ENABLED,slip mats for hallways,PHRASE,CAMPAIGN_PAUSED,,,,0.90,0,0,,0.00,0.00,0,0.00,
ENABLED,soft area rug,BROAD,CAMPAIGN_PAUSED,1.30,1.93,3.87,0.90,0,0,,0.00,0.00,0,0.00,
ENABLED,soft floor mats for kids,PHRASE,CAMPAIGN_PAUSED,0.55,0.84,1.18,0.90,0,0,,0.00,0.00,0,0.00,
ENABLED,soft shag rug,BROAD,CAMPAIGN_PAUSED,0.96,1.52,2.59,0.90,0,0,,0.00,0.00,0,0.00,
ENABLED,thanksgiving doormat outdoor,PHRASE,CAMPAIGN_PAUSED,0.81,1.02,1.40,0.90,0,0,,0.00,0.00,0,0.00,
ENABLED,thick,BROAD,CAMPAIGN_PAUSED,1.25,2.06,4.14,0.90,0,0,,0.00,0.00,0,0.00,
ENABLED,thick rug,BROAD,CAMPAIGN_PAUSED,1.29,2.18,4.38,0.90,0,0,,0.00,0.00,0,0.00,
ENABLED,thin door mat indoor,PHRASE,CAMPAIGN_PAUSED,1.37,2.12,4.25,0.90,0,0,,0.00,0.00,0,0.00,
PAUSED,throw,BROAD,CAMPAIGN_PAUSED,1.28,1.75,3.51,0.70,0,0,,0.00,0.00,0,0.00,
ENABLED,throw rugs,BROAD,CAMPAIGN_PAUSED,1.14,1.56,2.25,0.60,0,0,,0.00,0.00,0,0.00,
ENABLED,throw rugs and runners,BROAD,CAMPAIGN_PAUSED,0.92,1.22,1.99,0.90,0,0,,0.00,0.00,0,0.00,
ENABLED,water absorbent mat,BROAD,CAMPAIGN_PAUSED,1.14,2.34,4.70,0.90,0,0,,0.00,0.00,0,0.00,
ENABLED,weather tech floor mat cleaner,PHRASE,CAMPAIGN_PAUSED,,,,0.90,0,0,,0.00,0.00,0,0.00,
ENABLED,weathertech floor mat cleaner,PHRASE,CAMPAIGN_PAUSED,0.45,0.93,1.86,0.90,0,0,,0.00,0.00,0,0.00,
ENABLED,wooden bath mats,BROAD,CAMPAIGN_PAUSED,0.77,1.59,3.19,0.90,0,0,,0.00,0.00,0,0.00,
ENABLED,yellow bathroom rugs and mats sets,PHRASE,CAMPAIGN_PAUSED,0.82,0.92,1.58,0.90,0,0,,0.00,0.00,0,0.00,
ENABLED,z71 floor mats,PHRASE,CAMPAIGN_PAUSED,0.78,0.98,1.96,0.90,0,0,,0.00,0.00,0,0.00,