﻿"Includes Amazon Marketplace, Fulfillment by Amazon (FBA), and Amazon Webstore transactions"
"All amounts in USD, unless specified"
"Definitions:"
"Sales tax collected: Includes sales tax collected from buyers for product sales, shipping, and gift wrap."
"Selling fees: Includes variable closing fees and referral fees."
"Other transaction fees: Includes shipping chargebacks, shipping holdbacks, per-item fees  and sales tax collection fees."
"Other: Includes non-order transaction amounts. For more details, see the ""Type"" and ""Description"" columns for each order ID."
"date/time","settlement id","type","order id","sku","description","quantity","marketplace","fulfillment","order city","order state","order postal","tax collection model","product sales","product sales tax","shipping credits","shipping credits tax","gift wrap credits","giftwrap credits tax","promotional rebates","promotional rebates tax","marketplace withheld tax","selling fees","fba fees","other transaction fees","other","total"
"Feb 1, 2020 12:24:25 AM PST","12589214901","Order","112-4180774-8122654","1-mc-18","Desiderare Boho Bathroom Rug - 31"" x 19"" Black and White Bathroom Rug - Bathroom Rugs Non Slip - Microfiber Bath Mat - Fluffy Bath Rugs for Bathroom (","1","amazon.com","Amazon","MINNEAPOLIS","MN","55407-2919","MarketplaceFacilitator","45.59","3.66","0","0","0","0","0","0","-7.32","-13.68","-9.02","0","0","19.23"
"Feb 1, 2020 12:24:25 AM PST","12589214901","Order","112-4180774-8122654","1-mc-18","Desiderare Boho Bathroom Rug - 31"" x 19"" Black and White Bathroom Rug - Bathroom Rugs Non Slip - Microfiber Bath Mat - Fluffy Bath Rugs for Bathroom (","1","amazon.com","Amazon","MINNEAPOLIS","MN","55407-2919","","45.59","3.66","0","0","0","0","0","0","0","0","-9.02","0","0","40.23"
"Feb 1, 2020 4:19:18 AM PST","12589214901","Order","114-5317049-7350648","1-mc-18","Desiderare Boho Bathroom Rug - 31"" x 19"" Black and White Bathroom Rug - Bathroom Rugs Non Slip - Microfiber Bath Mat - Fluffy Bath Rugs for Bathroom (","1","amazon.com","Amazon","BOTHELL","WA","98011-1913","MarketplaceFacilitator","45.59","4.56","0","0","0","0","0","0","-4.56","-6.84","-9.02","0","0","29.73"
"Feb 1, 2020 8:55:29 AM PST","12589214901","Order","111-4095799-3439429","SQ-BS-60-90","Desiderare 35"" x 23"" PVC Door Mat Shoes Scraper - Heavy Duty Doormat - Outdoor Gate Front Entry Pad Rug - Waterproof Easy Clean Mats for Entrance, Gar","1","amazon.com","Amazon","MEDLEY","FL","33178-1030","","34.55","0","0","0","0","0","0","0","0","-10.36","-9.78","0","0","14.41"
"Feb 1, 2020 8:55:29 AM PST","12589214901","Order","111-4095799-3439429","SQ-BS-60-90","Desiderare 35"" x 23"" PVC Door Mat Shoes Scraper - Heavy Duty Doormat - Outdoor Gate Front Entry Pad Rug - Waterproof Easy Clean Mats for Entrance, Gar","1","amazon.com","Amazon","MEDLEY","FL","33178-1030","","34.55","0","0","0","0","0","0","0","0","0","-9.78","0","0","24.77"
"Feb 1, 2020 11:35:06 AM PST","12589214901","FBA Inventory Fee","vk1t0fW710","","FBA Removal Order: Return Fee","","Amazon.com","","","","","","0","0","0","0","0","0","0","0","0","0","0","0","-0.60","-0.60"
"Feb 2, 2020 6:04:20 AM PST","12589214901","Service Fee","","","Cost of Advertising","","","","","","","","0","0","0","0","0","0","0","0","0","0","0","-313.96","0","-313.96"
"Feb 2, 2020 12:21:33 PM PST","12589214901","Order","114-2384156-3351402","UH-GXSV-MK9W","2 Piece Non-Slip Anti-Fatigue Kitchen Mat - (17.7"" x 29.5""+17.7"" x 59"") Soft Non Skid Throw Rugs Runner Carpet for Kitchen Hallway Entryway and Bedroo","1","amazon.com","Amazon","QUEENS VILLAGE","NY","11429-1111","MarketplaceFacilitator","58.89","5.23","0","0","0","0","0","0","-5.23","-8.83","-5.64","0","0","44.42"
"Feb 2, 2020 3:11:46 PM PST","12589214901","Refund","112-0836696-3836231","1-mwh-18","Desiderare Thick Fluffy Boho Bathroom Rug - 31"" x 19"" Luxury Microfiber Bath Mat - Bath Rugs for Bathroom Non Slip - Super Absorbent Black and White B","1","amazon.com","Amazon","GREEN SPRINGS","OH","44836-9660","MarketplaceFacilitator","-45.59","-3.31","-2.52","0","0","0","2.52","0","3.31","5.47","0","0","0","-40.12"
"Feb 3, 2020 1:15:49 AM PST","12589214901","Order","112-8696959-8445018","1-mwh-18","Desiderare Thick Fluffy Boho Bathroom Rug - 31"" x 19"" Luxury Microfiber Bath Mat - Bath Rugs for Bathroom Non Slip - Super Absorbent Black and White B","1","amazon.com","Amazon","PORTLAND","OR","97209-1233","","45.59","0","0","0","0","0","0","0","0","-6.84","-9.02","0","0","29.73"
"Feb 3, 2020 2:47:46 AM PST","12589214901","Order","111-6291895-1456241","YSD-DI-50-80","Desiderare Thick Fluffy Black and White Bathroom Rug - 31"" x 19"" Luxury Microfiber Bath Mat - Super Absorbent Boho Bathroom Rug - Bath Rugs for Bathro","1","amazon.com","Amazon","LOUISVILLE","KY","40241-1140","MarketplaceFacilitator","45.59","2.74","0","0","0","0","0","0","-2.74","-6.84","-9.02","0","0","29.73"
"Feb 3, 2020 7:17:17 AM PST","12589214901","Order","113-7693677-1325800","P0-YVWS-B6V6","Desiderare 2 Piece Anti Fatigue Kitchen Mat - (17.7"" x 29.5""+17.7"" x 59"") - Oil Resistant PVC Kitchen Runner - Soft Kitchen Rugs and Mats (Dream Light","1","amazon.com","Amazon","APEX","NC","27539-9403","MarketplaceFacilitator","58.89","4.27","0","0","0","0","0","0","-4.27","-8.83","-9.40","0","0","40.66"
"Feb 3, 2020 12:40:51 PM PST","12589214901","FBA Inventory Fee","xjcklUP525","","FBA Removal Order: Disposal Fee","","Amazon.com","","","","","","0","0","0","0","0","0","0","0","0","0","0","0","-0.30","-0.30"
"Feb 3, 2020 12:40:51 PM PST","12589214901","FBA Inventory Fee","xjcklUP525","","FBA Removal Order: Disposal Fee","","Amazon.com","","","","","","0","0","0","0","0","0","0","0","0","0","0","0","-0.60","-0.60"
"Feb 3, 2020 3:59:59 PM PST","12589214901","Order","113-6272041-8042653","1-mwh-18","Desiderare Thick Fluffy Boho Bathroom Rug - 31"" x 19"" Luxury Microfiber Bath Mat - Bath Rugs for Bathroom Non Slip - Super Absorbent Black and White B","1","amazon.com","Amazon","LIHUE","HI","96766-8617","MarketplaceFacilitator","45.59","2.15","0","0","0","0","0","0","-2.15","-6.84","-9.02","0","0","29.73"
"Feb 3, 2020 4:54:04 PM PST","12589214901","Order","112-9047726-7132226","1-mc-18","Desiderare Boho Bathroom Rug - 31"" x 19"" Black and White Bathroom Rug - Bathroom Rugs Non Slip - Microfiber Bath Mat - Fluffy Bath Rugs for Bathroom (","1","amazon.com","Amazon","WILLISTON","ND","58801-7319","MarketplaceFacilitator","45.59","3.65","0","0","0","0","0","0","-3.65","-6.84","-9.02","0","0","29.73"
"Feb 3, 2020 8:17:41 PM PST","12589214901","Order","112-9232596-7908203","1-mc-18","Desiderare Boho Bathroom Rug - 31"" x 19"" Black and White Bathroom Rug - Bathroom Rugs Non Slip - Microfiber Bath Mat - Fluffy Bath Rugs for Bathroom (","1","amazon.com","Amazon","CHICAGO","IL","60647-5376","MarketplaceFacilitator","45.59","2.85","0","0","0","0","0","0","-2.85","-6.84","-9.02","0","0","29.73"
"Feb 3, 2020 8:17:41 PM PST","12589214901","Order","112-9232596-7908203","1-mwh-18","Desiderare Thick Fluffy Boho Bathroom Rug - 31"" x 19"" Luxury Microfiber Bath Mat - Bath Rugs for Bathroom Non Slip - Super Absorbent Black and White B","2","amazon.com","Amazon","CHICAGO","IL","60647-5376","MarketplaceFacilitator","91.18","5.70","0","0","0","0","0","0","-5.70","-13.68","-18.04","0","0","59.46"
"Feb 3, 2020 9:54:15 PM PST","12589214901","Order","114-5381423-0540260","1-mc-18","Desiderare Boho Bathroom Rug - 31"" x 19"" Black and White Bathroom Rug - Bathroom Rugs Non Slip - Microfiber Bath Mat - Fluffy Bath Rugs for Bathroom (","1","amazon.com","Amazon","park city","ut","84098","MarketplaceFacilitator","45.59","4.13","0","0","0","0","0","0","-4.13","-6.84","-9.02","0","0","29.73"
"Feb 3, 2020 10:04:08 PM PST","12589214901","Order","114-0802790-4895431","1-mwh-18","Desiderare Thick Fluffy Boho Bathroom Rug - 31"" x 19"" Luxury Microfiber Bath Mat - Bath Rugs for Bathroom Non Slip - Super Absorbent Black and White B","1","amazon.com","Amazon","park city","ut","84098","MarketplaceFacilitator","45.59","4.13","0","0","0","0","0","0","-4.13","-6.84","-9.02","0","0","29.73"
"Feb 3, 2020 10:04:08 PM PST","12589214901","Order","114-0802790-4895431","YSD-DI-50-80","Desiderare Thick Fluffy Black and White Bathroom Rug - 31"" x 19"" Luxury Microfiber Bath Mat - Super Absorbent Boho Bathroom Rug - Bath Rugs for Bathro","1","amazon.com","Amazon","park city","ut","84098","MarketplaceFacilitator","45.59","4.13","0","0","0","0","0","0","-4.13","-6.84","-9.02","0","0","29.73"
"Feb 4, 2020 12:01:03 AM PST","12589214901","Order","114-6379730-2481868","YSD-NIW-50-80","Desiderare Thick Fluffy Black and White Bathroom Rug - 31"" x 19"" Luxury Microfiber Bath Mat - Super Absorbent Boho Bathroom Rug - Bath Rugs for Bathro","1","amazon.com","Amazon","Atlanta","GA","30318","","45.59","0","0","0","0","0","0","0","0","-13.68","-8.64","0","0","23.27"
"Feb 4, 2020 12:01:03 AM PST","12589214901","Order","114-6379730-2481868","YSD-NIW-50-80","Desiderare Thick Fluffy Black and White Bathroom Rug - 31"" x 19"" Luxury Microfiber Bath Mat - Super Absorbent Boho Bathroom Rug - Bath Rugs for Bathro","1","amazon.com","Amazon","Atlanta","GA","30318","","45.59","0","0","0","0","0","0","0","0","0","-8.64","0","0","36.95"
"Feb 4, 2020 3:33:31 AM PST","12589214901","Order","111-1400992-4887419","1-mwh-18","Desiderare Thick Fluffy Boho Bathroom Rug - 31"" x 19"" Luxury Microfiber Bath Mat - Bath Rugs for Bathroom Non Slip - Super Absorbent Black and White B","1","amazon.com","Amazon","SANDY","UT","84092-5148","MarketplaceFacilitator","45.59","3.31","0","0","0","0","0","0","-3.31","-6.84","-9.02","0","0","29.73"
"Feb 4, 2020 11:56:37 AM PST","12589214901","Refund","113-9055475-7537829","CL-PIWX-DDRG","Desiderare 2 Piece Anti Fatigue Kitchen Mat - (17.7"" x 29.5""+17.7"" x 59"") - Oil Resistant PVC Kitchen Runner - Soft Kitchen Rugs and Mats (Pink Crown)","1","amazon.com","Amazon","ALEXANDRIA","VA","22304-3176","MarketplaceFacilitator","-58.89","-3.53","0","0","0","0","0","0","3.53","7.06","0","0","0","-51.83"
"Feb 4, 2020 12:36:35 PM PST","12589214901","Order","114-6379730-2481868","YSD-NID-50-80","Desiderare Thick Fluffy Black Bathroom Rugs - 31"" x 19"" Luxury Microfiber Bath Mat - Super Absorbent Boho Bathroom Rug - Bath Rugs for Bathroom Non Sl","1","amazon.com","Amazon","Atlanta","GA","30318","","45.59","0","0","0","0","0","0","0","0","-6.84","-8.64","0","0","30.11"
"Feb 4, 2020 10:43:35 PM PST","12589214901","Order","112-6717804-4893024","1-mc-18","Desiderare Boho Bathroom Rug - 31"" x 19"" Black and White Bathroom Rug - Bathroom Rugs Non Slip - Microfiber Bath Mat - Fluffy Bath Rugs for Bathroom (","1","amazon.com","Amazon","DALLAS","TX","75214","MarketplaceFacilitator","45.59","3.76","0","0","0","0","0","0","-3.76","-6.84","-9.02","0","0","29.73"
"Feb 6, 2020 9:23:08 AM PST","12589214901","Order","112-3021671-2105041","1-mwh-18","Desiderare Thick Fluffy Boho Bathroom Rug - 31"" x 19"" Luxury Microfiber Bath Mat - Bath Rugs for Bathroom Non Slip - Super Absorbent Black and White B","1","amazon.com","Amazon","PRYOR","OK","74361-3013","MarketplaceFacilitator","45.59","4.50","0","0","0","0","0","0","-4.50","-6.84","-9.02","0","0","29.73"
"Feb 6, 2020 10:47:50 AM PST","12589214901","Order","112-2884241-4696200","SQ-BS-60-90","Desiderare 35"" x 23"" PVC Door Mat Shoes Scraper - Heavy Duty Doormat - Outdoor Gate Front Entry Pad Rug - Waterproof Easy Clean Mats for Entrance, Gar","1","amazon.com","Amazon","LEANDER","TX","78641-3482","MarketplaceFacilitator","34.55","2.85","0","0","0","0","0","0","-2.85","-5.18","-9.78","0","0","19.59"
"Feb 6, 2020 3:21:27 PM PST","12589214901","Order","113-2638681-8593017","1-mc-18","Desiderare Boho Bathroom Rug - 31"" x 19"" Black and White Bathroom Rug - Bathroom Rugs Non Slip - Microfiber Bath Mat - Fluffy Bath Rugs for Bathroom (","1","amazon.com","Amazon","secane","pa","19018","MarketplaceFacilitator","45.59","2.74","0","0","0","0","0","0","-2.74","-6.84","-9.02","0","0","29.73"
"Feb 6, 2020 6:54:36 PM PST","12589214901","Order","111-1840695-2275469","1-mc-18","Desiderare Boho Bathroom Rug - 31"" x 19"" Black and White Bathroom Rug - Bathroom Rugs Non Slip - Microfiber Bath Mat - Fluffy Bath Rugs for Bathroom (","1","amazon.com","Amazon","GILBERTSVILLE","PA","19525-8005","MarketplaceFacilitator","45.59","2.74","0","0","0","0","0","0","-5.48","-13.68","-9.02","0","0","20.15"
"Feb 6, 2020 6:54:36 PM PST","12589214901","Order","111-1840695-2275469","1-mc-18","Desiderare Boho Bathroom Rug - 31"" x 19"" Black and White Bathroom Rug - Bathroom Rugs Non Slip - Microfiber Bath Mat - Fluffy Bath Rugs for Bathroom (","1","amazon.com","Amazon","GILBERTSVILLE","PA","19525-8005","","45.59","2.74","0","0","0","0","0","0","0","0","-9.02","0","0","39.31"
"Feb 6, 2020 7:22:08 PM PST","12589214901","Order","113-5911053-0015466","1-mc-18","Desiderare Boho Bathroom Rug - 31"" x 19"" Black and White Bathroom Rug - Bathroom Rugs Non Slip - Microfiber Bath Mat - Fluffy Bath Rugs for Bathroom (","1","amazon.com","Amazon","WAYLAND","MI","49348-9316","MarketplaceFacilitator","45.59","2.74","0","0","0","0","0","0","-2.74","-6.84","-9.02","0","0","29.73"
"Feb 6, 2020 7:28:24 PM PST","12589214901","Order","111-2204552-3724225","1-mc-18","Desiderare Boho Bathroom Rug - 31"" x 19"" Black and White Bathroom Rug - Bathroom Rugs Non Slip - Microfiber Bath Mat - Fluffy Bath Rugs for Bathroom (","1","amazon.com","Amazon","Venice","CA","90291","MarketplaceFacilitator","45.59","4.33","0","0","0","0","0","0","-4.33","-6.84","-9.02","0","0","29.73"
"Feb 7, 2020 7:42:06 AM PST","12589214901","FBA Inventory Fee","","","FBA Inventory Storage Fee","","Amazon.com","","","","","","0","0","0","0","0","0","0","0","0","0","0","0","-137.77","-137.77"
"Feb 7, 2020 3:09:52 PM PST","12589214901","Order","112-2309845-4183418","CL-PIWX-DDRG","Desiderare 2 Piece Anti Fatigue Kitchen Mat - (17.7"" x 29.5""+17.7"" x 59"") - Oil Resistant PVC Kitchen Runner - Soft Kitchen Rugs and Mats (Pink Crown)","1","amazon.com","Amazon","NEW ROCHELLE","NY","10801-7342","MarketplaceFacilitator","58.89","4.93","0","0","0","0","0","0","-4.93","-8.83","-9.40","0","0","40.66"
"Feb 8, 2020 11:42:29 AM PST","12589214901","Refund","112-6717804-4893024","1-mc-18","Desiderare Boho Bathroom Rug - 31"" x 19"" Black and White Bathroom Rug - Bathroom Rugs Non Slip - Microfiber Bath Mat - Fluffy Bath Rugs for Bathroom (","1","amazon.com","Amazon","DALLAS","TX","75214","MarketplaceFacilitator","-45.59","-3.76","0","0","0","0","0","0","3.76","5.47","0","0","0","-40.12"
"Feb 8, 2020 9:34:48 PM PST","12589214901","Order","111-3109520-1369817","0Y-KRAZ-EDMI","Desiderare 2 Piece Anti Fatigue Kitchen Mat - (17.7"" x 29.5""+17.7"" x 59"") - Oil Resistant PVC Kitchen Runner - Soft Kitchen Rugs and Mats (Enjoy Life)","1","amazon.com","Amazon","HUNTSVILLE","AL","35810-1807","MarketplaceFacilitator","58.89","4.71","0","0","0","0","0","0","-4.71","-8.83","-9.40","0","0","40.66"
"Feb 9, 2020 12:01:15 PM PST","12589214901","Order","111-4618611-6409827","1-mc-18","Desiderare Boho Bathroom Rug - 31"" x 19"" Black and White Bathroom Rug - Bathroom Rugs Non Slip - Microfiber Bath Mat - Fluffy Bath Rugs for Bathroom (","1","amazon.com","Amazon","LAKE WORTH","FL","33461-5686","","45.59","0","0","0","0","0","0","0","0","-6.84","-9.02","0","0","29.73"
"Feb 9, 2020 11:36:12 PM PST","12589214901","Order","112-7072612-8408223","1-mwh-18","Desiderare Thick Fluffy Boho Bathroom Rug - 31"" x 19"" Luxury Microfiber Bath Mat - Bath Rugs for Bathroom Non Slip - Super Absorbent Black and White B","2","amazon.com","Amazon","Whitesboro","Tx","76273","MarketplaceFacilitator","91.18","5.70","0","0","0","0","0","0","-5.70","-13.68","-18.04","0","0","59.46"
"Feb 10, 2020 8:05:26 AM PST","12589214901","Order","111-8526814-1805062","YSD-NIW-50-80","Desiderare Thick Fluffy Black and White Bathroom Rug - 31"" x 19"" Luxury Microfiber Bath Mat - Super Absorbent Boho Bathroom Rug - Bath Rugs for Bathro","1","amazon.com","Amazon","CHARLESTOWN","MA","02129-1944","MarketplaceFacilitator","45.59","2.85","0","0","0","0","0","0","-2.85","-6.84","-8.64","0","0","30.11"
"Feb 10, 2020 10:40:29 AM PST","12589214901","Order","111-7319178-0479430","SQ-BS-60-90","Desiderare 35"" x 23"" PVC Door Mat Shoes Scraper - Heavy Duty Doormat - Outdoor Gate Front Entry Pad Rug - Waterproof Easy Clean Mats for Entrance, Gar","1","amazon.com","Amazon","ORLANDO","FL","32801-1866","","34.55","0","0","0","0","0","0","0","0","-5.18","-9.78","0","0","19.59"
"Feb 10, 2020 1:35:02 PM PST","12589214901","Order","112-5470331-8668259","SQ-MS-60-90","Desiderare 35"" x 23"" PVC Door Mat Shoes Scraper - Heavy Duty Doormat - Outdoor Gate Front Entry Pad Rug - Waterproof Easy Clean Mats for Entrance, Gar","1","amazon.com","Amazon","NASHVILLE","TN","37209-3714","","34.55","0","0","0","0","0","0","0","0","-5.18","-9.78","0","0","19.59"
"Feb 10, 2020 1:48:59 PM PST","12589214901","Order","114-0135082-0442666","0Y-KRAZ-EDMI","Desiderare 2 Piece Anti Fatigue Kitchen Mat - (17.7"" x 29.5""+17.7"" x 59"") - Oil Resistant PVC Kitchen Runner - Soft Kitchen Rugs and Mats (Enjoy Life)","1","amazon.com","Amazon","VICTORVILLE","CA","92392-8045","MarketplaceFacilitator","58.89","4.56","0","0","0","0","0","0","-4.56","-8.83","-9.40","0","0","40.66"
"Feb 11, 2020 12:33:27 AM PST","12626442181","Refund","112-4325991-9556244","1-mwh-18","Desiderare Thick Fluffy Boho Bathroom Rug - 31"" x 19"" Luxury Microfiber Bath Mat - Bath Rugs for Bathroom Non Slip - Super Absorbent Black and White B","1","amazon.com","Amazon","MARSHALL","MI","49068-1145","","0","0","0","0","0","0","0","0","0","0","0","0","-7.76","-7.76"
"Feb 11, 2020 2:54:51 PM PST","12626442181","Order","113-8392234-8121862","1-pd-18","Fluffy Soft Bedside Mat Rug -27.5"" x 63"" Runner Throw Rug Non-Slip Back- Fluffy Microfibers Throw for Girls Room-Water Absorbent Home Décor- Luxury A","1","amazon.com","Amazon","NEW YORK","NY","10029-6810","MarketplaceFacilitator","59.99","5.32","0","0","0","0","0","0","-5.32","-9.00","-6.78","0","0","44.21"
"Feb 12, 2020 12:45:11 AM PST","12626442181","Transfer","","","To your account ending in: 339, Bank Transfer ID: 091000013116493","","","","","","","","0","0","0","0","0","0","0","0","0","0","0","0","-788.45","-788.45"
"Feb 12, 2020 12:59:36 AM PST","12626442181","Adjustment","112-4325991-9556244","1-mwh-18","FBA Inventory Reimbursement - Customer Return","1","","","","","","","0","0","0","0","0","0","0","0","0","0","0","0","7.76","7.76"
"Feb 12, 2020 1:41:37 AM PST","12626442181","Order","111-6022813-1141023","1-mc-18","Desiderare Boho Bathroom Rug - 31"" x 19"" Black and White Bathroom Rug - Bathroom Rugs Non Slip - Microfiber Bath Mat - Fluffy Bath Rugs for Bathroom (","1","amazon.com","Amazon","NEW YORK","NY","10002-1720","MarketplaceFacilitator","45.59","4.05","0","0","0","0","0","0","-4.05","-6.84","-9.02","0","0","29.73"
"Feb 12, 2020 3:14:41 PM PST","12626442181","Order","111-7969358-9225024","1-mwh-18","Desiderare Thick Fluffy Boho Bathroom Rug - 31"" x 19"" Luxury Microfiber Bath Mat - Bath Rugs for Bathroom Non Slip - Super Absorbent Black and White B","1","amazon.com","Amazon","MIAMI","FL","33181-1134","","45.59","0","0","0","0","0","0","0","0","-6.84","-9.02","0","0","29.73"
"Feb 12, 2020 3:24:26 PM PST","12626442181","Order","113-4246696-3541000","1-mc-18","Desiderare Boho Bathroom Rug - 31"" x 19"" Black and White Bathroom Rug - Bathroom Rugs Non Slip - Microfiber Bath Mat - Fluffy Bath Rugs for Bathroom (","1","amazon.com","Amazon","OREGON","WI","53575-3842","MarketplaceFacilitator","45.59","2.51","0","0","0","0","0","0","-2.51","-6.84","-9.02","0","0","29.73"
"Feb 13, 2020 12:52:34 AM PST","12626442181","Order","114-2149248-1384227","0Y-KRAZ-EDMI","Desiderare 2 Piece Anti Fatigue Kitchen Mat - (17.7"" x 29.5""+17.7"" x 59"") - Oil Resistant PVC Kitchen Runner - Soft Kitchen Rugs and Mats (Enjoy Life)","1","amazon.com","Amazon","GRANDVIEW","MO","64030-2119","","58.89","0","0","0","0","0","0","0","0","-8.83","-9.40","0","0","40.66"
"Feb 13, 2020 1:55:39 PM PST","12626442181","Order","114-6186601-9801855","8Q-J2DE-IRY8","Desiderare 2 Piece Anti Fatigue Kitchen Mat - (17.7"" x 29.5""+17.7"" x 59"") - Oil Resistant PVC Kitchen Runner - Soft Kitchen Rugs and Mats (Marble Ston","1","amazon.com","Amazon","CALABASH","NORTH CAROLINA","28467-2451","MarketplaceFacilitator","58.89","3.98","0","0","0","0","0","0","-3.98","-8.83","-9.40","0","0","40.66"
"Feb 14, 2020 12:15:41 AM PST","12626442181","FBA Inventory Fee","vk290Jr433","","FBA Removal Order: Return Fee","","Amazon.com","","","","","","0","0","0","0","0","0","0","0","0","0","0","0","-0.60","-0.60"
"Feb 14, 2020 12:15:41 AM PST","12626442181","FBA Inventory Fee","vk290Jr433","","FBA Removal Order: Return Fee","","Amazon.com","","","","","","0","0","0","0","0","0","0","0","0","0","0","0","-0.60","-0.60"
"Feb 14, 2020 12:15:44 AM PST","12626442181","FBA Inventory Fee","vk290Jr433","","FBA Removal Order: Return Fee","","Amazon.com","","","","","","0","0","0","0","0","0","0","0","0","0","0","0","-0.60","-0.60"
"Feb 14, 2020 11:56:21 AM PST","12626442181","Order","111-7681211-4637855","1-mc-18","Desiderare Boho Bathroom Rug - 31"" x 19"" Black and White Bathroom Rug - Bathroom Rugs Non Slip - Microfiber Bath Mat - Fluffy Bath Rugs for Bathroom (","1","amazon.com","Amazon","albertville","alabama","35950","MarketplaceFacilitator","45.59","3.65","0","0","0","0","0","0","-3.65","-6.84","-9.02","0","0","29.73"
"Feb 14, 2020 2:07:55 PM PST","12626442181","Order","111-7044317-7333869","YSD-DI-50-80","Desiderare Thick Fluffy Black and White Bathroom Rug - 31"" x 19"" Luxury Microfiber Bath Mat - Super Absorbent Boho Bathroom Rug - Bath Rugs for Bathro","1","amazon.com","Amazon","WHITEHOUSE","TX","75791","MarketplaceFacilitator","45.59","3.76","0","0","0","0","0","0","-7.52","-13.68","-9.02","0","0","19.13"
"Feb 14, 2020 2:07:55 PM PST","12626442181","Order","111-7044317-7333869","YSD-DI-50-80","Desiderare Thick Fluffy Black and White Bathroom Rug - 31"" x 19"" Luxury Microfiber Bath Mat - Super Absorbent Boho Bathroom Rug - Bath Rugs for Bathro","1","amazon.com","Amazon","WHITEHOUSE","TX","75791","","45.59","3.76","0","0","0","0","0","0","0","0","-9.02","0","0","40.33"
"Feb 16, 2020 2:21:56 AM PST","12626442181","Order","113-7602827-4106629","YSD-DI-50-80","Desiderare Thick Fluffy Black and White Bathroom Rug - 31"" x 19"" Luxury Microfiber Bath Mat - Super Absorbent Boho Bathroom Rug - Bath Rugs for Bathro","1","amazon.com","Amazon","Warren","NJ","07059","MarketplaceFacilitator","45.59","3.02","0","0","0","0","0","0","-3.02","-6.84","-9.02","0","0","29.73"
"Feb 16, 2020 4:33:09 PM PST","12626442181","Order","112-9325370-2425821","1-mc-18","Desiderare Boho Bathroom Rug - 31"" x 19"" Black and White Bathroom Rug - Bathroom Rugs Non Slip - Microfiber Bath Mat - Fluffy Bath Rugs for Bathroom (","1","amazon.com","Amazon","COLUSA","CA","95932-2139","MarketplaceFacilitator","45.59","3.31","0","0","0","0","0","0","-3.31","-6.84","-9.02","0","0","29.73"
"Feb 16, 2020 7:22:26 PM PST","12626442181","Refund","113-4246696-3541000","1-mc-18","Desiderare Boho Bathroom Rug - 31"" x 19"" Black and White Bathroom Rug - Bathroom Rugs Non Slip - Microfiber Bath Mat - Fluffy Bath Rugs for Bathroom (","1","amazon.com","Amazon","OREGON","WI","53575-3842","MarketplaceFacilitator","-45.59","-2.51","0","0","0","0","0","0","2.51","5.47","0","0","0","-40.12"
"Feb 16, 2020 10:28:26 PM PST","12626442181","Order","112-8214993-3585828","1-mwh-18","Desiderare Thick Fluffy Boho Bathroom Rug - 31"" x 19"" Luxury Microfiber Bath Mat - Bath Rugs for Bathroom Non Slip - Super Absorbent Black and White B","1","amazon.com","Amazon","JOPLIN","MO","64804-7018","","45.59","0","0","0","0","0","0","0","0","-6.84","-9.02","0","0","29.73"
"Feb 17, 2020 12:10:19 PM PST","12626442181","Order","114-0505088-5241000","1-mc-18","Desiderare Boho Bathroom Rug - 31"" x 19"" Black and White Bathroom Rug - Bathroom Rugs Non Slip - Microfiber Bath Mat - Fluffy Bath Rugs for Bathroom (","1","amazon.com","Amazon","LOS ANGELES","CA","90048-2506","MarketplaceFacilitator","45.59","4.33","0","0","0","0","0","0","-4.33","-6.84","-9.02","0","0","29.73"
"Feb 17, 2020 12:27:56 PM PST","12626442181","Service Fee","","","Cost of Advertising","","","","","","","","0","0","0","0","0","0","0","0","0","0","0","-500.69","0","-500.69"
"Feb 17, 2020 1:38:49 PM PST","12626442181","Order","112-8529032-6593027","1-mc-18","Desiderare Boho Bathroom Rug - 31"" x 19"" Black and White Bathroom Rug - Bathroom Rugs Non Slip - Microfiber Bath Mat - Fluffy Bath Rugs for Bathroom (","1","amazon.com","Amazon","HAMBURG","NY","14075-4657","MarketplaceFacilitator","45.59","3.99","0","0","0","0","0","0","-3.99","-6.84","-9.02","0","0","29.73"
"Feb 17, 2020 3:22:38 PM PST","12626442181","Order","111-7238292-2694606","1-mwh-18","Desiderare Thick Fluffy Boho Bathroom Rug - 31"" x 19"" Luxury Microfiber Bath Mat - Bath Rugs for Bathroom Non Slip - Super Absorbent Black and White B","1","amazon.com","Amazon","SAN CARLOS","CA","94070-4416","MarketplaceFacilitator","45.59","4.22","0","0","0","0","0","0","-4.22","-6.84","-9.02","0","0","29.73"
"Feb 17, 2020 5:37:09 PM PST","12626442181","Order","114-0505088-5241000","1-mwh-18","Desiderare Thick Fluffy Boho Bathroom Rug - 31"" x 19"" Luxury Microfiber Bath Mat - Bath Rugs for Bathroom Non Slip - Super Absorbent Black and White B","1","amazon.com","Amazon","LOS ANGELES","CA","90048-2506","MarketplaceFacilitator","45.59","4.33","0","0","0","0","0","0","-4.33","-6.84","-9.02","0","0","29.73"
"Feb 17, 2020 11:15:21 PM PST","12626442181","Order","111-1078034-3659427","CL-PIWX-DDRG","Desiderare 2 Piece Anti Fatigue Kitchen Mat - (17.7"" x 29.5""+17.7"" x 59"") - Oil Resistant PVC Kitchen Runner - Soft Kitchen Rugs and Mats (Pink Crown)","1","amazon.com","Amazon","La Crescent","MN","55947","MarketplaceFacilitator","58.89","4.05","0","0","0","0","0","0","-4.05","-8.83","-9.40","0","0","40.66"
"Feb 18, 2020 1:03:59 AM PST","12626442181","Order","114-7356387-8966612","YSD-NID-50-80","Desiderare Thick Fluffy Black Bathroom Rugs - 31"" x 19"" Luxury Microfiber Bath Mat - Super Absorbent Boho Bathroom Rug - Bath Rugs for Bathroom Non Sl","1","amazon.com","Amazon","POTTSTOWN","PA","19465-7338","MarketplaceFacilitator","45.59","2.74","0","0","0","0","0","0","-2.74","-6.84","-8.64","0","0","30.11"
"Feb 19, 2020 6:57:31 PM PST","12626442181","FBA Inventory Fee","wk2i1OE293","","FBA Removal Order: Return Fee","","Amazon.com","","","","","","0","0","0","0","0","0","0","0","0","0","0","0","-0.60","-0.60"
"Feb 19, 2020 6:57:34 PM PST","12626442181","FBA Inventory Fee","wk2i1OE293","","FBA Removal Order: Return Fee","","Amazon.com","","","","","","0","0","0","0","0","0","0","0","0","0","0","0","-0.60","-0.60"
"Feb 20, 2020 12:34:45 PM PST","12626442181","Order","112-6439231-2349025","1-mwh-18","Desiderare Thick Fluffy Boho Bathroom Rug - 31"" x 19"" Luxury Microfiber Bath Mat - Bath Rugs for Bathroom Non Slip - Super Absorbent Black and White B","3","amazon.com","Amazon","CARLSBAD","CA","92011-3613","MarketplaceFacilitator","136.77","10.59","0","0","0","0","0","0","-10.59","-20.52","-27.06","0","0","89.19"
"Feb 21, 2020 11:44:44 AM PST","12626442181","Order","114-0507896-4731403","SQ-BS-60-90","Desiderare 35"" x 23"" PVC Door Mat Shoes Scraper - Heavy Duty Doormat - Outdoor Gate Front Entry Pad Rug - Waterproof Easy Clean Mats for Entrance, Gar","1","amazon.com","Amazon","FORT LAUDERDALE","FL","33304-3405","","34.55","0","0","0","0","0","0","0","0","-5.18","-9.78","0","0","19.59"
"Feb 21, 2020 11:38:47 PM PST","12626442181","Order","113-3366919-3428243","SQ-MS-60-90","Desiderare 35"" x 23"" PVC Door Mat Shoes Scraper - Heavy Duty Doormat - Outdoor Gate Front Entry Pad Rug - Waterproof Easy Clean Mats for Entrance, Gar","1","amazon.com","Amazon","NASHVILLE","TN","37209-3714","","0","0","0","0","0","0","0","0","0","0","0","0","0","0"
"Feb 22, 2020 4:31:16 AM PST","12626442181","Adjustment","114-1190171-9962619","1-mc-18","FBA Inventory Reimbursement - Customer Return","1","","","","","","","0","0","0","0","0","0","0","0","0","0","0","0","24.97","24.97"
"Feb 22, 2020 8:50:33 AM PST","12626442181","Order","111-0663755-7529010","YSD-DI-50-80","Desiderare Thick Fluffy Black and White Bathroom Rug - 31"" x 19"" Luxury Microfiber Bath Mat - Super Absorbent Boho Bathroom Rug - Bath Rugs for Bathro","1","amazon.com","Amazon","MILFORD","CT","06461-1904","MarketplaceFacilitator","45.59","2.89","0","0","0","0","0","0","-2.89","-6.84","-9.02","0","0","29.73"
"Feb 22, 2020 12:33:06 PM PST","12626442181","Order","113-3896838-8155418","1-mwh-18","Desiderare Thick Fluffy Boho Bathroom Rug - 31"" x 19"" Luxury Microfiber Bath Mat - Bath Rugs for Bathroom Non Slip - Super Absorbent Black and White B","1","amazon.com","Amazon","BULLHEAD CITY","AZ","86429-6818","MarketplaceFacilitator","45.59","3.46","0","0","0","0","0","0","-3.46","-6.84","-9.02","0","0","29.73"
"Feb 22, 2020 12:33:18 PM PST","12626442181","Order","111-9565959-6437863","1-mwh-18","Desiderare Thick Fluffy Boho Bathroom Rug - 31"" x 19"" Luxury Microfiber Bath Mat - Bath Rugs for Bathroom Non Slip - Super Absorbent Black and White B","1","amazon.com","Amazon","MONROE","OR","97456-9732","","45.59","0","0","0","0","0","0","0","0","-6.84","-9.02","0","0","29.73"
"Feb 22, 2020 12:51:19 PM PST","12626442181","Order","111-9565959-6437863","1-mwh-18","Desiderare Thick Fluffy Boho Bathroom Rug - 31"" x 19"" Luxury Microfiber Bath Mat - Bath Rugs for Bathroom Non Slip - Super Absorbent Black and White B","1","amazon.com","Amazon","MONROE","OR","97456-9732","","45.59","0","0","0","0","0","0","0","0","-6.84","-9.02","0","0","29.73"
"Feb 24, 2020 2:34:25 AM PST","12626442181","Order","111-8049507-3477854","YSD-NIW-50-80","Desiderare Thick Fluffy Black and White Bathroom Rug - 31"" x 19"" Luxury Microfiber Bath Mat - Super Absorbent Boho Bathroom Rug - Bath Rugs for Bathro","1","amazon.com","Amazon","NEW YORK","NY","10003-2456","MarketplaceFacilitator","45.59","4.05","0","0","0","0","0","0","-4.05","-6.84","-8.64","0","0","30.11"
"Feb 24, 2020 10:48:27 AM PST","12626442181","Order","113-0232799-5785866","YSD-NIW-50-80","Desiderare Thick Fluffy Black and White Bathroom Rug - 31"" x 19"" Luxury Microfiber Bath Mat - Super Absorbent Boho Bathroom Rug - Bath Rugs for Bathro","1","amazon.com","Amazon","Lubbock","Texas","79423","MarketplaceFacilitator","45.59","3.76","0","0","0","0","0","0","-11.28","-20.52","-8.64","0","0","8.91"
"Feb 24, 2020 10:48:27 AM PST","12626442181","Order","113-0232799-5785866","YSD-NIW-50-80","Desiderare Thick Fluffy Black and White Bathroom Rug - 31"" x 19"" Luxury Microfiber Bath Mat - Super Absorbent Boho Bathroom Rug - Bath Rugs for Bathro","1","amazon.com","Amazon","Lubbock","Texas","79423","","45.59","3.76","0","0","0","0","0","0","0","0","-8.64","0","0","40.71"
"Feb 24, 2020 10:48:27 AM PST","12626442181","Order","113-0232799-5785866","YSD-NIW-50-80","Desiderare Thick Fluffy Black and White Bathroom Rug - 31"" x 19"" Luxury Microfiber Bath Mat - Super Absorbent Boho Bathroom Rug - Bath Rugs for Bathro","1","amazon.com","Amazon","Lubbock","Texas","79423","","45.59","3.76","0","0","0","0","0","0","0","0","-8.64","0","0","40.71"
"Feb 24, 2020 11:34:14 AM PST","12626442181","Order","111-7641670-3803436","1-mc-18","Desiderare Boho Bathroom Rug - 31"" x 19"" Black and White Bathroom Rug - Bathroom Rugs Non Slip - Microfiber Bath Mat - Fluffy Bath Rugs for Bathroom (","1","amazon.com","Amazon","NEW YORK","NY","10016","MarketplaceFacilitator","45.59","4.05","0","0","0","0","0","0","-4.05","-6.84","-9.02","0","0","29.73"
"Feb 24, 2020 11:55:12 AM PST","12626442181","Order","113-2580964-7543443","YSD-FMG-50-80","Desiderare Thick Fluffy Mint Green Bathroom Rug - 31"" x 19"" Luxury Microfiber Bath Mat - Super Absorbent Boho Bathroom Rug - Bath Rugs for Bathroom No","1","amazon.com","Amazon","RUSTON","LA","71270-8426","","45.59","0","0","0","0","0","0","0","0","-6.84","-8.64","0","0","30.11"
"Feb 24, 2020 1:47:15 PM PST","12626442181","Order","113-5313002-5367447","YSD-NID-50-80","Desiderare Thick Fluffy Black Bathroom Rugs - 31"" x 19"" Luxury Microfiber Bath Mat - Super Absorbent Boho Bathroom Rug - Bath Rugs for Bathroom Non Sl","1","amazon.com","Amazon","ALPHARETTA","GA","30004-7801","","45.59","0","0","0","0","0","0","0","0","-6.84","-8.64","0","0","30.11"
"Feb 24, 2020 1:47:15 PM PST","12626442181","Order","113-5313002-5367447","YSD-DI-50-80","Desiderare Thick Fluffy Black and White Bathroom Rug - 31"" x 19"" Luxury Microfiber Bath Mat - Super Absorbent Boho Bathroom Rug - Bath Rugs for Bathro","1","amazon.com","Amazon","ALPHARETTA","GA","30004-7801","","45.59","0","0","0","0","0","0","0","0","-6.84","-9.02","0","0","29.73"
"Feb 24, 2020 6:13:12 PM PST","12626442181","Order","111-4792332-8843425","1-mwh-18","Desiderare Thick Fluffy Boho Bathroom Rug - 31"" x 19"" Luxury Microfiber Bath Mat - Bath Rugs for Bathroom Non Slip - Super Absorbent Black and White B","1","amazon.com","Amazon","WEST MELBOURNE","FL","32904-8198","","45.59","0","0","0","0","0","0","0","0","-6.84","-9.02","0","0","29.73"
"Feb 24, 2020 9:15:15 PM PST","12626442181","Refund","112-6439231-2349025","1-mwh-18","Desiderare Thick Fluffy Boho Bathroom Rug - 31"" x 19"" Luxury Microfiber Bath Mat - Bath Rugs for Bathroom Non Slip - Super Absorbent Black and White B","3","amazon.com","Amazon","CARLSBAD","CA","92011-3613","MarketplaceFacilitator","-136.77","-10.59","0","0","0","0","0","0","10.59","16.42","0","0","0","-120.35"
"Feb 25, 2020 6:21:33 AM PST","12662538731","Order","111-3481379-5714631","1-mwh-18","Desiderare Thick Fluffy Boho Bathroom Rug - 31"" x 19"" Luxury Microfiber Bath Mat - Bath Rugs for Bathroom Non Slip - Super Absorbent Black and White B","1","amazon.com","Amazon","PITTSBURGH","PA","15220-5512","MarketplaceFacilitator","45.59","2.74","0","0","0","0","0","0","-2.74","-6.84","-9.02","0","0","29.73"
"Feb 25, 2020 3:37:28 PM PST","12662538731","Order","112-2456994-5549026","YSD-NID-50-80","Desiderare Thick Fluffy Black Bathroom Rugs - 31"" x 19"" Luxury Microfiber Bath Mat - Super Absorbent Boho Bathroom Rug - Bath Rugs for Bathroom Non Sl","1","amazon.com","Amazon","ARLINGTON","MA","02474-6617","MarketplaceFacilitator","45.59","2.85","0","0","0","0","0","0","-2.85","-6.84","-8.64","0","0","30.11"
"Feb 26, 2020 12:46:38 AM PST","12662538731","Transfer","","","To your account ending in: 339, Bank Transfer ID: 091000013648691","","","","","","","","0","0","0","0","0","0","0","0","0","0","0","0","-733.20","-733.20"
"Feb 26, 2020 1:22:54 AM PST","12662538731","Order","112-4153280-3582645","1-mc-18","Desiderare Boho Bathroom Rug - 31"" x 19"" Black and White Bathroom Rug - Bathroom Rugs Non Slip - Microfiber Bath Mat - Fluffy Bath Rugs for Bathroom (","1","amazon.com","Amazon","OMAHA","NE","68138-3231","MarketplaceFacilitator","45.59","2.51","0","0","0","0","0","0","-2.51","-6.84","-9.02","0","0","29.73"
"Feb 26, 2020 10:32:31 AM PST","12662538731","Order","112-9873447-5553862","CL-PIWX-DDRG","Desiderare 2 Piece Anti Fatigue Kitchen Mat - (17.7"" x 29.5""+17.7"" x 59"") - Oil Resistant PVC Kitchen Runner - Soft Kitchen Rugs and Mats (Pink Crown)","1","amazon.com","Amazon","OKLAHOMA CITY","OK","73127-7442","MarketplaceFacilitator","58.89","5.29","0","0","0","0","0","0","-5.29","-8.83","-9.40","0","0","40.66"
"Feb 26, 2020 8:23:35 PM PST","12662538731","Order","112-6040975-6141840","CL-PIWX-DDRG","Desiderare 2 Piece Anti Fatigue Kitchen Mat - (17.7"" x 29.5""+17.7"" x 59"") - Oil Resistant PVC Kitchen Runner - Soft Kitchen Rugs and Mats (Pink Crown)","1","amazon.com","Amazon","MIAMI","FLORIDA","33176-6441","","58.89","0","0","0","0","0","0","0","0","-8.83","-9.40","0","0","40.66"
"Feb 26, 2020 10:59:55 PM PST","12662538731","Order","111-0337123-3461815","1-mwh-18","Desiderare Thick Fluffy Boho Bathroom Rug - 31"" x 19"" Luxury Microfiber Bath Mat - Bath Rugs for Bathroom Non Slip - Super Absorbent Black and White B","1","amazon.com","Amazon","NASHVILLE","TN","37216-2522","","45.59","0","0","0","0","0","0","0","0","-6.84","-9.02","0","0","29.73"
"Feb 27, 2020 3:44:12 AM PST","12662538731","Order","113-1363279-3477001","YSD-NID-50-80","Desiderare Thick Fluffy Black Bathroom Rugs - 31"" x 19"" Luxury Microfiber Bath Mat - Super Absorbent Boho Bathroom Rug - Bath Rugs for Bathroom Non Sl","1","amazon.com","Amazon","WEST HOLLYWOOD","CA","90069-2936","MarketplaceFacilitator","45.59","4.33","0","0","0","0","0","0","-4.33","-6.84","-8.64","0","0","30.11"
"Feb 27, 2020 9:54:16 AM PST","12662538731","Order","113-2144270-2684247","UH-GXSV-MK9W","2 Piece Non-Slip Kitchen Mat Sets - (17.7"" x 29.5""+17.7"" x 59"") Soft Non Skid Anti-Fatigue Throw Rugs Runner Carpet - Kitchen Floor Mats Comfort Stand","1","amazon.com","Amazon","LAKE CHARLES","LA","70601-3566","","58.89","0","0","0","0","0","0","0","0","-8.83","-5.80","0","0","44.26"
"Feb 27, 2020 10:29:18 AM PST","12662538731","Order","112-2125433-0528217","UH-GXSV-MK9W","2 Piece Non-Slip Kitchen Mat Sets - (17.7"" x 29.5""+17.7"" x 59"") Soft Non Skid Anti-Fatigue Throw Rugs Runner Carpet - Kitchen Floor Mats Comfort Stand","1","amazon.com","Amazon","TAYLOR","MI","48180-2643","MarketplaceFacilitator","58.89","3.53","0","0","0","0","0","0","-3.53","-8.83","-5.80","0","0","44.26"
"Feb 27, 2020 11:23:26 AM PST","12662538731","Order","114-8816987-0329836","CL-PIWX-DDRG","Desiderare 2 Piece Anti Fatigue Kitchen Mat - (17.7"" x 29.5""+17.7"" x 59"") - Oil Resistant PVC Kitchen Runner - Soft Kitchen Rugs and Mats (Pink Crown)","1","amazon.com","Amazon","LOS ANGELES","CA","90020-3306","MarketplaceFacilitator","58.89","5.59","0","0","0","0","0","0","-5.59","-8.83","-9.40","0","0","40.66"
"Feb 27, 2020 11:38:42 AM PST","12662538731","Order","114-1995911-6751408","SQ-BS-60-90","Desiderare 35"" x 23"" PVC Door Mat Shoes Scraper - Heavy Duty Doormat - Outdoor Gate Front Entry Pad Rug - Waterproof Easy Clean Mats for Entrance, Gar","1","amazon.com","Amazon","GUALALA","CALIFORNIA","95445-1245","MarketplaceFacilitator","34.55","2.72","0","0","0","0","0","0","-2.72","-5.18","-9.78","0","0","19.59"
"Feb 27, 2020 3:43:43 PM PST","12662538731","Order","114-0777667-6941805","1-mc-18","Desiderare Boho Bathroom Rug - 31"" x 19"" Black and White Bathroom Rug - Bathroom Rugs Non Slip - Microfiber Bath Mat - Fluffy Bath Rugs for Bathroom (","1","amazon.com","Amazon","GONZALES","LA","70737-8516","","45.59","0","0","0","0","0","0","0","0","-6.84","-9.02","0","0","29.73"
"Feb 28, 2020 10:26:32 AM PST","12662538731","Refund","112-9873447-5553862","CL-PIWX-DDRG","Desiderare 2 Piece Anti Fatigue Kitchen Mat - (17.7"" x 29.5""+17.7"" x 59"") - Oil Resistant PVC Kitchen Runner - Soft Kitchen Rugs and Mats (Pink Crown)","1","amazon.com","Amazon","OKLAHOMA CITY","OK","73127-7442","MarketplaceFacilitator","-58.89","-5.29","0","0","0","0","0","0","5.29","7.06","0","0","0","-51.83"
"Feb 29, 2020 9:00:56 AM PST","12662538731","Refund","112-0083891-8437827","1-mc-18","Desiderare Thick Fluffy Washroom Mat - 31"" x 19"" Luxury Microfiber Non-Slip Rubber Bath Rug - Super Absorbent Bathroom Carpet with Anti-Skid Back(Moro","1","amazon.com","Amazon","LA MESA","CA","91941-7219","MarketplaceFacilitator","-39.99","-3.10","0","0","0","0","0","0","3.10","4.80","0","0","8.00","-27.19"
"Feb 29, 2020 12:30:00 PM PST","12662538731","Order","111-9140515-2441009","SQ-MS-60-90","Desiderare 35"" x 23"" PVC Door Mat Shoes Scraper - Heavy Duty Doormat - Outdoor Gate Front Entry Pad Rug - Waterproof Easy Clean Mats for Entrance, Gar","1","amazon.com","Amazon","COLORADO SPRINGS","CO","80924-8217","MarketplaceFacilitator","34.55","1.77","8.82","0","0","0","-8.82","0","-1.77","-5.18","-9.78","0","0","19.59"
"Feb 29, 2020 2:15:46 PM PST","12662538731","Order","114-7261178-0562617","1-mc-18","Desiderare Boho Bathroom Rug - 31"" x 19"" Black and White Bathroom Rug - Bathroom Rugs Non Slip - Microfiber Bath Mat - Fluffy Bath Rugs for Bathroom (","1","amazon.com","Amazon","HENDERSON","NV","89002-3411","MarketplaceFacilitator","45.59","3.82","0","0","0","0","0","0","-11.46","-20.52","-9.02","0","0","8.41"
"Feb 29, 2020 2:15:46 PM PST","12662538731","Order","114-7261178-0562617","1-mc-18","Desiderare Boho Bathroom Rug - 31"" x 19"" Black and White Bathroom Rug - Bathroom Rugs Non Slip - Microfiber Bath Mat - Fluffy Bath Rugs for Bathroom (","1","amazon.com","Amazon","HENDERSON","NV","89002-3411","","45.59","3.82","0","0","0","0","0","0","0","0","-9.02","0","0","40.39"
"Feb 29, 2020 2:15:46 PM PST","12662538731","Order","114-7261178-0562617","1-mc-18","Desiderare Boho Bathroom Rug - 31"" x 19"" Black and White Bathroom Rug - Bathroom Rugs Non Slip - Microfiber Bath Mat - Fluffy Bath Rugs for Bathroom (","1","amazon.com","Amazon","HENDERSON","NV","89002-3411","","45.59","3.82","0","0","0","0","0","0","0","0","-9.02","0","0","40.39"
"Feb 29, 2020 2:16:20 PM PST","12662538731","Order","114-1296654-5765831","1-mc-18","Desiderare Boho Bathroom Rug - 31"" x 19"" Black and White Bathroom Rug - Bathroom Rugs Non Slip - Microfiber Bath Mat - Fluffy Bath Rugs for Bathroom (","1","amazon.com","Amazon","HENDERSON","NV","89002-3411","MarketplaceFacilitator","45.59","3.82","0","0","0","0","0","0","-11.46","-20.52","-9.02","0","0","8.41"
"Feb 29, 2020 2:16:20 PM PST","12662538731","Order","114-1296654-5765831","1-mc-18","Desiderare Boho Bathroom Rug - 31"" x 19"" Black and White Bathroom Rug - Bathroom Rugs Non Slip - Microfiber Bath Mat - Fluffy Bath Rugs for Bathroom (","1","amazon.com","Amazon","HENDERSON","NV","89002-3411","","45.59","3.82","0","0","0","0","0","0","0","0","-9.02","0","0","40.39"
"Feb 29, 2020 2:16:20 PM PST","12662538731","Order","114-1296654-5765831","1-mc-18","Desiderare Boho Bathroom Rug - 31"" x 19"" Black and White Bathroom Rug - Bathroom Rugs Non Slip - Microfiber Bath Mat - Fluffy Bath Rugs for Bathroom (","1","amazon.com","Amazon","HENDERSON","NV","89002-3411","","45.59","3.82","0","0","0","0","0","0","0","0","-9.02","0","0","40.39"
"Feb 29, 2020 4:10:36 PM PST","12662538731","Refund","111-7238292-2694606","1-mwh-18","Desiderare Thick Fluffy Boho Bathroom Rug - 31"" x 19"" Luxury Microfiber Bath Mat - Bath Rugs for Bathroom Non Slip - Super Absorbent Black and White B","1","amazon.com","Amazon","SAN CARLOS","CA","94070-4416","MarketplaceFacilitator","-45.59","-4.22","0","0","0","0","0","0","4.22","5.47","0","0","0","-40.12"
"Feb 29, 2020 6:46:42 PM PST","12662538731","Service Fee","","","SellerPayments_Report_Fee_Subscription","","Amazon.com","","","","","","0","0","0","0","0","0","0","0","0","0","0","0","-39.99","-39.99"
"Feb 29, 2020 10:47:15 PM PST","12662538731","Order","113-8321360-7760267","1-mwh-18","Desiderare Thick Fluffy Boho Bathroom Rug - 31"" x 19"" Luxury Microfiber Bath Mat - Bath Rugs for Bathroom Non Slip - Super Absorbent Black and White B","1","amazon.com","Amazon","Clearwater","Florida","33756","","45.59","0","0","0","0","0","0","0","0","-6.84","-9.02","0","0","29.73"
"Feb 29, 2020 11:32:28 PM PST","12662538731","Order","113-8321360-7760267","1-mc-18","Desiderare Boho Bathroom Rug - 31"" x 19"" Black and White Bathroom Rug - Bathroom Rugs Non Slip - Microfiber Bath Mat - Fluffy Bath Rugs for Bathroom (","1","amazon.com","Amazon","Clearwater","Florida","33756","","45.59","0","0","0","0","0","0","0","0","-6.84","-9.02","0","0","29.73"
