﻿"Keyword upload error report"
"Some of your keywords failed to upload. Here's why:"

Keyword,Match Type,Bid,Reason for failure
"kitchen floor mat",Broad,0.49,"Please try again"
"kitchen runner",Broad,0.43,"Please try again"
"anti fatigue mat kitchen",Broad,0.49,"Please try again"
"kitchen rug runner",Broad,0.48,"Please try again"
"kitchen carpets and rugs",Broad,0.34,"Please try again"
"long kitchen mat",Broad,0.41,"Please try again"
"kitchen mat rug",Broad,0.49,"Please try again"
"vinyl floor runner",Broad,0.38,"Please try again"
"runner rug kitchen",Broad,0.53,"Please try again"