﻿ASIN bulk error report
"After fixing the errors below, you can use this file to upload the ASINs (columns B and C will be ignored)."

ASIN not added,Reason,ASIN url
ANTI FATIGUE MAT,ASIN is not valid.,
KITCHEN FLOOR MAT,ASIN is not valid.,
KITCHEN RUNNER,ASIN is not valid.,
ANTI FATIGUE MAT KITCHEN,ASIN is not valid.,
KITCHEN RUG RUNNER,ASIN is not valid.,
KITCHEN CARPETS AND RUGS,ASIN is not valid.,
LONG KITCHEN MAT,ASIN is not valid.,
KITCHEN MAT RUG,ASIN is not valid.,
VINYL FLOOR RUNNER,ASIN is not valid.,
RUNNER RUG KITCHEN,ASIN is not valid.,
KITCHEN RUGS NON SKID,ASIN is not valid.,
RUGS FOR THE KITCHEN,ASIN is not valid.,
FATIGUE MAT KITCHEN,ASIN is not valid.,
KITCHEN FLOOR MATS CUSHIONED,ASIN is not valid.,
ANTI FATIGUE KITCHEN MAT,ASIN is not valid.,
KITCHEN RUGS SETS,ASIN is not valid.,
KITCHEN ANTI FATIGUE MATS,ASIN is not valid.,
KITCHEN RUG WASHABLE,ASIN is not valid.,
KITCHEN RUG ANTI FATIGUE,ASIN is not valid.,
CUSHIONED KITCHEN FLOOR MATS,ASIN is not valid.,
KITCHEN MAT 2 PIECE,ASIN is not valid.,
KITCHEN MAT RUNNER,ASIN is not valid.,
ANTIFATIGUE MATS FOR STANDING,ASIN is not valid.,
KITCHEN ANTI FATIGUE MAT,ASIN is not valid.,
PADDED KITCHEN FLOOR MATS,ASIN is not valid.,
GEL MATS FOR KITCHEN,ASIN is not valid.,
KITCHEN THROW RUGS,ASIN is not valid.,
ANTI FATIGUE KITCHEN MATS,ASIN is not valid.,
SMALL KITCHEN RUGS,ASIN is not valid.,
KITCHEN GEL MAT,ASIN is not valid.,
KITCHEN SINK FLOOR MAT,ASIN is not valid.,
GEL MAT KITCHEN,ASIN is not valid.,
ANTI FATIGUE RUNNER,ASIN is not valid.,
KITCHEN CARPET RUNNER,ASIN is not valid.,
KITCHEN STRESS MAT,ASIN is not valid.,
KITCHEN CUSHION MAT,ASIN is not valid.,
GEL KITCHEN FLOOR MAT,ASIN is not valid.,
KITCHEN MATS CUSHIONED,ASIN is not valid.,
FATIGUE KITCHEN MAT,ASIN is not valid.,
KITCHEN MAT ANTI FATIGUE,ASIN is not valid.,
FLOOR MAT FOR KITCHEN,ASIN is not valid.,
FLOOR MAT KITCHEN,ASIN is not valid.,
KITCHEN MATT FOR FLOOR,ASIN is not valid.,
GEL KITCHEN MATS,ASIN is not valid.,
KITCHEN MAT CUSHIONED,ASIN is not valid.,
KITCHEN MAT WASHABLE,ASIN is not valid.,
CUSHIONED KITCHEN MAT,ASIN is not valid.,
COMFORT KITCHEN MATS,ASIN is not valid.,
FARMHOUSE KITCHEN RUGS,ASIN is not valid.,
ALFOMBRAS PARA COCINA,ASIN is not valid.,
ANTI FATIGUE FLOOR MAT,ASIN is not valid.,
LARGE KITCHEN RUG,ASIN is not valid.,
KITCHEN PADDED FLOOR MAT,ASIN is not valid.,
FARMHOUSE KITCHEN RUG,ASIN is not valid.,
KITCHEN FATIGUE FLOOR MAT,ASIN is not valid.,
WASHABLE KITCHEN RUG,ASIN is not valid.,
KITCHEN RUGS FARMHOUSE,ASIN is not valid.,
CUSHION KITCHEN FLOOR MAT,ASIN is not valid.,
KITCHEN RUBBER MAT,ASIN is not valid.,
KITCHEN RUGS ANTI FATIGUE,ASIN is not valid.,
MATT FOR KITCHEN FLOOR,ASIN is not valid.,
STANDING KITCHEN MAT,ASIN is not valid.,
KITCHEN MATS ANTI FATIGUE,ASIN is not valid.,
NO SLIP KITCHEN MAT,ASIN is not valid.,
KITCHEN FATIGUE MATS,ASIN is not valid.,
KITCHEN MATS NON SLIP,ASIN is not valid.,
FATIGUE KITCHEN MATS,ASIN is not valid.,
NO SLIP KITCHEN RUG,ASIN is not valid.,
ALFOMBRA DE COCINA,ASIN is not valid.,
KITCHEN PADDED MAT,ASIN is not valid.,
FARMHOUSE KITCHEN MATS,ASIN is not valid.,
KITCHEN GEL MATS,ASIN is not valid.,
ANTI FATIQUE MAT,ASIN is not valid.,
KITCHEN RUBBER MATS,ASIN is not valid.,
ROYAL ANTI FATIGUE MAT,ASIN is not valid.,
FATIGUE MATS FOR KITCHEN,ASIN is not valid.,
FLOOR RUNNER FOR KITCHEN,ASIN is not valid.,
FARMHOUSE RUG KITCHEN,ASIN is not valid.,
LONG KITCHEN RUGS,ASIN is not valid.,
KITCHEN THROW RUGS WASHABLE,ASIN is not valid.,
KITCHEN GEL FLOOR MAT,ASIN is not valid.,
ERGONOMIC KITCHEN FLOOR MAT,ASIN is not valid.,
ANTI SLIP KITCHEN MAT,ASIN is not valid.,
ANTI MATS FATIGUE,ASIN is not valid.,
ANTIFATIGUE KITCHEN MATS,ASIN is not valid.,
ANTI FATIGUE KITCHEN RUNNER,ASIN is not valid.,
KITCHEN RUBBER MATS CUSHIONED,ASIN is not valid.,
GEL FOAM KITCHEN MATS,ASIN is not valid.,
KITCHEN STRESS RELIEF MATS,ASIN is not valid.,
CUSHION RUGS FOR KITCHEN,ASIN is not valid.,
LONG ANTI FATIGUE MAT,ASIN is not valid.,
ANTIFATIGUE FLOOR MAT,ASIN is not valid.,
ANTI FATIGUE MAT LONG,ASIN is not valid.,
CARPETS FOR KITCHEN FLOOR,ASIN is not valid.,
ANTIFATIGUE COMFORT MAT,ASIN is not valid.,
CORNER ANTI FATIGUE MAT,ASIN is not valid.,
KITCHEN FLOOR MAT CUSHIONED,ASIN is not valid.,
SMALL KITCHEN FLOOR MAT,ASIN is not valid.,
PRIMITIVE KITCHEN RUGS,ASIN is not valid.,
HEAVY DUTY KITCHEN MATS,ASIN is not valid.,
PADDED KITCHEN RUG,ASIN is not valid.,
FARMHOUSE KITCHEN FLOOR MAT,ASIN is not valid.,
KITCHEN FLOOR MAT LONG,ASIN is not valid.,
GEL RUGS FOR KITCHEN,ASIN is not valid.,
ANTIFATIQUE MATS,ASIN is not valid.,
ANTI FATUGE STANDING MAT,ASIN is not valid.,
DAVID BURKE KITCHEN MAT,ASIN is not valid.,
L SHAPED KITCHEN MAT,ASIN is not valid.,
PIONEER WOMAN KITCHEN RUG,ASIN is not valid.,
FARMHOUSE KITCHEN RUNNER RUG,ASIN is not valid.,
CUTE KITCHEN RUGS,ASIN is not valid.,
COMFORT CHEF KITCHEN MAT,ASIN is not valid.,
KITCHEN MATT CUSHION,ASIN is not valid.,
USTIDE KITCHEN RUG,ASIN is not valid.,
FREESTYLE KITCHEN MAT,ASIN is not valid.,
CORNER RUG FOR KITCHEN,ASIN is not valid.,
L SHAPED CARPET RUNNER,ASIN is not valid.,
KITCHENRUGS AND MATS,ASIN is not valid.,
ALFONBRAS PARA COCINA,ASIN is not valid.,
L SHAPED KITCHEN RUG,ASIN is not valid.,
ANTI FATIGUE MAT ERGONOMIC,ASIN is not valid.,
KITCHENS RUGS,ASIN is not valid.,
VINYL KITCHEN FLOOR MAT,ASIN is not valid.,
