﻿Customer search term,Impressions,Clicks,CTR(%),Spend(USD),CPC(USD),Orders,Sales(USD),ACOS(%),RoAS,Conversion rate
b002sw6aq6,1,1,100,1.08,1.08,0,0.00,,0,0
b01mdqnrc9,4,1,25,0.92,0.92,0,0.00,,0,0
b07g2r115n,2,1,50,1.17,1.17,0,0.00,,0,0
b07kbcv485,2,1,50,0.36,0.36,0,0.00,,0,0
b07xl33bql,6,1,16.6667,0.33,0.33,0,0.00,,0,0
b07xp2hxp4,1,1,100,0.48,0.48,0,0.00,,0,0
b07xrg8zmm,25,1,4,0.35,0.35,0,0.00,,0,0
b07y7q8d6y,5,1,20,0.60,0.60,0,0.00,,0,0
b07yqlyrg5,1,1,100,0.35,0.35,0,0.00,,0,0
b07z5z7gt5,4,1,25,0.59,0.59,0,0.00,,0,0
b07zghg3h1,5,1,20,0.60,0.60,0,0.00,,0,0
christmas door mat,85,4,4.7059,2.54,0.64,0,0.00,,0,0
christmas door mats,101,2,1.9802,2.31,1.16,0,0.00,,0,0
christmas door mats outdoor,6,1,16.6667,1.17,1.17,0,0.00,,0,0
christmas doormat,2241,15,0.6693,14.01,0.93,2,63.98,21.8975,4.5667,13.3333
christmas doormat indoor,5,1,20,0.45,0.45,0,0.00,,0,0
christmas doormat outdoor,49,1,2.0408,0.89,0.89,0,0.00,,0,0
christmas doormats,5,1,20,1.19,1.19,0,0.00,,0,0
christmas doormats outdoor,21,1,4.7619,0.74,0.74,0,0.00,,0,0
christmas floor mats,72,2,2.7778,1.71,0.86,0,0.00,,0,0
christmas indoor rug,1,1,100,0.79,0.79,0,0.00,,0,0
christmas mat,61,2,3.2787,1.68,0.84,0,0.00,,0,0
christmas mats outdoor,4,1,25,1.20,1.20,0,0.00,,0,0
christmas outdoor doormat,111,3,2.7027,3.32,1.11,0,0.00,,0,0
christmas outdoor mats,1,1,100,0.79,0.79,0,0.00,,0,0
christmas outdoor rug,128,2,1.5625,1.40,0.70,0,0.00,,0,0
christmas rug,434,4,0.9217,3.34,0.84,0,0.00,,0,0
christmas rug outdoor,109,3,2.7523,3.24,1.08,0,0.00,,0,0
christmas rugs,881,6,0.681,4.27,0.71,0,0.00,,0,0
christmas rugs for indoors,122,4,3.2787,3.59,0.90,0,0.00,,0,0
christmas rugs for outdoor,4,1,25,1.18,1.18,0,0.00,,0,0
christmas rugs outdoor,107,4,3.7383,4.00,1.00,0,0.00,,0,0
door mat,87,2,2.2989,2.39,1.19,0,0.00,,0,0
door mat indoor,156,1,0.641,1.16,1.16,0,0.00,,0,0
door mat outdoor,12,2,16.6667,2.09,1.05,0,0.00,,0,0
door mat outdoors,3,1,33.3333,0.72,0.72,0,0.00,,0,0
door mats,93,2,2.1505,3.47,1.74,0,0.00,,0,0
door mats outdoor,11,2,18.1818,2.25,1.13,0,0.00,,0,0
entrance mat indoor,9,1,11.1111,0.86,0.86,0,0.00,,0,0
front door mat,78,2,2.5641,2.93,1.47,0,0.00,,0,0
garage mats for door,6,1,16.6667,1.19,1.19,0,0.00,,0,0
indoor door mat,79,1,1.2658,0.68,0.68,0,0.00,,0,0
indoor door mats for front door,2,1,50,1.17,1.17,0,0.00,,0,0
indoor entrance mat,17,1,5.8824,1.19,1.19,0,0.00,,0,0
indoor outdoor mats,27,1,3.7037,2.32,2.32,0,0.00,,0,0
low profile door mat,2,1,50,1.62,1.62,0,0.00,,0,0
low profile outdoor mat,1,1,100,1.19,1.19,0,0.00,,0,0
low-profile mats for entry,2,1,50,2.63,2.63,0,0.00,,0,0
outdoor area rugs,2,1,50,2.14,2.14,0,0.00,,0,0
outdoor christmas door mat,30,2,6.6667,1.59,0.80,0,0.00,,0,0
outdoor christmas doormat,20,1,5,0.44,0.44,0,0.00,,0,0
outdoor christmas mat,49,1,2.0408,0.52,0.52,0,0.00,,0,0
outdoor christmas mats,2,1,50,0.76,0.76,0,0.00,,0,0
outdoor christmas rug,161,4,2.4845,4.04,1.01,0,0.00,,0,0
outdoor christmas rugs,223,1,0.4484,0.71,0.71,1,31.99,2.2194,45.0563,100
outdoor door mat,2,1,50,1.14,1.14,0,0.00,,0,0
outdoor entrance mat,9,1,11.1111,0.53,0.53,0,0.00,,0,0
outdoor floor mats,5,1,20,1.19,1.19,0,0.00,,0,0
outdoor gate mats,2,1,50,0.80,0.80,0,0.00,,0,0
rug christmas,3,1,33.3333,0.58,0.58,0,0.00,,0,0
snow entry rug,1,1,100,0.50,0.50,0,0.00,,0,0
waterproof mats,7,1,14.2857,1.14,1.14,0,0.00,,0,0
waterproof rugs,5,1,20,1.17,1.17,0,0.00,,0,0