﻿Customer search term,Keywords,Match type,Impressions,Clicks,CTR(%),Spend(USD),CPC(USD),Orders,Sales(USD),ACOS(%),RoAS,Conversion rate
bath mat,bath mat,BROAD,408,12,2.9412,9.33,0.78,0,0.00,,0,0
bath rugs,bath rug,BROAD,5,3,60,2.43,0.81,0,0.00,,0,0
bath rug,bath rugs,BROAD,191,3,1.5707,2.12,0.71,0,0.00,,0,0
neutral bathroom rugs,for bathroom rugs,BROAD,3,2,66.6667,1.61,0.81,0,0.00,,0,0
bath rug,bath rug,BROAD,90,2,2.2222,1.60,0.80,0,0.00,,0,0
cute bathroom mat,mat for bathroom,BROAD,6,2,33.3333,1.89,0.95,0,0.00,,0,0
bohemian bathroom rug,bathroom rugs,BROAD,2,2,100,1.69,0.85,0,0.00,,0,0
bath mat cute,bath mat,BROAD,2,2,100,1.40,0.70,0,0.00,,0,0
farmhouse bath mat,bath mat,BROAD,8,2,25,1.58,0.79,0,0.00,,0,0
mudcloth bath mat,bath mat,BROAD,2,2,100,1.32,0.66,0,0.00,,0,0
gray bathroom shag rug,shag bathroom rug,BROAD,3,2,66.6667,1.20,0.60,0,0.00,,0,0
18x60 inch bathroom rug,for bathroom rugs,BROAD,1,1,100,0.69,0.69,0,0.00,,0,0
4x3 bathroom rug,for bathroom rugs,BROAD,2,1,50,0.93,0.93,0,0.00,,0,0
bathroom carpets and rugs,for bathroom rugs,BROAD,1,1,100,0.91,0.91,0,0.00,,0,0
bathroom rug chenille,for bathroom rugs,BROAD,3,1,33.3333,0.72,0.72,0,0.00,,0,0
bathroom rug fun,for bathroom rugs,BROAD,3,1,33.3333,0.35,0.35,0,0.00,,0,0
bathroom rug sayings,for bathroom rugs,BROAD,1,1,100,0.61,0.61,0,0.00,,0,0
bathroom rugs black,for bathroom rugs,BROAD,3,1,33.3333,0.93,0.93,0,0.00,,0,0
bathroom rugs blush,for bathroom rugs,BROAD,2,1,50,0.55,0.55,0,0.00,,0,0
bathroom rugs cream,for bathroom rugs,BROAD,1,1,100,0.92,0.92,0,0.00,,0,0
bathroom rugs tumblr,for bathroom rugs,BROAD,1,1,100,0.37,0.37,0,0.00,,0,0
bathroom toiled rug,for bathroom rugs,BROAD,1,1,100,0.61,0.61,0,0.00,,0,0
beige black bathroom rug,for bathroom rugs,BROAD,1,1,100,0.60,0.60,1,39.99,1.5004,66.65,100
bright bathroom rugs,for bathroom rugs,BROAD,1,1,100,0.59,0.59,0,0.00,,0,0
burgundy bathroom rugs,for bathroom rugs,BROAD,2,1,50,0.61,0.61,0,0.00,,0,0
coastal bathroom rugs,for bathroom rugs,BROAD,2,1,50,0.61,0.61,0,0.00,,0,0
cream bathroom rug,for bathroom rugs,BROAD,2,1,50,0.88,0.88,0,0.00,,0,0
cute bathroom rugs,for bathroom rugs,BROAD,3,1,33.3333,0.38,0.38,0,0.00,,0,0
farmhouse bathroom rug,for bathroom rugs,BROAD,1,1,100,0.35,0.35,0,0.00,,0,0
fish bathroom rug,for bathroom rugs,BROAD,2,1,50,0.60,0.60,0,0.00,,0,0
fringe bathroom rug,for bathroom rugs,BROAD,2,1,50,0.76,0.76,0,0.00,,0,0
indian bathroom rug,for bathroom rugs,BROAD,4,1,25,0.72,0.72,0,0.00,,0,0
long bathroom rugs,for bathroom rugs,BROAD,2,1,50,0.52,0.52,0,0.00,,0,0
native rug bathroom,for bathroom rugs,BROAD,1,1,100,0.87,0.87,0,0.00,,0,0
natural bathroom rug,for bathroom rugs,BROAD,1,1,100,0.92,0.92,0,0.00,,0,0
pretty black bathroom rugs,for bathroom rugs,BROAD,1,1,100,0.84,0.84,0,0.00,,0,0
red bathroom rugs,for bathroom rugs,BROAD,11,1,9.0909,0.93,0.93,0,0.00,,0,0
ruggable bathroom rugs,for bathroom rugs,BROAD,2,1,50,0.93,0.93,0,0.00,,0,0
silly bathroom rug,for bathroom rugs,BROAD,2,1,50,0.93,0.93,0,0.00,,0,0
stylish bathroom rugs,for bathroom rugs,BROAD,2,1,50,0.94,0.94,0,0.00,,0,0
tassel rug bathroom,for bathroom rugs,BROAD,1,1,100,0.77,0.77,0,0.00,,0,0
whote and black bathroom rug 30 by 60,for bathroom rugs,BROAD,1,1,100,0.40,0.40,0,0.00,,0,0
bath rugs for bathroom modern,bathroom rugs modern,BROAD,1,1,100,1.03,1.03,0,0.00,,0,0
modern purple bathroom rugs,bathroom rugs modern,BROAD,2,1,50,1.01,1.01,0,0.00,,0,0
washable bath rug tribal,bath rug,BROAD,1,1,100,0.73,0.73,0,0.00,,0,0
3x4 bath rug,bath rugs,BROAD,1,1,100,0.70,0.70,0,0.00,,0,0
3x7 bath rug,bath rugs,BROAD,1,1,100,0.82,0.82,0,0.00,,0,0
bath rug funny,bath rugs,BROAD,1,1,100,0.82,0.82,0,0.00,,0,0
bath rugs,bath rugs,BROAD,13,1,7.6923,0.83,0.83,0,0.00,,0,0
black and white bath rugs,bath rugs,BROAD,1,1,100,0.82,0.82,0,0.00,,0,0
foam bath rug,bath rugs,BROAD,4,1,25,0.83,0.83,0,0.00,,0,0
harlequin bath rug,bath rugs,BROAD,1,1,100,0.62,0.62,0,0.00,,0,0
india bath rugs,bath rugs,BROAD,7,1,14.2857,0.61,0.61,0,0.00,,0,0
kid bath rug,bath rugs,BROAD,3,1,33.3333,0.82,0.82,0,0.00,,0,0
linen bath rug,bath rugs,BROAD,1,1,100,0.83,0.83,0,0.00,,0,0
morrocan bath rug,bath rugs,BROAD,1,1,100,0.81,0.81,0,0.00,,0,0
pendleton bath rug,bath rugs,BROAD,2,1,50,0.81,0.81,0,0.00,,0,0
pink and gray bath rugs,bath rugs,BROAD,1,1,100,0.54,0.54,0,0.00,,0,0
unusual bath rugs,bath rugs,BROAD,1,1,100,0.82,0.82,0,0.00,,0,0
bath rugs for bathroom with print,bath rugs for bathroom,BROAD,2,1,50,0.68,0.68,0,0.00,,0,0
babe bathroom rug,bathroom rug,BROAD,1,1,100,0.84,0.84,0,0.00,,0,0
bathroom accessory rug,bathroom rug,BROAD,3,1,33.3333,0.83,0.83,0,0.00,,0,0
bathroom decorative rugs,bathroom rug,BROAD,2,1,50,0.84,0.84,0,0.00,,0,0
bathroom rugs design,bathroom rug,BROAD,3,1,33.3333,0.80,0.80,0,0.00,,0,0
bathroom rugs geometric,bathroom rug,BROAD,1,1,100,0.87,0.87,0,0.00,,0,0
fashion rugs for bathroom,bathroom rug,BROAD,1,1,100,0.77,0.77,0,0.00,,0,0
word bathroom rug,bathroom rug,BROAD,1,1,100,0.70,0.70,0,0.00,,0,0
luxury bath mat,luxury bath mats,BROAD,1,1,100,0.87,0.87,0,0.00,,0,0
12” x 18” bathroom mat,mat for bathroom,BROAD,1,1,100,0.76,0.76,0,0.00,,0,0
bathroom floor mat shower,mat for bathroom,BROAD,1,1,100,0.94,0.94,0,0.00,,0,0
bathroom floor mats black,mat for bathroom,BROAD,1,1,100,0.81,0.81,0,0.00,,0,0
bathroom mat black,mat for bathroom,BROAD,2,1,50,0.97,0.97,0,0.00,,0,0
bathroom mat boho,mat for bathroom,BROAD,1,1,100,0.60,0.60,0,0.00,,0,0
bathroom mat dice,mat for bathroom,BROAD,1,1,100,0.36,0.36,0,0.00,,0,0
bathroom mat modern,mat for bathroom,BROAD,2,1,50,0.62,0.62,0,0.00,,0,0
bathroom thin mat,mat for bathroom,BROAD,38,1,2.6316,0.94,0.94,0,0.00,,0,0
bear bathroom mats,mat for bathroom,BROAD,1,1,100,0.71,0.71,0,0.00,,0,0
black&white rubber bathroom mats,mat for bathroom,BROAD,1,1,100,0.73,0.73,0,0.00,,0,0
boho bathroom mat,mat for bathroom,BROAD,2,1,50,0.56,0.56,0,0.00,,0,0
carpet yan syf cotton bathroom mat,mat for bathroom,BROAD,2,1,50,0.97,0.97,0,0.00,,0,0
christmas bathroom mat,mat for bathroom,BROAD,3,1,33.3333,0.59,0.59,0,0.00,,0,0
frosted bathroom mats,mat for bathroom,BROAD,1,1,100,0.97,0.97,0,0.00,,0,0
frozen bathroom mat,mat for bathroom,BROAD,2,1,50,0.82,0.82,0,0.00,,0,0
glamour bathroom mat,mat for bathroom,BROAD,1,1,100,0.90,0.90,0,0.00,,0,0
hollywood bathroom mats,mat for bathroom,BROAD,1,1,100,0.59,0.59,0,0.00,,0,0
kids bathroom mats,mat for bathroom,BROAD,1,1,100,0.97,0.97,0,0.00,,0,0
large bathroom mat 38x 24,mat for bathroom,BROAD,1,1,100,0.61,0.61,0,0.00,,0,0
large bathroom mats,mat for bathroom,BROAD,2,1,50,0.63,0.63,0,0.00,,0,0
microfoam bathroom mat,mat for bathroom,BROAD,2,1,50,0.97,0.97,0,0.00,,0,0
shag bohemian bathroom mats,mat for bathroom,BROAD,1,1,100,0.44,0.44,0,0.00,,0,0
so fresh so clean bathroom mats,mat for bathroom,BROAD,3,1,33.3333,0.40,0.40,0,0.00,,0,0
square bathroom mat,mat for bathroom,BROAD,1,1,100,0.97,0.97,0,0.00,,0,0
striped bathroom mat,mat for bathroom,BROAD,1,1,100,0.97,0.97,0,0.00,,0,0
tempurpedic bathroom mat,mat for bathroom,BROAD,1,1,100,0.57,0.57,0,0.00,,0,0
tiger bathroom mat,mat for bathroom,BROAD,1,1,100,0.72,0.72,0,0.00,,0,0
washable bathroom mats 2x8,mat for bathroom,BROAD,1,1,100,0.97,0.97,0,0.00,,0,0
waterproof bathroom mat,mat for bathroom,BROAD,1,1,100,0.93,0.93,0,0.00,,0,0
white with black bathroom mat,mat for bathroom,BROAD,1,1,100,0.72,0.72,0,0.00,,0,0
24x17 bath mat rug modern design,modern bath mat,BROAD,1,1,100,0.73,0.73,0,0.00,,0,0
mid century modern bath mat,modern bath mat,BROAD,1,1,100,0.61,0.61,0,0.00,,0,0
organic non slip bathroom rug,non slip bathroom rug,BROAD,1,1,100,0.83,0.83,0,0.00,,0,0
gray white bath mat 2x3,white bath mats,BROAD,1,1,100,0.29,0.29,0,0.00,,0,0
bathroom rug eclectic,bathroom rugs,BROAD,1,1,100,0.65,0.65,0,0.00,,0,0
bathroom rug farmhouse,bathroom rugs,BROAD,2,1,50,0.64,0.64,0,0.00,,0,0
bathroom rugs black,bathroom rugs,BROAD,9,1,11.1111,0.93,0.93,0,0.00,,0,0
decorative rug for bathroom,bathroom rugs,BROAD,1,1,100,0.83,0.83,0,0.00,,0,0
khaki bathroom rugs,bathroom rugs,BROAD,1,1,100,0.92,0.92,0,0.00,,0,0
navy bathroom rug,bathroom rugs,BROAD,6,1,16.6667,0.69,0.69,0,0.00,,0,0
nice bathroom rugs,bathroom rugs,BROAD,1,1,100,0.91,0.91,0,0.00,,0,0
patterned bathroom rugs,bathroom rugs,BROAD,3,1,33.3333,0.94,0.94,0,0.00,,0,0
sheepskin bathroom rug,bathroom rugs,BROAD,1,1,100,0.88,0.88,0,0.00,,0,0
winter bathroom rug,bathroom rugs,BROAD,1,1,100,0.94,0.94,0,0.00,,0,0
wooden bathroom rugs,bathroom rugs,BROAD,1,1,100,0.66,0.66,0,0.00,,0,0
black white striped bath mat,black and white bath mat,BROAD,1,1,100,0.34,0.34,0,0.00,,0,0
oversized ivory and black moroccan tassel bath mat,moroccan bath mat,BROAD,1,1,100,0.49,0.49,0,0.00,,0,0
cute bath mats for bathroom,bathroom bath mat,BROAD,1,1,100,0.97,0.97,0,0.00,,0,0
decorative bath mats for bathroom,bathroom bath mat,BROAD,4,1,25,0.95,0.95,0,0.00,,0,0
animal shape bath mats for bathroom,bathroom bath mats,BROAD,1,1,100,0.90,0.90,0,0.00,,0,0
bath mats for bathroom,bathroom bath mats,BROAD,4,1,25,0.97,0.97,0,0.00,,0,0
bohemian bath mats for bathroom,bathroom bath mats,BROAD,1,1,100,0.94,0.94,0,0.00,,0,0
printed bath mats for bathroom,bathroom bath mats,BROAD,1,1,100,0.94,0.94,0,0.00,,0,0
bathrug,bathrugs,BROAD,3,1,33.3333,0.43,0.43,0,0.00,,0,0
brown floor mats for bathroom,floor mats for bathroom,BROAD,1,1,100,0.83,0.83,0,0.00,,0,0
bathroom rug runner thin,rug runner bathroom,BROAD,1,1,100,1.00,1.00,0,0.00,,0,0
bathroom runners rugs,rug runner bathroom,BROAD,7,1,14.2857,0.69,0.69,0,0.00,,0,0
gray bathroom rug runner,rug runner bathroom,BROAD,1,1,100,1.00,1.00,0,0.00,,0,0
kong runner bathroom rug,rug runner bathroom,BROAD,1,1,100,0.60,0.60,0,0.00,,0,0
rug runners bathroom,rug runner bathroom,BROAD,1,1,100,0.88,0.88,0,0.00,,0,0
20x60 bath mat,bath mat,BROAD,1,1,100,0.71,0.71,0,0.00,,0,0
30 inch circle bath mat,bath mat,BROAD,1,1,100,0.76,0.76,0,0.00,,0,0
30x40 bath mat,bath mat,BROAD,1,1,100,0.63,0.63,0,0.00,,0,0
bath mat anthropologie,bath mat,BROAD,1,1,100,0.59,0.59,0,0.00,,0,0
bath mat artistic,bath mat,BROAD,1,1,100,0.78,0.78,0,0.00,,0,0
bath mat black pattern,bath mat,BROAD,1,1,100,0.79,0.79,0,0.00,,0,0
bath mat bohemian,bath mat,BROAD,2,1,50,0.79,0.79,0,0.00,,0,0
bath mat farmhouse,bath mat,BROAD,1,1,100,0.76,0.76,0,0.00,,0,0
bath mat multicolor,bath mat,BROAD,1,1,100,0.73,0.73,0,0.00,,0,0
bath mat patterned,bath mat,BROAD,2,1,50,0.52,0.52,0,0.00,,0,0
bath mat stylish,bath mat,BROAD,1,1,100,0.54,0.54,0,0.00,,0,0
bath mat with design,bath mat,BROAD,1,1,100,0.63,0.63,0,0.00,,0,0
black patterned bath mat,bath mat,BROAD,1,1,100,0.53,0.53,0,0.00,,0,0
bohemian bath mat,bath mat,BROAD,1,1,100,0.81,0.81,1,39.99,2.0255,49.3704,100
cedar bath mat,bath mat,BROAD,1,1,100,0.81,0.81,0,0.00,,0,0
creative bath mat,bath mat,BROAD,1,1,100,0.63,0.63,0,0.00,,0,0
decorative bath mat,bath mat,BROAD,1,1,100,0.78,0.78,0,0.00,,0,0
eco bath mat,bath mat,BROAD,1,1,100,0.44,0.44,0,0.00,,0,0
eyes bath mat,bath mat,BROAD,2,1,50,0.78,0.78,0,0.00,,0,0
fun bath mat,bath mat,BROAD,2,1,50,0.44,0.44,0,0.00,,0,0
fun bath mats,bath mat,BROAD,1,1,100,0.81,0.81,0,0.00,,0,0
garnet bath mat,bath mat,BROAD,2,1,50,0.48,0.48,0,0.00,,0,0
goth bath mat,bath mat,BROAD,2,1,50,0.69,0.69,0,0.00,,0,0
ivory fringe bath mat skid resistant,bath mat,BROAD,1,1,100,0.72,0.72,0,0.00,,0,0
kilim bath mat,bath mat,BROAD,1,1,100,0.64,0.64,0,0.00,,0,0
massaging bath mat,bath mat,BROAD,1,1,100,0.77,0.77,0,0.00,,0,0
modern bath mat,bath mat,BROAD,2,1,50,0.61,0.61,0,0.00,,0,0
morocan bath mat,bath mat,BROAD,1,1,100,0.57,0.57,0,0.00,,0,0
morrocan bath mat,bath mat,BROAD,1,1,100,0.79,0.79,0,0.00,,0,0
moss bath mat,bath mat,BROAD,2,1,50,0.66,0.66,0,0.00,,0,0
mustard bath mat,bath mat,BROAD,1,1,100,0.80,0.80,0,0.00,,0,0
ouija bath mat,bath mat,BROAD,2,1,50,0.60,0.60,1,39.99,1.5004,66.65,100
oversize bath mat,bath mat,BROAD,2,1,50,0.63,0.63,0,0.00,,0,0
oversized bath mats,bath mat,BROAD,1,1,100,0.57,0.57,0,0.00,,0,0
palmistry bath mat,bath mat,BROAD,2,1,50,0.63,0.63,0,0.00,,0,0
peach bath mat,bath mat,BROAD,2,1,50,0.39,0.39,0,0.00,,0,0
platinum bath mat,bath mat,BROAD,1,1,100,0.81,0.81,0,0.00,,0,0
scandinavian bath mat,bath mat,BROAD,1,1,100,0.66,0.66,0,0.00,,0,0
tassle bath mat,bath mat,BROAD,1,1,100,0.61,0.61,0,0.00,,0,0
teakwood bath mats,bath mat,BROAD,2,1,50,0.58,0.58,0,0.00,,0,0
unique bath mat,bath mat,BROAD,1,1,100,0.73,0.73,0,0.00,,0,0
white and black bath mat,bath mat,BROAD,1,1,100,0.79,0.79,0,0.00,,0,0
winter sky color bath mat,bath mat,BROAD,2,1,50,0.80,0.80,0,0.00,,0,0
boho bath mat,bath mat boho,BROAD,1,1,100,0.64,0.64,0,0.00,,0,0
bathroom shag rugs,shag bathroom rug,BROAD,19,1,5.2632,0.88,0.88,0,0.00,,0,0