﻿Date,Start Date,End Date,Portfolio name,Campaign Type,Campaign Name,Status,Currency,Budget,Targeting Type,Bidding strategy,Impressions,Clicks,Click-Thru Rate (CTR),Spend,Cost Per Click (CPC),7 Day Total Orders (#),"Total Advertising Cost of Sales (ACoS) ","7 Day Total Sales "
"Jan 1, 2019","Nov 15, 2018",,No Portfolio,Sponsored Products,B07JMT389Q,PAUSED,USD,$1.0,Manual targeting,Dynamic bids - down only,71880,297,0.41%,$171.64,$0.5779124999999999,5,58.12%,$295.34
"Jan 1, 2019","Nov 15, 2018",,No Portfolio,Sponsored Products,"31\"" x 19\""  - key words 1 manual",ENABLED,USD,$4.0,Manual targeting,Dynamic bids - down only,67027,312,0.47%,$164.33,$0.5266987000000001,8,25.58%,$642.46
"Jan 1, 2019","Nov 16, 2018",,No Portfolio,Sponsored Products,214 bedside mat auto,PAUSED,USD,$10.0,Automatic targeting,Dynamic bids - down only,14961,24,0.16%,$14.24,$0.5933333,0,0.00%,$0.0
"Jan 1, 2019","Nov 15, 2018",,No Portfolio,Sponsored Products,"63\"" x 27.5\"" -key words 3 manual",ENABLED,USD,$3.0,Manual targeting,Dynamic bids - down only,60386,291,0.48%,$166.76,$0.5730584000000001,4,72.68%,$229.45
"Jan 1, 2019","Nov 13, 2018",,No Portfolio,Sponsored Products,kitchen mat-214-auto-hw key words,PAUSED,USD,$1.0,Manual targeting,Dynamic bids - down only,37076,432,1.17%,$203.74,$0.4716204,9,26.68%,$763.77
"Jan 1, 2019","Nov 10, 2018",,No Portfolio,Sponsored Products,214 mat-bathroom mat auto,PAUSED,USD,$6.0,Automatic targeting,Dynamic bids - down only,58095,349,0.60%,$203.95,$0.584384,7,55.55%,$367.12
"Feb 1, 2019","Nov 10, 2018",,No Portfolio,Sponsored Products,214 mat-bathroom mat auto,PAUSED,USD,$6.0,Automatic targeting,Dynamic bids - down only,94855,281,0.30%,$165.99,$0.5907117000000001,1,361.71%,$45.89
"Feb 1, 2019","Nov 13, 2018",,No Portfolio,Sponsored Products,kitchen mat-214-auto-hw key words,PAUSED,USD,$1.0,Manual targeting,Dynamic bids - down only,42052,333,0.79%,$168.43,$0.5057958,5,57.38%,$293.55
"Feb 1, 2019","Nov 15, 2018",,No Portfolio,Sponsored Products,B07JMT389Q,PAUSED,USD,$1.0,Manual targeting,Dynamic bids - down only,72065,253,0.35%,$157.12,$0.6210277,6,53.20%,$295.34
"Feb 1, 2019","Nov 16, 2018",,No Portfolio,Sponsored Products,214 bedside mat auto,PAUSED,USD,$10.0,Automatic targeting,Dynamic bids - down only,15872,15,0.10%,$8.38,$0.5586667,0,0.00%,$0.0
"Feb 1, 2019","Nov 15, 2018",,No Portfolio,Sponsored Products,"31\"" x 19\""  - key words 1 manual",ENABLED,USD,$4.0,Manual targeting,Dynamic bids - down only,101280,270,0.27%,$153.08,$0.566963,7,40.94%,$373.93
"Feb 1, 2019","Nov 15, 2018",,No Portfolio,Sponsored Products,"63\"" x 27.5\"" -key words 3 manual",ENABLED,USD,$3.0,Manual targeting,Dynamic bids - down only,82527,260,0.32%,$161.97,$0.6229615,5,60.11%,$269.45
"Mar 1, 2019","Nov 10, 2018",,No Portfolio,Sponsored Products,214 mat-bathroom mat auto,PAUSED,USD,$6.0,Automatic targeting,Dynamic bids - down only,212619,249,0.12%,$137.17,$0.5508835,0,0.00%,$0.0
"Mar 1, 2019","Nov 15, 2018",,No Portfolio,Sponsored Products,"63\"" x 27.5\"" -key words 3 manual",ENABLED,USD,$3.0,Manual targeting,Dynamic bids - down only,188035,178,0.10%,$110.94,$0.6232584,2,84.19%,$131.78
"Mar 1, 2019","Nov 15, 2018",,No Portfolio,Sponsored Products,B07JMT389Q,PAUSED,USD,$1.0,Manual targeting,Dynamic bids - down only,97988,144,0.15%,$78.45,$0.5447917,0,0.00%,$0.0
"Mar 1, 2019","Nov 15, 2018",,No Portfolio,Sponsored Products,"31\"" x 19\""  - key words 1 manual",ENABLED,USD,$4.0,Manual targeting,Dynamic bids - down only,118424,191,0.16%,$89.63,$0.469267,1,136.03%,$65.89
"Mar 1, 2019","Nov 16, 2018",,No Portfolio,Sponsored Products,214 bedside mat auto,PAUSED,USD,$10.0,Automatic targeting,Dynamic bids - down only,24225,16,0.07%,$8.85,$0.553125,0,0.00%,$0.0
"Mar 1, 2019","Nov 13, 2018",,No Portfolio,Sponsored Products,kitchen mat-214-auto-hw key words,PAUSED,USD,$1.0,Manual targeting,Dynamic bids - down only,56584,349,0.62%,$185.65,$0.5319484,4,79.11%,$234.66
"Apr 1, 2019","Nov 15, 2018",,No Portfolio,Sponsored Products,"31\"" x 19\""  - key words 1 manual",ENABLED,USD,$4.0,Manual targeting,Dynamic bids - down only,21805,43,0.20%,$19.64,$0.4567442,0,0.00%,$0.0
"Apr 1, 2019","Nov 16, 2018",,No Portfolio,Sponsored Products,214 bedside mat auto,PAUSED,USD,$10.0,Automatic targeting,Dynamic bids - down only,1831,3,0.16%,$1.01,$0.33666670000000004,0,0.00%,$0.0
"Apr 1, 2019","Nov 10, 2018",,No Portfolio,Sponsored Products,214 mat-bathroom mat auto,PAUSED,USD,$6.0,Automatic targeting,Dynamic bids - down only,22875,30,0.13%,$14.97,$0.499,0,0.00%,$0.0
"Apr 1, 2019","Nov 15, 2018",,No Portfolio,Sponsored Products,"63\"" x 27.5\"" -key words 3 manual",ENABLED,USD,$3.0,Manual targeting,Dynamic bids - down only,38602,37,0.10%,$16.3,$0.44054049999999995,0,0.00%,$0.0
"Apr 1, 2019","Nov 13, 2018",,No Portfolio,Sponsored Products,kitchen mat-214-auto-hw key words,PAUSED,USD,$1.0,Manual targeting,Dynamic bids - down only,79819,362,0.45%,$180.12,$0.4975691,3,102.13%,$176.37
"Apr 1, 2019","Nov 15, 2018",,No Portfolio,Sponsored Products,B07JMT389Q,PAUSED,USD,$1.0,Manual targeting,Dynamic bids - down only,34953,42,0.12%,$21.11,$0.5026189999999999,0,0.00%,$0.0
"May 1, 2019","Nov 13, 2018",,No Portfolio,Sponsored Products,kitchen mat-214-auto-hw key words,PAUSED,USD,$1.0,Manual targeting,Dynamic bids - down only,66235,389,0.59%,$187.61,$0.4822879,7,45.54%,$411.93
"May 1, 2019","Nov 10, 2018",,No Portfolio,Sponsored Products,214 mat-bathroom mat auto,PAUSED,USD,$6.0,Automatic targeting,Dynamic bids - down only,1667,2,0.12%,$0.99,$0.495,0,0.00%,$0.0
"May 1, 2019","Nov 15, 2018",,No Portfolio,Sponsored Products,"31\"" x 19\""  - key words 1 manual",ENABLED,USD,$4.0,Manual targeting,Dynamic bids - down only,10985,13,0.12%,$7.32,$0.5630769,0,0.00%,$0.0
"May 1, 2019","Nov 15, 2018",,No Portfolio,Sponsored Products,B07JMT389Q,PAUSED,USD,$1.0,Manual targeting,Dynamic bids - down only,21870,25,0.11%,$12.47,$0.4988,1,18.93%,$65.89
"May 1, 2019","Nov 15, 2018",,No Portfolio,Sponsored Products,"63\"" x 27.5\"" -key words 3 manual",ENABLED,USD,$3.0,Manual targeting,Dynamic bids - down only,14419,7,0.05%,$2.37,$0.3385714,0,0.00%,$0.0
"Jun 1, 2019","Nov 13, 2018",,No Portfolio,Sponsored Products,kitchen mat-214-auto-hw key words,PAUSED,USD,$1.0,Manual targeting,Dynamic bids - down only,78692,510,0.65%,$290.72,$0.5700392,15,38.21%,$760.85
"Jun 1, 2019","Nov 16, 2018",,No Portfolio,Sponsored Products,214 bedside mat auto,PAUSED,USD,$10.0,Automatic targeting,Dynamic bids - down only,784,4,0.51%,$2.15,$0.5375,0,0.00%,$0.0
"Jun 1, 2019","Nov 15, 2018",,No Portfolio,Sponsored Products,"63\"" x 27.5\"" -key words 3 manual",ENABLED,USD,$3.0,Manual targeting,Dynamic bids - down only,39387,53,0.14%,$28.16,$0.5313208,0,0.00%,$0.0
"Jun 1, 2019","Nov 15, 2018",,No Portfolio,Sponsored Products,B07JMT389Q,PAUSED,USD,$1.0,Manual targeting,Dynamic bids - down only,61689,83,0.14%,$48.48,$0.5840964000000001,0,0.00%,$0.0
"Jun 1, 2019","Nov 10, 2018",,No Portfolio,Sponsored Products,214 mat-bathroom mat auto,PAUSED,USD,$6.0,Automatic targeting,Dynamic bids - down only,16297,31,0.19%,$16.7,$0.5387097,0,0.00%,$0.0
"Jun 1, 2019","Nov 15, 2018",,No Portfolio,Sponsored Products,"31\"" x 19\""  - key words 1 manual",ENABLED,USD,$4.0,Manual targeting,Dynamic bids - down only,25186,47,0.19%,$22.41,$0.47680849999999997,0,0.00%,$0.0
"Jul 1, 2019","Nov 15, 2018",,No Portfolio,Sponsored Products,"63\"" x 27.5\"" -key words 3 manual",ENABLED,USD,$3.0,Manual targeting,Dynamic bids - down only,55230,72,0.13%,$45.93,$0.6379167,2,45.08%,$101.88
"Jul 1, 2019","Nov 15, 2018",,No Portfolio,Sponsored Products,B07JMT389Q,PAUSED,USD,$1.0,Manual targeting,Dynamic bids - down only,49414,73,0.15%,$43.63,$0.5976712,2,60.61%,$71.98
"Jul 1, 2019","Nov 15, 2018",,No Portfolio,Sponsored Products,"31\"" x 19\""  - key words 1 manual",ENABLED,USD,$4.0,Manual targeting,Dynamic bids - down only,27458,51,0.19%,$27.26,$0.5345098,2,26.76%,$101.88
"Jul 1, 2019","Nov 13, 2018",,No Portfolio,Sponsored Products,kitchen mat-214-auto-hw key words,PAUSED,USD,$1.0,Manual targeting,Dynamic bids - down only,93403,445,0.48%,$243.05,$0.5461798,4,119.75%,$202.96
"Aug 1, 2019","Nov 15, 2018",,No Portfolio,Sponsored Products,B07JMT389Q,PAUSED,USD,$1.0,Manual targeting,Dynamic bids - down only,26167,74,0.28%,$46.43,$0.6274324,1,129.01%,$35.99
"Aug 1, 2019","Nov 15, 2018",,No Portfolio,Sponsored Products,"63\"" x 27.5\"" -key words 3 manual",ENABLED,USD,$3.0,Manual targeting,Dynamic bids - down only,39306,69,0.18%,$39.54,$0.5730435,1,109.86%,$35.99
"Aug 1, 2019","Aug 22, 2019",,No Portfolio,Sponsored Products,B07JMDZBSR,ENABLED,USD,$3.0,Automatic targeting,Dynamic bids - down only,5043,35,0.69%,$17.97,$0.5134286,3,11.75%,$152.97
"Aug 1, 2019","Nov 13, 2018",,No Portfolio,Sponsored Products,kitchen mat-214-auto-hw key words,PAUSED,USD,$1.0,Manual targeting,Dynamic bids - down only,49608,185,0.37%,$91.92,$0.4968649,1,180.27%,$50.99
"Aug 1, 2019","Nov 15, 2018",,No Portfolio,Sponsored Products,"31\"" x 19\""  - key words 1 manual",ENABLED,USD,$4.0,Manual targeting,Dynamic bids - down only,34651,154,0.44%,$96.3,$0.6253247000000001,4,50.70%,$189.95
"Sep 1, 2019","Aug 22, 2019",,No Portfolio,Sponsored Products,B07JMDZBSR,ENABLED,USD,$3.0,Automatic targeting,Dynamic bids - down only,39688,194,0.49%,$111.23,$0.5733505,6,36.48%,$304.94
"Sep 1, 2019","Nov 15, 2018",,No Portfolio,Sponsored Products,"63\"" x 27.5\"" -key words 3 manual",ENABLED,USD,$3.0,Manual targeting,Dynamic bids - down only,28407,51,0.18%,$29.03,$0.5692157,0,0.00%,$0.0
"Sep 1, 2019","Nov 15, 2018",,No Portfolio,Sponsored Products,"31\"" x 19\""  - key words 1 manual",ENABLED,USD,$4.0,Manual targeting,Dynamic bids - down only,24363,128,0.53%,$82.36,$0.6434375,1,205.95%,$39.99
"Sep 1, 2019","Sep 10, 2019",,No Portfolio,Sponsored Products,SQ doormat 自动,PAUSED,USD,$2.5,Automatic targeting,Dynamic bids - down only,17082,30,0.18%,$29.77,$0.9923333,0,0.00%,$0.0
"Sep 1, 2019","Sep 10, 2019",,No Portfolio,Sponsored Products,DL门垫自动,ENABLED,USD,$2.0,Automatic targeting,Dynamic bids - down only,12774,19,0.15%,$29.58,$1.5568421000000001,0,0.00%,$0.0
"Sep 1, 2019","Sep 10, 2019",,No Portfolio,Sponsored Products,XP自动,PAUSED,USD,$2.5,Automatic targeting,Dynamic bids - down only,12720,30,0.24%,$37.11,$1.237,0,0.00%,$0.0
"Sep 1, 2019","Nov 15, 2018",,No Portfolio,Sponsored Products,B07JMT389Q,PAUSED,USD,$1.0,Manual targeting,Dynamic bids - down only,10996,42,0.38%,$20.95,$0.49880949999999996,0,0.00%,$0.0
"Sep 1, 2019","Nov 13, 2018",,No Portfolio,Sponsored Products,kitchen mat-214-auto-hw key words,PAUSED,USD,$1.0,Manual targeting,Dynamic bids - down only,6953,29,0.42%,$13.45,$0.46379309999999996,0,0.00%,$0.0
"Sep 1, 2019","Sep 11, 2019",,No Portfolio,Sponsored Products,Kitchen Mat,PAUSED,USD,$2.5,Automatic targeting,Dynamic bids - down only,16579,119,0.72%,$60.27,$0.5064706,1,118.20%,$50.99
"Sep 1, 2019","Sep 10, 2019",,No Portfolio,Sponsored Products,YSD自动,PAUSED,USD,$2.5,Automatic targeting,Dynamic bids - down only,8767,21,0.24%,$32.92,$1.5676189999999999,0,0.00%,$0.0
"Oct 1, 2019","Oct 13, 2019",,No Portfolio,Sponsored Products,B07JMDZBSR Auto,PAUSED,USD,$2.0,Automatic targeting,Dynamic bids - down only,2512,22,0.88%,$10.56,$0.48,0,0.00%,$0.0
"Oct 1, 2019","Sep 10, 2019",,No Portfolio,Sponsored Products,YSD自动,PAUSED,USD,$2.5,Automatic targeting,Dynamic bids - down only,5856,17,0.29%,$32.94,$1.9376471000000002,0,0.00%,$0.0
"Oct 1, 2019","Sep 10, 2019",,No Portfolio,Sponsored Products,XP自动,PAUSED,USD,$2.5,Automatic targeting,Dynamic bids - down only,3264,15,0.46%,$31.79,$2.1193333,0,0.00%,$0.0
"Oct 1, 2019","Nov 15, 2018",,No Portfolio,Sponsored Products,"63\"" x 27.5\"" -key words 3 manual",ENABLED,USD,$3.0,Manual targeting,Dynamic bids - down only,35703,70,0.20%,$33.59,$0.4798571,2,42.00%,$79.98
"Oct 1, 2019","Oct 22, 2019",,No Portfolio,Sponsored Products,"31\"" x 19\""-Auto",ENABLED,USD,$3.0,Automatic targeting,Dynamic bids - down only,4642,21,0.45%,$9.82,$0.46761899999999995,0,0.00%,$0.0
"Oct 1, 2019","Oct 9, 2019",,No Portfolio,Sponsored Products,B07JMDZBSR Manual,PAUSED,USD,$2.0,Manual targeting,Dynamic bids - down only,8223,57,0.69%,$32.08,$0.5628070000000001,1,64.17%,$49.99
"Oct 1, 2019","Aug 22, 2019",,No Portfolio,Sponsored Products,B07JMDZBSR,ENABLED,USD,$3.0,Automatic targeting,Dynamic bids - down only,14829,92,0.62%,$62.86,$0.6832609,1,123.28%,$50.99
"Oct 1, 2019","Oct 9, 2019",,No Portfolio,Sponsored Products,YSD 简约风,ENABLED,USD,$3.0,Automatic targeting,Dynamic bids - up and down,72422,179,0.25%,$234.35,$1.3092179,6,101.04%,$231.94
"Oct 1, 2019","Sep 11, 2019",,No Portfolio,Sponsored Products,Kitchen Mat,PAUSED,USD,$2.5,Automatic targeting,Dynamic bids - down only,6967,52,0.75%,$28.26,$0.5434615,0,0.00%,$0.0
"Oct 1, 2019","Oct 10, 2019",,No Portfolio,Sponsored Products,SQ 自动,ENABLED,USD,$2.5,Automatic targeting,Dynamic bids - up and down,44534,94,0.21%,$97.97,$1.0422339999999999,3,102.08%,$95.97
"Oct 1, 2019","Oct 15, 2019",,No Portfolio,Sponsored Products,XP Auto,PAUSED,USD,$1.5,Automatic targeting,Dynamic bids - down only,11330,30,0.27%,$37.93,$1.2643332999999999,0,0.00%,$0.0
"Oct 1, 2019","Nov 15, 2018",,No Portfolio,Sponsored Products,"31\"" x 19\""  - key words 1 manual",ENABLED,USD,$4.0,Manual targeting,Dynamic bids - down only,18581,99,0.53%,$62.88,$0.6351515,1,157.24%,$39.99
"Oct 1, 2019","Sep 10, 2019",,No Portfolio,Sponsored Products,SQ doormat 自动,PAUSED,USD,$2.5,Automatic targeting,Dynamic bids - down only,529,0,0.00%,$0.0,$0.0,0,0.00%,$0.0
"Oct 1, 2019","Sep 10, 2019",,No Portfolio,Sponsored Products,DL门垫自动,ENABLED,USD,$2.0,Automatic targeting,Dynamic bids - down only,17399,23,0.13%,$37.96,$1.6504348,0,0.00%,$0.0
"Nov 1, 2019","Nov 5, 2019",,No Portfolio,Sponsored Products,YSD手动,ENABLED,USD,$3.5,Manual targeting,Dynamic bids - down only,12017,66,0.55%,$54.72,$0.8290909000000001,1,136.83%,$39.99
"Nov 1, 2019","Nov 15, 2018",,No Portfolio,Sponsored Products,"63\"" x 27.5\"" -key words 3 manual",ENABLED,USD,$3.0,Manual targeting,Dynamic bids - down only,109446,147,0.13%,$74.44,$0.5063946,4,39.19%,$189.95
"Nov 1, 2019","Nov 6, 2019",,No Portfolio,Sponsored Products,清仓厨房垫,ENABLED,USD,$3.0,Automatic targeting,Dynamic bids - down only,26940,136,0.51%,$75.01,$0.5515441,2,83.36%,$89.98
"Nov 1, 2019","Oct 10, 2019",,No Portfolio,Sponsored Products,SQ 自动,ENABLED,USD,$2.5,Automatic targeting,Dynamic bids - up and down,81511,72,0.09%,$92.8,$1.2888889000000001,4,72.52%,$127.96
"Nov 1, 2019","Nov 20, 2019",,No Portfolio,Sponsored Products,YSD Pure Bath Mats,ENABLED,USD,$3.0,Automatic targeting,Dynamic bids - down only,3607,8,0.22%,$3.95,$0.49375,0,0.00%,$0.0
"Nov 1, 2019","Sep 10, 2019",,No Portfolio,Sponsored Products,DL门垫自动,ENABLED,USD,$2.0,Automatic targeting,Dynamic bids - down only,55377,78,0.14%,$68.28,$0.8753846,3,71.15%,$95.97
"Nov 1, 2019","Aug 22, 2019",,No Portfolio,Sponsored Products,B07JMDZBSR,ENABLED,USD,$3.0,Automatic targeting,Dynamic bids - down only,22249,168,0.76%,$101.02,$0.6013094999999999,2,101.04%,$99.98
"Nov 1, 2019","Nov 5, 2019",,No Portfolio,Sponsored Products,SQ 手动,ENABLED,USD,$2.0,Manual targeting,Dynamic bids - down only,763,2,0.26%,$1.29,$0.645,0,0.00%,$0.0
"Nov 1, 2019","Nov 28, 2019",,No Portfolio,Sponsored Products,B07JMT389Q(Enjoy Life) - Keyword Target,PAUSED,USD,$2.0,Manual targeting,Dynamic bids - down only,1,0,0.00%,$0.0,$0.0,0,0.00%,$0.0
"Nov 1, 2019","Oct 9, 2019",,No Portfolio,Sponsored Products,YSD 简约风,ENABLED,USD,$3.0,Automatic targeting,Dynamic bids - up and down,49985,137,0.27%,$156.48,$1.1421898,0,0.00%,$0.0
"Nov 1, 2019","Nov 15, 2018",,No Portfolio,Sponsored Products,"31\"" x 19\""  - key words 1 manual",ENABLED,USD,$4.0,Manual targeting,Dynamic bids - down only,28422,158,0.56%,$90.06,$0.57,2,128.69%,$69.98
"Nov 1, 2019","Oct 15, 2019",,No Portfolio,Sponsored Products,XP Auto,PAUSED,USD,$1.5,Automatic targeting,Dynamic bids - down only,166,0,0.00%,$0.0,$0.0,0,0.00%,$0.0
"Nov 1, 2019","Oct 22, 2019",,No Portfolio,Sponsored Products,"31\"" x 19\""-Auto",ENABLED,USD,$3.0,Automatic targeting,Dynamic bids - down only,39704,103,0.26%,$69.68,$0.6765049000000001,4,43.56%,$159.95
"Dec 1, 2019","Nov 5, 2019",,No Portfolio,Sponsored Products,YSD手动,ENABLED,USD,$3.5,Manual targeting,Dynamic bids - down only,1107,4,0.36%,$3.88,$0.97,1,9.70%,$39.99
"Dec 1, 2019","Nov 5, 2019",,No Portfolio,Sponsored Products,SQ 手动,ENABLED,USD,$2.0,Manual targeting,Dynamic bids - down only,44,0,0.00%,$0.0,$0.0,0,0.00%,$0.0
"Dec 1, 2019","Nov 15, 2018",,No Portfolio,Sponsored Products,"31\"" x 19\""  - key words 1 manual",ENABLED,USD,$4.0,Manual targeting,Dynamic bids - down only,1570,7,0.45%,$4.31,$0.6157143,1,10.78%,$39.99
"Dec 1, 2019","Nov 20, 2019",,No Portfolio,Sponsored Products,YSD Pure Bath Mats,ENABLED,USD,$3.0,Automatic targeting,Dynamic bids - down only,330,2,0.61%,$1.13,$0.565,0,0.00%,$0.0
"Dec 1, 2019","Nov 15, 2018",,No Portfolio,Sponsored Products,"63\"" x 27.5\"" -key words 3 manual",ENABLED,USD,$3.0,Manual targeting,Dynamic bids - down only,6459,6,0.09%,$2.81,$0.46833329999999995,0,0.00%,$0.0
"Dec 1, 2019","Oct 10, 2019",,No Portfolio,Sponsored Products,SQ 自动,ENABLED,USD,$2.5,Automatic targeting,Dynamic bids - up and down,2073,2,0.10%,$3.52,$1.76,0,0.00%,$0.0
"Dec 1, 2019","Aug 22, 2019",,No Portfolio,Sponsored Products,B07JMDZBSR,ENABLED,USD,$3.0,Automatic targeting,Dynamic bids - down only,1387,13,0.94%,$8.06,$0.62,0,0.00%,$0.0
"Dec 1, 2019","Oct 9, 2019",,No Portfolio,Sponsored Products,YSD 简约风,ENABLED,USD,$3.0,Automatic targeting,Dynamic bids - up and down,1102,3,0.27%,$2.2,$0.7333333000000001,0,0.00%,$0.0
"Dec 1, 2019","Oct 22, 2019",,No Portfolio,Sponsored Products,"31\"" x 19\""-Auto",ENABLED,USD,$3.0,Automatic targeting,Dynamic bids - down only,2301,4,0.17%,$1.74,$0.435,1,4.35%,$39.99
"Dec 1, 2019","Sep 10, 2019",,No Portfolio,Sponsored Products,DL门垫自动,ENABLED,USD,$2.0,Automatic targeting,Dynamic bids - down only,3032,4,0.13%,$2.18,$0.545,0,0.00%,$0.0
"Dec 1, 2019","Nov 6, 2019",,No Portfolio,Sponsored Products,清仓厨房垫,ENABLED,USD,$3.0,Automatic targeting,Dynamic bids - down only,1102,8,0.73%,$4.91,$0.61375,0,0.00%,$0.0
