"return-date","order-id","sku","asin","fnsku","product-name","quantity","fulfillment-center-id","detailed-disposition","reason","status","license-plate-number","customer-comments"
"2020-01-03T06:08:06+00:00","111-2253250-9190644","0Y-KRAZ-EDMI","B07JMT389Q","X001XKWM0X","2 Piece Non-Slip Anti-Fatigue Kitchen Mat - (17.7"" x 29.5""+17.7"" x 59"") Soft Non Skid Throw Rugs Runner Carpet for Kitchen Hallway Entryway and Bedroo","1","TUS1","DEFECTIVE","DEFECTIVE","Unit returned to inventory","LPNPM136717687","the material was not that one i expected"
"2020-01-03T02:26:19+00:00","111-3975745-6909869","YSD-NIW-50-80","B07VW6J6N5","X0029DM36V","Desiderare Thick Fluffy Microfiber Bath Mat - 31"" x 19"" Anti-Fatigue Shaggy�Comfort Bath Rug - Super Absorbent Bathroom Carpet - Non-Slip Luxury Plus","1","TUS1","SELLABLE","UNWANTED_ITEM","Unit returned to inventory","LPNPM126708710",
"2020-01-02T20:31:16+00:00","114-0154398-3806615","0Y-KRAZ-EDMI","B07JMT389Q","X001XKWM0X","2 Piece Non-Slip Anti-Fatigue Kitchen Mat - (17.7"" x 29.5""+17.7"" x 59"") Soft Non Skid Throw Rugs Runner Carpet for Kitchen Hallway Entryway and Bedroo","1","TUS1","SELLABLE","NOT_AS_DESCRIBED","Unit returned to inventory","LPNPM126740797","the color not accurate as the picture"
"2020-01-02T01:30:01+00:00","114-5760056-0197846","1-wm-18","B07JGCH5CC","B07JGCH5CC","Anti-Fatigue Kitchen Mat | Pack of 2 | 2 Sizes| Professionally Designed | PVC Synthetic Fiber | Super Fashionable | Oil Prevent | Double Sided | (Whit","1","CVG2","DEFECTIVE","NOT_AS_DESCRIBED","Unit returned to inventory","LPNRR867821029","The print quality is different."
"2019-12-31T21:36:51+00:00","112-2938153-6249868","DL-DQ-60-90","B07VW6HLVP","X0029H3JGZ","Desiderare 35"" x 23"" Christmas Door Mats Rubber Backing Non Slip - Heavy Duty Doormats for High Traffic Areas - Shoe Scraper Pet Mat - Indoor Outdoor","1","TUS1","CUSTOMER_DAMAGED","DEFECTIVE","Unit returned to inventory","LPNPM126974072",
"2019-12-31T21:32:44+00:00","113-6955799-8760227","M4-LSWE-EXF8","B07L3VSQCT","X001Z2NBQ3","2 Piece Non-Slip Anti-Fatigue Kitchen Mat - (17.7"" x 29.5""+17.7"" x 59"") Soft Non Skid Throw Rugs Runner Carpet for Kitchen Hallway Entryway and Bedroo","1","CVG2","SELLABLE","UNWANTED_ITEM","Unit returned to inventory","LPNRR867903406",
"2019-12-30T21:33:43+00:00","112-5799548-2765035","1-mwh-18","B07JJ3HGSN","B07JJ3HGSN","Desiderare Thick Fluffy Washroom Mat - 31"" x 19"" Luxury Microfiber Non-Slip Rubber Bath Rug - Super Absorbent Bathroom Carpet with Anti-Skid Back (Mor","1","CVG2","CUSTOMER_DAMAGED","UNWANTED_ITEM","Unit returned to inventory","LPNRR869937054",
"2019-12-30T01:17:30+00:00","113-2654990-9549059","DL-DQ-60-90","B07VW6HLVP","X0029H3JGZ","Desiderare 35"" x 23"" Christmas Door Mats Rubber Backing Non Slip - Heavy Duty Doormats for High Traffic Areas - Shoe Scraper Pet Mat - Indoor Outdoor","1","CVG2","CUSTOMER_DAMAGED","DEFECTIVE","Unit returned to inventory","LPNRR879932227",
"2019-12-30T01:15:26+00:00","113-7630868-2574645","DL-DQ-60-90","B07VW6HLVP","X0029H3JGZ","Desiderare 35"" x 23"" Christmas Door Mats Rubber Backing Non Slip - Heavy Duty Doormats for High Traffic Areas - Shoe Scraper Pet Mat - Indoor Outdoor","1","CVG2","SELLABLE","DEFECTIVE","Unit returned to inventory","LPNRR879932226",
"2019-12-29T22:27:42+00:00","113-3523749-4781032","1-mwh-18","B07JJ3HGSN","B07JJ3HGSN","Desiderare Thick Fluffy Washroom Mat - 31"" x 19"" Luxury Microfiber Non-Slip Rubber Bath Rug - Super Absorbent Bathroom Carpet with Anti-Skid Back (Mor","1","TUS1","DEFECTIVE","NOT_AS_DESCRIBED","Unit returned to inventory","LPNPM126717758","It says WHITE but its kinda cream."
"2019-12-24T07:27:37+00:00","113-1421060-4290610","YH-UMKR-8PI5","B07KK3RQNV","X001YID8UH","2 Piece Non-Slip Anti-Fatigue Kitchen Mat - (17.7"" x 29.5""+17.7"" x 59"") Soft Non Skid Throw Rugs Runner Carpet for Kitchen Hallway Entryway and Bedroo","1","LEX2","CUSTOMER_DAMAGED","MISSED_ESTIMATED_DELIVERY","Unit returned to inventory","LPNRR844201967",
"2019-12-24T04:53:18+00:00","112-0047140-6977870","1-mwh-18","B07JJ3HGSN","B07JJ3HGSN","Desiderare Thick Fluffy Washroom Mat - 31"" x 19"" Luxury Microfiber Non-Slip Rubber Bath Rug - Super Absorbent Bathroom Carpet with Anti-Skid Back (Mor","1","TUS1","CUSTOMER_DAMAGED","UNWANTED_ITEM","Unit returned to inventory","LPNPM126843858",
"2019-12-23T19:57:39+00:00","111-0116882-3685050","YH-UMKR-8PI5","B07KK3RQNV","X001YID8UH","2 Piece Non-Slip Anti-Fatigue Kitchen Mat - (17.7"" x 29.5""+17.7"" x 59"") Soft Non Skid Throw Rugs Runner Carpet for Kitchen Hallway Entryway and Bedroo","1","LAS2","CUSTOMER_DAMAGED","NOT_AS_DESCRIBED","Unit returned to inventory","LPNRR861793504",
"2019-12-23T15:27:55+00:00","112-5580956-7512233","CL-PIWX-DDRG","B07L3WFM1C","X001Z2O1PX","2 Piece Non-Slip Anti-Fatigue Kitchen Mat - (17.7"" x 29.5""+17.7"" x 59"") Soft Non Skid Throw Rugs Runner Carpet for Kitchen Hallway Entryway and Bedroo","1","CVG2","CUSTOMER_DAMAGED","DEFECTIVE","Unit returned to inventory","LPNRR869826902",
"2019-12-22T09:18:03+00:00","114-0154398-3806615","P0-YVWS-B6V6","B07JMDZBSR","X001XJNZ69","2 Piece Non-slip Anti-Fatigue Kitchen Mat - (17.7"" x 29.5""+17.7"" x 59"") Soft Non Skid Throw Rugs Runner Carpet for Kitchen Hallway Entryway and Bedroo","1","TUS1","SELLABLE","NOT_AS_DESCRIBED","Unit returned to inventory","LPNPM126452579","the color not accurate as the picture"
"2019-12-21T20:24:10+00:00","112-2523245-2673837","0Y-KRAZ-EDMI","B07JMT389Q","X001XKWM0X","2 Piece Non-Slip Anti-Fatigue Kitchen Mat - (17.7"" x 29.5""+17.7"" x 59"") Soft Non Skid Throw Rugs Runner Carpet for Kitchen Hallway Entryway and Bedroo","1","CVG2","SELLABLE","ORDERED_WRONG_ITEM","Unit returned to inventory","LPNRR882699858",
"2019-12-21T20:24:10+00:00","112-2523245-2673837","0Y-KRAZ-EDMI","B07JMT389Q","X001XKWM0X","2 Piece Non-Slip Anti-Fatigue Kitchen Mat - (17.7"" x 29.5""+17.7"" x 59"") Soft Non Skid Throw Rugs Runner Carpet for Kitchen Hallway Entryway and Bedroo","1","CVG2","SELLABLE","ORDERED_WRONG_ITEM","Unit returned to inventory","LPNRR882699857",
"2019-12-21T20:11:03+00:00","113-0206199-8547433","CL-PIWX-DDRG","B07L3WFM1C","B07L3WFM1C","2 Piece Non-Slip Anti-Fatigue Kitchen Mat - (17.7"" x 29.5""+17.7"" x 59"") Soft Non Skid Throw Rugs Runner Carpet for Kitchen Hallway Entryway and Bedroo","1","CVG2","CUSTOMER_DAMAGED","UNWANTED_ITEM","Unit returned to inventory","LPNRR867819282",
"2019-12-19T12:52:44+00:00","113-9847543-6322640","YH-UMKR-8PI5","B07KK3RQNV","X001YID8UH","2 Piece Non-Slip Anti-Fatigue Kitchen Mat - (17.7"" x 29.5""+17.7"" x 59"") Soft Non Skid Throw Rugs Runner Carpet for Kitchen Hallway Entryway and Bedroo","1","IND8","SELLABLE","UNWANTED_ITEM","Unit returned to inventory","LPNN615911503",
"2019-12-18T07:11:56+00:00","114-9659185-4760202","UH-GXSV-MK9W","B07L3YG763","X001Z0IG29","2 Piece Non-Slip Anti-Fatigue Kitchen Mat - (17.7"" x 29.5""+17.7"" x 59"") Soft Non Skid Throw Rugs Runner Carpet for Kitchen Hallway Entryway and Bedroo","1","IND8","SELLABLE","UNWANTED_ITEM","Unit returned to inventory","LPNN621390379",
"2019-12-10T12:43:21+00:00","114-6438751-4598618","1-mwh-18","B07JJ3HGSN","B07JJ3HGSN","Desiderare Thick Fluffy Washroom Mat - 31"" x 19"" Luxury Microfiber Non-Slip Rubber Bath Rug - Super Absorbent Bathroom Carpet with Anti-Skid Back (Mor","1","CVG2","CUSTOMER_DAMAGED","UNWANTED_ITEM","Unit returned to inventory","LPNRR875654490",
"2019-12-10T12:43:21+00:00","114-6438751-4598618","1-mwh-18","B07JJ3HGSN","B07JJ3HGSN","Desiderare Thick Fluffy Washroom Mat - 31"" x 19"" Luxury Microfiber Non-Slip Rubber Bath Rug - Super Absorbent Bathroom Carpet with Anti-Skid Back (Mor","1","CVG2","CUSTOMER_DAMAGED","UNWANTED_ITEM","Unit returned to inventory","LPNRR875654491",
"2019-12-08T00:15:18+00:00","114-2947236-0290645","1-mwh-18","B07JJ3HGSN","B07JJ3HGSN","Desiderare Thick Fluffy Washroom Mat - 31"" x 19"" Luxury Microfiber Non-Slip Rubber Bath Rug - Super Absorbent Bathroom Carpet with Anti-Skid Back (Mor","1","TUS1","SELLABLE","MISSED_ESTIMATED_DELIVERY","Unit returned to inventory","LPNPM135675071",
"2019-12-06T18:11:33+00:00","111-6168726-0557821","1-mwh-18","B07JJ3HGSN","B07JJ3HGSN","Desiderare Thick Fluffy Washroom Mat - 31"" x 19"" Luxury Microfiber Non-Slip Rubber Bath Rug - Super Absorbent Bathroom Carpet with Anti-Skid Back (Mor","1","CVG2","CUSTOMER_DAMAGED","NOT_AS_DESCRIBED","Unit returned to inventory","LPNRR875568293",
"2019-12-04T21:43:17+00:00","111-4730979-4411460","1-mc-18","B07JJC4NTT","B07JJC4NTT","Desiderare Thick Fluffy Washroom Mat - 31"" x 19"" Luxury Microfiber Non-Slip Rubber Bath Rug - Super Absorbent Bathroom Carpet with Anti-Skid Back(Moro","1","LAS2","SELLABLE","NOT_AS_DESCRIBED","Unit returned to inventory","LPNRR850450723",
"2019-12-04T21:43:17+00:00","111-4730979-4411460","1-mc-18","B07JJC4NTT","B07JJC4NTT","Desiderare Thick Fluffy Washroom Mat - 31"" x 19"" Luxury Microfiber Non-Slip Rubber Bath Rug - Super Absorbent Bathroom Carpet with Anti-Skid Back(Moro","1","LAS2","SELLABLE","NOT_AS_DESCRIBED","Unit returned to inventory","LPNRR850450726",
"2019-12-02T03:30:42+00:00","112-7284248-0167456","1-mc-18","B07JJC4NTT","B07JJC4NTT","Desiderare Thick Fluffy Washroom Mat - 31"" x 19"" Luxury Microfiber Non-Slip Rubber Bath Rug - Super Absorbent Bathroom Carpet with Anti-Skid Back(Moro","1","TUS1","SELLABLE","DEFECTIVE","Unit returned to inventory","LPNPM132421825","moves around and not fluffy enough."
"2019-12-01T15:47:13+00:00","111-6763824-2785827","YH-UMKR-8PI5","B07KK3RQNV","X001YID8UH","2 Piece Non-Slip Anti-Fatigue Kitchen Mat - (17.7"" x 29.5""+17.7"" x 59"") Soft Non Skid Throw Rugs Runner Carpet for Kitchen Hallway Entryway and Bedroo","1","LAS2","CUSTOMER_DAMAGED","UNWANTED_ITEM","Unit returned to inventory","LPNRR855122225",
