﻿State,Campaigns,Status,Type,Targeting,Campaign bidding strategy,Start date,End date,Portfolio,Budget(USD),Impressions,Clicks,CTR(%),Spend(USD),CPC(USD),Orders,Sales(USD),ACOS(%)
ENABLED,YSD 简约风,CAMPAIGN_STATUS_ENABLED,SP,AUTOMATIC,Dynamic bids - up and down,10/9/19,,,3.00,117145,296,0.2527,373.71,1.26,6,231.94,161.1236
ENABLED,SQ 自动,CAMPAIGN_STATUS_ENABLED,SP,AUTOMATIC,Dynamic bids - up and down,10/10/19,,,2.50,98635,153,0.1551,172.25,1.13,5,159.95,107.6899
ENABLED,B07JMDZBSR,OUT_OF_BUDGET,SP,AUTOMATIC,Dynamic bids - down only,8/22/19,,,3.00,32499,224,0.6893,141.09,0.63,3,150.97,93.4557
ENABLED,"31"" x 19""  - key words 1 manual",CAMPAIGN_STATUS_ENABLED,SP,MANUAL,Dynamic bids - down only,11/15/18,,,4.00,40134,220,0.5482,131.02,0.60,3,109.97,119.1416
ENABLED,"63"" x 27.5"" -key words 3 manual",CAMPAIGN_STATUS_ENABLED,SP,MANUAL,Dynamic bids - down only,11/15/18,,,3.00,103409,183,0.177,93.14,0.51,6,269.93,34.5052
ENABLED,DL门垫自动,CAMPAIGN_STATUS_ENABLED,SP,AUTOMATIC,Dynamic bids - down only,9/10/19,,,2.00,63556,84,0.1322,92.27,1.10,1,31.99,288.4339
ENABLED,"31"" x 19""-Auto",CAMPAIGN_STATUS_ENABLED,SP,AUTOMATIC,Dynamic bids - down only,10/22/19,,,3.00,28795,107,0.3716,68.54,0.64,2,89.97,76.1809
ENABLED,清仓厨房垫,OUT_OF_BUDGET,SP,AUTOMATIC,Dynamic bids - down only,11/6/19,,,3.00,25109,111,0.4421,60.27,0.54,2,89.98,66.9816
PAUSED,XP Auto,CAMPAIGN_PAUSED,SP,AUTOMATIC,Dynamic bids - down only,10/15/19,,,1.50,11496,30,0.261,37.93,1.26,0,0.00,0
ENABLED,YSD手动,CAMPAIGN_STATUS_ENABLED,SP,MANUAL,Dynamic bids - down only,11/5/19,,,3.50,7258,43,0.5924,34.24,0.80,1,39.99,85.6214
PAUSED,YSD自动,CAMPAIGN_PAUSED,SP,AUTOMATIC,Dynamic bids - down only,9/10/19,,,2.50,5856,17,0.2903,32.94,1.94,0,0.00,0
PAUSED,B07JMDZBSR Manual,CAMPAIGN_PAUSED,SP,MANUAL,Dynamic bids - down only,10/9/19,,,2.00,8223,57,0.6932,32.08,0.56,1,49.99,64.1728
PAUSED,XP自动,CAMPAIGN_PAUSED,SP,AUTOMATIC,Dynamic bids - down only,9/10/19,,,2.50,3264,15,0.4596,31.79,2.12,0,0.00,0
PAUSED,Kitchen Mat,CAMPAIGN_PAUSED,SP,AUTOMATIC,Dynamic bids - down only,9/11/19,,,2.50,6967,52,0.7464,28.26,0.54,0,0.00,0
PAUSED,B07JMDZBSR Auto,CAMPAIGN_PAUSED,SP,AUTOMATIC,Dynamic bids - down only,10/13/19,,,2.00,2512,22,0.8758,10.56,0.48,0,0.00,0
ENABLED,YSD Pure Bath Mats,CAMPAIGN_STATUS_ENABLED,SP,AUTOMATIC,Dynamic bids - down only,11/20/19,,,3.00,2067,2,0.0968,1.03,0.52,0,0.00,0
ENABLED,SQ 手动,CAMPAIGN_STATUS_ENABLED,SP,MANUAL,Dynamic bids - down only,11/5/19,,,2.00,522,1,0.1916,0.61,0.61,0,0.00,0
PAUSED,214 kitchen mat- dream light-manual,CAMPAIGN_PAUSED,SP,MANUAL,Dynamic bids - down only,11/14/18,,,10.00,0,0,0,0.00,0.00,0,0.00,0
PAUSED,214 kitchen mat- black marble manual,CAMPAIGN_PAUSED,SP,MANUAL,Dynamic bids - down only,11/14/18,,,10.00,0,0,0,0.00,0.00,0,0.00,0
PAUSED,214 bedside mat - plant auto,CAMPAIGN_PAUSED,SP,AUTOMATIC,Dynamic bids - down only,11/16/18,,,5.00,0,0,0,0.00,0.00,0,0.00,0
PAUSED,214 mat-kitchen mat manual,CAMPAIGN_PAUSED,SP,MANUAL,Dynamic bids - down only,11/10/18,,,10.00,0,0,0,0.00,0.00,0,0.00,0
PAUSED,long tail words 1128,CAMPAIGN_PAUSED,SP,MANUAL,Dynamic bids - down only,11/28/18,,,30.00,0,0,0,0.00,0.00,0,0.00,0
PAUSED,长尾词,CAMPAIGN_PAUSED,SP,MANUAL,Dynamic bids - down only,11/27/18,,,15.00,0,0,0,0.00,0.00,0,0.00,0
PAUSED,214 kitchen mat -white marble manual,CAMPAIGN_PAUSED,SP,MANUAL,Dynamic bids - down only,11/14/18,,,10.00,0,0,0,0.00,0.00,0,0.00,0
PAUSED,214 mat-bathroom mat auto,CAMPAIGN_PAUSED,SP,AUTOMATIC,Dynamic bids - down only,11/10/18,,,6.00,0,0,0,0.00,0.00,0,0.00,0
PAUSED,214 mat - high cost,CAMPAIGN_PAUSED,SP,AUTOMATIC,Dynamic bids - down only,11/11/18,,,10.00,0,0,0,0.00,0.00,0,0.00,0
PAUSED,kitchen mat-214-auto-hw key words,CAMPAIGN_PAUSED,SP,MANUAL,Dynamic bids - down only,11/13/18,,,1.00,0,0,0,0.00,0.00,0,0.00,0
PAUSED,214 bedside mat - sunshine smile,CAMPAIGN_PAUSED,SP,AUTOMATIC,Dynamic bids - down only,11/16/18,,,5.00,0,0,0,0.00,0.00,0,0.00,0
PAUSED,214 bedside mat auto,CAMPAIGN_PAUSED,SP,AUTOMATIC,Dynamic bids - down only,11/16/18,,,10.00,0,0,0,0.00,0.00,0,0.00,0
PAUSED,B07JMT389Q,CAMPAIGN_PAUSED,SP,MANUAL,Dynamic bids - down only,11/15/18,,,1.00,0,0,0,0.00,0.00,0,0.00,0
PAUSED,214 bedside mat perfect day auto,CAMPAIGN_PAUSED,SP,AUTOMATIC,Dynamic bids - down only,11/16/18,,,5.00,0,0,0,0.00,0.00,0,0.00,0
PAUSED,214 mat- kitchen mat auto,CAMPAIGN_PAUSED,SP,AUTOMATIC,Dynamic bids - down only,11/10/18,,,15.00,0,0,0,0.00,0.00,0,0.00,0
PAUSED,214 kitchen mat- enjoy life manual,CAMPAIGN_PAUSED,SP,MANUAL,Dynamic bids - down only,11/14/18,,,10.00,0,0,0,0.00,0.00,0,0.00,0
PAUSED,214 mat- bedside mat auto,CAMPAIGN_PAUSED,SP,AUTOMATIC,Dynamic bids - down only,11/10/18,,,5.00,0,0,0,0.00,0.00,0,0.00,0
PAUSED,214 kitchen mat- dream light,CAMPAIGN_PAUSED,SP,MANUAL,Dynamic bids - down only,11/14/18,,,5.00,0,0,0,0.00,0.00,0,0.00,0
PAUSED,YSD manual,CAMPAIGN_PAUSED,SP,MANUAL,Dynamic bids - down only,11/6/19,,,3.00,0,0,0,0.00,0.00,0,0.00,0
PAUSED,Christmas throw rugs,CAMPAIGN_PAUSED,SP,MANUAL,Dynamic bids - down only,12/6/18,,,15.00,0,0,0,0.00,0.00,0,0.00,0
PAUSED,SQ doormat 自动,CAMPAIGN_PAUSED,SP,AUTOMATIC,Dynamic bids - down only,9/10/19,,,2.50,529,0,0,0.00,0.00,0,0.00,0