﻿State,Campaigns,Status,Type,Targeting,Campaign bidding strategy,Start date,End date,Portfolio,Budget(USD),Impressions,Clicks,CTR(%),Spend(USD),CPC(USD),Orders,Sales(USD),ACOS(%)
ENABLED,"63"" x 27.5"" -key words 3 manual",CAMPAIGN_STATUS_ENABLED,SP,MANUAL,Dynamic bids - down only,11/15/18,,,3.00,67549,113,0.1673,59.55,0.53,4,189.95,31.3504
ENABLED,"31"" x 19""-Auto",CAMPAIGN_STATUS_ENABLED,SP,AUTOMATIC,Dynamic bids - down only,10/22/19,,,3.00,24122,86,0.3565,58.72,0.68,2,89.97,65.2662
ENABLED,"31"" x 19""  - key words 1 manual",CAMPAIGN_STATUS_ENABLED,SP,MANUAL,Dynamic bids - down only,11/15/18,,,4.00,21322,118,0.5534,66.72,0.57,2,69.98,95.3415
ENABLED,清仓厨房垫,OUT_OF_BUDGET,SP,AUTOMATIC,Dynamic bids - down only,11/6/19,,,3.00,25110,111,0.4421,60.27,0.54,2,89.98,66.9816
ENABLED,SQ 自动,CAMPAIGN_STATUS_ENABLED,SP,AUTOMATIC,Dynamic bids - up and down,10/10/19,,,2.50,53369,59,0.1106,74.28,1.26,2,63.98,116.0988
ENABLED,B07JMDZBSR,OUT_OF_BUDGET,SP,AUTOMATIC,Dynamic bids - down only,8/22/19,,,3.00,17673,132,0.7469,78.23,0.59,2,99.98,78.2456
ENABLED,DL门垫自动,CAMPAIGN_STATUS_ENABLED,SP,AUTOMATIC,Dynamic bids - down only,9/10/19,,,2.00,45833,61,0.1331,54.31,0.89,1,31.99,169.7718
ENABLED,YSD手动,CAMPAIGN_STATUS_ENABLED,SP,MANUAL,Dynamic bids - down only,11/5/19,,,3.50,7239,43,0.594,34.24,0.80,1,39.99,85.6214
PAUSED,XP Auto,CAMPAIGN_PAUSED,SP,AUTOMATIC,Dynamic bids - down only,10/15/19,,,1.50,166,0,0,0.00,0.00,0,0.00,0
PAUSED,214 kitchen mat- dream light-manual,CAMPAIGN_PAUSED,SP,MANUAL,Dynamic bids - down only,11/14/18,,,10.00,0,0,0,0.00,0.00,0,0.00,0
ENABLED,SQ 手动,CAMPAIGN_STATUS_ENABLED,SP,MANUAL,Dynamic bids - down only,11/5/19,,,2.00,520,1,0.1923,0.61,0.61,0,0.00,0
PAUSED,B07JMDZBSR Auto,CAMPAIGN_PAUSED,SP,AUTOMATIC,Dynamic bids - down only,10/13/19,,,2.00,0,0,0,0.00,0.00,0,0.00,0
PAUSED,214 kitchen mat- black marble manual,CAMPAIGN_PAUSED,SP,MANUAL,Dynamic bids - down only,11/14/18,,,10.00,0,0,0,0.00,0.00,0,0.00,0
ENABLED,YSD 简约风,CAMPAIGN_STATUS_ENABLED,SP,AUTOMATIC,Dynamic bids - up and down,10/9/19,,,3.00,44711,117,0.2617,139.36,1.19,0,0.00,0
ENABLED,YSD Pure Bath Mats,CAMPAIGN_STATUS_ENABLED,SP,AUTOMATIC,Dynamic bids - down only,11/20/19,,,3.00,2063,2,0.0969,1.03,0.52,0,0.00,0
PAUSED,214 bedside mat - plant auto,CAMPAIGN_PAUSED,SP,AUTOMATIC,Dynamic bids - down only,11/16/18,,,5.00,0,0,0,0.00,0.00,0,0.00,0
PAUSED,214 mat-kitchen mat manual,CAMPAIGN_PAUSED,SP,MANUAL,Dynamic bids - down only,11/10/18,,,10.00,0,0,0,0.00,0.00,0,0.00,0
PAUSED,long tail words 1128,CAMPAIGN_PAUSED,SP,MANUAL,Dynamic bids - down only,11/28/18,,,30.00,0,0,0,0.00,0.00,0,0.00,0
PAUSED,长尾词,CAMPAIGN_PAUSED,SP,MANUAL,Dynamic bids - down only,11/27/18,,,15.00,0,0,0,0.00,0.00,0,0.00,0
PAUSED,Kitchen Mat,CAMPAIGN_PAUSED,SP,AUTOMATIC,Dynamic bids - down only,9/11/19,,,2.50,0,0,0,0.00,0.00,0,0.00,0
PAUSED,YSD自动,CAMPAIGN_PAUSED,SP,AUTOMATIC,Dynamic bids - down only,9/10/19,,,2.50,0,0,0,0.00,0.00,0,0.00,0
PAUSED,214 kitchen mat -white marble manual,CAMPAIGN_PAUSED,SP,MANUAL,Dynamic bids - down only,11/14/18,,,10.00,0,0,0,0.00,0.00,0,0.00,0
PAUSED,214 mat-bathroom mat auto,CAMPAIGN_PAUSED,SP,AUTOMATIC,Dynamic bids - down only,11/10/18,,,6.00,0,0,0,0.00,0.00,0,0.00,0
PAUSED,B07JMDZBSR Manual,CAMPAIGN_PAUSED,SP,MANUAL,Dynamic bids - down only,10/9/19,,,2.00,0,0,0,0.00,0.00,0,0.00,0
PAUSED,214 mat - high cost,CAMPAIGN_PAUSED,SP,AUTOMATIC,Dynamic bids - down only,11/11/18,,,10.00,0,0,0,0.00,0.00,0,0.00,0
PAUSED,kitchen mat-214-auto-hw key words,CAMPAIGN_PAUSED,SP,MANUAL,Dynamic bids - down only,11/13/18,,,1.00,0,0,0,0.00,0.00,0,0.00,0
PAUSED,XP自动,CAMPAIGN_PAUSED,SP,AUTOMATIC,Dynamic bids - down only,9/10/19,,,2.50,0,0,0,0.00,0.00,0,0.00,0
PAUSED,214 bedside mat - sunshine smile,CAMPAIGN_PAUSED,SP,AUTOMATIC,Dynamic bids - down only,11/16/18,,,5.00,0,0,0,0.00,0.00,0,0.00,0
PAUSED,214 bedside mat auto,CAMPAIGN_PAUSED,SP,AUTOMATIC,Dynamic bids - down only,11/16/18,,,10.00,0,0,0,0.00,0.00,0,0.00,0
PAUSED,B07JMT389Q,CAMPAIGN_PAUSED,SP,MANUAL,Dynamic bids - down only,11/15/18,,,1.00,0,0,0,0.00,0.00,0,0.00,0
PAUSED,214 bedside mat perfect day auto,CAMPAIGN_PAUSED,SP,AUTOMATIC,Dynamic bids - down only,11/16/18,,,5.00,0,0,0,0.00,0.00,0,0.00,0
PAUSED,214 mat- kitchen mat auto,CAMPAIGN_PAUSED,SP,AUTOMATIC,Dynamic bids - down only,11/10/18,,,15.00,0,0,0,0.00,0.00,0,0.00,0
PAUSED,214 kitchen mat- enjoy life manual,CAMPAIGN_PAUSED,SP,MANUAL,Dynamic bids - down only,11/14/18,,,10.00,0,0,0,0.00,0.00,0,0.00,0
PAUSED,214 mat- bedside mat auto,CAMPAIGN_PAUSED,SP,AUTOMATIC,Dynamic bids - down only,11/10/18,,,5.00,0,0,0,0.00,0.00,0,0.00,0
PAUSED,214 kitchen mat- dream light,CAMPAIGN_PAUSED,SP,MANUAL,Dynamic bids - down only,11/14/18,,,5.00,0,0,0,0.00,0.00,0,0.00,0
PAUSED,YSD manual,CAMPAIGN_PAUSED,SP,MANUAL,Dynamic bids - down only,11/6/19,,,3.00,0,0,0,0.00,0.00,0,0.00,0
PAUSED,Christmas throw rugs,CAMPAIGN_PAUSED,SP,MANUAL,Dynamic bids - down only,12/6/18,,,15.00,0,0,0,0.00,0.00,0,0.00,0
PAUSED,SQ doormat 自动,CAMPAIGN_PAUSED,SP,AUTOMATIC,Dynamic bids - down only,9/10/19,,,2.50,0,0,0,0.00,0.00,0,0.00,0