﻿Date,Start Date,End Date,Portfolio name,Campaign Type,Campaign Name,Status,Currency,Budget,Targeting Type,Bidding strategy,Impressions,Clicks,Click-Thru Rate (CTR),Spend,Cost Per Click (CPC),7 Day Total Orders (#),"Total Advertising Cost of Sales (ACoS) ","7 Day Total Sales "
"Oct 23, 2019","Nov 15, 2018",,No Portfolio,Sponsored Products,"31\"" x 19\""  - key words 1 manual",ENABLED,USD,$4.0,Manual targeting,Dynamic bids - down only,726,4,0.55%,$2.15,$0.5375,0,0.00%,$0.0
"Oct 23, 2019","Oct 22, 2019",,No Portfolio,Sponsored Products,"31\"" x 19\""-Auto",ENABLED,USD,$3.0,Automatic targeting,Dynamic bids - down only,123,3,2.44%,$1.35,$0.45,0,0.00%,$0.0
"Oct 23, 2019","Oct 10, 2019",,No Portfolio,Sponsored Products,SQ 自动,ENABLED,USD,$2.5,Automatic targeting,Dynamic bids - up and down,1322,3,0.23%,$2.74,$0.9133333,0,0.00%,$0.0
"Oct 23, 2019","Oct 9, 2019",,No Portfolio,Sponsored Products,YSD 简约风,ENABLED,USD,$3.0,Automatic targeting,Dynamic bids - up and down,3776,9,0.24%,$7.95,$0.8833333,0,0.00%,$0.0
"Oct 23, 2019","Oct 15, 2019",,No Portfolio,Sponsored Products,XP Auto,PAUSED,USD,$1.5,Automatic targeting,Dynamic bids - down only,329,1,0.30%,$0.55,$0.55,0,0.00%,$0.0
"Oct 23, 2019","Oct 9, 2019",,No Portfolio,Sponsored Products,B07JMDZBSR Manual,PAUSED,USD,$2.0,Manual targeting,Dynamic bids - down only,312,3,0.96%,$1.94,$0.6466666999999999,0,0.00%,$0.0
"Oct 23, 2019","Nov 15, 2018",,No Portfolio,Sponsored Products,"63\"" x 27.5\"" -key words 3 manual",ENABLED,USD,$3.0,Manual targeting,Dynamic bids - down only,578,1,0.17%,$0.11,$0.11,0,0.00%,$0.0
"Oct 24, 2019","Oct 9, 2019",,No Portfolio,Sponsored Products,YSD 简约风,ENABLED,USD,$3.0,Automatic targeting,Dynamic bids - up and down,7930,9,0.11%,$10.56,$1.1733333000000001,0,0.00%,$0.0
"Oct 24, 2019","Oct 22, 2019",,No Portfolio,Sponsored Products,"31\"" x 19\""-Auto",ENABLED,USD,$3.0,Automatic targeting,Dynamic bids - down only,197,2,1.02%,$1.3,$0.65,0,0.00%,$0.0
"Oct 24, 2019","Nov 15, 2018",,No Portfolio,Sponsored Products,"63\"" x 27.5\"" -key words 3 manual",ENABLED,USD,$3.0,Manual targeting,Dynamic bids - down only,795,2,0.25%,$0.82,$0.41,0,0.00%,$0.0
"Oct 24, 2019","Oct 15, 2019",,No Portfolio,Sponsored Products,XP Auto,PAUSED,USD,$1.5,Automatic targeting,Dynamic bids - down only,278,1,0.36%,$0.9,$0.9,0,0.00%,$0.0
"Oct 24, 2019","Nov 15, 2018",,No Portfolio,Sponsored Products,"31\"" x 19\""  - key words 1 manual",ENABLED,USD,$4.0,Manual targeting,Dynamic bids - down only,1633,3,0.18%,$2.12,$0.7066667,1,5.30%,$39.99
"Oct 24, 2019","Oct 9, 2019",,No Portfolio,Sponsored Products,B07JMDZBSR Manual,PAUSED,USD,$2.0,Manual targeting,Dynamic bids - down only,582,3,0.52%,$2.01,$0.67,0,0.00%,$0.0
"Oct 24, 2019","Oct 10, 2019",,No Portfolio,Sponsored Products,SQ 自动,ENABLED,USD,$2.5,Automatic targeting,Dynamic bids - up and down,1345,3,0.22%,$2.66,$0.8866666999999999,0,0.00%,$0.0
"Oct 25, 2019","Oct 22, 2019",,No Portfolio,Sponsored Products,"31\"" x 19\""-Auto",ENABLED,USD,$3.0,Automatic targeting,Dynamic bids - down only,848,2,0.24%,$0.5,$0.25,0,0.00%,$0.0
"Oct 25, 2019","Oct 15, 2019",,No Portfolio,Sponsored Products,XP Auto,PAUSED,USD,$1.5,Automatic targeting,Dynamic bids - down only,61,0,0.00%,$0.0,$0.0,0,0.00%,$0.0
"Oct 25, 2019","Oct 10, 2019",,No Portfolio,Sponsored Products,SQ 自动,ENABLED,USD,$2.5,Automatic targeting,Dynamic bids - up and down,3060,3,0.10%,$3.87,$1.29,0,0.00%,$0.0
"Oct 25, 2019","Nov 15, 2018",,No Portfolio,Sponsored Products,"63\"" x 27.5\"" -key words 3 manual",ENABLED,USD,$3.0,Manual targeting,Dynamic bids - down only,1472,5,0.34%,$2.35,$0.47,1,5.88%,$39.99
"Oct 25, 2019","Nov 15, 2018",,No Portfolio,Sponsored Products,"31\"" x 19\""  - key words 1 manual",ENABLED,USD,$4.0,Manual targeting,Dynamic bids - down only,376,3,0.80%,$2.52,$0.84,0,0.00%,$0.0
"Oct 25, 2019","Oct 9, 2019",,No Portfolio,Sponsored Products,YSD 简约风,ENABLED,USD,$3.0,Automatic targeting,Dynamic bids - up and down,2705,6,0.22%,$10.62,$1.77,0,0.00%,$0.0
"Oct 26, 2019","Oct 10, 2019",,No Portfolio,Sponsored Products,SQ 自动,ENABLED,USD,$2.5,Automatic targeting,Dynamic bids - up and down,2207,4,0.18%,$5.23,$1.3075,1,16.35%,$31.99
"Oct 26, 2019","Oct 15, 2019",,No Portfolio,Sponsored Products,XP Auto,PAUSED,USD,$1.5,Automatic targeting,Dynamic bids - down only,68,0,0.00%,$0.0,$0.0,0,0.00%,$0.0
"Oct 26, 2019","Oct 22, 2019",,No Portfolio,Sponsored Products,"31\"" x 19\""-Auto",ENABLED,USD,$3.0,Automatic targeting,Dynamic bids - down only,898,2,0.22%,$1.01,$0.505,0,0.00%,$0.0
"Oct 26, 2019","Nov 15, 2018",,No Portfolio,Sponsored Products,"63\"" x 27.5\"" -key words 3 manual",ENABLED,USD,$3.0,Manual targeting,Dynamic bids - down only,921,4,0.43%,$2.41,$0.6025,0,0.00%,$0.0
"Oct 26, 2019","Nov 15, 2018",,No Portfolio,Sponsored Products,"31\"" x 19\""  - key words 1 manual",ENABLED,USD,$4.0,Manual targeting,Dynamic bids - down only,1087,5,0.46%,$3.08,$0.616,0,0.00%,$0.0
"Oct 26, 2019","Oct 9, 2019",,No Portfolio,Sponsored Products,YSD 简约风,ENABLED,USD,$3.0,Automatic targeting,Dynamic bids - up and down,592,8,1.35%,$11.85,$1.48125,0,0.00%,$0.0
"Oct 27, 2019","Nov 15, 2018",,No Portfolio,Sponsored Products,"63\"" x 27.5\"" -key words 3 manual",ENABLED,USD,$3.0,Manual targeting,Dynamic bids - down only,1579,5,0.32%,$2.91,$0.5820000000000001,0,0.00%,$0.0
"Oct 27, 2019","Oct 9, 2019",,No Portfolio,Sponsored Products,YSD 简约风,ENABLED,USD,$3.0,Automatic targeting,Dynamic bids - up and down,2167,7,0.32%,$10.3,$1.4714286,0,0.00%,$0.0
"Oct 27, 2019","Oct 22, 2019",,No Portfolio,Sponsored Products,"31\"" x 19\""-Auto",ENABLED,USD,$3.0,Automatic targeting,Dynamic bids - down only,302,3,0.99%,$1.23,$0.41,0,0.00%,$0.0
"Oct 27, 2019","Nov 15, 2018",,No Portfolio,Sponsored Products,"31\"" x 19\""  - key words 1 manual",ENABLED,USD,$4.0,Manual targeting,Dynamic bids - down only,358,3,0.84%,$1.82,$0.6066667,0,0.00%,$0.0
"Oct 27, 2019","Oct 10, 2019",,No Portfolio,Sponsored Products,SQ 自动,ENABLED,USD,$2.5,Automatic targeting,Dynamic bids - up and down,4474,7,0.16%,$5.29,$0.7557143000000001,0,0.00%,$0.0
"Oct 27, 2019","Oct 15, 2019",,No Portfolio,Sponsored Products,XP Auto,PAUSED,USD,$1.5,Automatic targeting,Dynamic bids - down only,104,0,0.00%,$0.0,$0.0,0,0.00%,$0.0
"Oct 28, 2019","Nov 15, 2018",,No Portfolio,Sponsored Products,"31\"" x 19\""  - key words 1 manual",ENABLED,USD,$4.0,Manual targeting,Dynamic bids - down only,594,3,0.51%,$2.41,$0.8033333,0,0.00%,$0.0
"Oct 28, 2019","Oct 9, 2019",,No Portfolio,Sponsored Products,YSD 简约风,ENABLED,USD,$3.0,Automatic targeting,Dynamic bids - up and down,3547,8,0.23%,$11.43,$1.42875,2,16.33%,$69.98
"Oct 28, 2019","Nov 15, 2018",,No Portfolio,Sponsored Products,"63\"" x 27.5\"" -key words 3 manual",ENABLED,USD,$3.0,Manual targeting,Dynamic bids - down only,2356,4,0.17%,$2.45,$0.6125,0,0.00%,$0.0
"Oct 28, 2019","Aug 22, 2019",,No Portfolio,Sponsored Products,B07JMDZBSR,ENABLED,USD,$3.0,Automatic targeting,Dynamic bids - down only,1077,4,0.37%,$2.78,$0.695,0,0.00%,$0.0
"Oct 28, 2019","Oct 22, 2019",,No Portfolio,Sponsored Products,"31\"" x 19\""-Auto",ENABLED,USD,$3.0,Automatic targeting,Dynamic bids - down only,113,3,2.66%,$0.93,$0.31,0,0.00%,$0.0
"Oct 28, 2019","Oct 10, 2019",,No Portfolio,Sponsored Products,SQ 自动,ENABLED,USD,$2.5,Automatic targeting,Dynamic bids - up and down,1446,5,0.35%,$5.1,$1.02,0,0.00%,$0.0
"Oct 28, 2019","Oct 15, 2019",,No Portfolio,Sponsored Products,XP Auto,PAUSED,USD,$1.5,Automatic targeting,Dynamic bids - down only,87,0,0.00%,$0.0,$0.0,0,0.00%,$0.0
"Oct 29, 2019","Oct 10, 2019",,No Portfolio,Sponsored Products,SQ 自动,ENABLED,USD,$2.5,Automatic targeting,Dynamic bids - up and down,2521,5,0.20%,$5.56,$1.112,0,0.00%,$0.0
"Oct 29, 2019","Nov 15, 2018",,No Portfolio,Sponsored Products,"31\"" x 19\""  - key words 1 manual",ENABLED,USD,$4.0,Manual targeting,Dynamic bids - down only,940,3,0.32%,$2.29,$0.7633333,0,0.00%,$0.0
"Oct 29, 2019","Oct 9, 2019",,No Portfolio,Sponsored Products,YSD 简约风,ENABLED,USD,$3.0,Automatic targeting,Dynamic bids - up and down,1655,8,0.48%,$10.34,$1.2925,0,0.00%,$0.0
"Oct 29, 2019","Oct 15, 2019",,No Portfolio,Sponsored Products,XP Auto,PAUSED,USD,$1.5,Automatic targeting,Dynamic bids - down only,32,0,0.00%,$0.0,$0.0,0,0.00%,$0.0
"Oct 29, 2019","Aug 22, 2019",,No Portfolio,Sponsored Products,B07JMDZBSR,ENABLED,USD,$3.0,Automatic targeting,Dynamic bids - down only,177,3,1.70%,$2.26,$0.7533333,0,0.00%,$0.0
"Oct 29, 2019","Oct 22, 2019",,No Portfolio,Sponsored Products,"31\"" x 19\""-Auto",ENABLED,USD,$3.0,Automatic targeting,Dynamic bids - down only,1061,2,0.19%,$0.95,$0.475,0,0.00%,$0.0
"Oct 29, 2019","Nov 15, 2018",,No Portfolio,Sponsored Products,"63\"" x 27.5\"" -key words 3 manual",ENABLED,USD,$3.0,Manual targeting,Dynamic bids - down only,2575,6,0.23%,$2.87,$0.47833329999999996,1,7.18%,$39.99
"Oct 30, 2019","Oct 15, 2019",,No Portfolio,Sponsored Products,XP Auto,PAUSED,USD,$1.5,Automatic targeting,Dynamic bids - down only,76,0,0.00%,$0.0,$0.0,0,0.00%,$0.0
"Oct 30, 2019","Sep 10, 2019",,No Portfolio,Sponsored Products,DL门垫自动,ENABLED,USD,$2.0,Automatic targeting,Dynamic bids - down only,1733,3,0.17%,$2.04,$0.68,0,0.00%,$0.0
"Oct 30, 2019","Oct 9, 2019",,No Portfolio,Sponsored Products,YSD 简约风,ENABLED,USD,$3.0,Automatic targeting,Dynamic bids - up and down,1440,8,0.56%,$11.2,$1.4,0,0.00%,$0.0
"Oct 30, 2019","Nov 15, 2018",,No Portfolio,Sponsored Products,"31\"" x 19\""  - key words 1 manual",ENABLED,USD,$4.0,Manual targeting,Dynamic bids - down only,661,4,0.61%,$2.5,$0.625,0,0.00%,$0.0
"Oct 30, 2019","Aug 22, 2019",,No Portfolio,Sponsored Products,B07JMDZBSR,ENABLED,USD,$3.0,Automatic targeting,Dynamic bids - down only,215,4,1.86%,$2.09,$0.5225,0,0.00%,$0.0
"Oct 30, 2019","Nov 15, 2018",,No Portfolio,Sponsored Products,"63\"" x 27.5\"" -key words 3 manual",ENABLED,USD,$3.0,Manual targeting,Dynamic bids - down only,1793,4,0.22%,$2.73,$0.6825,0,0.00%,$0.0
"Oct 30, 2019","Oct 22, 2019",,No Portfolio,Sponsored Products,"31\"" x 19\""-Auto",ENABLED,USD,$3.0,Automatic targeting,Dynamic bids - down only,750,2,0.27%,$1.27,$0.635,0,0.00%,$0.0
"Oct 30, 2019","Oct 10, 2019",,No Portfolio,Sponsored Products,SQ 自动,ENABLED,USD,$2.5,Automatic targeting,Dynamic bids - up and down,2072,5,0.24%,$4.63,$0.9259999999999999,0,0.00%,$0.0
"Oct 31, 2019","Oct 15, 2019",,No Portfolio,Sponsored Products,XP Auto,PAUSED,USD,$1.5,Automatic targeting,Dynamic bids - down only,80,0,0.00%,$0.0,$0.0,0,0.00%,$0.0
"Oct 31, 2019","Oct 10, 2019",,No Portfolio,Sponsored Products,SQ 自动,ENABLED,USD,$2.5,Automatic targeting,Dynamic bids - up and down,826,1,0.12%,$0.72,$0.72,0,0.00%,$0.0
"Oct 31, 2019","Aug 22, 2019",,No Portfolio,Sponsored Products,B07JMDZBSR,ENABLED,USD,$3.0,Automatic targeting,Dynamic bids - down only,298,3,1.01%,$1.97,$0.6566666999999999,0,0.00%,$0.0
"Oct 31, 2019","Sep 10, 2019",,No Portfolio,Sponsored Products,DL门垫自动,ENABLED,USD,$2.0,Automatic targeting,Dynamic bids - down only,1478,3,0.20%,$2.42,$0.8066667,0,0.00%,$0.0
"Oct 31, 2019","Nov 15, 2018",,No Portfolio,Sponsored Products,"31\"" x 19\""  - key words 1 manual",ENABLED,USD,$4.0,Manual targeting,Dynamic bids - down only,269,4,1.49%,$2.06,$0.515,0,0.00%,$0.0
"Oct 31, 2019","Oct 9, 2019",,No Portfolio,Sponsored Products,YSD 简约风,ENABLED,USD,$3.0,Automatic targeting,Dynamic bids - up and down,2014,7,0.35%,$8.48,$1.2114286,0,0.00%,$0.0
"Oct 31, 2019","Oct 22, 2019",,No Portfolio,Sponsored Products,"31\"" x 19\""-Auto",ENABLED,USD,$3.0,Automatic targeting,Dynamic bids - down only,346,2,0.58%,$1.28,$0.64,0,0.00%,$0.0
"Oct 31, 2019","Nov 15, 2018",,No Portfolio,Sponsored Products,"63\"" x 27.5\"" -key words 3 manual",ENABLED,USD,$3.0,Manual targeting,Dynamic bids - down only,1453,4,0.28%,$2.53,$0.6325,0,0.00%,$0.0
"Nov 1, 2019","Oct 22, 2019",,No Portfolio,Sponsored Products,"31\"" x 19\""-Auto",ENABLED,USD,$3.0,Automatic targeting,Dynamic bids - down only,364,2,0.55%,$1.25,$0.625,0,0.00%,$0.0
"Nov 1, 2019","Nov 15, 2018",,No Portfolio,Sponsored Products,"63\"" x 27.5\"" -key words 3 manual",ENABLED,USD,$3.0,Manual targeting,Dynamic bids - down only,559,3,0.54%,$2.18,$0.7266667,0,0.00%,$0.0
"Nov 1, 2019","Oct 9, 2019",,No Portfolio,Sponsored Products,YSD 简约风,ENABLED,USD,$3.0,Automatic targeting,Dynamic bids - up and down,4913,7,0.14%,$10.08,$1.44,0,0.00%,$0.0
"Nov 1, 2019","Nov 15, 2018",,No Portfolio,Sponsored Products,"31\"" x 19\""  - key words 1 manual",ENABLED,USD,$4.0,Manual targeting,Dynamic bids - down only,545,4,0.73%,$2.43,$0.6075,0,0.00%,$0.0
"Nov 1, 2019","Aug 22, 2019",,No Portfolio,Sponsored Products,B07JMDZBSR,ENABLED,USD,$3.0,Automatic targeting,Dynamic bids - down only,428,5,1.17%,$3.24,$0.648,1,6.48%,$49.99
"Nov 1, 2019","Oct 10, 2019",,No Portfolio,Sponsored Products,SQ 自动,ENABLED,USD,$2.5,Automatic targeting,Dynamic bids - up and down,1244,2,0.16%,$1.62,$0.81,0,0.00%,$0.0
"Nov 1, 2019","Oct 15, 2019",,No Portfolio,Sponsored Products,XP Auto,PAUSED,USD,$1.5,Automatic targeting,Dynamic bids - down only,54,0,0.00%,$0.0,$0.0,0,0.00%,$0.0
"Nov 1, 2019","Sep 10, 2019",,No Portfolio,Sponsored Products,DL门垫自动,ENABLED,USD,$2.0,Automatic targeting,Dynamic bids - down only,1270,3,0.24%,$2.95,$0.9833333000000001,0,0.00%,$0.0
"Nov 2, 2019","Oct 10, 2019",,No Portfolio,Sponsored Products,SQ 自动,ENABLED,USD,$2.5,Automatic targeting,Dynamic bids - up and down,563,6,1.07%,$4.61,$0.7683333,0,0.00%,$0.0
"Nov 2, 2019","Nov 15, 2018",,No Portfolio,Sponsored Products,"31\"" x 19\""  - key words 1 manual",ENABLED,USD,$4.0,Manual targeting,Dynamic bids - down only,231,3,1.30%,$2.07,$0.69,0,0.00%,$0.0
"Nov 2, 2019","Sep 10, 2019",,No Portfolio,Sponsored Products,DL门垫自动,ENABLED,USD,$2.0,Automatic targeting,Dynamic bids - down only,973,3,0.31%,$2.17,$0.7233333000000001,0,0.00%,$0.0
"Nov 2, 2019","Aug 22, 2019",,No Portfolio,Sponsored Products,B07JMDZBSR,ENABLED,USD,$3.0,Automatic targeting,Dynamic bids - down only,813,6,0.74%,$3.59,$0.5983333,0,0.00%,$0.0
"Nov 2, 2019","Nov 15, 2018",,No Portfolio,Sponsored Products,"63\"" x 27.5\"" -key words 3 manual",ENABLED,USD,$3.0,Manual targeting,Dynamic bids - down only,1039,6,0.58%,$2.16,$0.36,0,0.00%,$0.0
"Nov 2, 2019","Oct 22, 2019",,No Portfolio,Sponsored Products,"31\"" x 19\""-Auto",ENABLED,USD,$3.0,Automatic targeting,Dynamic bids - down only,773,4,0.52%,$1.13,$0.2825,0,0.00%,$0.0
"Nov 2, 2019","Oct 9, 2019",,No Portfolio,Sponsored Products,YSD 简约风,ENABLED,USD,$3.0,Automatic targeting,Dynamic bids - up and down,1460,6,0.41%,$9.26,$1.5433332999999998,0,0.00%,$0.0
"Nov 2, 2019","Oct 15, 2019",,No Portfolio,Sponsored Products,XP Auto,PAUSED,USD,$1.5,Automatic targeting,Dynamic bids - down only,18,0,0.00%,$0.0,$0.0,0,0.00%,$0.0
"Nov 3, 2019","Oct 15, 2019",,No Portfolio,Sponsored Products,XP Auto,PAUSED,USD,$1.5,Automatic targeting,Dynamic bids - down only,15,0,0.00%,$0.0,$0.0,0,0.00%,$0.0
"Nov 3, 2019","Aug 22, 2019",,No Portfolio,Sponsored Products,B07JMDZBSR,ENABLED,USD,$3.0,Automatic targeting,Dynamic bids - down only,866,5,0.58%,$3.67,$0.7340000000000001,0,0.00%,$0.0
"Nov 3, 2019","Sep 10, 2019",,No Portfolio,Sponsored Products,DL门垫自动,ENABLED,USD,$2.0,Automatic targeting,Dynamic bids - down only,1110,2,0.18%,$2.33,$1.165,0,0.00%,$0.0
"Nov 3, 2019","Nov 15, 2018",,No Portfolio,Sponsored Products,"31\"" x 19\""  - key words 1 manual",ENABLED,USD,$4.0,Manual targeting,Dynamic bids - down only,797,5,0.63%,$2.38,$0.47600000000000003,0,0.00%,$0.0
"Nov 3, 2019","Oct 10, 2019",,No Portfolio,Sponsored Products,SQ 自动,ENABLED,USD,$2.5,Automatic targeting,Dynamic bids - up and down,1242,5,0.40%,$5.15,$1.03,1,16.10%,$31.99
"Nov 3, 2019","Nov 15, 2018",,No Portfolio,Sponsored Products,"63\"" x 27.5\"" -key words 3 manual",ENABLED,USD,$3.0,Manual targeting,Dynamic bids - down only,922,2,0.22%,$1.39,$0.695,0,0.00%,$0.0
"Nov 3, 2019","Oct 22, 2019",,No Portfolio,Sponsored Products,"31\"" x 19\""-Auto",ENABLED,USD,$3.0,Automatic targeting,Dynamic bids - down only,330,2,0.61%,$1.34,$0.67,0,0.00%,$0.0
"Nov 3, 2019","Oct 9, 2019",,No Portfolio,Sponsored Products,YSD 简约风,ENABLED,USD,$3.0,Automatic targeting,Dynamic bids - up and down,1502,7,0.47%,$10.65,$1.5214286000000001,0,0.00%,$0.0
"Nov 4, 2019","Nov 15, 2018",,No Portfolio,Sponsored Products,"63\"" x 27.5\"" -key words 3 manual",ENABLED,USD,$3.0,Manual targeting,Dynamic bids - down only,1130,4,0.35%,$2.16,$0.54,0,0.00%,$0.0
"Nov 4, 2019","Oct 22, 2019",,No Portfolio,Sponsored Products,"31\"" x 19\""-Auto",ENABLED,USD,$3.0,Automatic targeting,Dynamic bids - down only,335,3,0.90%,$1.4,$0.46666670000000005,0,0.00%,$0.0
"Nov 4, 2019","Oct 10, 2019",,No Portfolio,Sponsored Products,SQ 自动,ENABLED,USD,$2.5,Automatic targeting,Dynamic bids - up and down,2730,5,0.18%,$5.76,$1.1520000000000001,0,0.00%,$0.0
"Nov 4, 2019","Oct 9, 2019",,No Portfolio,Sponsored Products,YSD 简约风,ENABLED,USD,$3.0,Automatic targeting,Dynamic bids - up and down,2275,10,0.44%,$7.7,$0.77,0,0.00%,$0.0
"Nov 4, 2019","Aug 22, 2019",,No Portfolio,Sponsored Products,B07JMDZBSR,ENABLED,USD,$3.0,Automatic targeting,Dynamic bids - down only,846,5,0.59%,$4.01,$0.802,0,0.00%,$0.0
"Nov 4, 2019","Nov 15, 2018",,No Portfolio,Sponsored Products,"31\"" x 19\""  - key words 1 manual",ENABLED,USD,$4.0,Manual targeting,Dynamic bids - down only,698,4,0.57%,$2.22,$0.555,0,0.00%,$0.0
"Nov 4, 2019","Sep 10, 2019",,No Portfolio,Sponsored Products,DL门垫自动,ENABLED,USD,$2.0,Automatic targeting,Dynamic bids - down only,298,2,0.67%,$2.06,$1.03,0,0.00%,$0.0
"Nov 4, 2019","Oct 15, 2019",,No Portfolio,Sponsored Products,XP Auto,PAUSED,USD,$1.5,Automatic targeting,Dynamic bids - down only,79,0,0.00%,$0.0,$0.0,0,0.00%,$0.0
"Nov 5, 2019","Oct 10, 2019",,No Portfolio,Sponsored Products,SQ 自动,ENABLED,USD,$2.5,Automatic targeting,Dynamic bids - up and down,2025,2,0.10%,$2.95,$1.475,0,0.00%,$0.0
"Nov 5, 2019","Nov 5, 2019",,No Portfolio,Sponsored Products,YSD手动,ENABLED,USD,$3.5,Manual targeting,Dynamic bids - down only,92,1,1.09%,$0.99,$0.99,0,0.00%,$0.0
"Nov 5, 2019","Aug 22, 2019",,No Portfolio,Sponsored Products,B07JMDZBSR,ENABLED,USD,$3.0,Automatic targeting,Dynamic bids - down only,1104,5,0.45%,$3.26,$0.652,0,0.00%,$0.0
"Nov 5, 2019","Oct 22, 2019",,No Portfolio,Sponsored Products,"31\"" x 19\""-Auto",ENABLED,USD,$3.0,Automatic targeting,Dynamic bids - down only,332,2,0.60%,$1.28,$0.64,0,0.00%,$0.0
"Nov 5, 2019","Nov 15, 2018",,No Portfolio,Sponsored Products,"63\"" x 27.5\"" -key words 3 manual",ENABLED,USD,$3.0,Manual targeting,Dynamic bids - down only,807,3,0.37%,$2.15,$0.7166667,0,0.00%,$0.0
"Nov 5, 2019","Oct 15, 2019",,No Portfolio,Sponsored Products,XP Auto,PAUSED,USD,$1.5,Automatic targeting,Dynamic bids - down only,0,0,0.00%,$0.0,$0.0,0,0.00%,$0.0
"Nov 5, 2019","Oct 9, 2019",,No Portfolio,Sponsored Products,YSD 简约风,ENABLED,USD,$3.0,Automatic targeting,Dynamic bids - up and down,5105,7,0.14%,$9.39,$1.3414286000000002,0,0.00%,$0.0
"Nov 5, 2019","Nov 15, 2018",,No Portfolio,Sponsored Products,"31\"" x 19\""  - key words 1 manual",ENABLED,USD,$4.0,Manual targeting,Dynamic bids - down only,437,4,0.92%,$1.98,$0.495,0,0.00%,$0.0
"Nov 5, 2019","Sep 10, 2019",,No Portfolio,Sponsored Products,DL门垫自动,ENABLED,USD,$2.0,Automatic targeting,Dynamic bids - down only,4364,4,0.09%,$3.82,$0.955,0,0.00%,$0.0
"Nov 6, 2019","Nov 6, 2019",,No Portfolio,Sponsored Products,清仓厨房垫,ENABLED,USD,$3.0,Automatic targeting,Dynamic bids - down only,116,1,0.86%,$0.45,$0.45,0,0.00%,$0.0
"Nov 6, 2019","Aug 22, 2019",,No Portfolio,Sponsored Products,B07JMDZBSR,ENABLED,USD,$3.0,Automatic targeting,Dynamic bids - down only,1146,6,0.52%,$3.62,$0.6033333,0,0.00%,$0.0
"Nov 6, 2019","Nov 15, 2018",,No Portfolio,Sponsored Products,"31\"" x 19\""  - key words 1 manual",ENABLED,USD,$4.0,Manual targeting,Dynamic bids - down only,264,4,1.52%,$2.77,$0.6925,0,0.00%,$0.0
"Nov 6, 2019","Nov 5, 2019",,No Portfolio,Sponsored Products,SQ 手动,ENABLED,USD,$2.0,Manual targeting,Dynamic bids - down only,1,0,0.00%,$0.0,$0.0,0,0.00%,$0.0
"Nov 6, 2019","Oct 10, 2019",,No Portfolio,Sponsored Products,SQ 自动,ENABLED,USD,$2.5,Automatic targeting,Dynamic bids - up and down,512,3,0.59%,$3.86,$1.2866667,0,0.00%,$0.0
"Nov 6, 2019","Sep 10, 2019",,No Portfolio,Sponsored Products,DL门垫自动,ENABLED,USD,$2.0,Automatic targeting,Dynamic bids - down only,4928,2,0.04%,$2.39,$1.195,0,0.00%,$0.0
"Nov 6, 2019","Nov 5, 2019",,No Portfolio,Sponsored Products,YSD手动,ENABLED,USD,$3.5,Manual targeting,Dynamic bids - down only,82,2,2.44%,$1.61,$0.805,0,0.00%,$0.0
"Nov 6, 2019","Nov 15, 2018",,No Portfolio,Sponsored Products,"63\"" x 27.5\"" -key words 3 manual",ENABLED,USD,$3.0,Manual targeting,Dynamic bids - down only,1714,6,0.35%,$2.61,$0.435,1,8.70%,$29.99
"Nov 6, 2019","Oct 22, 2019",,No Portfolio,Sponsored Products,"31\"" x 19\""-Auto",ENABLED,USD,$3.0,Automatic targeting,Dynamic bids - down only,1013,2,0.20%,$1.22,$0.61,0,0.00%,$0.0
"Nov 6, 2019","Oct 9, 2019",,No Portfolio,Sponsored Products,YSD 简约风,ENABLED,USD,$3.0,Automatic targeting,Dynamic bids - up and down,1959,6,0.31%,$6.47,$1.0783333,0,0.00%,$0.0
"Nov 7, 2019","Nov 15, 2018",,No Portfolio,Sponsored Products,"31\"" x 19\""  - key words 1 manual",ENABLED,USD,$4.0,Manual targeting,Dynamic bids - down only,307,4,1.30%,$2.28,$0.57,0,0.00%,$0.0
"Nov 7, 2019","Nov 5, 2019",,No Portfolio,Sponsored Products,YSD手动,ENABLED,USD,$3.5,Manual targeting,Dynamic bids - down only,146,2,1.37%,$1.33,$0.665,0,0.00%,$0.0
"Nov 7, 2019","Nov 5, 2019",,No Portfolio,Sponsored Products,SQ 手动,ENABLED,USD,$2.0,Manual targeting,Dynamic bids - down only,26,0,0.00%,$0.0,$0.0,0,0.00%,$0.0
"Nov 7, 2019","Nov 6, 2019",,No Portfolio,Sponsored Products,清仓厨房垫,ENABLED,USD,$3.0,Automatic targeting,Dynamic bids - down only,3417,7,0.21%,$3.29,$0.47,0,0.00%,$0.0
"Nov 7, 2019","Oct 9, 2019",,No Portfolio,Sponsored Products,YSD 简约风,ENABLED,USD,$3.0,Automatic targeting,Dynamic bids - up and down,1314,4,0.30%,$7.44,$1.86,0,0.00%,$0.0
"Nov 7, 2019","Aug 22, 2019",,No Portfolio,Sponsored Products,B07JMDZBSR,ENABLED,USD,$3.0,Automatic targeting,Dynamic bids - down only,685,6,0.88%,$3.31,$0.5516667000000001,0,0.00%,$0.0
"Nov 7, 2019","Oct 22, 2019",,No Portfolio,Sponsored Products,"31\"" x 19\""-Auto",ENABLED,USD,$3.0,Automatic targeting,Dynamic bids - down only,511,1,0.20%,$0.63,$0.63,0,0.00%,$0.0
"Nov 7, 2019","Nov 15, 2018",,No Portfolio,Sponsored Products,"63\"" x 27.5\"" -key words 3 manual",ENABLED,USD,$3.0,Manual targeting,Dynamic bids - down only,1701,8,0.47%,$4.08,$0.51,0,0.00%,$0.0
"Nov 7, 2019","Oct 10, 2019",,No Portfolio,Sponsored Products,SQ 自动,ENABLED,USD,$2.5,Automatic targeting,Dynamic bids - up and down,596,1,0.17%,$2.84,$2.84,0,0.00%,$0.0
"Nov 7, 2019","Sep 10, 2019",,No Portfolio,Sponsored Products,DL门垫自动,ENABLED,USD,$2.0,Automatic targeting,Dynamic bids - down only,6168,0,0.00%,$0.0,$0.0,0,0.00%,$0.0
"Nov 8, 2019","Sep 10, 2019",,No Portfolio,Sponsored Products,DL门垫自动,ENABLED,USD,$2.0,Automatic targeting,Dynamic bids - down only,3602,2,0.06%,$1.16,$0.58,0,0.00%,$0.0
"Nov 8, 2019","Nov 5, 2019",,No Portfolio,Sponsored Products,YSD手动,ENABLED,USD,$3.5,Manual targeting,Dynamic bids - down only,76,1,1.32%,$0.83,$0.83,0,0.00%,$0.0
"Nov 8, 2019","Oct 10, 2019",,No Portfolio,Sponsored Products,SQ 自动,ENABLED,USD,$2.5,Automatic targeting,Dynamic bids - up and down,2757,2,0.07%,$2.46,$1.23,0,0.00%,$0.0
"Nov 8, 2019","Nov 5, 2019",,No Portfolio,Sponsored Products,SQ 手动,ENABLED,USD,$2.0,Manual targeting,Dynamic bids - down only,14,0,0.00%,$0.0,$0.0,0,0.00%,$0.0
"Nov 8, 2019","Aug 22, 2019",,No Portfolio,Sponsored Products,B07JMDZBSR,ENABLED,USD,$3.0,Automatic targeting,Dynamic bids - down only,702,7,1.00%,$2.94,$0.42,0,0.00%,$0.0
"Nov 8, 2019","Oct 9, 2019",,No Portfolio,Sponsored Products,YSD 简约风,ENABLED,USD,$3.0,Automatic targeting,Dynamic bids - up and down,1239,5,0.40%,$6.74,$1.348,0,0.00%,$0.0
"Nov 8, 2019","Nov 15, 2018",,No Portfolio,Sponsored Products,"63\"" x 27.5\"" -key words 3 manual",ENABLED,USD,$3.0,Manual targeting,Dynamic bids - down only,968,7,0.72%,$4.96,$0.7085714,0,0.00%,$0.0
"Nov 8, 2019","Nov 15, 2018",,No Portfolio,Sponsored Products,"31\"" x 19\""  - key words 1 manual",ENABLED,USD,$4.0,Manual targeting,Dynamic bids - down only,890,4,0.45%,$2.69,$0.6725,0,0.00%,$0.0
"Nov 8, 2019","Nov 6, 2019",,No Portfolio,Sponsored Products,清仓厨房垫,ENABLED,USD,$3.0,Automatic targeting,Dynamic bids - down only,1045,7,0.67%,$3.29,$0.47,0,0.00%,$0.0
"Nov 8, 2019","Oct 22, 2019",,No Portfolio,Sponsored Products,"31\"" x 19\""-Auto",ENABLED,USD,$3.0,Automatic targeting,Dynamic bids - down only,250,0,0.00%,$0.0,$0.0,0,0.00%,$0.0
"Nov 9, 2019","Nov 15, 2018",,No Portfolio,Sponsored Products,"31\"" x 19\""  - key words 1 manual",ENABLED,USD,$4.0,Manual targeting,Dynamic bids - down only,283,4,1.41%,$2.29,$0.5725,0,0.00%,$0.0
"Nov 9, 2019","Oct 10, 2019",,No Portfolio,Sponsored Products,SQ 自动,ENABLED,USD,$2.5,Automatic targeting,Dynamic bids - up and down,438,3,0.69%,$2.89,$0.9633333000000001,0,0.00%,$0.0
"Nov 9, 2019","Oct 22, 2019",,No Portfolio,Sponsored Products,"31\"" x 19\""-Auto",ENABLED,USD,$3.0,Automatic targeting,Dynamic bids - down only,257,1,0.39%,$0.69,$0.69,1,2.30%,$29.99
"Nov 9, 2019","Nov 15, 2018",,No Portfolio,Sponsored Products,"63\"" x 27.5\"" -key words 3 manual",ENABLED,USD,$3.0,Manual targeting,Dynamic bids - down only,1372,6,0.44%,$2.62,$0.4366667,0,0.00%,$0.0
"Nov 9, 2019","Aug 22, 2019",,No Portfolio,Sponsored Products,B07JMDZBSR,ENABLED,USD,$3.0,Automatic targeting,Dynamic bids - down only,1194,4,0.34%,$2.86,$0.715,0,0.00%,$0.0
"Nov 9, 2019","Nov 5, 2019",,No Portfolio,Sponsored Products,YSD手动,ENABLED,USD,$3.5,Manual targeting,Dynamic bids - down only,103,1,0.97%,$0.81,$0.81,0,0.00%,$0.0
"Nov 9, 2019","Nov 6, 2019",,No Portfolio,Sponsored Products,清仓厨房垫,ENABLED,USD,$3.0,Automatic targeting,Dynamic bids - down only,1884,7,0.37%,$3.29,$0.47,0,0.00%,$0.0
"Nov 9, 2019","Nov 5, 2019",,No Portfolio,Sponsored Products,SQ 手动,ENABLED,USD,$2.0,Manual targeting,Dynamic bids - down only,13,0,0.00%,$0.0,$0.0,0,0.00%,$0.0
"Nov 9, 2019","Oct 9, 2019",,No Portfolio,Sponsored Products,YSD 简约风,ENABLED,USD,$3.0,Automatic targeting,Dynamic bids - up and down,1138,5,0.44%,$7.85,$1.57,0,0.00%,$0.0
"Nov 9, 2019","Sep 10, 2019",,No Portfolio,Sponsored Products,DL门垫自动,ENABLED,USD,$2.0,Automatic targeting,Dynamic bids - down only,2122,3,0.14%,$2.06,$0.6866667,0,0.00%,$0.0
"Nov 10, 2019","Oct 10, 2019",,No Portfolio,Sponsored Products,SQ 自动,ENABLED,USD,$2.5,Automatic targeting,Dynamic bids - up and down,1668,4,0.24%,$3.03,$0.7575,1,9.47%,$31.99
"Nov 10, 2019","Aug 22, 2019",,No Portfolio,Sponsored Products,B07JMDZBSR,ENABLED,USD,$3.0,Automatic targeting,Dynamic bids - down only,687,6,0.87%,$2.93,$0.48833329999999997,1,5.86%,$49.99
"Nov 10, 2019","Sep 10, 2019",,No Portfolio,Sponsored Products,DL门垫自动,ENABLED,USD,$2.0,Automatic targeting,Dynamic bids - down only,3488,2,0.06%,$1.99,$0.995,0,0.00%,$0.0
"Nov 10, 2019","Nov 15, 2018",,No Portfolio,Sponsored Products,"31\"" x 19\""  - key words 1 manual",ENABLED,USD,$4.0,Manual targeting,Dynamic bids - down only,259,4,1.54%,$2.26,$0.565,0,0.00%,$0.0
"Nov 10, 2019","Oct 22, 2019",,No Portfolio,Sponsored Products,"31\"" x 19\""-Auto",ENABLED,USD,$3.0,Automatic targeting,Dynamic bids - down only,620,2,0.32%,$0.79,$0.395,0,0.00%,$0.0
"Nov 10, 2019","Nov 15, 2018",,No Portfolio,Sponsored Products,"63\"" x 27.5\"" -key words 3 manual",ENABLED,USD,$3.0,Manual targeting,Dynamic bids - down only,2677,8,0.30%,$4.32,$0.54,0,0.00%,$0.0
"Nov 10, 2019","Nov 6, 2019",,No Portfolio,Sponsored Products,清仓厨房垫,ENABLED,USD,$3.0,Automatic targeting,Dynamic bids - down only,1888,7,0.37%,$3.09,$0.4414286,0,0.00%,$0.0
"Nov 10, 2019","Oct 9, 2019",,No Portfolio,Sponsored Products,YSD 简约风,ENABLED,USD,$3.0,Automatic targeting,Dynamic bids - up and down,1972,5,0.25%,$6.15,$1.23,0,0.00%,$0.0
"Nov 10, 2019","Nov 5, 2019",,No Portfolio,Sponsored Products,YSD手动,ENABLED,USD,$3.5,Manual targeting,Dynamic bids - down only,165,2,1.21%,$0.94,$0.47,0,0.00%,$0.0
"Nov 10, 2019","Nov 5, 2019",,No Portfolio,Sponsored Products,SQ 手动,ENABLED,USD,$2.0,Manual targeting,Dynamic bids - down only,23,0,0.00%,$0.0,$0.0,0,0.00%,$0.0
"Nov 11, 2019","Sep 10, 2019",,No Portfolio,Sponsored Products,DL门垫自动,ENABLED,USD,$2.0,Automatic targeting,Dynamic bids - down only,868,4,0.46%,$2.98,$0.745,0,0.00%,$0.0
"Nov 11, 2019","Nov 15, 2018",,No Portfolio,Sponsored Products,"31\"" x 19\""  - key words 1 manual",ENABLED,USD,$4.0,Manual targeting,Dynamic bids - down only,786,4,0.51%,$2.54,$0.635,0,0.00%,$0.0
"Nov 11, 2019","Oct 10, 2019",,No Portfolio,Sponsored Products,SQ 自动,ENABLED,USD,$2.5,Automatic targeting,Dynamic bids - up and down,3298,2,0.06%,$3.75,$1.875,0,0.00%,$0.0
"Nov 11, 2019","Nov 15, 2018",,No Portfolio,Sponsored Products,"63\"" x 27.5\"" -key words 3 manual",ENABLED,USD,$3.0,Manual targeting,Dynamic bids - down only,499,3,0.60%,$1.86,$0.62,0,0.00%,$0.0
"Nov 11, 2019","Nov 6, 2019",,No Portfolio,Sponsored Products,清仓厨房垫,ENABLED,USD,$3.0,Automatic targeting,Dynamic bids - down only,781,5,0.64%,$3.24,$0.648,0,0.00%,$0.0
"Nov 11, 2019","Oct 22, 2019",,No Portfolio,Sponsored Products,"31\"" x 19\""-Auto",ENABLED,USD,$3.0,Automatic targeting,Dynamic bids - down only,126,1,0.79%,$0.5,$0.5,0,0.00%,$0.0
"Nov 11, 2019","Nov 5, 2019",,No Portfolio,Sponsored Products,YSD手动,ENABLED,USD,$3.5,Manual targeting,Dynamic bids - down only,36,1,2.78%,$0.58,$0.58,0,0.00%,$0.0
"Nov 11, 2019","Nov 5, 2019",,No Portfolio,Sponsored Products,SQ 手动,ENABLED,USD,$2.0,Manual targeting,Dynamic bids - down only,4,0,0.00%,$0.0,$0.0,0,0.00%,$0.0
"Nov 11, 2019","Oct 9, 2019",,No Portfolio,Sponsored Products,YSD 简约风,ENABLED,USD,$3.0,Automatic targeting,Dynamic bids - up and down,1531,4,0.26%,$6.13,$1.5325,0,0.00%,$0.0
"Nov 11, 2019","Aug 22, 2019",,No Portfolio,Sponsored Products,B07JMDZBSR,ENABLED,USD,$3.0,Automatic targeting,Dynamic bids - down only,611,6,0.98%,$3.7,$0.6166667,0,0.00%,$0.0
"Nov 12, 2019","Nov 6, 2019",,No Portfolio,Sponsored Products,清仓厨房垫,ENABLED,USD,$3.0,Automatic targeting,Dynamic bids - down only,824,6,0.73%,$3.42,$0.57,0,0.00%,$0.0
"Nov 12, 2019","Oct 22, 2019",,No Portfolio,Sponsored Products,"31\"" x 19\""-Auto",ENABLED,USD,$3.0,Automatic targeting,Dynamic bids - down only,1206,0,0.00%,$0.0,$0.0,0,0.00%,$0.0
"Nov 12, 2019","Nov 15, 2018",,No Portfolio,Sponsored Products,"63\"" x 27.5\"" -key words 3 manual",ENABLED,USD,$3.0,Manual targeting,Dynamic bids - down only,1393,5,0.36%,$2.32,$0.46399999999999997,0,0.00%,$0.0
"Nov 12, 2019","Nov 15, 2018",,No Portfolio,Sponsored Products,"31\"" x 19\""  - key words 1 manual",ENABLED,USD,$4.0,Manual targeting,Dynamic bids - down only,127,3,2.36%,$1.91,$0.6366667,0,0.00%,$0.0
"Nov 12, 2019","Aug 22, 2019",,No Portfolio,Sponsored Products,B07JMDZBSR,ENABLED,USD,$3.0,Automatic targeting,Dynamic bids - down only,423,5,1.18%,$2.89,$0.578,0,0.00%,$0.0
"Nov 12, 2019","Nov 5, 2019",,No Portfolio,Sponsored Products,YSD手动,ENABLED,USD,$3.5,Manual targeting,Dynamic bids - down only,109,2,1.84%,$1.67,$0.835,0,0.00%,$0.0
"Nov 12, 2019","Nov 5, 2019",,No Portfolio,Sponsored Products,SQ 手动,ENABLED,USD,$2.0,Manual targeting,Dynamic bids - down only,19,0,0.00%,$0.0,$0.0,0,0.00%,$0.0
"Nov 12, 2019","Oct 10, 2019",,No Portfolio,Sponsored Products,SQ 自动,ENABLED,USD,$2.5,Automatic targeting,Dynamic bids - up and down,1563,2,0.13%,$3.1,$1.55,0,0.00%,$0.0
"Nov 12, 2019","Oct 9, 2019",,No Portfolio,Sponsored Products,YSD 简约风,ENABLED,USD,$3.0,Automatic targeting,Dynamic bids - up and down,773,5,0.65%,$6.97,$1.3940000000000001,0,0.00%,$0.0
"Nov 12, 2019","Sep 10, 2019",,No Portfolio,Sponsored Products,DL门垫自动,ENABLED,USD,$2.0,Automatic targeting,Dynamic bids - down only,1113,3,0.27%,$2.81,$0.9366667,0,0.00%,$0.0
"Nov 13, 2019","Oct 10, 2019",,No Portfolio,Sponsored Products,SQ 自动,ENABLED,USD,$2.5,Automatic targeting,Dynamic bids - up and down,944,2,0.21%,$3.68,$1.84,0,0.00%,$0.0
"Nov 13, 2019","Nov 5, 2019",,No Portfolio,Sponsored Products,YSD手动,ENABLED,USD,$3.5,Manual targeting,Dynamic bids - down only,163,1,0.61%,$0.87,$0.87,0,0.00%,$0.0
"Nov 13, 2019","Nov 5, 2019",,No Portfolio,Sponsored Products,SQ 手动,ENABLED,USD,$2.0,Manual targeting,Dynamic bids - down only,25,0,0.00%,$0.0,$0.0,0,0.00%,$0.0
"Nov 13, 2019","Nov 15, 2018",,No Portfolio,Sponsored Products,"63\"" x 27.5\"" -key words 3 manual",ENABLED,USD,$3.0,Manual targeting,Dynamic bids - down only,3162,8,0.25%,$4.59,$0.57375,0,0.00%,$0.0
"Nov 13, 2019","Oct 22, 2019",,No Portfolio,Sponsored Products,"31\"" x 19\""-Auto",ENABLED,USD,$3.0,Automatic targeting,Dynamic bids - down only,890,3,0.34%,$2.31,$0.77,0,0.00%,$0.0
"Nov 13, 2019","Nov 15, 2018",,No Portfolio,Sponsored Products,"31\"" x 19\""  - key words 1 manual",ENABLED,USD,$4.0,Manual targeting,Dynamic bids - down only,1260,6,0.48%,$3.21,$0.535,0,0.00%,$0.0
"Nov 13, 2019","Sep 10, 2019",,No Portfolio,Sponsored Products,DL门垫自动,ENABLED,USD,$2.0,Automatic targeting,Dynamic bids - down only,2700,2,0.07%,$2.39,$1.195,0,0.00%,$0.0
"Nov 13, 2019","Oct 9, 2019",,No Portfolio,Sponsored Products,YSD 简约风,ENABLED,USD,$3.0,Automatic targeting,Dynamic bids - up and down,944,1,0.11%,$1.13,$1.13,0,0.00%,$0.0
"Nov 13, 2019","Nov 6, 2019",,No Portfolio,Sponsored Products,清仓厨房垫,ENABLED,USD,$3.0,Automatic targeting,Dynamic bids - down only,2789,6,0.22%,$3.4,$0.5666667000000001,0,0.00%,$0.0
"Nov 13, 2019","Aug 22, 2019",,No Portfolio,Sponsored Products,B07JMDZBSR,ENABLED,USD,$3.0,Automatic targeting,Dynamic bids - down only,845,5,0.59%,$3.27,$0.654,0,0.00%,$0.0
"Nov 14, 2019","Nov 6, 2019",,No Portfolio,Sponsored Products,清仓厨房垫,ENABLED,USD,$3.0,Automatic targeting,Dynamic bids - down only,719,4,0.56%,$2.68,$0.67,0,0.00%,$0.0
"Nov 14, 2019","Nov 5, 2019",,No Portfolio,Sponsored Products,SQ 手动,ENABLED,USD,$2.0,Manual targeting,Dynamic bids - down only,3,0,0.00%,$0.0,$0.0,0,0.00%,$0.0
"Nov 14, 2019","Nov 15, 2018",,No Portfolio,Sponsored Products,"31\"" x 19\""  - key words 1 manual",ENABLED,USD,$4.0,Manual targeting,Dynamic bids - down only,842,5,0.59%,$3.04,$0.608,0,0.00%,$0.0
"Nov 14, 2019","Sep 10, 2019",,No Portfolio,Sponsored Products,DL门垫自动,ENABLED,USD,$2.0,Automatic targeting,Dynamic bids - down only,582,2,0.34%,$2.37,$1.185,0,0.00%,$0.0
"Nov 14, 2019","Nov 5, 2019",,No Portfolio,Sponsored Products,YSD手动,ENABLED,USD,$3.5,Manual targeting,Dynamic bids - down only,71,0,0.00%,$0.0,$0.0,0,0.00%,$0.0
"Nov 14, 2019","Oct 22, 2019",,No Portfolio,Sponsored Products,"31\"" x 19\""-Auto",ENABLED,USD,$3.0,Automatic targeting,Dynamic bids - down only,2346,6,0.26%,$4.38,$0.73,0,0.00%,$0.0
"Nov 14, 2019","Oct 9, 2019",,No Portfolio,Sponsored Products,YSD 简约风,ENABLED,USD,$3.0,Automatic targeting,Dynamic bids - up and down,5211,4,0.08%,$6.08,$1.52,0,0.00%,$0.0
"Nov 14, 2019","Oct 10, 2019",,No Portfolio,Sponsored Products,SQ 自动,ENABLED,USD,$2.5,Automatic targeting,Dynamic bids - up and down,1496,2,0.13%,$3.05,$1.525,0,0.00%,$0.0
"Nov 14, 2019","Nov 15, 2018",,No Portfolio,Sponsored Products,"63\"" x 27.5\"" -key words 3 manual",ENABLED,USD,$3.0,Manual targeting,Dynamic bids - down only,1386,1,0.07%,$0.55,$0.55,0,0.00%,$0.0
"Nov 14, 2019","Aug 22, 2019",,No Portfolio,Sponsored Products,B07JMDZBSR,ENABLED,USD,$3.0,Automatic targeting,Dynamic bids - down only,741,6,0.81%,$3.05,$0.5083333,0,0.00%,$0.0
"Nov 15, 2019","Aug 22, 2019",,No Portfolio,Sponsored Products,B07JMDZBSR,ENABLED,USD,$3.0,Automatic targeting,Dynamic bids - down only,1099,5,0.46%,$3.02,$0.604,0,0.00%,$0.0
"Nov 15, 2019","Oct 9, 2019",,No Portfolio,Sponsored Products,YSD 简约风,ENABLED,USD,$3.0,Automatic targeting,Dynamic bids - up and down,2820,5,0.18%,$6.16,$1.232,0,0.00%,$0.0
"Nov 15, 2019","Nov 5, 2019",,No Portfolio,Sponsored Products,YSD手动,ENABLED,USD,$3.5,Manual targeting,Dynamic bids - down only,119,0,0.00%,$0.0,$0.0,0,0.00%,$0.0
"Nov 15, 2019","Nov 5, 2019",,No Portfolio,Sponsored Products,SQ 手动,ENABLED,USD,$2.0,Manual targeting,Dynamic bids - down only,0,0,0.00%,$0.0,$0.0,0,0.00%,$0.0
"Nov 15, 2019","Nov 6, 2019",,No Portfolio,Sponsored Products,清仓厨房垫,ENABLED,USD,$3.0,Automatic targeting,Dynamic bids - down only,1771,7,0.40%,$3.26,$0.46571429999999997,0,0.00%,$0.0
"Nov 15, 2019","Oct 22, 2019",,No Portfolio,Sponsored Products,"31\"" x 19\""-Auto",ENABLED,USD,$3.0,Automatic targeting,Dynamic bids - down only,1152,7,0.61%,$4.44,$0.6342857,0,0.00%,$0.0
"Nov 15, 2019","Nov 15, 2018",,No Portfolio,Sponsored Products,"63\"" x 27.5\"" -key words 3 manual",ENABLED,USD,$3.0,Manual targeting,Dynamic bids - down only,773,0,0.00%,$0.0,$0.0,0,0.00%,$0.0
"Nov 15, 2019","Nov 15, 2018",,No Portfolio,Sponsored Products,"31\"" x 19\""  - key words 1 manual",ENABLED,USD,$4.0,Manual targeting,Dynamic bids - down only,903,5,0.55%,$3.2,$0.64,0,0.00%,$0.0
"Nov 15, 2019","Oct 10, 2019",,No Portfolio,Sponsored Products,SQ 自动,ENABLED,USD,$2.5,Automatic targeting,Dynamic bids - up and down,222,2,0.90%,$2.8,$1.4,0,0.00%,$0.0
"Nov 15, 2019","Sep 10, 2019",,No Portfolio,Sponsored Products,DL门垫自动,ENABLED,USD,$2.0,Automatic targeting,Dynamic bids - down only,493,3,0.61%,$2.26,$0.7533333,0,0.00%,$0.0
"Nov 16, 2019","Oct 9, 2019",,No Portfolio,Sponsored Products,YSD 简约风,ENABLED,USD,$3.0,Automatic targeting,Dynamic bids - up and down,3226,6,0.19%,$5.75,$0.9583333,0,0.00%,$0.0
"Nov 16, 2019","Nov 5, 2019",,No Portfolio,Sponsored Products,SQ 手动,ENABLED,USD,$2.0,Manual targeting,Dynamic bids - down only,1,0,0.00%,$0.0,$0.0,0,0.00%,$0.0
"Nov 16, 2019","Oct 22, 2019",,No Portfolio,Sponsored Products,"31\"" x 19\""-Auto",ENABLED,USD,$3.0,Automatic targeting,Dynamic bids - down only,856,7,0.82%,$4.93,$0.7042856999999999,0,0.00%,$0.0
"Nov 16, 2019","Nov 15, 2018",,No Portfolio,Sponsored Products,"63\"" x 27.5\"" -key words 3 manual",ENABLED,USD,$3.0,Manual targeting,Dynamic bids - down only,629,0,0.00%,$0.0,$0.0,0,0.00%,$0.0
"Nov 16, 2019","Nov 6, 2019",,No Portfolio,Sponsored Products,清仓厨房垫,ENABLED,USD,$3.0,Automatic targeting,Dynamic bids - down only,798,6,0.75%,$2.95,$0.4916667,2,3.28%,$89.98
"Nov 16, 2019","Sep 10, 2019",,No Portfolio,Sponsored Products,DL门垫自动,ENABLED,USD,$2.0,Automatic targeting,Dynamic bids - down only,941,2,0.21%,$2.29,$1.145,0,0.00%,$0.0
"Nov 16, 2019","Aug 22, 2019",,No Portfolio,Sponsored Products,B07JMDZBSR,ENABLED,USD,$3.0,Automatic targeting,Dynamic bids - down only,591,6,1.02%,$2.98,$0.4966667,0,0.00%,$0.0
"Nov 16, 2019","Nov 15, 2018",,No Portfolio,Sponsored Products,"31\"" x 19\""  - key words 1 manual",ENABLED,USD,$4.0,Manual targeting,Dynamic bids - down only,1697,6,0.35%,$3.16,$0.5266667,0,0.00%,$0.0
"Nov 16, 2019","Oct 10, 2019",,No Portfolio,Sponsored Products,SQ 自动,ENABLED,USD,$2.5,Automatic targeting,Dynamic bids - up and down,349,2,0.57%,$2.7,$1.35,0,0.00%,$0.0
"Nov 16, 2019","Nov 5, 2019",,No Portfolio,Sponsored Products,YSD手动,ENABLED,USD,$3.5,Manual targeting,Dynamic bids - down only,144,1,0.69%,$1.0,$1.0,0,0.00%,$0.0
"Nov 17, 2019","Nov 15, 2018",,No Portfolio,Sponsored Products,"63\"" x 27.5\"" -key words 3 manual",ENABLED,USD,$3.0,Manual targeting,Dynamic bids - down only,5578,9,0.16%,$4.46,$0.4955556,2,3.72%,$119.97
"Nov 17, 2019","Oct 22, 2019",,No Portfolio,Sponsored Products,"31\"" x 19\""-Auto",ENABLED,USD,$3.0,Automatic targeting,Dynamic bids - down only,1184,6,0.51%,$4.78,$0.7966667,0,0.00%,$0.0
"Nov 17, 2019","Nov 5, 2019",,No Portfolio,Sponsored Products,YSD手动,ENABLED,USD,$3.5,Manual targeting,Dynamic bids - down only,1083,5,0.46%,$3.41,$0.682,0,0.00%,$0.0
"Nov 17, 2019","Nov 6, 2019",,No Portfolio,Sponsored Products,清仓厨房垫,ENABLED,USD,$3.0,Automatic targeting,Dynamic bids - down only,683,5,0.73%,$2.94,$0.588,0,0.00%,$0.0
"Nov 17, 2019","Oct 9, 2019",,No Portfolio,Sponsored Products,YSD 简约风,ENABLED,USD,$3.0,Automatic targeting,Dynamic bids - up and down,1932,6,0.31%,$7.48,$1.2466667,0,0.00%,$0.0
"Nov 17, 2019","Sep 10, 2019",,No Portfolio,Sponsored Products,DL门垫自动,ENABLED,USD,$2.0,Automatic targeting,Dynamic bids - down only,186,3,1.61%,$2.14,$0.7133333000000001,0,0.00%,$0.0
"Nov 17, 2019","Nov 5, 2019",,No Portfolio,Sponsored Products,SQ 手动,ENABLED,USD,$2.0,Manual targeting,Dynamic bids - down only,55,0,0.00%,$0.0,$0.0,0,0.00%,$0.0
"Nov 18, 2019","Nov 15, 2018",,No Portfolio,Sponsored Products,"31\"" x 19\""  - key words 1 manual",ENABLED,USD,$4.0,Manual targeting,Dynamic bids - down only,1184,5,0.42%,$3.17,$0.634,0,0.00%,$0.0
"Nov 18, 2019","Sep 10, 2019",,No Portfolio,Sponsored Products,DL门垫自动,ENABLED,USD,$2.0,Automatic targeting,Dynamic bids - down only,2512,3,0.12%,$2.39,$0.7966667,1,7.47%,$31.99
"Nov 18, 2019","Nov 6, 2019",,No Portfolio,Sponsored Products,清仓厨房垫,ENABLED,USD,$3.0,Automatic targeting,Dynamic bids - down only,1132,4,0.35%,$2.9,$0.725,0,0.00%,$0.0
"Nov 18, 2019","Nov 15, 2018",,No Portfolio,Sponsored Products,"63\"" x 27.5\"" -key words 3 manual",ENABLED,USD,$3.0,Manual targeting,Dynamic bids - down only,2925,4,0.14%,$2.31,$0.5775,0,0.00%,$0.0
"Nov 18, 2019","Oct 22, 2019",,No Portfolio,Sponsored Products,"31\"" x 19\""-Auto",ENABLED,USD,$3.0,Automatic targeting,Dynamic bids - down only,1024,6,0.59%,$5.19,$0.865,0,0.00%,$0.0
"Nov 18, 2019","Oct 9, 2019",,No Portfolio,Sponsored Products,YSD 简约风,ENABLED,USD,$3.0,Automatic targeting,Dynamic bids - up and down,372,1,0.27%,$2.15,$2.15,0,0.00%,$0.0
"Nov 18, 2019","Aug 22, 2019",,No Portfolio,Sponsored Products,B07JMDZBSR,ENABLED,USD,$3.0,Automatic targeting,Dynamic bids - down only,129,4,3.10%,$2.9,$0.725,0,0.00%,$0.0
"Nov 18, 2019","Nov 5, 2019",,No Portfolio,Sponsored Products,YSD手动,ENABLED,USD,$3.5,Manual targeting,Dynamic bids - down only,607,1,0.17%,$0.85,$0.85,0,0.00%,$0.0
"Nov 18, 2019","Nov 5, 2019",,No Portfolio,Sponsored Products,SQ 手动,ENABLED,USD,$2.0,Manual targeting,Dynamic bids - down only,4,0,0.00%,$0.0,$0.0,0,0.00%,$0.0
"Nov 18, 2019","Oct 10, 2019",,No Portfolio,Sponsored Products,SQ 自动,ENABLED,USD,$2.5,Automatic targeting,Dynamic bids - up and down,3650,2,0.06%,$2.95,$1.475,0,0.00%,$0.0
"Nov 19, 2019","Sep 10, 2019",,No Portfolio,Sponsored Products,DL门垫自动,ENABLED,USD,$2.0,Automatic targeting,Dynamic bids - down only,133,2,1.50%,$2.04,$1.02,0,0.00%,$0.0
"Nov 19, 2019","Oct 10, 2019",,No Portfolio,Sponsored Products,SQ 自动,ENABLED,USD,$2.5,Automatic targeting,Dynamic bids - up and down,6429,1,0.02%,$1.58,$1.58,0,0.00%,$0.0
"Nov 19, 2019","Nov 15, 2018",,No Portfolio,Sponsored Products,"63\"" x 27.5\"" -key words 3 manual",ENABLED,USD,$3.0,Manual targeting,Dynamic bids - down only,6886,7,0.10%,$2.5,$0.3571429,1,6.25%,$39.99
"Nov 19, 2019","Aug 22, 2019",,No Portfolio,Sponsored Products,B07JMDZBSR,ENABLED,USD,$3.0,Automatic targeting,Dynamic bids - down only,809,5,0.62%,$3.32,$0.664,0,0.00%,$0.0
"Nov 19, 2019","Oct 9, 2019",,No Portfolio,Sponsored Products,YSD 简约风,ENABLED,USD,$3.0,Automatic targeting,Dynamic bids - up and down,1137,5,0.44%,$3.0,$0.6,0,0.00%,$0.0
"Nov 19, 2019","Nov 15, 2018",,No Portfolio,Sponsored Products,"31\"" x 19\""  - key words 1 manual",ENABLED,USD,$4.0,Manual targeting,Dynamic bids - down only,1490,5,0.34%,$3.04,$0.608,0,0.00%,$0.0
"Nov 19, 2019","Nov 6, 2019",,No Portfolio,Sponsored Products,清仓厨房垫,ENABLED,USD,$3.0,Automatic targeting,Dynamic bids - down only,2111,6,0.28%,$3.59,$0.5983333,0,0.00%,$0.0
"Nov 19, 2019","Oct 22, 2019",,No Portfolio,Sponsored Products,"31\"" x 19\""-Auto",ENABLED,USD,$3.0,Automatic targeting,Dynamic bids - down only,1040,6,0.58%,$5.05,$0.8416667,1,8.42%,$59.98
"Nov 19, 2019","Nov 5, 2019",,No Portfolio,Sponsored Products,SQ 手动,ENABLED,USD,$2.0,Manual targeting,Dynamic bids - down only,66,0,0.00%,$0.0,$0.0,0,0.00%,$0.0
"Nov 19, 2019","Nov 5, 2019",,No Portfolio,Sponsored Products,YSD手动,ENABLED,USD,$3.5,Manual targeting,Dynamic bids - down only,656,1,0.15%,$0.83,$0.83,0,0.00%,$0.0
"Nov 20, 2019","Oct 10, 2019",,No Portfolio,Sponsored Products,SQ 自动,ENABLED,USD,$2.5,Automatic targeting,Dynamic bids - up and down,1842,3,0.16%,$3.98,$1.3266667,0,0.00%,$0.0
"Nov 20, 2019","Sep 10, 2019",,No Portfolio,Sponsored Products,DL门垫自动,ENABLED,USD,$2.0,Automatic targeting,Dynamic bids - down only,1725,3,0.17%,$2.25,$0.75,0,0.00%,$0.0
"Nov 20, 2019","Nov 15, 2018",,No Portfolio,Sponsored Products,"31\"" x 19\""  - key words 1 manual",ENABLED,USD,$4.0,Manual targeting,Dynamic bids - down only,874,6,0.69%,$3.3,$0.55,1,11.00%,$29.99
"Nov 20, 2019","Nov 5, 2019",,No Portfolio,Sponsored Products,YSD手动,ENABLED,USD,$3.5,Manual targeting,Dynamic bids - down only,306,3,0.98%,$2.1,$0.7,0,0.00%,$0.0
"Nov 20, 2019","Nov 6, 2019",,No Portfolio,Sponsored Products,清仓厨房垫,ENABLED,USD,$3.0,Automatic targeting,Dynamic bids - down only,689,5,0.73%,$3.01,$0.602,0,0.00%,$0.0
"Nov 20, 2019","Nov 15, 2018",,No Portfolio,Sponsored Products,"63\"" x 27.5\"" -key words 3 manual",ENABLED,USD,$3.0,Manual targeting,Dynamic bids - down only,3848,4,0.10%,$2.18,$0.545,0,0.00%,$0.0
"Nov 20, 2019","Nov 5, 2019",,No Portfolio,Sponsored Products,SQ 手动,ENABLED,USD,$2.0,Manual targeting,Dynamic bids - down only,7,0,0.00%,$0.0,$0.0,0,0.00%,$0.0
"Nov 20, 2019","Oct 22, 2019",,No Portfolio,Sponsored Products,"31\"" x 19\""-Auto",ENABLED,USD,$3.0,Automatic targeting,Dynamic bids - down only,867,6,0.69%,$4.48,$0.7466667,0,0.00%,$0.0
"Nov 20, 2019","Aug 22, 2019",,No Portfolio,Sponsored Products,B07JMDZBSR,ENABLED,USD,$3.0,Automatic targeting,Dynamic bids - down only,422,6,1.42%,$3.03,$0.505,0,0.00%,$0.0
"Nov 20, 2019","Oct 9, 2019",,No Portfolio,Sponsored Products,YSD 简约风,ENABLED,USD,$3.0,Automatic targeting,Dynamic bids - up and down,622,1,0.16%,$0.52,$0.52,0,0.00%,$0.0
"Nov 21, 2019","Aug 22, 2019",,No Portfolio,Sponsored Products,B07JMDZBSR,ENABLED,USD,$3.0,Automatic targeting,Dynamic bids - down only,559,6,1.07%,$3.31,$0.5516667000000001,0,0.00%,$0.0
"Nov 21, 2019","Nov 5, 2019",,No Portfolio,Sponsored Products,SQ 手动,ENABLED,USD,$2.0,Manual targeting,Dynamic bids - down only,13,0,0.00%,$0.0,$0.0,0,0.00%,$0.0
"Nov 21, 2019","Sep 10, 2019",,No Portfolio,Sponsored Products,DL门垫自动,ENABLED,USD,$2.0,Automatic targeting,Dynamic bids - down only,979,2,0.20%,$2.34,$1.17,0,0.00%,$0.0
"Nov 21, 2019","Nov 15, 2018",,No Portfolio,Sponsored Products,"63\"" x 27.5\"" -key words 3 manual",ENABLED,USD,$3.0,Manual targeting,Dynamic bids - down only,3268,1,0.03%,$0.5,$0.5,0,0.00%,$0.0
"Nov 21, 2019","Oct 22, 2019",,No Portfolio,Sponsored Products,"31\"" x 19\""-Auto",ENABLED,USD,$3.0,Automatic targeting,Dynamic bids - down only,1130,3,0.27%,$2.23,$0.7433333000000001,0,0.00%,$0.0
"Nov 21, 2019","Nov 6, 2019",,No Portfolio,Sponsored Products,清仓厨房垫,ENABLED,USD,$3.0,Automatic targeting,Dynamic bids - down only,1276,6,0.47%,$3.05,$0.5083333,0,0.00%,$0.0
"Nov 21, 2019","Oct 9, 2019",,No Portfolio,Sponsored Products,YSD 简约风,ENABLED,USD,$3.0,Automatic targeting,Dynamic bids - up and down,689,4,0.58%,$2.46,$0.615,0,0.00%,$0.0
"Nov 21, 2019","Oct 10, 2019",,No Portfolio,Sponsored Products,SQ 自动,ENABLED,USD,$2.5,Automatic targeting,Dynamic bids - up and down,2428,2,0.08%,$3.15,$1.575,0,0.00%,$0.0
"Nov 21, 2019","Nov 15, 2018",,No Portfolio,Sponsored Products,"31\"" x 19\""  - key words 1 manual",ENABLED,USD,$4.0,Manual targeting,Dynamic bids - down only,1619,8,0.49%,$4.37,$0.54625,0,0.00%,$0.0
"Nov 21, 2019","Nov 20, 2019",,No Portfolio,Sponsored Products,YSD Pure Bath Mats,ENABLED,USD,$3.0,Automatic targeting,Dynamic bids - down only,63,0,0.00%,$0.0,$0.0,0,0.00%,$0.0
"Nov 21, 2019","Nov 5, 2019",,No Portfolio,Sponsored Products,YSD手动,ENABLED,USD,$3.5,Manual targeting,Dynamic bids - down only,783,6,0.77%,$4.49,$0.7483333000000001,0,0.00%,$0.0
"Nov 22, 2019","Nov 20, 2019",,No Portfolio,Sponsored Products,YSD Pure Bath Mats,ENABLED,USD,$3.0,Automatic targeting,Dynamic bids - down only,3,0,0.00%,$0.0,$0.0,0,0.00%,$0.0
"Nov 22, 2019","Aug 22, 2019",,No Portfolio,Sponsored Products,B07JMDZBSR,ENABLED,USD,$3.0,Automatic targeting,Dynamic bids - down only,1127,6,0.53%,$3.5,$0.5833332999999999,0,0.00%,$0.0
"Nov 22, 2019","Nov 15, 2018",,No Portfolio,Sponsored Products,"31\"" x 19\""  - key words 1 manual",ENABLED,USD,$4.0,Manual targeting,Dynamic bids - down only,372,2,0.54%,$0.6,$0.3,1,1.50%,$39.99
"Nov 22, 2019","Sep 10, 2019",,No Portfolio,Sponsored Products,DL门垫自动,ENABLED,USD,$2.0,Automatic targeting,Dynamic bids - down only,298,0,0.00%,$0.0,$0.0,0,0.00%,$0.0
"Nov 22, 2019","Oct 22, 2019",,No Portfolio,Sponsored Products,"31\"" x 19\""-Auto",ENABLED,USD,$3.0,Automatic targeting,Dynamic bids - down only,58,0,0.00%,$0.0,$0.0,0,0.00%,$0.0
"Nov 22, 2019","Nov 6, 2019",,No Portfolio,Sponsored Products,清仓厨房垫,ENABLED,USD,$3.0,Automatic targeting,Dynamic bids - down only,573,5,0.87%,$2.72,$0.544,0,0.00%,$0.0
"Nov 22, 2019","Nov 15, 2018",,No Portfolio,Sponsored Products,"63\"" x 27.5\"" -key words 3 manual",ENABLED,USD,$3.0,Manual targeting,Dynamic bids - down only,257,0,0.00%,$0.0,$0.0,0,0.00%,$0.0
"Nov 22, 2019","Oct 10, 2019",,No Portfolio,Sponsored Products,SQ 自动,ENABLED,USD,$2.5,Automatic targeting,Dynamic bids - up and down,621,0,0.00%,$0.0,$0.0,0,0.00%,$0.0
"Nov 22, 2019","Nov 5, 2019",,No Portfolio,Sponsored Products,SQ 手动,ENABLED,USD,$2.0,Manual targeting,Dynamic bids - down only,2,0,0.00%,$0.0,$0.0,0,0.00%,$0.0
"Nov 22, 2019","Nov 5, 2019",,No Portfolio,Sponsored Products,YSD手动,ENABLED,USD,$3.5,Manual targeting,Dynamic bids - down only,44,0,0.00%,$0.0,$0.0,0,0.00%,$0.0
"Nov 22, 2019","Oct 9, 2019",,No Portfolio,Sponsored Products,YSD 简约风,ENABLED,USD,$3.0,Automatic targeting,Dynamic bids - up and down,27,0,0.00%,$0.0,$0.0,0,0.00%,$0.0
