﻿Date,Start Date,End Date,Portfolio name,Campaign Type,Campaign Name,Status,Currency,Budget,Targeting Type,Bidding strategy,Impressions,Last Year Impressions,Clicks,Last Year Clicks,Click-Thru Rate (CTR),Spend,Last Year Spend,Cost Per Click (CPC),Last Year Cost Per Click (CPC),7 Day Total Orders (#),"Total Advertising Cost of Sales (ACoS) ","7 Day Total Sales "
"Dec 14, 2019","Dec 7, 2019",,No Portfolio,Sponsored Products,B07L118VDV (Hello Happiness) - Keyword Target,ENABLED,USD,$6.0,Manual targeting,Dynamic bids - down only,568,,4,,0.70%,$2.38,,$0.595,,0,0.00%,$0.0
"Dec 14, 2019","Dec 7, 2019",,No Portfolio,Sponsored Products,B07VW6N66M (Spiritual Song) - Keyword Target,ENABLED,USD,$6.0,Manual targeting,Dynamic bids - down only,2634,,7,,0.27%,$4.94,,$0.7057143,,0,0.00%,$0.0
"Dec 14, 2019","Dec 7, 2019",,No Portfolio,Sponsored Products,B07VW6J6N5 (Norwegian White Impression) - Keyword Target,ENABLED,USD,$10.0,Manual targeting,Dynamic bids - down only,1377,,5,,0.36%,$3.1,,$0.62,,0,0.00%,$0.0
"Dec 14, 2019","Dec 7, 2019",,No Portfolio,Sponsored Products,B07JJC4NTT (Moroccan Craftman) - Keyword Target,ENABLED,USD,$15.0,Manual targeting,Dynamic bids - down only,4051,,24,,0.59%,$20.38,,$0.8491666999999999,,0,0.00%,$0.0
"Dec 14, 2019","Dec 5, 2019",,No Portfolio,Sponsored Products,B07KK3RQNV (City Map) - Keyword Target,ENABLED,USD,$6.0,Manual targeting,Dynamic bids - down only,1857,,11,,0.59%,$6.04,,$0.5490908999999999,,0,0.00%,$0.0
"Dec 14, 2019","Dec 7, 2019",,No Portfolio,Sponsored Products,B07JJ3HGSN (Moroccan Wooden House) - Keyword Target,ENABLED,USD,$15.0,Manual targeting,Dynamic bids - down only,2789,,24,,0.86%,$19.92,,$0.83,,0,0.00%,$0.0
"Dec 14, 2019","Dec 2, 2019",,No Portfolio,Sponsored Products,B07JMDZBSR (Dream Light) - Keyword Target,ENABLED,USD,$11.0,Manual targeting,Dynamic bids - down only,6510,,21,,0.32%,$10.26,,$0.4885714,,0,0.00%,$0.0
"Dec 14, 2019","Dec 10, 2019",,No Portfolio,Sponsored Products,B07JND9C85 (My balcony) - Keyword Target,ENABLED,USD,$5.0,Manual targeting,Dynamic bids - down only,4297,,4,,0.09%,$3.75,,$0.9375,,0,0.00%,$0.0
"Dec 14, 2019","Dec 9, 2019",,No Portfolio,Sponsored Products,B07VSNNSD8 (Dream Light) - Keyword Target,ENABLED,USD,$10.0,Manual targeting,Dynamic bids - down only,29,,0,,0.00%,$0.0,,$0.0,,0,0.00%,$0.0
"Dec 14, 2019","Dec 5, 2019",,No Portfolio,Sponsored Products,B07KJXY5SN (Golden Map) - Keyword Target,ENABLED,USD,$6.0,Manual targeting,Dynamic bids - down only,1624,,11,,0.68%,$6.16,,$0.56,,0,0.00%,$0.0
"Dec 14, 2019","Dec 7, 2019",,No Portfolio,Sponsored Products,B07JHV2GP2 (Space Man) - Keyword Target,ENABLED,USD,$6.0,Manual targeting,Dynamic bids - down only,440,,0,,0.00%,$0.0,,$0.0,,0,0.00%,$0.0
"Dec 14, 2019","Nov 28, 2019",,No Portfolio,Sponsored Products,B07JMT389Q (Enjoy Life) - Keyword Target,ENABLED,USD,$7.0,Manual targeting,Dynamic bids - down only,1185,,13,,1.10%,$6.64,,$0.5107692,,0,0.00%,$0.0
"Dec 14, 2019","Dec 7, 2019",,No Portfolio,Sponsored Products,B07VX6FRQQ (Modern Show) - Keyword Target,ENABLED,USD,$6.0,Manual targeting,Dynamic bids - down only,997,,4,,0.40%,$3.68,,$0.92,,1,5.33%,$69.1
"Dec 14, 2019","Dec 10, 2019",,No Portfolio,Sponsored Products,B07JHNJT7Q (Perfect Day) - Keyword Target,ENABLED,USD,$6.0,Manual targeting,Dynamic bids - down only,425,,2,,0.47%,$1.6,,$0.8,,0,0.00%,$0.0
