﻿Date,Start Date,End Date,Portfolio name,Campaign Type,Campaign Name,Status,Currency,Budget,Targeting Type,Bidding strategy,Impressions,Last Year Impressions,Clicks,Last Year Clicks,Click-Thru Rate (CTR),Spend,Last Year Spend,Cost Per Click (CPC),Last Year Cost Per Click (CPC),7 Day Total Orders (#),"Total Advertising Cost of Sales (ACoS) ","7 Day Total Sales "
"Dec 4, 2019","Nov 5, 2019",,No Portfolio,Sponsored Products,SQ 手动,ARCHIVED,USD,$2.0,Manual targeting,Dynamic bids - down only,41,,0,,0.00%,$0.0,,$0.0,,0,0.00%,$0.0
"Dec 4, 2019","Oct 9, 2019",,No Portfolio,Sponsored Products,YSD 简约风,ARCHIVED,USD,$3.0,Automatic targeting,Dynamic bids - up and down,846,,2,,0.24%,$1.76,,$0.88,,1,1.13%,$155.96
"Dec 4, 2019","Aug 22, 2019",,No Portfolio,Sponsored Products,B07JMDZBSR,ARCHIVED,USD,$3.0,Automatic targeting,Dynamic bids - down only,374,,5,,1.34%,$3.33,,$0.6659999999999999,,0,0.00%,$0.0
"Dec 4, 2019","Nov 15, 2018",,No Portfolio,Sponsored Products,"63\"" x 27.5\"" -key words 3 manual",ARCHIVED,USD,$3.0,Manual targeting,Dynamic bids - down only,3667,4702,1,21,0.03%,$0.36,$12.56,$0.36,$0.5980951999999999,0,0.00%,$0.0
"Dec 4, 2019","Oct 22, 2019",,No Portfolio,Sponsored Products,"31\"" x 19\""-Auto",ARCHIVED,USD,$3.0,Automatic targeting,Dynamic bids - down only,2355,,3,,0.13%,$1.74,,$0.58,,1,5.44%,$31.99
"Dec 4, 2019","Nov 6, 2019",,No Portfolio,Sponsored Products,Kitchen Mat - SP Auto,ARCHIVED,USD,$3.0,Automatic targeting,Dynamic bids - down only,352,,6,,1.71%,$3.24,,$0.54,,0,0.00%,$0.0
"Dec 4, 2019","Nov 20, 2019",,No Portfolio,Sponsored Products,YSD Pure Bath Mats,ARCHIVED,USD,$3.0,Automatic targeting,Dynamic bids - down only,367,,1,,0.27%,$0.54,,$0.54,,0,0.00%,$0.0
"Dec 4, 2019","Nov 15, 2018",,No Portfolio,Sponsored Products,"31\"" x 19\""  - key words 1 manual",ARCHIVED,USD,$4.0,Manual targeting,Dynamic bids - down only,1358,1469,7,4,0.52%,$4.67,$2.41,$0.6671429000000001,$0.6025,0,0.00%,$0.0
"Dec 4, 2019","Sep 10, 2019",,No Portfolio,Sponsored Products,DL门垫自动,ARCHIVED,USD,$2.0,Automatic targeting,Dynamic bids - down only,1079,,2,,0.19%,$2.16,,$1.08,,0,0.00%,$0.0
"Dec 4, 2019","Nov 5, 2019",,No Portfolio,Sponsored Products,YSD手动,ARCHIVED,USD,$3.5,Manual targeting,Dynamic bids - down only,588,,5,,0.85%,$4.12,,$0.8240000000000001,,0,0.00%,$0.0
"Dec 4, 2019","Oct 10, 2019",,No Portfolio,Sponsored Products,SQ 自动,ARCHIVED,USD,$2.5,Automatic targeting,Dynamic bids - up and down,2015,,2,,0.10%,$3.53,,$1.765,,0,0.00%,$0.0
"Dec 5, 2019","Nov 5, 2019",,No Portfolio,Sponsored Products,YSD手动,ARCHIVED,USD,$3.5,Manual targeting,Dynamic bids - down only,479,,4,,0.84%,$3.7,,$0.925,,0,0.00%,$0.0
"Dec 5, 2019","Nov 5, 2019",,No Portfolio,Sponsored Products,SQ 手动,ARCHIVED,USD,$2.0,Manual targeting,Dynamic bids - down only,25,,0,,0.00%,$0.0,,$0.0,,0,0.00%,$0.0
"Dec 5, 2019","Sep 10, 2019",,No Portfolio,Sponsored Products,DL门垫自动,ARCHIVED,USD,$2.0,Automatic targeting,Dynamic bids - down only,2394,,3,,0.13%,$2.21,,$0.7366667,,0,0.00%,$0.0
"Dec 5, 2019","Nov 15, 2018",,No Portfolio,Sponsored Products,"31\"" x 19\""  - key words 1 manual",ARCHIVED,USD,$4.0,Manual targeting,Dynamic bids - down only,1747,1894,7,8,0.40%,$4.12,$4.54,$0.5885714,$0.5675,0,0.00%,$0.0
"Dec 5, 2019","Nov 20, 2019",,No Portfolio,Sponsored Products,YSD Pure Bath Mats,ARCHIVED,USD,$3.0,Automatic targeting,Dynamic bids - down only,4,,0,,0.00%,$0.0,,$0.0,,0,0.00%,$0.0
"Dec 5, 2019","Dec 5, 2019",,No Portfolio,Sponsored Products,B07KK3RQNV (City Map) - Keyword Target,ENABLED,USD,$6.0,Manual targeting,Dynamic bids - down only,149,,2,,1.34%,$0.64,,$0.32,,0,0.00%,$0.0
"Dec 5, 2019","Nov 15, 2018",,No Portfolio,Sponsored Products,"63\"" x 27.5\"" -key words 3 manual",ARCHIVED,USD,$3.0,Manual targeting,Dynamic bids - down only,2645,5359,3,28,0.11%,$1.43,$16.11,$0.47666670000000005,$0.5753571000000001,0,0.00%,$0.0
"Dec 5, 2019","Oct 22, 2019",,No Portfolio,Sponsored Products,"31\"" x 19\""-Auto",ARCHIVED,USD,$3.0,Automatic targeting,Dynamic bids - down only,1692,,1,,0.06%,$0.34,,$0.34,,0,0.00%,$0.0
"Dec 5, 2019","Nov 6, 2019",,No Portfolio,Sponsored Products,Kitchen Mat - SP Auto,ARCHIVED,USD,$3.0,Automatic targeting,Dynamic bids - down only,513,,5,,0.98%,$3.11,,$0.622,,0,0.00%,$0.0
"Dec 5, 2019","Oct 9, 2019",,No Portfolio,Sponsored Products,YSD 简约风,ARCHIVED,USD,$3.0,Automatic targeting,Dynamic bids - up and down,312,,4,,1.28%,$3.29,,$0.8225,,0,0.00%,$0.0
"Dec 5, 2019","Aug 22, 2019",,No Portfolio,Sponsored Products,B07JMDZBSR,ARCHIVED,USD,$3.0,Automatic targeting,Dynamic bids - down only,0,,0,,0.00%,$0.0,,$0.0,,0,0.00%,$0.0
"Dec 5, 2019","Nov 28, 2019",,No Portfolio,Sponsored Products,B07JMT389Q (Enjoy Life) - Keyword Target,ENABLED,USD,$7.0,Manual targeting,Dynamic bids - down only,1548,,12,,0.78%,$4.21,,$0.35083329999999996,,0,0.00%,$0.0
"Dec 5, 2019","Oct 10, 2019",,No Portfolio,Sponsored Products,SQ 自动,ARCHIVED,USD,$2.5,Automatic targeting,Dynamic bids - up and down,553,,2,,0.36%,$2.79,,$1.395,,0,0.00%,$0.0
"Dec 5, 2019","Dec 5, 2019",,No Portfolio,Sponsored Products,B07KJXY5SN (Golden Map) - Keyword Target,ENABLED,USD,$6.0,Manual targeting,Dynamic bids - down only,239,,4,,1.67%,$1.62,,$0.405,,0,0.00%,$0.0
"Dec 6, 2019","Dec 5, 2019",,No Portfolio,Sponsored Products,B07KJXY5SN (Golden Map) - Keyword Target,ENABLED,USD,$6.0,Manual targeting,Dynamic bids - down only,1251,,8,,0.64%,$3.25,,$0.40625,,0,0.00%,$0.0
"Dec 6, 2019","Dec 2, 2019",,No Portfolio,Sponsored Products,B07JMDZBSR (Dream Light) - Keyword Target,ENABLED,USD,$11.0,Manual targeting,Dynamic bids - down only,1397,,6,,0.43%,$2.03,,$0.33833329999999995,,0,0.00%,$0.0
"Dec 6, 2019","Oct 22, 2019",,No Portfolio,Sponsored Products,"31\"" x 19\""-Auto",ARCHIVED,USD,$3.0,Automatic targeting,Dynamic bids - down only,2392,,0,,0.00%,$0.0,,$0.0,,0,0.00%,$0.0
"Dec 6, 2019","Nov 5, 2019",,No Portfolio,Sponsored Products,YSD手动,ARCHIVED,USD,$3.5,Manual targeting,Dynamic bids - down only,918,,2,,0.22%,$1.86,,$0.93,,0,0.00%,$0.0
"Dec 6, 2019","Nov 5, 2019",,No Portfolio,Sponsored Products,SQ 手动,ARCHIVED,USD,$2.0,Manual targeting,Dynamic bids - down only,19,,0,,0.00%,$0.0,,$0.0,,0,0.00%,$0.0
"Dec 6, 2019","Nov 15, 2018",,No Portfolio,Sponsored Products,"63\"" x 27.5\"" -key words 3 manual",ARCHIVED,USD,$3.0,Manual targeting,Dynamic bids - down only,3273,6576,5,23,0.15%,$3.28,$14.3,$0.6559999999999999,$0.6217391,0,0.00%,$0.0
"Dec 6, 2019","Oct 9, 2019",,No Portfolio,Sponsored Products,YSD 简约风,ARCHIVED,USD,$3.0,Automatic targeting,Dynamic bids - up and down,1185,,2,,0.17%,$1.61,,$0.805,,0,0.00%,$0.0
"Dec 6, 2019","Dec 5, 2019",,No Portfolio,Sponsored Products,B07KK3RQNV (City Map) - Keyword Target,ENABLED,USD,$6.0,Manual targeting,Dynamic bids - down only,1609,,8,,0.50%,$2.63,,$0.32875,,0,0.00%,$0.0
"Dec 6, 2019","Nov 15, 2018",,No Portfolio,Sponsored Products,"31\"" x 19\""  - key words 1 manual",ARCHIVED,USD,$4.0,Manual targeting,Dynamic bids - down only,1374,1317,8,6,0.58%,$4.14,$3.1,$0.5175,$0.5166667,0,0.00%,$0.0
"Dec 6, 2019","Sep 10, 2019",,No Portfolio,Sponsored Products,DL门垫自动,ARCHIVED,USD,$2.0,Automatic targeting,Dynamic bids - down only,1534,,3,,0.20%,$2.29,,$0.7633333,,0,0.00%,$0.0
"Dec 6, 2019","Nov 28, 2019",,No Portfolio,Sponsored Products,B07JMT389Q (Enjoy Life) - Keyword Target,ENABLED,USD,$7.0,Manual targeting,Dynamic bids - down only,1560,,12,,0.77%,$4.12,,$0.34333329999999995,,0,0.00%,$0.0
"Dec 6, 2019","Oct 10, 2019",,No Portfolio,Sponsored Products,SQ 自动,ARCHIVED,USD,$2.5,Automatic targeting,Dynamic bids - up and down,714,,2,,0.28%,$2.49,,$1.245,,0,0.00%,$0.0
"Dec 7, 2019","Dec 7, 2019",,No Portfolio,Sponsored Products,B07L118VDV (Hello Happiness) - Keyword Target,ENABLED,USD,$6.0,Manual targeting,Dynamic bids - down only,3691,,4,,0.11%,$2.22,,$0.555,,0,0.00%,$0.0
"Dec 7, 2019","Oct 10, 2019",,No Portfolio,Sponsored Products,SQ 自动,ARCHIVED,USD,$2.5,Automatic targeting,Dynamic bids - up and down,555,,3,,0.54%,$3.75,,$1.25,,0,0.00%,$0.0
"Dec 7, 2019","Dec 7, 2019",,No Portfolio,Sponsored Products,B07JJ3HGSN (Moroccan Wooden House) - Keyword Target,ENABLED,USD,$15.0,Manual targeting,Dynamic bids - down only,1181,,11,,0.93%,$6.38,,$0.58,,0,0.00%,$0.0
"Dec 7, 2019","Dec 7, 2019",,No Portfolio,Sponsored Products,B07VX6FRQQ (Modern Show) - Keyword Target,ENABLED,USD,$6.0,Manual targeting,Dynamic bids - down only,2565,,3,,0.12%,$2.11,,$0.7033333,,0,0.00%,$0.0
"Dec 7, 2019","Dec 7, 2019",,No Portfolio,Sponsored Products,B07VW6J6N5 (Norwegian White Impression) - Keyword Target,ENABLED,USD,$10.0,Manual targeting,Dynamic bids - down only,1822,,4,,0.22%,$2.18,,$0.545,,0,0.00%,$0.0
"Dec 7, 2019","Dec 5, 2019",,No Portfolio,Sponsored Products,B07KK3RQNV (City Map) - Keyword Target,ENABLED,USD,$6.0,Manual targeting,Dynamic bids - down only,1353,,11,,0.81%,$5.26,,$0.4781818,,0,0.00%,$0.0
"Dec 7, 2019","Oct 9, 2019",,No Portfolio,Sponsored Products,YSD 简约风,ARCHIVED,USD,$3.0,Automatic targeting,Dynamic bids - up and down,53,,0,,0.00%,$0.0,,$0.0,,0,0.00%,$0.0
"Dec 7, 2019","Dec 7, 2019",,No Portfolio,Sponsored Products,B07JJC4NTT (Moroccan Craftman) - Keyword Target,ENABLED,USD,$15.0,Manual targeting,Dynamic bids - down only,1866,,12,,0.64%,$7.06,,$0.5883333,,0,0.00%,$0.0
"Dec 7, 2019","Dec 5, 2019",,No Portfolio,Sponsored Products,B07KJXY5SN (Golden Map) - Keyword Target,ENABLED,USD,$6.0,Manual targeting,Dynamic bids - down only,1560,,11,,0.71%,$5.46,,$0.4963636,,0,0.00%,$0.0
"Dec 7, 2019","Oct 22, 2019",,No Portfolio,Sponsored Products,"31\"" x 19\""-Auto",ARCHIVED,USD,$3.0,Automatic targeting,Dynamic bids - down only,97,,0,,0.00%,$0.0,,$0.0,,0,0.00%,$0.0
"Dec 7, 2019","Nov 15, 2018",,No Portfolio,Sponsored Products,"63\"" x 27.5\"" -key words 3 manual",ARCHIVED,USD,$3.0,Manual targeting,Dynamic bids - down only,67,7694,0,24,0.00%,$0.0,$14.81,$0.0,$0.6170833,0,0.00%,$0.0
"Dec 7, 2019","Nov 28, 2019",,No Portfolio,Sponsored Products,B07JMT389Q (Enjoy Life) - Keyword Target,ENABLED,USD,$7.0,Manual targeting,Dynamic bids - down only,1675,,9,,0.54%,$4.4,,$0.4888889,,0,0.00%,$0.0
"Dec 7, 2019","Dec 2, 2019",,No Portfolio,Sponsored Products,B07JMDZBSR (Dream Light) - Keyword Target,ENABLED,USD,$11.0,Manual targeting,Dynamic bids - down only,8215,,16,,0.20%,$7.76,,$0.485,,0,0.00%,$0.0
"Dec 7, 2019","Nov 5, 2019",,No Portfolio,Sponsored Products,YSD手动,ARCHIVED,USD,$3.5,Manual targeting,Dynamic bids - down only,50,,1,,2.00%,$0.63,,$0.63,,0,0.00%,$0.0
"Dec 7, 2019","Dec 7, 2019",,No Portfolio,Sponsored Products,B07JHV2GP2 (Space Man) - Keyword Target,ENABLED,USD,$6.0,Manual targeting,Dynamic bids - down only,4482,,4,,0.09%,$2.25,,$0.5625,,0,0.00%,$0.0
"Dec 7, 2019","Dec 7, 2019",,No Portfolio,Sponsored Products,B07VW6N66M (Spiritual Song) - Keyword Target,ENABLED,USD,$6.0,Manual targeting,Dynamic bids - down only,1103,,4,,0.36%,$2.41,,$0.6025,,0,0.00%,$0.0
"Dec 7, 2019","Nov 5, 2019",,No Portfolio,Sponsored Products,SQ 手动,ARCHIVED,USD,$2.0,Manual targeting,Dynamic bids - down only,4,,0,,0.00%,$0.0,,$0.0,,0,0.00%,$0.0
"Dec 7, 2019","Nov 15, 2018",,No Portfolio,Sponsored Products,"31\"" x 19\""  - key words 1 manual",ARCHIVED,USD,$4.0,Manual targeting,Dynamic bids - down only,128,742,0,4,0.00%,$0.0,$2.42,$0.0,$0.605,0,0.00%,$0.0
"Dec 7, 2019","Sep 10, 2019",,No Portfolio,Sponsored Products,DL门垫自动,ARCHIVED,USD,$2.0,Automatic targeting,Dynamic bids - down only,240,,2,,0.83%,$2.34,,$1.17,,0,0.00%,$0.0
"Dec 8, 2019","Dec 7, 2019",,No Portfolio,Sponsored Products,B07VW6J6N5 (Norwegian White Impression) - Keyword Target,ENABLED,USD,$10.0,Manual targeting,Dynamic bids - down only,1047,,4,,0.38%,$2.14,,$0.535,,0,0.00%,$0.0
"Dec 8, 2019","Dec 5, 2019",,No Portfolio,Sponsored Products,B07KJXY5SN (Golden Map) - Keyword Target,ENABLED,USD,$6.0,Manual targeting,Dynamic bids - down only,2173,,11,,0.51%,$5.38,,$0.4890909,,0,0.00%,$0.0
"Dec 8, 2019","Nov 28, 2019",,No Portfolio,Sponsored Products,B07JMT389Q (Enjoy Life) - Keyword Target,ENABLED,USD,$7.0,Manual targeting,Dynamic bids - down only,1447,,9,,0.62%,$4.27,,$0.4744444,,0,0.00%,$0.0
"Dec 8, 2019","Dec 5, 2019",,No Portfolio,Sponsored Products,B07KK3RQNV (City Map) - Keyword Target,ENABLED,USD,$6.0,Manual targeting,Dynamic bids - down only,1480,,11,,0.74%,$5.24,,$0.47636360000000005,,0,0.00%,$0.0
"Dec 8, 2019","Dec 7, 2019",,No Portfolio,Sponsored Products,B07VW6N66M (Spiritual Song) - Keyword Target,ENABLED,USD,$6.0,Manual targeting,Dynamic bids - down only,1421,,3,,0.21%,$2.08,,$0.6933333,,0,0.00%,$0.0
"Dec 8, 2019","Dec 7, 2019",,No Portfolio,Sponsored Products,B07JJC4NTT (Moroccan Craftman) - Keyword Target,ENABLED,USD,$15.0,Manual targeting,Dynamic bids - down only,2288,,13,,0.57%,$6.31,,$0.4853846,,1,15.78%,$39.99
"Dec 8, 2019","Dec 7, 2019",,No Portfolio,Sponsored Products,B07L118VDV (Hello Happiness) - Keyword Target,ENABLED,USD,$6.0,Manual targeting,Dynamic bids - down only,2767,,4,,0.15%,$1.69,,$0.4225,,0,0.00%,$0.0
"Dec 8, 2019","Dec 2, 2019",,No Portfolio,Sponsored Products,B07JMDZBSR (Dream Light) - Keyword Target,ENABLED,USD,$11.0,Manual targeting,Dynamic bids - down only,7176,,19,,0.27%,$7.36,,$0.3873684,,0,0.00%,$0.0
"Dec 8, 2019","Dec 7, 2019",,No Portfolio,Sponsored Products,B07JJ3HGSN (Moroccan Wooden House) - Keyword Target,ENABLED,USD,$15.0,Manual targeting,Dynamic bids - down only,1452,,11,,0.76%,$6.1,,$0.5545455,,0,0.00%,$0.0
"Dec 8, 2019","Dec 7, 2019",,No Portfolio,Sponsored Products,B07VX6FRQQ (Modern Show) - Keyword Target,ENABLED,USD,$6.0,Manual targeting,Dynamic bids - down only,1612,,3,,0.19%,$2.02,,$0.6733333,,0,0.00%,$0.0
"Dec 8, 2019","Dec 7, 2019",,No Portfolio,Sponsored Products,B07JHV2GP2 (Space Man) - Keyword Target,ENABLED,USD,$6.0,Manual targeting,Dynamic bids - down only,1098,,1,,0.09%,$0.25,,$0.25,,0,0.00%,$0.0
"Dec 9, 2019","Dec 7, 2019",,No Portfolio,Sponsored Products,B07VW6J6N5 (Norwegian White Impression) - Keyword Target,ENABLED,USD,$10.0,Manual targeting,Dynamic bids - down only,266,,3,,1.13%,$1.56,,$0.52,,0,0.00%,$0.0
"Dec 9, 2019","Dec 7, 2019",,No Portfolio,Sponsored Products,B07JHV2GP2 (Space Man) - Keyword Target,ENABLED,USD,$6.0,Manual targeting,Dynamic bids - down only,197,,0,,0.00%,$0.0,,$0.0,,0,0.00%,$0.0
"Dec 9, 2019","Dec 5, 2019",,No Portfolio,Sponsored Products,B07KJXY5SN (Golden Map) - Keyword Target,ENABLED,USD,$6.0,Manual targeting,Dynamic bids - down only,704,,8,,1.14%,$3.65,,$0.45625,,0,0.00%,$0.0
"Dec 9, 2019","Nov 28, 2019",,No Portfolio,Sponsored Products,B07JMT389Q (Enjoy Life) - Keyword Target,ENABLED,USD,$7.0,Manual targeting,Dynamic bids - down only,1561,,12,,0.77%,$4.03,,$0.33583329999999995,,0,0.00%,$0.0
"Dec 9, 2019","Dec 5, 2019",,No Portfolio,Sponsored Products,B07KK3RQNV (City Map) - Keyword Target,ENABLED,USD,$6.0,Manual targeting,Dynamic bids - down only,682,,5,,0.73%,$2.1,,$0.42,,0,0.00%,$0.0
"Dec 9, 2019","Dec 7, 2019",,No Portfolio,Sponsored Products,B07JJC4NTT (Moroccan Craftman) - Keyword Target,ENABLED,USD,$15.0,Manual targeting,Dynamic bids - down only,471,,4,,0.85%,$1.58,,$0.395,,0,0.00%,$0.0
"Dec 9, 2019","Dec 7, 2019",,No Portfolio,Sponsored Products,B07VX6FRQQ (Modern Show) - Keyword Target,ENABLED,USD,$6.0,Manual targeting,Dynamic bids - down only,164,,2,,1.22%,$0.7,,$0.35,,0,0.00%,$0.0
"Dec 9, 2019","Dec 7, 2019",,No Portfolio,Sponsored Products,B07L118VDV (Hello Happiness) - Keyword Target,ENABLED,USD,$6.0,Manual targeting,Dynamic bids - down only,780,,3,,0.39%,$0.93,,$0.31,,0,0.00%,$0.0
"Dec 9, 2019","Dec 2, 2019",,No Portfolio,Sponsored Products,B07JMDZBSR (Dream Light) - Keyword Target,ENABLED,USD,$11.0,Manual targeting,Dynamic bids - down only,1076,,5,,0.47%,$1.64,,$0.32799999999999996,,0,0.00%,$0.0
"Dec 9, 2019","Dec 7, 2019",,No Portfolio,Sponsored Products,B07JJ3HGSN (Moroccan Wooden House) - Keyword Target,ENABLED,USD,$15.0,Manual targeting,Dynamic bids - down only,705,,15,,2.13%,$6.73,,$0.4486667,,0,0.00%,$0.0
"Dec 9, 2019","Dec 7, 2019",,No Portfolio,Sponsored Products,B07VW6N66M (Spiritual Song) - Keyword Target,ENABLED,USD,$6.0,Manual targeting,Dynamic bids - down only,711,,5,,0.70%,$2.2,,$0.44,,0,0.00%,$0.0
"Dec 9, 2019","Dec 9, 2019",,No Portfolio,Sponsored Products,B07VSNNSD8 (Dream Light) - Keyword Target,ENABLED,USD,$10.0,Manual targeting,Dynamic bids - down only,10,,0,,0.00%,$0.0,,$0.0,,0,0.00%,$0.0
"Dec 10, 2019","Dec 7, 2019",,No Portfolio,Sponsored Products,B07VW6N66M (Spiritual Song) - Keyword Target,ENABLED,USD,$6.0,Manual targeting,Dynamic bids - down only,2139,,4,,0.19%,$2.02,,$0.505,,0,0.00%,$0.0
"Dec 10, 2019","Dec 7, 2019",,No Portfolio,Sponsored Products,B07VX6FRQQ (Modern Show) - Keyword Target,ENABLED,USD,$6.0,Manual targeting,Dynamic bids - down only,503,,1,,0.20%,$0.75,,$0.75,,0,0.00%,$0.0
"Dec 10, 2019","Dec 7, 2019",,No Portfolio,Sponsored Products,B07L118VDV (Hello Happiness) - Keyword Target,ENABLED,USD,$6.0,Manual targeting,Dynamic bids - down only,1165,,3,,0.26%,$1.68,,$0.56,,0,0.00%,$0.0
"Dec 10, 2019","Dec 10, 2019",,No Portfolio,Sponsored Products,B07JND9C85 (My balcony) - Keyword Target,ENABLED,USD,$5.0,Manual targeting,Dynamic bids - down only,2521,,3,,0.12%,$2.59,,$0.8633333000000001,,0,0.00%,$0.0
"Dec 10, 2019","Dec 7, 2019",,No Portfolio,Sponsored Products,B07VW6J6N5 (Norwegian White Impression) - Keyword Target,ENABLED,USD,$10.0,Manual targeting,Dynamic bids - down only,311,,4,,1.29%,$2.29,,$0.5725,,0,0.00%,$0.0
"Dec 10, 2019","Nov 28, 2019",,No Portfolio,Sponsored Products,B07JMT389Q (Enjoy Life) - Keyword Target,ENABLED,USD,$7.0,Manual targeting,Dynamic bids - down only,1781,,10,,0.56%,$4.28,,$0.428,,1,8.57%,$49.95
"Dec 10, 2019","Dec 7, 2019",,No Portfolio,Sponsored Products,B07JHV2GP2 (Space Man) - Keyword Target,ENABLED,USD,$6.0,Manual targeting,Dynamic bids - down only,412,,0,,0.00%,$0.0,,$0.0,,0,0.00%,$0.0
"Dec 10, 2019","Dec 10, 2019",,No Portfolio,Sponsored Products,B07JHNJT7Q (Perfect Day) - Keyword Target,ENABLED,USD,$6.0,Manual targeting,Dynamic bids - down only,384,,2,,0.52%,$0.99,,$0.495,,0,0.00%,$0.0
"Dec 10, 2019","Dec 2, 2019",,No Portfolio,Sponsored Products,B07JMDZBSR (Dream Light) - Keyword Target,ENABLED,USD,$11.0,Manual targeting,Dynamic bids - down only,3906,,12,,0.31%,$4.53,,$0.3775,,1,9.07%,$49.95
"Dec 10, 2019","Dec 5, 2019",,No Portfolio,Sponsored Products,B07KJXY5SN (Golden Map) - Keyword Target,ENABLED,USD,$6.0,Manual targeting,Dynamic bids - down only,1450,,3,,0.21%,$1.22,,$0.40666670000000005,,0,0.00%,$0.0
"Dec 10, 2019","Dec 9, 2019",,No Portfolio,Sponsored Products,B07VSNNSD8 (Dream Light) - Keyword Target,ENABLED,USD,$10.0,Manual targeting,Dynamic bids - down only,8,,0,,0.00%,$0.0,,$0.0,,0,0.00%,$0.0
"Dec 10, 2019","Dec 7, 2019",,No Portfolio,Sponsored Products,B07JJC4NTT (Moroccan Craftman) - Keyword Target,ENABLED,USD,$15.0,Manual targeting,Dynamic bids - down only,2501,,17,,0.68%,$10.66,,$0.6270588,,0,0.00%,$0.0
"Dec 10, 2019","Dec 5, 2019",,No Portfolio,Sponsored Products,B07KK3RQNV (City Map) - Keyword Target,ENABLED,USD,$6.0,Manual targeting,Dynamic bids - down only,2082,,15,,0.72%,$5.6,,$0.3733333,,1,10.77%,$51.99
"Dec 10, 2019","Dec 7, 2019",,No Portfolio,Sponsored Products,B07JJ3HGSN (Moroccan Wooden House) - Keyword Target,ENABLED,USD,$15.0,Manual targeting,Dynamic bids - down only,964,,11,,1.14%,$6.2,,$0.5636363999999999,,1,15.50%,$39.99
"Dec 11, 2019","Dec 7, 2019",,No Portfolio,Sponsored Products,B07JJ3HGSN (Moroccan Wooden House) - Keyword Target,ENABLED,USD,$15.0,Manual targeting,Dynamic bids - down only,1762,,14,,0.80%,$10.12,,$0.7228570999999999,,0,0.00%,$0.0
"Dec 11, 2019","Dec 9, 2019",,No Portfolio,Sponsored Products,B07VSNNSD8 (Dream Light) - Keyword Target,ENABLED,USD,$10.0,Manual targeting,Dynamic bids - down only,7,,0,,0.00%,$0.0,,$0.0,,0,0.00%,$0.0
"Dec 11, 2019","Dec 7, 2019",,No Portfolio,Sponsored Products,B07VW6N66M (Spiritual Song) - Keyword Target,ENABLED,USD,$6.0,Manual targeting,Dynamic bids - down only,2230,,4,,0.18%,$2.41,,$0.6025,,0,0.00%,$0.0
"Dec 11, 2019","Dec 7, 2019",,No Portfolio,Sponsored Products,B07VW6J6N5 (Norwegian White Impression) - Keyword Target,ENABLED,USD,$10.0,Manual targeting,Dynamic bids - down only,533,,4,,0.75%,$2.43,,$0.6075,,0,0.00%,$0.0
"Dec 11, 2019","Dec 10, 2019",,No Portfolio,Sponsored Products,B07JND9C85 (My balcony) - Keyword Target,ENABLED,USD,$5.0,Manual targeting,Dynamic bids - down only,4563,,3,,0.07%,$2.61,,$0.87,,0,0.00%,$0.0
"Dec 11, 2019","Dec 10, 2019",,No Portfolio,Sponsored Products,B07JHNJT7Q (Perfect Day) - Keyword Target,ENABLED,USD,$6.0,Manual targeting,Dynamic bids - down only,671,,1,,0.15%,$0.43,,$0.43,,0,0.00%,$0.0
"Dec 11, 2019","Dec 5, 2019",,No Portfolio,Sponsored Products,B07KJXY5SN (Golden Map) - Keyword Target,ENABLED,USD,$6.0,Manual targeting,Dynamic bids - down only,1237,,7,,0.57%,$3.37,,$0.4814286,,0,0.00%,$0.0
"Dec 11, 2019","Dec 7, 2019",,No Portfolio,Sponsored Products,B07JHV2GP2 (Space Man) - Keyword Target,ENABLED,USD,$6.0,Manual targeting,Dynamic bids - down only,552,,1,,0.18%,$0.5,,$0.5,,0,0.00%,$0.0
"Dec 11, 2019","Dec 2, 2019",,No Portfolio,Sponsored Products,B07JMDZBSR (Dream Light) - Keyword Target,ENABLED,USD,$11.0,Manual targeting,Dynamic bids - down only,4140,,14,,0.34%,$5.66,,$0.4042857,,0,0.00%,$0.0
"Dec 11, 2019","Dec 7, 2019",,No Portfolio,Sponsored Products,B07JJC4NTT (Moroccan Craftman) - Keyword Target,ENABLED,USD,$15.0,Manual targeting,Dynamic bids - down only,1109,,14,,1.26%,$10.35,,$0.7392856999999999,,1,25.88%,$39.99
"Dec 11, 2019","Nov 28, 2019",,No Portfolio,Sponsored Products,B07JMT389Q (Enjoy Life) - Keyword Target,ENABLED,USD,$7.0,Manual targeting,Dynamic bids - down only,1340,,10,,0.75%,$4.25,,$0.425,,0,0.00%,$0.0
"Dec 11, 2019","Dec 5, 2019",,No Portfolio,Sponsored Products,B07KK3RQNV (City Map) - Keyword Target,ENABLED,USD,$6.0,Manual targeting,Dynamic bids - down only,2637,,15,,0.57%,$6.24,,$0.41600000000000004,,0,0.00%,$0.0
"Dec 11, 2019","Dec 7, 2019",,No Portfolio,Sponsored Products,B07L118VDV (Hello Happiness) - Keyword Target,ENABLED,USD,$6.0,Manual targeting,Dynamic bids - down only,1081,,5,,0.46%,$2.39,,$0.478,,0,0.00%,$0.0
"Dec 11, 2019","Dec 7, 2019",,No Portfolio,Sponsored Products,B07VX6FRQQ (Modern Show) - Keyword Target,ENABLED,USD,$6.0,Manual targeting,Dynamic bids - down only,681,,2,,0.29%,$0.98,,$0.49,,0,0.00%,$0.0
"Dec 12, 2019","Dec 5, 2019",,No Portfolio,Sponsored Products,B07KK3RQNV (City Map) - Keyword Target,ENABLED,USD,$6.0,Manual targeting,Dynamic bids - down only,1879,,17,,0.91%,$7.0,,$0.41176470000000004,,0,0.00%,$0.0
"Dec 12, 2019","Dec 10, 2019",,No Portfolio,Sponsored Products,B07JHNJT7Q (Perfect Day) - Keyword Target,ENABLED,USD,$6.0,Manual targeting,Dynamic bids - down only,462,,1,,0.22%,$0.32,,$0.32,,0,0.00%,$0.0
"Dec 12, 2019","Dec 7, 2019",,No Portfolio,Sponsored Products,B07VX6FRQQ (Modern Show) - Keyword Target,ENABLED,USD,$6.0,Manual targeting,Dynamic bids - down only,685,,3,,0.44%,$1.88,,$0.6266667,,0,0.00%,$0.0
"Dec 12, 2019","Nov 28, 2019",,No Portfolio,Sponsored Products,B07JMT389Q (Enjoy Life) - Keyword Target,ENABLED,USD,$7.0,Manual targeting,Dynamic bids - down only,1089,,11,,1.01%,$4.3,,$0.3909091,,0,0.00%,$0.0
"Dec 12, 2019","Dec 7, 2019",,No Portfolio,Sponsored Products,B07VW6J6N5 (Norwegian White Impression) - Keyword Target,ENABLED,USD,$10.0,Manual targeting,Dynamic bids - down only,523,,2,,0.38%,$1.24,,$0.62,,0,0.00%,$0.0
"Dec 12, 2019","Dec 5, 2019",,No Portfolio,Sponsored Products,B07KJXY5SN (Golden Map) - Keyword Target,ENABLED,USD,$6.0,Manual targeting,Dynamic bids - down only,1112,,6,,0.54%,$3.06,,$0.51,,0,0.00%,$0.0
"Dec 12, 2019","Dec 7, 2019",,No Portfolio,Sponsored Products,B07JJ3HGSN (Moroccan Wooden House) - Keyword Target,ENABLED,USD,$15.0,Manual targeting,Dynamic bids - down only,994,,15,,1.51%,$10.8,,$0.72,,1,27.01%,$39.99
"Dec 12, 2019","Dec 7, 2019",,No Portfolio,Sponsored Products,B07JHV2GP2 (Space Man) - Keyword Target,ENABLED,USD,$6.0,Manual targeting,Dynamic bids - down only,443,,0,,0.00%,$0.0,,$0.0,,0,0.00%,$0.0
"Dec 12, 2019","Dec 7, 2019",,No Portfolio,Sponsored Products,B07JJC4NTT (Moroccan Craftman) - Keyword Target,ENABLED,USD,$15.0,Manual targeting,Dynamic bids - down only,667,,14,,2.10%,$10.33,,$0.7378570999999999,,0,0.00%,$0.0
"Dec 12, 2019","Dec 2, 2019",,No Portfolio,Sponsored Products,B07JMDZBSR (Dream Light) - Keyword Target,ENABLED,USD,$11.0,Manual targeting,Dynamic bids - down only,4412,,16,,0.36%,$6.31,,$0.394375,,0,0.00%,$0.0
"Dec 12, 2019","Dec 10, 2019",,No Portfolio,Sponsored Products,B07JND9C85 (My balcony) - Keyword Target,ENABLED,USD,$5.0,Manual targeting,Dynamic bids - down only,4246,,3,,0.07%,$2.11,,$0.7033333,,1,3.52%,$59.99
"Dec 12, 2019","Dec 9, 2019",,No Portfolio,Sponsored Products,B07VSNNSD8 (Dream Light) - Keyword Target,ENABLED,USD,$10.0,Manual targeting,Dynamic bids - down only,22,,0,,0.00%,$0.0,,$0.0,,0,0.00%,$0.0
"Dec 12, 2019","Dec 7, 2019",,No Portfolio,Sponsored Products,B07VW6N66M (Spiritual Song) - Keyword Target,ENABLED,USD,$6.0,Manual targeting,Dynamic bids - down only,1723,,3,,0.17%,$1.98,,$0.66,,0,0.00%,$0.0
"Dec 12, 2019","Dec 7, 2019",,No Portfolio,Sponsored Products,B07L118VDV (Hello Happiness) - Keyword Target,ENABLED,USD,$6.0,Manual targeting,Dynamic bids - down only,937,,0,,0.00%,$0.0,,$0.0,,0,0.00%,$0.0
"Dec 13, 2019","Dec 10, 2019",,No Portfolio,Sponsored Products,B07JHNJT7Q (Perfect Day) - Keyword Target,ENABLED,USD,$6.0,Manual targeting,Dynamic bids - down only,579,,1,,0.17%,$0.67,,$0.67,,0,0.00%,$0.0
"Dec 13, 2019","Dec 5, 2019",,No Portfolio,Sponsored Products,B07KJXY5SN (Golden Map) - Keyword Target,ENABLED,USD,$6.0,Manual targeting,Dynamic bids - down only,4312,,13,,0.30%,$6.35,,$0.4884615,,0,0.00%,$0.0
"Dec 13, 2019","Dec 9, 2019",,No Portfolio,Sponsored Products,B07VSNNSD8 (Dream Light) - Keyword Target,ENABLED,USD,$10.0,Manual targeting,Dynamic bids - down only,23,,0,,0.00%,$0.0,,$0.0,,0,0.00%,$0.0
"Dec 13, 2019","Dec 2, 2019",,No Portfolio,Sponsored Products,B07JMDZBSR (Dream Light) - Keyword Target,ENABLED,USD,$11.0,Manual targeting,Dynamic bids - down only,5611,,23,,0.41%,$11.07,,$0.48130429999999996,,0,0.00%,$0.0
"Dec 13, 2019","Nov 28, 2019",,No Portfolio,Sponsored Products,B07JMT389Q (Enjoy Life) - Keyword Target,ENABLED,USD,$7.0,Manual targeting,Dynamic bids - down only,2080,,14,,0.67%,$6.4,,$0.45714289999999996,,1,12.81%,$49.95
"Dec 13, 2019","Dec 5, 2019",,No Portfolio,Sponsored Products,B07KK3RQNV (City Map) - Keyword Target,ENABLED,USD,$6.0,Manual targeting,Dynamic bids - down only,1539,,11,,0.72%,$6.55,,$0.5954545,,0,0.00%,$0.0
"Dec 13, 2019","Dec 7, 2019",,No Portfolio,Sponsored Products,B07JJC4NTT (Moroccan Craftman) - Keyword Target,ENABLED,USD,$15.0,Manual targeting,Dynamic bids - down only,3741,,24,,0.64%,$20.08,,$0.8366667,,0,0.00%,$0.0
"Dec 13, 2019","Dec 7, 2019",,No Portfolio,Sponsored Products,B07JHV2GP2 (Space Man) - Keyword Target,ENABLED,USD,$6.0,Manual targeting,Dynamic bids - down only,548,,3,,0.55%,$1.6,,$0.5333333,,0,0.00%,$0.0
"Dec 13, 2019","Dec 7, 2019",,No Portfolio,Sponsored Products,B07VW6J6N5 (Norwegian White Impression) - Keyword Target,ENABLED,USD,$10.0,Manual targeting,Dynamic bids - down only,1894,,11,,0.58%,$6.36,,$0.5781818,,2,7.95%,$79.98
"Dec 13, 2019","Dec 7, 2019",,No Portfolio,Sponsored Products,B07JJ3HGSN (Moroccan Wooden House) - Keyword Target,ENABLED,USD,$15.0,Manual targeting,Dynamic bids - down only,2261,,26,,1.15%,$21.26,,$0.8176922999999999,,1,53.16%,$39.99
"Dec 13, 2019","Dec 7, 2019",,No Portfolio,Sponsored Products,B07VX6FRQQ (Modern Show) - Keyword Target,ENABLED,USD,$6.0,Manual targeting,Dynamic bids - down only,1056,,5,,0.47%,$3.07,,$0.614,,0,0.00%,$0.0
"Dec 13, 2019","Dec 10, 2019",,No Portfolio,Sponsored Products,B07JND9C85 (My balcony) - Keyword Target,ENABLED,USD,$5.0,Manual targeting,Dynamic bids - down only,6988,,5,,0.07%,$4.76,,$0.9520000000000001,,0,0.00%,$0.0
"Dec 13, 2019","Dec 7, 2019",,No Portfolio,Sponsored Products,B07L118VDV (Hello Happiness) - Keyword Target,ENABLED,USD,$6.0,Manual targeting,Dynamic bids - down only,1046,,0,,0.00%,$0.0,,$0.0,,0,0.00%,$0.0
"Dec 13, 2019","Dec 7, 2019",,No Portfolio,Sponsored Products,B07VW6N66M (Spiritual Song) - Keyword Target,ENABLED,USD,$6.0,Manual targeting,Dynamic bids - down only,1996,,7,,0.35%,$6.44,,$0.92,,0,0.00%,$0.0
"Dec 14, 2019","Dec 7, 2019",,No Portfolio,Sponsored Products,B07JJ3HGSN (Moroccan Wooden House) - Keyword Target,ENABLED,USD,$15.0,Manual targeting,Dynamic bids - down only,2789,,24,,0.86%,$19.92,,$0.83,,0,0.00%,$0.0
"Dec 14, 2019","Dec 7, 2019",,No Portfolio,Sponsored Products,B07VX6FRQQ (Modern Show) - Keyword Target,ENABLED,USD,$6.0,Manual targeting,Dynamic bids - down only,997,,4,,0.40%,$3.68,,$0.92,,1,5.33%,$69.1
"Dec 14, 2019","Dec 7, 2019",,No Portfolio,Sponsored Products,B07L118VDV (Hello Happiness) - Keyword Target,ENABLED,USD,$6.0,Manual targeting,Dynamic bids - down only,568,,4,,0.70%,$2.38,,$0.595,,0,0.00%,$0.0
"Dec 14, 2019","Dec 9, 2019",,No Portfolio,Sponsored Products,B07VSNNSD8 (Dream Light) - Keyword Target,ENABLED,USD,$10.0,Manual targeting,Dynamic bids - down only,29,,0,,0.00%,$0.0,,$0.0,,0,0.00%,$0.0
"Dec 14, 2019","Dec 7, 2019",,No Portfolio,Sponsored Products,B07JHV2GP2 (Space Man) - Keyword Target,ENABLED,USD,$6.0,Manual targeting,Dynamic bids - down only,440,,0,,0.00%,$0.0,,$0.0,,0,0.00%,$0.0
"Dec 14, 2019","Nov 28, 2019",,No Portfolio,Sponsored Products,B07JMT389Q (Enjoy Life) - Keyword Target,ENABLED,USD,$7.0,Manual targeting,Dynamic bids - down only,1185,,13,,1.10%,$6.64,,$0.5107692,,0,0.00%,$0.0
"Dec 14, 2019","Dec 5, 2019",,No Portfolio,Sponsored Products,B07KK3RQNV (City Map) - Keyword Target,ENABLED,USD,$6.0,Manual targeting,Dynamic bids - down only,1857,,11,,0.59%,$6.04,,$0.5490908999999999,,0,0.00%,$0.0
"Dec 14, 2019","Dec 7, 2019",,No Portfolio,Sponsored Products,B07VW6N66M (Spiritual Song) - Keyword Target,ENABLED,USD,$6.0,Manual targeting,Dynamic bids - down only,2634,,7,,0.27%,$4.94,,$0.7057143,,0,0.00%,$0.0
"Dec 14, 2019","Dec 5, 2019",,No Portfolio,Sponsored Products,B07KJXY5SN (Golden Map) - Keyword Target,ENABLED,USD,$6.0,Manual targeting,Dynamic bids - down only,1624,,11,,0.68%,$6.16,,$0.56,,0,0.00%,$0.0
"Dec 14, 2019","Dec 7, 2019",,No Portfolio,Sponsored Products,B07JJC4NTT (Moroccan Craftman) - Keyword Target,ENABLED,USD,$15.0,Manual targeting,Dynamic bids - down only,4051,,24,,0.59%,$20.38,,$0.8491666999999999,,0,0.00%,$0.0
"Dec 14, 2019","Dec 2, 2019",,No Portfolio,Sponsored Products,B07JMDZBSR (Dream Light) - Keyword Target,ENABLED,USD,$11.0,Manual targeting,Dynamic bids - down only,6510,,21,,0.32%,$10.26,,$0.4885714,,0,0.00%,$0.0
"Dec 14, 2019","Dec 10, 2019",,No Portfolio,Sponsored Products,B07JND9C85 (My balcony) - Keyword Target,ENABLED,USD,$5.0,Manual targeting,Dynamic bids - down only,4297,,4,,0.09%,$3.75,,$0.9375,,0,0.00%,$0.0
"Dec 14, 2019","Dec 7, 2019",,No Portfolio,Sponsored Products,B07VW6J6N5 (Norwegian White Impression) - Keyword Target,ENABLED,USD,$10.0,Manual targeting,Dynamic bids - down only,1377,,5,,0.36%,$3.1,,$0.62,,0,0.00%,$0.0
"Dec 14, 2019","Dec 10, 2019",,No Portfolio,Sponsored Products,B07JHNJT7Q (Perfect Day) - Keyword Target,ENABLED,USD,$6.0,Manual targeting,Dynamic bids - down only,425,,2,,0.47%,$1.6,,$0.8,,0,0.00%,$0.0
