"return-date","order-id","sku","asin","fnsku","product-name","quantity","fulfillment-center-id","detailed-disposition","reason","status","license-plate-number","customer-comments"
"2020-02-14T17:19:08+00:00","112-9441210-3504243","8Q-J2DE-IRY8","B07KJXZ3SG","X001YID8A7","2 Piece Non-Slip Anti-Fatigue Kitchen Mat - (17.7"" x 29.5""+17.7"" x 59"") Soft Non Skid Throw Rugs Runner Carpet for Kitchen Hallway Entryway Bedroom -","1","CVG2","CUSTOMER_DAMAGED","UNAUTHORIZED_PURCHASE","Unit returned to inventory","LPNRR928100212",
"2020-02-13T08:20:36+00:00","112-0679057-1903439","1-pd-18","B07JHNJT7Q","B07JHNJT7Q","Fluffy Soft Bedside Mat Rug -27.5"" x 63"" Runner Throw Rug Non-Slip Back- Fluffy Microfibers Throw for Girls Room-Water Absorbent Home D�cor- Luxury A","1","LEX1","CUSTOMER_DAMAGED","NOT_AS_DESCRIBED","Unit returned to inventory","LPNRR945981342",
"2020-02-11T19:30:11+00:00","113-9055475-7537829","CL-PIWX-DDRG","B07L3WFM1C","X001Z2O1PX","Desiderare 2 Piece Anti Fatigue Kitchen Mat - (17.7"" x 29.5""+17.7"" x 59"") - Oil Resistant PVC Kitchen Runner - Soft Kitchen Rugs and Mats (Pink Crown)","1","CVG2","SELLABLE","MISSED_ESTIMATED_DELIVERY","Unit returned to inventory","LPNRR929486185",
"2020-02-10T21:18:27+00:00","113-5762641-8440264","0Z-IZIU-860V","B07L118VDV","X001Z2EVIZ","Desiderare Thick Fluffy Washroom Mat - 31"" x 19"" Luxury Microfiber Non-Slip Rubber Bath Rug - Super Absorbent Bathroom Carpet with Anti-Skid Back ...","1","CVG2","CUSTOMER_DAMAGED","UNWANTED_ITEM","Unit returned to inventory","LPNRR927630311",
"2020-02-06T04:18:46+00:00","114-9770121-7049034","1-mc-18","B07JJC4NTT","B07JJC4NTT","Desiderare Thick Fluffy Washroom Mat - 31"" x 19"" Luxury Microfiber Non-Slip Rubber Bath Rug - Super Absorbent Bathroom Carpet with Anti-Skid Back(Moro","1","LAS2","SELLABLE","NO_REASON_GIVEN","Unit returned to inventory","LPNRR959193032",
"2020-02-05T13:52:27+00:00","113-9192062-5298667","1-mc-18","B07JJC4NTT","B07JJC4NTT","Desiderare Thick Fluffy Washroom Mat - 31"" x 19"" Luxury Microfiber Non-Slip Rubber Bath Rug - Super Absorbent Bathroom Carpet with Anti-Skid Back (Mor","1","IND8","CUSTOMER_DAMAGED","ORDERED_WRONG_ITEM","Unit returned to inventory","LPNN658258515",
"2020-02-02T16:50:55+00:00","112-4728696-0581053","1-mwh-18","B07JJ3HGSN","B07JJ3HGSN","Desiderare Thick Fluffy Washroom Mat - 31"" x 19"" Luxury Microfiber Non-Slip Rubber Bath Rug - Super Absorbent Bathroom Carpet with Anti-Skid Back (Mor","1","LAS2","CUSTOMER_DAMAGED","UNWANTED_ITEM","Reimbursed","LPNRR956845432",
