﻿State,Products,Status,SKU,ASIN,Impressions,Clicks,CTR(%),Spend(USD),CPC(USD),Orders,Sales(USD),ACOS(%)
ARCHIVED,Anti-Fatigue Kitchen Mat | Pack of 2 | 2 Sizes| Professionally Designed | PVC Synthetic Fiber | Super Fashionable | Oil Prevent | Double Sided | (Black Marble),CAMPAIGN_ARCHIVED,1-bm-18,B07JHVFFP8,192886,1480,0.7673,833.92,0.56,31,2026.74,41.1459
ARCHIVED,Anti-Fatigue Kitchen Mat | Pack of 2 | 2 Sizes| Professionally Designed | PVC Synthetic Fiber | Super Fashionable | Oil Prevent | Double Sided | (White Marble),CAMPAIGN_ARCHIVED,1-wm-18,B07JGCH5CC,251964,1430,0.5675,739.27,0.52,17,1057.02,69.9391
ARCHIVED,"2 Piece Non-slip Anti-Fatigue Kitchen Mat – (17.7"" x 29.5""+17.7"" x 59"") Soft Non Skid Throw Rugs Runner Carpet for Kitchen Hallway Entryway and Bedroom – Oil Resistant Long PVC Kitchen F (Dream Light)",CAMPAIGN_ARCHIVED,P0-YVWS-B6V6,B07JMDZBSR,67831,460,0.6782,238.01,0.52,9,465.81,51.0959
ARCHIVED,"2 Piece Non-Slip Anti-Fatigue Kitchen Mat – (17.7"" x 29.5""+17.7"" x 59"") Soft Non Skid Throw Rugs Runner Carpet for Kitchen Hallway Entryway and Bedroom – Oil Resistant Long PVC Kitchen F (Enjoy Life)",CAMPAIGN_ARCHIVED,0Y-KRAZ-EDMI,B07JMT389Q,129193,1134,0.8778,640.62,0.56,9,527.91,121.3502
ARCHIVED,Anti-Fatigue Kitchen Mat | Pack of 2 | 2 Sizes| Professionally Designed | PVC Synthetic Fiber | Super Fashionable | Oil Prevent | Double Sided | (Black Marble),CAMPAIGN_ARCHIVED,1-ne-18,B07JHVFFP8,0,0,0,0.00,0.00,0,0.00,0
ARCHIVED,Anti-Fatigue Kitchen Mat | Pack of 2 | 2 Sizes| Professionally Designed | PVC Synthetic Fiber | Super Fashionable | Oil Prevent | Double Sided | (White Marble),CAMPAIGN_ARCHIVED,kitchenmatwhitemarbletosell,B07JGCH5CC,0,0,0,0.00,0.00,0,0.00,0
ARCHIVED,"2 Piece Non-slip Anti-Fatigue Kitchen Mat – (17.7"" x 29.5""+17.7"" x 59"") Soft Non Skid Throw Rugs Runner Carpet for Kitchen Hallway Entryway and Bedroom – Oil Resistant Long PVC Kitchen F (Dream Light)",CAMPAIGN_ARCHIVED,Dream Light,B07JMDZBSR,4597,23,0.5003,9.28,0.40,0,0.00,0
ARCHIVED,"2 Piece Non-Slip Anti-Fatigue Kitchen Mat – (17.7"" x 29.5""+17.7"" x 59"") Soft Non Skid Throw Rugs Runner Carpet for Kitchen Hallway Entryway and Bedroom – Oil Resistant Long PVC Kitchen F (City map)",CAMPAIGN_ARCHIVED,YH-UMKR-8PI5,B07KK3RQNV,1355,11,0.8118,6.70,0.61,0,0.00,0
ARCHIVED,"2 Piece Non-Slip Anti-Fatigue Kitchen Mat – (17.7"" x 29.5""+17.7"" x 59"") Soft Non Skid Throw Rugs Runner Carpet for Kitchen Hallway Entryway and Bedroom – Oil Resistant Long PVC Kitchen F (Super Cook)",CAMPAIGN_ARCHIVED,M4-LSWE-EXF8,B07L3VSQCT,1364,5,0.3666,1.27,0.25,0,0.00,0
ARCHIVED,"2 Piece Non-Slip Anti-Fatigue Kitchen Mat – (17.7"" x 29.5""+17.7"" x 59"") Soft Non Skid Throw Rugs Runner Carpet for Kitchen Hallway Entryway and Bedroom – Oil Resistant Long PVC Kitchen F (Pink Crown)",CAMPAIGN_ARCHIVED,CL-PIWX-DDRG,B07L3WFM1C,22,0,0,0.00,0.00,0,0.00,0
ARCHIVED,"2 Piece Non-Slip Kitchen Mat Sets – (17.7"" x 29.5""+17.7"" x 59"") Soft Non Skid Anti-Fatigue Throw Rugs Runner Carpet - Kitchen Floor Mats Comfort Standing Mat Waterproof Stain Resistant for Kitchen Hallway Entryway and Bedroom – Oil Resistant Long PVC ",CAMPAIGN_ARCHIVED,VQ-ZK10-AI17,B07L3WVVTG,0,0,0,0.00,0.00,0,0.00,0
ARCHIVED,"2 Piece Non-Slip Anti-Fatigue Kitchen Mat – (17.7"" x 29.5""+17.7"" x 59"") Soft Non Skid Throw Rugs Runner Carpet for Kitchen Hallway Entryway and Bedroom – Oil Resistant Long PVC Kitchen F (Love air)",CAMPAIGN_ARCHIVED,UH-GXSV-MK9W,B07L3YG763,1298,0,0,0.00,0.00,0,0.00,0
ARCHIVED,"2 Piece Non-Slip Anti-Fatigue Kitchen Mat – (17.7"" x 29.5""+17.7"" x 59"") Soft Non Skid Throw Rugs Runner Carpet for Kitchen Hallway Entryway Bedroom – Oil Resistant Long Ｍat(Marble Stone)",CAMPAIGN_ARCHIVED,Marble Stone,B07KJXZ3SG,734,8,1.0899,3.27,0.41,0,0.00,0
ARCHIVED,"2 Piece Non-Slip Anti-Fatigue Kitchen Mat – (17.7"" x 29.5""+17.7"" x 59"") Soft Non Skid Throw Rugs Runner Carpet for Kitchen Hallway Entryway and Bedroom – Oil Resistant Long PVC Kitchen F (Golden map)",CAMPAIGN_ARCHIVED,Y9-J10M-FC4H,B07KJXY5SN,756,5,0.6614,2.30,0.46,0,0.00,0
ARCHIVED,"2 Piece Nonslip AntiFatigue Kitchen Mat –(17.7"" x 29.5""+17.7"" x 59"") Soft Non Skid Throw Rugs Runner Carpet for Kitchen Hallway Entryway Bedroom– Oil Resistant Long Kitchen(Luxury Feast)",CAMPAIGN_ARCHIVED,AE-G7HN-0REZ,B07KJZH4KL,0,0,0,0.00,0.00,0,0.00,0
ARCHIVED,"2 Piece Non-Slip Anti-Fatigue Kitchen Mat – (17.7"" x 29.5""+17.7"" x 59"") Soft Non Skid Throw Rugs Runner Carpet for Kitchen Hallway Entryway and Bedroom – Oil Resistant Long PVC Kitchen F (Pink Crown)",CAMPAIGN_ARCHIVED,Pink Crown,B07L3WFM1C,1149,2,0.1741,0.57,0.29,0,0.00,0
ARCHIVED,"2 Piece Non-Slip Anti-Fatigue Kitchen Mat – (17.7"" x 29.5""+17.7"" x 59"") Soft Non Skid Throw Rugs Runner Carpet for Kitchen Hallway Entryway Bedroom – Oil Resistant Long Ｍat(Marble Stone)",CAMPAIGN_ARCHIVED,8Q-J2DE-IRY8,B07KJXZ3SG,6,0,0,0.00,0.00,0,0.00,0
ARCHIVED,"Non-Slip Kitchen Mat, (17.7"" x 29.5"") Soft Non Skid Anti-Fatigue Throw Rugs Runner Carpet, PVC Synthetic Fiber for Kitchen Hallway Entryway and Bedroom, Long Kitchen Rugs (Purple)",CAMPAIGN_ARCHIVED,UQ-WT44-Z13S,B07RXLPJG8,2539,9,0.3545,3.40,0.38,0,0.00,0