﻿State,Products,Status,SKU,ASIN,Impressions,Clicks,CTR(%),Spend(USD),CPC(USD),Orders,Sales(USD),ACOS(%)
ARCHIVED,"Desiderare Thick Fluffy Washroom Mat – 31"" x 19"" Luxury Microfiber Non-Slip Rubber Bath Rug - Super Absorbent Bathroom Carpet with Anti-Skid Back (Moroccan Wooden House)",CAMPAIGN_ARCHIVED,1-mwh-18,B07JJ3HGSN,175522,919,0.5236,546.80,0.59,15,658.85,82.9931
ARCHIVED,"Desiderare Thick Fluffy Washroom Mat – 31"" x 19"" Luxury Microfiber Non-Slip Rubber Bath Rug - Super Absorbent Bathroom Carpet with Anti-Skid Back(Moroccan Craftman)",CAMPAIGN_ARCHIVED,1-mc-18,B07JJC4NTT,58930,330,0.56,179.46,0.54,8,626.56,28.6421
ARCHIVED,"Desiderare Thick Fluffy Bath Round Runner Rug –39.4"" x 39.4"" Luxury Microfiber Non-Slip Rubber Bath Rug Chenille Area Mat - Super Absorbent Bathroom Carpet with Anti-Skid Back",CAMPAIGN_ARCHIVED,1-ss-18,B07JX5RN5K,96719,206,0.213,104.98,0.51,5,322.15,32.5873
ARCHIVED,"Desiderare Thick Fluffy Cute Rugs –63"" x 27.5"" Luxury Microfiber Non-Slip Rubber Chenille Area Mat - Plush Rugs for Bedrooms with Anti-Skid Back",CAMPAIGN_ARCHIVED,1-pp-18,B07JJY9K22,71251,123,0.1726,57.74,0.47,1,45.89,125.8226
ARCHIVED,"Fluffy Soft Bedside Mat Rug -27.5"" x 63"" Runner Throw Rug Non-Slip Back- Fluffy Microfibers Throw for Girls Room-Water Absorbent Home Décor- Luxury Area Runners- Bathroom Rug Shag (Perfect Day)",CAMPAIGN_ARCHIVED,1-pd-18,B07JHNJT7Q,93048,203,0.2182,99.58,0.49,1,65.89,151.1307
ARCHIVED,"Desiderare Thick Fluffy Washroom Mat – 31"" x 19"" Luxury Microfiber Non-Slip Rubber Bath Rug - Super Absorbent Bathroom Carpet with Anti-Skid Back (Space Man)",CAMPAIGN_ARCHIVED,1-sm-18,B07JHV2GP2,44699,64,0.1432,26.83,0.42,1,35.99,74.5485
ARCHIVED,"Desiderare Thick Fluffy Washroom Mat – 31"" x 19"" Luxury Microfiber Non-Slip Rubber Bath Rug - Super Absorbent Bathroom Carpet with Anti-Skid Back (Moroccan Wooden House)",CAMPAIGN_ARCHIVED,NJ-C7KQ-TAF2,B07JJ3HGSN,1229,10,0.8137,6.48,0.65,1,73.98,8.7591
ARCHIVED,"Desiderare Thick Fluffy Bath Runner Rug –63"" x 27.5"" Luxury Microfiber Non-Slip Rubber Bath Rug Chenille Area Mat - Super Absorbent Bathroom Carpet with Anti-Skid Back",CAMPAIGN_ARCHIVED,SS-4PWD-O92V,B07JND9C85,18,0,0,0.00,0.00,0,0.00,0
ARCHIVED,"Desiderare Thick Fluffy Washroom Mat – 31"" x 19"" Luxury Microfiber Non-Slip Rubber Bath Rug - Super Absorbent Bathroom Carpet with Anti-Skid Back(Moroccan Craftman)",CAMPAIGN_ARCHIVED,2M-K5ZB-1770,,0,0,0,0.00,0.00,0,0.00,0
ARCHIVED,"Desiderare Thick Fluffy Washroom Mat – 31"" x 19"" Luxury Microfiber Non-Slip Rubber Bath Rug - Super Absorbent Bathroom Carpet with Anti-Skid Back(Moroccan Craftman)",CAMPAIGN_ARCHIVED,Moroccan-Craftman,B07JJC4NTT,1335,5,0.3745,3.56,0.71,0,0.00,0
ARCHIVED,"Desiderare Thick Fluffy Washroom Mat – 31"" x 19"" Luxury Microfiber Non-Slip Rubber Bath Rug - Super Absorbent Bathroom Carpet with Anti-Skid Back …",CAMPAIGN_ARCHIVED,0Z-IZIU-860V,B07L118VDV,5445,18,0.3306,8.39,0.47,0,0.00,0
ARCHIVED,"Desiderare Thick Fluffy Washroom Mat – 31"" x 19"" Luxury Microfiber Non-Slip Rubber Bath Rug - Super Absorbent Bathroom Carpet with Anti-Skid Back …",CAMPAIGN_ARCHIVED,EP-LNZX-ZP2L,B07KZZ1S5G,5234,13,0.2484,7.51,0.58,0,0.00,0
ARCHIVED,"Desiderare Thick Fluffy Washroom Mat – 31"" x 19"" Luxury Microfiber Non-Slip Rubber Bath Rug - Super Absorbent Bathroom Carpet with Anti-Skid Back …",CAMPAIGN_ARCHIVED,5K-7LP0-NF6L,B07KZZ6QYP,8300,13,0.1566,7.51,0.58,0,0.00,0
ARCHIVED,"Desiderare Thick Fluffy Washroom Mat – 31"" x 19"" Luxury Microfiber Non-Slip Rubber Bath Rug - Super Absorbent Bathroom Carpet with Anti-Skid Back (Space Man)",CAMPAIGN_ARCHIVED,T3-M3VE-939H,B07JHV2GP2,0,0,0,0.00,0.00,0,0.00,0
ARCHIVED,"Desiderare Thick Fluffy Washroom Mat – 31"" x 19"" Luxury Microfiber Non-Slip Rubber Bath Rug - Super Absorbent Bathroom Carpet with Anti-Skid Back (Moroccan Craftman)",CAMPAIGN_ARCHIVED,YX-UNKW-HZUX,B07T35WHQ6,0,0,0,0.00,0.00,0,0.00,0
ARCHIVED,"Desiderare Thick Fluffy Washroom Mat – 31"" x 19"" Luxury Microfiber Non-Slip Rubber Bath Rug - Super Absorbent Bathroom Carpet with Anti-Skid Back (Moroccan Craftman)",CAMPAIGN_ARCHIVED,OC-RLMM-40Q7,B07T35WHQ6,0,0,0,0.00,0.00,0,0.00,0
ARCHIVED,"Desiderare Thick Fluffy Washroom Mat – 31"" x 19"" Luxury Microfiber Non-Slip Rubber Bath Rug - Super Absorbent Bathroom Carpet with Anti-Skid Back",CAMPAIGN_ARCHIVED,MR-P63C-5KYC,B07KZZZDK4,5291,6,0.1134,2.61,0.43,0,0.00,0
ARCHIVED,"Non-Slip Kitchen Mat, (17.7"" x 29.5"") Soft Non Skid Anti-Fatigue Throw Rugs Runner Carpet, PVC Synthetic Fiber for Kitchen Hallway Entryway and Bedroom, Long Kitchen Rugs (Purple)",CAMPAIGN_ARCHIVED,UQ-WT44-Z13S,B07RXLPJG8,0,0,0,0.00,0.00,0,0.00,0