﻿State,Products,Status,SKU,ASIN,Impressions,Clicks,CTR(%),Spend(USD),CPC(USD),Orders,Sales(USD),ACOS(%)
ARCHIVED,"Desiderare Thick Fluffy Washroom Mat – 31"" x 19"" Luxury Microfiber Non-Slip Rubber Bath Rug - Super Absorbent Bathroom Carpet with Anti-Skid Back(Moroccan Craftman)",CAMPAIGN_ARCHIVED,1-mc-18,B07JJC4NTT,66407,393,0.5918,245.26,0.62,9,498.90,49.1602
ARCHIVED,"Desiderare Thick Fluffy Washroom Mat – 31"" x 19"" Luxury Microfiber Non-Slip Rubber Bath Rug - Super Absorbent Bathroom Carpet with Anti-Skid Back (Moroccan Wooden House)",CAMPAIGN_ARCHIVED,1-mwh-18,B07JJ3HGSN,139175,523,0.3758,319.09,0.61,7,321.23,99.3338
ARCHIVED,"Desiderare Thick Fluffy Washroom Mat – 31"" x 19"" Luxury Microfiber Non-Slip Rubber Bath Rug - Super Absorbent Bathroom Carpet with Anti-Skid Back (Space Man)",CAMPAIGN_ARCHIVED,1-sm-18,B07JHV2GP2,110446,123,0.1114,66.73,0.54,3,137.67,48.471
ARCHIVED,"Desiderare Thick Fluffy Bath Round Runner Rug –39.4"" x 39.4"" Luxury Microfiber Non-Slip Rubber Bath Rug Chenille Area Mat - Super Absorbent Bathroom Carpet with Anti-Skid Back",CAMPAIGN_ARCHIVED,1-ss-18,B07JX5RN5K,108497,228,0.2101,132.67,0.58,3,137.87,96.2283
ARCHIVED,"Desiderare Thick Fluffy Cute Rugs –63"" x 27.5"" Luxury Microfiber Non-Slip Rubber Chenille Area Mat - Plush Rugs for Bedrooms with Anti-Skid Back",CAMPAIGN_ARCHIVED,1-pp-18,B07JJY9K22,63845,110,0.1723,68.85,0.63,1,65.89,104.4923
ARCHIVED,"Fluffy Soft Bedside Mat Rug -27.5"" x 63"" Runner Throw Rug Non-Slip Back- Fluffy Microfibers Throw for Girls Room-Water Absorbent Home Décor- Luxury Area Runners- Bathroom Rug Shag (Perfect Day)",CAMPAIGN_ARCHIVED,1-pd-18,B07JHNJT7Q,94482,207,0.2191,120.28,0.58,1,65.89,182.5467
ARCHIVED,"Desiderare Thick Fluffy Washroom Mat – 31"" x 19"" Luxury Microfiber Non-Slip Rubber Bath Rug - Super Absorbent Bathroom Carpet with Anti-Skid Back(Moroccan Craftman)",CAMPAIGN_ARCHIVED,Moroccan-Craftman,B07JJC4NTT,3920,14,0.3571,10.91,0.78,1,35.99,30.314
ARCHIVED,"Desiderare Thick Fluffy Bath Runner Rug –63"" x 27.5"" Luxury Microfiber Non-Slip Rubber Bath Rug Chenille Area Mat - Super Absorbent Bathroom Carpet with Anti-Skid Back",CAMPAIGN_ARCHIVED,SS-4PWD-O92V,B07JND9C85,13,0,0,0.00,0.00,0,0.00,0
ARCHIVED,"Fluffy Soft Bedside Mat Rug -27.5"" x 63"" Runner Throw Rug Non-Slip Back- Fluffy Microfibers Throw for Girls Room-Water Absorbent Home Décor- Luxury Area Runners- Bathroom Rug Shag (Perfect Day)",CAMPAIGN_ARCHIVED,Perfect Day,B07JHNJT7Q,127,1,0.7874,0.13,0.13,0,0.00,0
ARCHIVED,"Desiderare Thick Fluffy Washroom Mat – 31"" x 19"" Luxury Microfiber Non-Slip Rubber Bath Rug - Super Absorbent Bathroom Carpet with Anti-Skid Back (Moroccan Wooden House)",CAMPAIGN_ARCHIVED,NJ-C7KQ-TAF2,B07JJ3HGSN,2282,4,0.1753,3.47,0.87,0,0.00,0
ARCHIVED,"Desiderare Thick Fluffy Washroom Mat – 31"" x 19"" Luxury Microfiber Non-Slip Rubber Bath Rug - Super Absorbent Bathroom Carpet with Anti-Skid Back(Moroccan Craftman)",CAMPAIGN_ARCHIVED,2M-K5ZB-1770,,0,0,0,0.00,0.00,0,0.00,0
ARCHIVED,Anti-Fatigue Kitchen Mat | Pack of 2 | 2 Sizes| Professionally Designed | PVC Synthetic Fiber | Super Fashionable | Oil Prevent | Double Sided | (White Marble),CAMPAIGN_ARCHIVED,1-wm-18,B07JGCH5CC,20,0,0,0.00,0.00,0,0.00,0
ARCHIVED,"2 Piece Non-Slip Anti-Fatigue Kitchen Mat – (17.7"" x 29.5""+17.7"" x 59"") Soft Non Skid Throw Rugs Runner Carpet for Kitchen Hallway Entryway and Bedroom – Oil Resistant Long PVC Kitchen F (Enjoy Life)",CAMPAIGN_ARCHIVED,0Y-KRAZ-EDMI,B07JMT389Q,12901,58,0.4496,29.33,0.51,0,0.00,0
ARCHIVED,Anti-Fatigue Kitchen Mat | Pack of 2 | 2 Sizes| Professionally Designed | PVC Synthetic Fiber | Super Fashionable | Oil Prevent | Double Sided | (Black Marble),CAMPAIGN_ARCHIVED,1-bm-18,B07JHVFFP8,418,1,0.2392,0.89,0.89,0,0.00,0
ARCHIVED,"Desiderare Thick Fluffy Washroom Mat – 31"" x 19"" Luxury Microfiber Non-Slip Rubber Bath Rug - Super Absorbent Bathroom Carpet with Anti-Skid Back …",CAMPAIGN_ARCHIVED,5K-7LP0-NF6L,B07KZZ6QYP,6476,6,0.0926,3.18,0.53,0,0.00,0