﻿State,Products,Status,SKU,ASIN,Impressions,Clicks,CTR(%),Spend(USD),CPC(USD),Orders,Sales(USD),ACOS(%)
ARCHIVED,"Desiderare Thick Fluffy Washroom Mat – 31"" x 19"" Luxury Microfiber Non-Slip Rubber Bath Rug - Super Absorbent Bathroom Carpet with Anti-Skid Back (Moroccan Wooden House)",CAMPAIGN_ARCHIVED,1-mwh-18,B07JJ3HGSN,132699,579,0.4363,362.26,0.63,16,746.53,48.5258
ARCHIVED,"Desiderare Thick Fluffy Washroom Mat – 31"" x 19"" Luxury Microfiber Non-Slip Rubber Bath Rug - Super Absorbent Bathroom Carpet with Anti-Skid Back(Moroccan Craftman)",CAMPAIGN_ARCHIVED,1-mc-18,B07JJC4NTT,71027,327,0.4604,193.60,0.59,7,441.20,43.8803
ARCHIVED,"Fluffy Soft Bedside Mat Rug -27.5"" x 63"" Runner Throw Rug Non-Slip Back- Fluffy Microfibers Throw for Girls Room-Water Absorbent Home Décor- Luxury Area Runners- Bathroom Rug Shag (Perfect Day)",CAMPAIGN_ARCHIVED,1-pd-18,B07JHNJT7Q,309957,428,0.1381,246.42,0.58,4,263.56,93.4967
ARCHIVED,"Desiderare Thick Fluffy Bath Round Runner Rug –39.4"" x 39.4"" Luxury Microfiber Non-Slip Rubber Bath Rug Chenille Area Mat - Super Absorbent Bathroom Carpet with Anti-Skid Back",CAMPAIGN_ARCHIVED,1-ss-18,B07JX5RN5K,108397,195,0.1799,111.86,0.57,2,131.78,84.8839
ARCHIVED,"Desiderare Thick Fluffy Cute Rugs –63"" x 27.5"" Luxury Microfiber Non-Slip Rubber Chenille Area Mat - Plush Rugs for Bedrooms with Anti-Skid Back",CAMPAIGN_ARCHIVED,1-pp-18,B07JJY9K22,161820,192,0.1187,107.50,0.56,1,35.99,298.6941
ARCHIVED,"Desiderare Thick Fluffy Bath Runner Rug –63"" x 27.5"" Luxury Microfiber Non-Slip Rubber Bath Rug Chenille Area Mat - Super Absorbent Bathroom Carpet with Anti-Skid Back",CAMPAIGN_ARCHIVED,SS-4PWD-O92V,B07JND9C85,10,0,0,0.00,0.00,0,0.00,0
ARCHIVED,"Desiderare Thick Fluffy Washroom Mat – 31"" x 19"" Luxury Microfiber Non-Slip Rubber Bath Rug - Super Absorbent Bathroom Carpet with Anti-Skid Back (Space Man)",CAMPAIGN_ARCHIVED,1-sm-18,B07JHV2GP2,56525,70,0.1238,38.33,0.55,0,0.00,0
ARCHIVED,"Desiderare Thick Fluffy Washroom Mat – 31"" x 19"" Luxury Microfiber Non-Slip Rubber Bath Rug - Super Absorbent Bathroom Carpet with Anti-Skid Back(Moroccan Craftman)",CAMPAIGN_ARCHIVED,2M-K5ZB-1770,,0,0,0,0.00,0.00,0,0.00,0
ARCHIVED,"Desiderare Thick Fluffy Washroom Mat – 31"" x 19"" Luxury Microfiber Non-Slip Rubber Bath Rug - Super Absorbent Bathroom Carpet with Anti-Skid Back(Moroccan Craftman)",CAMPAIGN_ARCHIVED,Moroccan-Craftman,B07JJC4NTT,2236,11,0.4919,7.35,0.67,0,0.00,0
ARCHIVED,"Fluffy Soft Bedside Mat Rug -27.5"" x 63"" Runner Throw Rug Non-Slip Back- Fluffy Microfibers Throw for Girls Room-Water Absorbent Home Décor- Luxury Area Runners- Bathroom Rug Shag (Perfect Day)",CAMPAIGN_ARCHIVED,Perfect Day,B07JHNJT7Q,9756,21,0.2153,12.94,0.62,0,0.00,0
ARCHIVED,"Desiderare Thick Fluffy Washroom Mat – 31"" x 19"" Luxury Microfiber Non-Slip Rubber Bath Rug - Super Absorbent Bathroom Carpet with Anti-Skid Back (Moroccan Wooden House)",CAMPAIGN_ARCHIVED,NJ-C7KQ-TAF2,B07JJ3HGSN,1219,1,0.082,0.38,0.38,0,0.00,0
ARCHIVED,"Desiderare Thick Fluffy Bath Runner Rug –63"" x 27.5"" Luxury Microfiber Non-Slip Rubber Bath Rug Chenille Area Mat - Super Absorbent Bathroom Carpet with Anti-Skid Back",CAMPAIGN_ARCHIVED,0P-DOPF-MKUI,B07JND9C85,25685,33,0.1285,16.11,0.49,0,0.00,0