﻿Customer search term,Keywords,Match type,Impressions,Clicks,CTR(%),Spend(USD),CPC(USD),Orders,Sales(USD),ACOS(%),RoAS,Conversion rate
5.2 round rug,round rug,BROAD,1,1,100,0.46,0.46,0,0.00,,0,0
6x9 rug modern,modern rug,BROAD,2,1,50,0.56,0.56,0,0.00,,0,0
72 bathroom rug gray white,bathroom rug gray,PHRASE,2,1,50,0.47,0.47,0,0.00,,0,0
abstract bath mat,bath mat,PHRASE,4,1,25,0.48,0.48,0,0.00,,0,0
aesthetic bathroom mat,bathroom mat,PHRASE,2,1,50,0.44,0.44,0,0.00,,0,0
african bath rugs,bath rug,PHRASE,4,1,25,0.51,0.51,0,0.00,,0,0
bamboo bathroom mats,bathroom mat,PHRASE,1,1,100,0.68,0.68,0,0.00,,0,0
bath mat boho,bath mat,PHRASE,2,1,50,0.51,0.51,0,0.00,,0,0
bath mat cute,bath mat cute,PHRASE,2,1,50,0.48,0.48,0,0.00,,0,0
bath mat dark teal,bath mat,PHRASE,1,1,100,0.80,0.80,0,0.00,,0,0
bath mat geometric,bath mat,PHRASE,1,1,100,0.76,0.76,0,0.00,,0,0
bath mat green,bath mat green,PHRASE,1,1,100,0.75,0.75,0,0.00,,0,0
bath mat tribal,bath mat,PHRASE,1,1,100,0.49,0.49,0,0.00,,0,0
bath mat washable guest,bath mat washable,PHRASE,1,1,100,0.50,0.50,0,0.00,,0,0
bath mat with design,bath mat,PHRASE,2,2,100,1.16,0.58,0,0.00,,0,0
bath mats 17xby24 multi color,bath mat,PHRASE,1,1,100,0.47,0.47,0,0.00,,0,0
bath mats agate,bath mat,PHRASE,3,2,66.6667,0.94,0.47,0,0.00,,0,0
bath mats for bathroom,bath mats for bathroom,PHRASE,1,1,100,0.80,0.80,0,0.00,,0,0
bath rug funny,bath rug,PHRASE,2,1,50,0.52,0.52,0,0.00,,0,0
bath rug red,bath rug red,PHRASE,3,1,33.3333,0.80,0.80,1,29.99,2.6676,37.4875,100
bath rug tassel,bath rug tassel,PHRASE,2,1,50,0.79,0.79,0,0.00,,0,0
bathroom mat purple white,bathroom mat purple,PHRASE,1,1,100,0.46,0.46,0,0.00,,0,0
bathroom mats and rugs grey and blue,bathroom mats and rugs grey,PHRASE,2,1,50,0.48,0.48,0,0.00,,0,0
bathroom mats christmas,bathroom mat,PHRASE,7,1,14.2857,0.30,0.30,0,0.00,,0,0
bathroom runners extra long 72,bathroom runner,BROAD,2,1,50,0.49,0.49,0,0.00,,0,0
bathroom thin mat set,bathroom mat,BROAD,1,1,100,0.50,0.50,0,0.00,,0,0
beige bathroom carpets,bathroom carpet,BROAD,2,1,50,0.50,0.50,0,0.00,,0,0
better homes and gardens bath rug orange,bath rug orange,PHRASE,2,1,50,0.46,0.46,0,0.00,,0,0
black and white bath mat,bath mat,PHRASE,6,1,16.6667,0.79,0.79,0,0.00,,0,0
black and white bath rugs,bath rug,PHRASE,2,1,50,0.46,0.46,0,0.00,,0,0
black and white farmhouse bath mat,white bath mat,BROAD,1,1,100,0.59,0.59,0,0.00,,0,0
black chic bathroom mat,bathroom mat,PHRASE,2,1,50,0.42,0.42,0,0.00,,0,0
black round rugs 5ft,round rug,BROAD,1,1,100,0.78,0.78,0,0.00,,0,0
black white bath rug,bath rug,PHRASE,3,1,33.3333,0.46,0.46,0,0.00,,0,0
bohemian bath mat,bath mat,PHRASE,2,1,50,0.45,0.45,0,0.00,,0,0
boho shag rug,shag rug,BROAD,1,1,100,0.80,0.80,0,0.00,,0,0
bone shag round rug,round shag rug,BROAD,1,1,100,0.54,0.54,0,0.00,,0,0
carpets for bathrooms for islam,bathroom carpet,BROAD,3,1,33.3333,0.49,0.49,0,0.00,,0,0
cheetah bath mats,bath mat,PHRASE,1,1,100,0.46,0.46,0,0.00,,0,0
cotton bath mats,bath mat,PHRASE,1,1,100,0.77,0.77,0,0.00,,0,0
cotton bath matts for bathrooms,bath matts for bathrooms,PHRASE,1,1,100,0.49,0.49,0,0.00,,0,0
crawling mat round,round mat,BROAD,2,2,100,0.96,0.48,0,0.00,,0,0
cute bath mat,bath mat,PHRASE,1,1,100,0.80,0.80,0,0.00,,0,0
cute bathroom carpets,bathroom carpet,BROAD,7,1,14.2857,0.36,0.36,0,0.00,,0,0
dark green round rug,round rug,BROAD,1,1,100,0.50,0.50,0,0.00,,0,0
disney bath rugs,bath rug,PHRASE,2,1,50,0.44,0.44,1,39.99,1.1003,90.8864,100
door rugs inside non slip absorbent,non slip rug,BROAD,1,1,100,0.80,0.80,0,0.00,,0,0
ethnic bath mat,bath mat,PHRASE,1,1,100,0.79,0.79,0,0.00,,0,0
extra thick yoga mat,thick,BROAD,1,1,100,0.73,0.73,0,0.00,,0,0
flower bath mat,bath mat,PHRASE,2,1,50,0.50,0.50,0,0.00,,0,0
fluffy white bath mat,white bath mat,BROAD,1,1,100,0.55,0.55,0,0.00,,0,0
fun bath mat,bath mat,PHRASE,7,2,28.5714,1.25,0.63,0,0.00,,0,0
fun bath rug,bath rug,PHRASE,2,1,50,0.49,0.49,0,0.00,,0,0
gray microfiber shower curtain,microfiber,BROAD,1,1,100,0.47,0.47,0,0.00,,0,0
honey rugs non skid washable,rug,BROAD,2,1,50,0.34,0.34,0,0.00,,0,0
interdesign bath mat,bath mat,PHRASE,2,2,100,0.98,0.49,0,0.00,,0,0
kitchen mat moroccan trellis,moroccan,BROAD,1,1,100,0.46,0.46,0,0.00,,0,0
large soft fluffy rugs anti skid,fluffy rug,BROAD,1,1,100,0.49,0.49,0,0.00,,0,0
lauren bath rugs,bath rug,PHRASE,2,2,100,1.49,0.75,0,0.00,,0,0
long hall rug runner,runner rug,BROAD,1,1,100,0.70,0.70,0,0.00,,0,0
lotus bath mat,bath mat,PHRASE,1,1,100,0.49,0.49,0,0.00,,0,0
luxurious bathroom runner,bathroom runner,BROAD,2,1,50,0.79,0.79,0,0.00,,0,0
luxury,luxury,BROAD,6,1,16.6667,0.48,0.48,0,0.00,,0,0
luxury bathroom rugs and mats sets,bathroom mats and rugs,BROAD,3,1,33.3333,0.51,0.51,0,0.00,,0,0
machine washable round rug,round rug,BROAD,1,1,100,0.80,0.80,0,0.00,,0,0
mean girls rug,girls rug,BROAD,1,1,100,0.13,0.13,0,0.00,,0,0
modern soft thick runner,thick,BROAD,1,1,100,0.47,0.47,0,0.00,,0,0
moose bath mats,bath mat,PHRASE,5,1,20,0.74,0.74,0,0.00,,0,0
moroccan,moroccan,BROAD,24,3,12.5,1.71,0.57,0,0.00,,0,0
moroccan decor for home,moroccan,BROAD,1,1,100,0.49,0.49,0,0.00,,0,0
moroccan decorations for home,moroccan,BROAD,2,1,50,0.47,0.47,0,0.00,,0,0
moroccan home decorations,moroccan,BROAD,6,1,16.6667,0.74,0.74,0,0.00,,0,0
moroccan kitchen accessories,moroccan,BROAD,1,1,100,0.47,0.47,0,0.00,,0,0
moroccan rug 2x3,moroccan rug,BROAD,1,1,100,0.80,0.80,0,0.00,,0,0
moroccan shower curtain,moroccan,BROAD,4,2,50,1.53,0.77,0,0.00,,0,0
mystical bath mat,bath mat,PHRASE,2,1,50,0.52,0.52,0,0.00,,0,0
natural bathroom mat,bathroom mat,PHRASE,1,1,100,0.54,0.54,0,0.00,,0,0
navy mat rug,rug mat,BROAD,1,1,100,0.79,0.79,0,0.00,,0,0
non slip bohemian mat,non slip mat,BROAD,2,1,50,0.47,0.47,0,0.00,,0,0
non slip chenille mat patterned,non slip mat,BROAD,4,1,25,0.61,0.61,0,0.00,,0,0
non slip suspendion mat,non slip mat,BROAD,1,1,100,0.50,0.50,0,0.00,,0,0
panda bath rugs,bath rug,PHRASE,2,1,50,0.52,0.52,0,0.00,,0,0
peachy clean bath mat,bath mat,PHRASE,3,1,33.3333,0.44,0.44,0,0.00,,0,0
pinecone bath rugs,bath rug,PHRASE,2,1,50,0.58,0.58,0,0.00,,0,0
plush round bath mat 2x2 brown,bath mat,PHRASE,1,1,100,0.80,0.80,0,0.00,,0,0
round bathroom mats and rugs,round bathroom rugs and mats,BROAD,1,1,100,0.49,0.49,0,0.00,,0,0
round bathroom rug,round bathroom rug,BROAD,2,1,50,0.49,0.49,0,0.00,,0,0
round cotton crochet bathroom mat green,bathroom mat green,PHRASE,1,1,100,0.47,0.47,0,0.00,,0,0
round crochet rug,round rug,BROAD,3,1,33.3333,0.44,0.44,0,0.00,,0,0
round rug dollie,round rug,BROAD,2,1,50,0.80,0.80,0,0.00,,0,0
round rugs 8ft modern blue,modern rug,BROAD,1,1,100,0.49,0.49,0,0.00,,0,0
rubber farm sink mat,rubber mat,BROAD,1,1,100,0.51,0.51,0,0.00,,0,0
rug 31 x 45,rug,BROAD,4,1,25,0.10,0.10,0,0.00,,0,0
script bath mat,bath mat,PHRASE,2,1,50,0.75,0.75,0,0.00,,0,0
sea theme bathroom mats with toilet cover,bathroom mat,PHRASE,2,1,50,0.41,0.41,0,0.00,,0,0
shag rug sale,shag rug,BROAD,1,1,100,0.60,0.60,0,0.00,,0,0
small bath mat naked,bath mat,PHRASE,1,1,100,0.80,0.80,0,0.00,,0,0
small bathroom mat dark grey round,bathroom mat,PHRASE,1,1,100,0.43,0.43,0,0.00,,0,0
small half round bath mat,bath mat,PHRASE,1,1,100,0.47,0.47,0,0.00,,0,0
small white bath mat,white bath mat,BROAD,1,1,100,0.94,0.94,0,0.00,,0,0
sparkle gray bathroom mat,bathroom mat,PHRASE,1,1,100,0.44,0.44,0,0.00,,0,0
square bath mat,bath mat,PHRASE,1,1,100,0.78,0.78,0,0.00,,0,0
teal southwest bathroom mat set,bathroom mat set,PHRASE,1,1,100,0.51,0.51,0,0.00,,0,0
textured shag rug,shag rug,BROAD,1,1,100,0.61,0.61,0,0.00,,0,0
white bathroom full-size floor carpets,bathroom carpet,BROAD,2,1,50,0.48,0.48,0,0.00,,0,0
white teak bath mat,white bath mat,BROAD,1,1,100,0.20,0.20,0,0.00,,0,0
yellow bath mat,bath mat,PHRASE,4,2,50,1.48,0.74,0,0.00,,0,0
yokii boho moroccan,moroccan,BROAD,1,1,100,0.48,0.48,0,0.00,,0,0