Keyword,Match Type,Bid
kitchen mat,Broad,0.48
kitchen rugs and mats,Broad,0.49
kitchen rugs,Broad,0.43
anti fatigue mat,Broad,0.5
kitchen floor mat,Broad,0.49
kitchen runner,Broad,0.43
anti fatigue mat kitchen,Broad,0.49
kitchen rug runner,Broad,0.48
kitchen carpets and rugs,Broad,0.34
long kitchen mat,Broad,0.41
kitchen mat rug,Broad,0.49
vinyl floor runner,Broad,0.38
runner rug kitchen,Broad,0.53
kitchen rugs non skid,Broad,0.42
rugs for the kitchen,Broad,0.43
fatigue mat kitchen,Broad,0.5
kitchen floor mats cushioned,Broad,0.4
anti fatigue kitchen mat,Broad,0.5
kitchen rugs sets,Broad,0.39
kitchen anti fatigue mats,Broad,0.5
kitchen rug washable,Broad,0.42
kitchen rug anti fatigue,Broad,0.38
cushioned kitchen floor mats,Broad,0.47
kitchen mat 2 piece,Broad,0.41
kitchen mat runner,Broad,0.42
antifatigue mats for standing,Broad,0.41
kitchen anti fatigue mat,Broad,0.49
padded kitchen floor mats,Broad,0.41
gel mats for kitchen,Broad,0.46
kitchen throw rugs,Broad,0.36
anti fatigue kitchen mats,Broad,0.49
small kitchen rugs,Broad,0.37
kitchen gel mat,Broad,0.46
kitchen sink floor mat,Broad,0.34
gel mat kitchen,Broad,0.46
anti fatigue runner,Broad,0.48
kitchen carpet runner,Broad,0.42
kitchen stress mat,Broad,0.33
kitchen cushion mat,Broad,0.37
gel kitchen floor mat,Broad,0.52
kitchen mats cushioned,Broad,0.44
fatigue kitchen mat,Broad,0.5
kitchen mat anti fatigue,Broad,0.5
floor mat for kitchen,Broad,0.48
floor mat kitchen,Broad,0.48
kitchen matt for floor,Broad,0.35
gel kitchen mats,Broad,0.44
kitchen mat cushioned,Broad,0.44
kitchen mat washable,Broad,0.36
cushioned kitchen mat,Broad,0.42
comfort kitchen mats,Broad,0.43
farmhouse kitchen rugs,Broad,0.42
alfombras para cocina,Broad,0.52
anti fatigue floor mat,Broad,0.42
large kitchen rug,Broad,0.5
kitchen padded floor mat,Broad,0.5
farmhouse kitchen rug,Broad,0.36
kitchen fatigue floor mat,Broad,0.46
washable kitchen rug,Broad,0.49
kitchen rugs farmhouse,Broad,0.49
cushion kitchen floor mat,Broad,0.41
kitchen rubber mat,Broad,0.36
kitchen rugs anti fatigue,Broad,0.24
matt for kitchen floor,Broad,0.43
standing kitchen mat,Broad,0.5
kitchen mats anti fatigue,Broad,0.42
no slip kitchen mat,Broad,0.42
kitchen fatigue mats,Broad,0.41
kitchen mats non slip,Broad,0.36
fatigue kitchen mats,Broad,0.44
no slip kitchen rug,Broad,0.41
alfombra de cocina,Broad,0.48
kitchen padded mat,Broad,0.39
farmhouse kitchen mats,Broad,0.34
kitchen gel mats,Broad,0.27
anti fatique mat,Broad,0.33
kitchen rubber mats,Broad,0.36
royal anti fatigue mat,Broad,0.36
fatigue mats for kitchen,Broad,0.33
floor runner for kitchen,Broad,0.39
farmhouse rug kitchen,Broad,0.35
long kitchen rugs,Broad,0.29
kitchen throw rugs washable,Broad,0.32
kitchen gel floor mat,Broad,0.33
ergonomic kitchen floor mat,Broad,0.34
anti slip kitchen mat,Broad,0.38
anti mats fatigue,Broad,0.4
antifatigue kitchen mats,Broad,0.41
anti fatigue kitchen runner,Broad,0.33
kitchen rubber mats cushioned,Broad,0.36
gel foam kitchen mats,Broad,0.36
kitchen stress relief mats,Broad,0.38
cushion rugs for kitchen,Broad,0.27
long anti fatigue mat,Broad,0.32
antifatigue floor mat,Broad,0.35
anti fatigue mat long,Broad,0.34
carpets for kitchen floor,Broad,0.35
antifatigue comfort mat,Broad,0.41
corner anti fatigue mat,Broad,0.33
kitchen floor mat cushioned,Broad,0.34
small kitchen floor mat,Broad,0.32
primitive kitchen rugs,Broad,0.44
heavy duty kitchen mats,Broad,0.36
padded kitchen rug,Broad,0.39
farmhouse kitchen floor mat,Broad,0.41
kitchen floor mat long,Broad,0.35
gel rugs for kitchen,Broad,0.31
antifatique mats,Broad,0.37
anti fatuge standing mat,Broad,0.36
david burke kitchen mat,Broad,0.35
l shaped kitchen mat,Broad,0.2
pioneer woman kitchen rug,Broad,0.36
farmhouse kitchen runner rug,Broad,0.32
cute kitchen rugs,Broad,0.36
comfort chef kitchen mat,Broad,0.28
kitchen matt cushion,Broad,0.33
ustide kitchen rug,Broad,0.35
freestyle kitchen mat,Broad,0.3
corner rug for kitchen,Broad,0.28
l shaped carpet runner,Broad,0.26
kitchenrugs and mats,Broad,0.31
alfonbras para cocina,Broad,0.27
l shaped kitchen rug,Broad,0.25
anti fatigue mat ergonomic,Broad,0.24
kitchens rugs,Broad,0.28
vinyl kitchen floor mat,Broad,0.43
,,