﻿Keyword,Match type
yellow,NEGATIVE_PHRASE
xmas,NEGATIVE_PHRASE
wood grain,NEGATIVE_PHRASE
wine,NEGATIVE_PHRASE
white,NEGATIVE_PHRASE
walensee,NEGATIVE_PHRASE
vinyl floor runner,NEGATIVE_EXACT
tyrol,NEGATIVE_PHRASE
turquoise,NEGATIVE_PHRASE
tribal,NEGATIVE_PHRASE
threshold,NEGATIVE_PHRASE
tempurpedic,NEGATIVE_PHRASE
teal,NEGATIVE_PHRASE
sunflower,NEGATIVE_PHRASE
stone,NEGATIVE_PHRASE
star wars,NEGATIVE_PHRASE
standing mat,NEGATIVE_PHRASE
smile,NEGATIVE_PHRASE
small,NEGATIVE_PHRASE
slice,NEGATIVE_PHRASE
sky,NEGATIVE_PHRASE
sink,NEGATIVE_PHRASE
shacos,NEGATIVE_PHRASE
set of 3,NEGATIVE_PHRASE
seashell,NEGATIVE_PHRASE
sage,NEGATIVE_PHRASE
runner rug kitchen,NEGATIVE_EXACT
runner rug,NEGATIVE_PHRASE
runner,NEGATIVE_PHRASE
rugs,NEGATIVE_PHRASE
round,NEGATIVE_PHRASE
rooster,NEGATIVE_PHRASE
red,NEGATIVE_PHRASE
parklon,NEGATIVE_PHRASE
orange,NEGATIVE_PHRASE
office,NEGATIVE_PHRASE
novogratz,NEGATIVE_PHRASE
navy blue,NEGATIVE_PHRASE
navy,NEGATIVE_PHRASE
namaste,NEGATIVE_PHRASE
mushroom,NEGATIVE_PHRASE
mountain,NEGATIVE_PHRASE
mosaic,NEGATIVE_PHRASE
microfiber,NEGATIVE_PHRASE
memory foam,NEGATIVE_PHRASE
memory faom,NEGATIVE_PHRASE
memory,NEGATIVE_PHRASE
mdrebel kitchen mat,NEGATIVE_EXACT
mdrebel,NEGATIVE_PHRASE
mason jar,NEGATIVE_PHRASE
maroon,NEGATIVE_PHRASE
mannington,NEGATIVE_PHRASE
lufesan,NEGATIVE_PHRASE
long runner,NEGATIVE_PHRASE
long kitchen mat,NEGATIVE_EXACT
lighthouse,NEGATIVE_PHRASE
lemon,NEGATIVE_PHRASE
leaf,NEGATIVE_PHRASE
laura ashley,NEGATIVE_PHRASE
laundry,NEGATIVE_PHRASE
kmat,NEGATIVE_PHRASE
kitchen runner,NEGATIVE_EXACT
kitchen rugs and mats,NEGATIVE_EXACT
kitchen rugs,NEGATIVE_EXACT
kitchen rug runner,NEGATIVE_EXACT
kitchen rug and mats,NEGATIVE_EXACT
kitchen mat rug,NEGATIVE_EXACT
kitchen mat,NEGATIVE_EXACT
kitchen mat,NEGATIVE_PHRASE
kitchen gel floor mat,NEGATIVE_EXACT
kitchen floor mat set,NEGATIVE_EXACT
kitchen floor mats cushioned absorbent,NEGATIVE_EXACT
kitchen floor mat,NEGATIVE_EXACT
kitchen carpets and rugs,NEGATIVE_EXACT
kashi,NEGATIVE_PHRASE
joe,NEGATIVE_PHRASE
hebe,NEGATIVE_PHRASE
hallway,NEGATIVE_PHRASE
green cactus,NEGATIVE_PHRASE
green,NEGATIVE_PHRASE
gorilla,NEGATIVE_PHRASE
glamor,NEGATIVE_PHRASE
gelpro,NEGATIVE_PHRASE
funny,NEGATIVE_PHRASE
fruit,NEGATIVE_PHRASE
floral,NEGATIVE_PHRASE
fish,NEGATIVE_PHRASE
farm,NEGATIVE_PHRASE
ergonomic kitchen floor mat,NEGATIVE_EXACT
door mat,NEGATIVE_PHRASE
demilune,NEGATIVE_PHRASE
custom foam,NEGATIVE_PHRASE
cross,NEGATIVE_PHRASE
cows,NEGATIVE_PHRASE
coffee,NEGATIVE_PHRASE
coastal,NEGATIVE_PHRASE
christmas,NEGATIVE_PHRASE
chefs,NEGATIVE_PHRASE
cafe,NEGATIVE_PHRASE
cabinet mat,NEGATIVE_PHRASE
butterfly,NEGATIVE_PHRASE
brown,NEGATIVE_PHRASE
blue,NEGATIVE_PHRASE
blessed,NEGATIVE_PHRASE
beige,NEGATIVE_PHRASE
beehive,NEGATIVE_PHRASE
beachy,NEGATIVE_PHRASE
bamboo,NEGATIVE_PHRASE
apples,NEGATIVE_PHRASE
anti-fatigue standing comfort mat,NEGATIVE_EXACT
anti fatigue mat kitchen,NEGATIVE_EXACT
anti fatigue mat,NEGATIVE_EXACT
achim home,NEGATIVE_PHRASE
71 inches,NEGATIVE_PHRASE
70 inch,NEGATIVE_PHRASE
6ft,NEGATIVE_PHRASE
5 ft kitchen fatigue rug,NEGATIVE_EXACT
4 piece,NEGATIVE_PHRASE
46 x 50,NEGATIVE_PHRASE
3 piece,NEGATIVE_PHRASE
3 pc,NEGATIVE_PHRASE
3pc,NEGATIVE_PHRASE
2 piece kitchen mat set,NEGATIVE_EXACT