﻿State,Keyword,Match type,Status,Suggested bid (low)(USD),Suggested bid (median)(USD),Suggested bid (high)(USD),Keyword bid(USD),Impressions,Clicks,CTR(%),Spend(USD),CPC(USD),Orders,Sales(USD),ACOS(%)
ENABLED,anti fatigue mat,BROAD,CAMPAIGN_PAUSED,0.95,1.58,3.17,0.70,21503,64,0.2976,31.45,0.49,1,58.59,53.6781
PAUSED,anti fatigue mat kitchen,BROAD,CAMPAIGN_PAUSED,0.91,1.26,2.53,0.90,72388,328,0.4531,202.90,0.62,9,555.70,36.5125
ENABLED,antifatigue mats for kitchen,BROAD,CAMPAIGN_PAUSED,0.78,1.12,2.25,0.70,0,0,,0.00,0.00,0,0.00,
PAUSED,bedroom,BROAD,CAMPAIGN_PAUSED,0.83,1.13,2.27,0.70,27678,240,0.8671,126.00,0.53,0,0.00,
PAUSED,black,BROAD,CAMPAIGN_PAUSED,0.62,0.74,1.28,0.50,6329,28,0.4424,16.08,0.57,1,58.89,27.3051
PAUSED,entryway,BROAD,CAMPAIGN_PAUSED,0.66,0.82,1.33,0.70,8158,104,1.2748,59.55,0.57,0,0.00,
PAUSED,fatigue mat,BROAD,CAMPAIGN_PAUSED,0.91,1.43,2.87,0.70,5531,15,0.2712,9.00,0.60,0,0.00,
PAUSED,kitchen,BROAD,CAMPAIGN_PAUSED,0.79,1.01,2.02,0.50,78452,686,0.8744,299.63,0.44,6,462.32,64.8101
PAUSED,kitchen carpet,BROAD,CAMPAIGN_PAUSED,0.67,0.85,1.70,0.70,2623,28,1.0675,17.35,0.62,0,0.00,
ENABLED,kitchen mat,PHRASE,CAMPAIGN_PAUSED,0.75,1.06,1.70,0.53,220701,2007,0.9094,1134.88,0.57,33,2093.33,54.2141
ENABLED,kitchen mat,BROAD,CAMPAIGN_PAUSED,0.83,1.07,2.14,0.70,58271,194,0.3329,105.59,0.54,4,160.57,65.7595
PAUSED,kitchen mat absorbent,PHRASE,CAMPAIGN_PAUSED,0.52,0.57,1.01,0.70,2,0,0,0.00,0.00,0,0.00,
PAUSED,kitchen mat amazon basics,PHRASE,CAMPAIGN_PAUSED,0.78,1.60,1.60,0.70,0,0,,0.00,0.00,0,0.00,
PAUSED,kitchen mat and towel set,PHRASE,CAMPAIGN_PAUSED,0.73,0.84,1.37,0.70,1,0,0,0.00,0.00,0,0.00,
ENABLED,kitchen mat anti fatigue,PHRASE,CAMPAIGN_PAUSED,0.92,1.29,2.27,0.70,3161,8,0.2531,4.10,0.51,0,0.00,
ENABLED,kitchen mat anti fatigue 24 x 72,PHRASE,CAMPAIGN_PAUSED,,,,0.70,0,0,,0.00,0.00,0,0.00,
ENABLED,kitchen mat anti fatigue grey,PHRASE,CAMPAIGN_PAUSED,0.81,1.05,1.09,0.70,0,0,,0.00,0.00,0,0.00,
ENABLED,kitchen mat anti fatigue long,PHRASE,CAMPAIGN_PAUSED,,,,0.70,0,0,,0.00,0.00,0,0.00,
ENABLED,kitchen mat anti fatigue mat,PHRASE,CAMPAIGN_PAUSED,0.61,0.74,1.30,0.70,0,0,,0.00,0.00,0,0.00,
ENABLED,kitchen mat anti fatigue non slip,PHRASE,CAMPAIGN_PAUSED,,,,0.70,0,0,,0.00,0.00,0,0.00,
ENABLED,kitchen mat anti fatigue pattern,PHRASE,CAMPAIGN_PAUSED,,,,0.70,0,0,,0.00,0.00,0,0.00,
ENABLED,kitchen mat anti fatigue pink,PHRASE,CAMPAIGN_PAUSED,,,,0.70,0,0,,0.00,0.00,0,0.00,
ENABLED,kitchen mat anti fatigue set,PHRASE,CAMPAIGN_PAUSED,0.82,1.01,2.02,0.70,0,0,,0.00,0.00,0,0.00,
ENABLED,kitchen mat anti fatigue small,PHRASE,CAMPAIGN_PAUSED,,,,0.70,0,0,,0.00,0.00,0,0.00,
ENABLED,kitchen mat anti slip,PHRASE,CAMPAIGN_PAUSED,0.77,0.86,1.57,0.70,7,0,0,0.00,0.00,0,0.00,
ENABLED,kitchen mat antifatigue,PHRASE,CAMPAIGN_PAUSED,0.68,0.91,1.47,0.70,8,0,0,0.00,0.00,0,0.00,
ENABLED,kitchen mat aqua,PHRASE,CAMPAIGN_PAUSED,0.58,0.68,1.36,0.70,17,0,0,0.00,0.00,0,0.00,
ENABLED,kitchen mat autumn,PHRASE,CAMPAIGN_PAUSED,,,,0.70,0,0,,0.00,0.00,0,0.00,
ENABLED,kitchen mat bamboo,PHRASE,CAMPAIGN_PAUSED,0.44,0.76,0.89,0.70,0,0,,0.00,0.00,0,0.00,
ENABLED,kitchen mat beach theme,PHRASE,CAMPAIGN_PAUSED,0.55,0.64,0.84,0.70,55,2,3.6364,0.79,0.40,0,0.00,
ENABLED,kitchen mat beachy,PHRASE,CAMPAIGN_PAUSED,,,,0.70,3,0,0,0.00,0.00,0,0.00,
ENABLED,kitchen mat beige,PHRASE,CAMPAIGN_PAUSED,0.75,0.95,1.12,0.70,5,1,20,0.16,0.16,0,0.00,
ENABLED,kitchen mat black,PHRASE,CAMPAIGN_PAUSED,0.67,0.89,1.24,0.70,287,2,0.6969,0.82,0.41,0,0.00,
ENABLED,kitchen mat black and white,PHRASE,CAMPAIGN_PAUSED,0.61,0.77,1.03,0.70,90,7,7.7778,2.99,0.43,0,0.00,
ENABLED,kitchen mat blue,PHRASE,CAMPAIGN_PAUSED,0.69,0.91,1.55,0.70,212,0,0,0.00,0.00,0,0.00,
ENABLED,kitchen mat bright,PHRASE,CAMPAIGN_PAUSED,,,,0.70,4,0,0,0.00,0.00,0,0.00,
ENABLED,kitchen mat brown,PHRASE,CAMPAIGN_PAUSED,0.63,0.75,1.12,0.70,47,0,0,0.00,0.00,0,0.00,
ENABLED,kitchen mat burgundy,PHRASE,CAMPAIGN_PAUSED,0.66,0.74,0.92,0.70,2,0,0,0.00,0.00,0,0.00,
ENABLED,kitchen mat cat,PHRASE,CAMPAIGN_PAUSED,0.48,0.56,0.84,0.70,21,0,0,0.00,0.00,0,0.00,
ENABLED,kitchen mat chef,PHRASE,CAMPAIGN_PAUSED,0.52,0.75,1.05,0.70,166,1,0.6024,0.25,0.25,0,0.00,
ENABLED,kitchen mat chef design,PHRASE,CAMPAIGN_PAUSED,,,,0.70,6,0,0,0.00,0.00,0,0.00,
ENABLED,kitchen mat chicken,PHRASE,CAMPAIGN_PAUSED,0.53,0.58,1.16,0.70,6,0,0,0.00,0.00,0,0.00,
ENABLED,kitchen mat christmas,PHRASE,CAMPAIGN_PAUSED,0.61,0.72,1.02,0.70,4,0,0,0.00,0.00,0,0.00,
ENABLED,kitchen mat coffee,PHRASE,CAMPAIGN_PAUSED,0.57,0.72,1.07,0.70,294,3,1.0204,1.69,0.56,0,0.00,
ENABLED,kitchen mat coffee theme,PHRASE,CAMPAIGN_PAUSED,0.57,0.72,0.79,0.70,63,0,0,0.00,0.00,0,0.00,
ENABLED,kitchen mat colorful,PHRASE,CAMPAIGN_PAUSED,0.56,0.65,0.88,0.70,52,0,0,0.00,0.00,0,0.00,
ENABLED,kitchen mat cushion,PHRASE,CAMPAIGN_PAUSED,0.77,1.09,1.98,0.70,32,0,0,0.00,0.00,0,0.00,
ENABLED,kitchen mat cushioned,PHRASE,CAMPAIGN_PAUSED,0.71,1.07,2.15,0.70,5852,31,0.5297,15.84,0.51,0,0.00,
ENABLED,kitchen mat dark brown,PHRASE,CAMPAIGN_PAUSED,0.82,1.66,3.33,0.70,13,0,0,0.00,0.00,0,0.00,
ENABLED,kitchen mat decor,PHRASE,CAMPAIGN_PAUSED,0.57,0.59,0.64,0.70,4,0,0,0.00,0.00,0,0.00,
ENABLED,kitchen mat decorative,PHRASE,CAMPAIGN_PAUSED,0.65,0.74,0.87,0.70,33,0,0,0.00,0.00,0,0.00,
ENABLED,kitchen mat deer,PHRASE,CAMPAIGN_PAUSED,0.58,0.61,0.66,0.70,0,0,,0.00,0.00,0,0.00,
ENABLED,kitchen mat design,PHRASE,CAMPAIGN_PAUSED,0.46,0.56,0.82,0.70,3,0,0,0.00,0.00,0,0.00,
ENABLED,kitchen mat dish dryer,PHRASE,CAMPAIGN_PAUSED,,,,0.70,1,0,0,0.00,0.00,0,0.00,
ENABLED,kitchen mat disney,PHRASE,CAMPAIGN_PAUSED,0.46,0.61,0.91,0.70,7,0,0,0.00,0.00,0,0.00,
ENABLED,kitchen mat dog,PHRASE,CAMPAIGN_PAUSED,0.54,0.78,0.78,0.70,11,0,0,0.00,0.00,0,0.00,
ENABLED,kitchen mat donut,PHRASE,CAMPAIGN_PAUSED,,,,0.70,2,0,0,0.00,0.00,0,0.00,
ENABLED,kitchen mat drying,PHRASE,CAMPAIGN_PAUSED,0.58,1.02,2.04,0.70,0,0,,0.00,0.00,0,0.00,
ENABLED,kitchen mat easy clean,PHRASE,CAMPAIGN_PAUSED,,,,0.70,5,0,0,0.00,0.00,0,0.00,
ENABLED,kitchen mat eat,PHRASE,CAMPAIGN_PAUSED,,,,0.70,1,0,0,0.00,0.00,0,0.00,
ENABLED,kitchen mat eggplant,PHRASE,CAMPAIGN_PAUSED,,,,0.70,0,0,,0.00,0.00,0,0.00,
ENABLED,kitchen mat eiffel tower,PHRASE,CAMPAIGN_PAUSED,,,,0.70,0,0,,0.00,0.00,0,0.00,
ENABLED,kitchen mat ergonomic,PHRASE,CAMPAIGN_PAUSED,0.48,0.57,0.99,0.70,0,0,,0.00,0.00,0,0.00,
ENABLED,kitchen mat extra large,PHRASE,CAMPAIGN_PAUSED,1.08,1.42,2.85,0.70,7,0,0,0.00,0.00,0,0.00,
ENABLED,kitchen mat extra long,PHRASE,CAMPAIGN_PAUSED,0.67,0.95,1.23,0.70,26,0,0,0.00,0.00,0,0.00,
ENABLED,kitchen mat extra wide,PHRASE,CAMPAIGN_PAUSED,,,,0.70,0,0,,0.00,0.00,0,0.00,
ENABLED,kitchen mat fall,PHRASE,CAMPAIGN_PAUSED,0.48,0.59,0.73,0.70,0,0,,0.00,0.00,0,0.00,
ENABLED,kitchen mat farmhouse,PHRASE,CAMPAIGN_PAUSED,0.72,0.84,1.18,0.70,64,0,0,0.00,0.00,0,0.00,
ENABLED,kitchen mat fatigue,PHRASE,CAMPAIGN_PAUSED,0.66,0.94,1.39,0.70,40,0,0,0.00,0.00,0,0.00,
ENABLED,kitchen mat foam,PHRASE,CAMPAIGN_PAUSED,0.72,0.85,1.06,0.70,109,0,0,0.00,0.00,0,0.00,
ENABLED,kitchen mat for back pain,PHRASE,CAMPAIGN_PAUSED,0.52,0.55,0.71,0.70,3,0,0,0.00,0.00,0,0.00,
ENABLED,kitchen mat for dishes,PHRASE,CAMPAIGN_PAUSED,0.53,0.84,1.68,0.70,0,0,,0.00,0.00,0,0.00,
ENABLED,kitchen mat for drying dishes,PHRASE,CAMPAIGN_PAUSED,0.85,1.03,2.06,0.70,0,0,,0.00,0.00,0,0.00,
ENABLED,kitchen mat for floor,PHRASE,CAMPAIGN_PAUSED,0.72,0.94,1.73,0.70,0,0,,0.00,0.00,0,0.00,
ENABLED,kitchen mat for floor cheap,PHRASE,CAMPAIGN_PAUSED,,,,0.70,0,0,,0.00,0.00,0,0.00,
ENABLED,kitchen mat funny,PHRASE,CAMPAIGN_PAUSED,0.66,0.78,0.86,0.70,7,0,0,0.00,0.00,0,0.00,
ENABLED,kitchen mat gel,PHRASE,CAMPAIGN_PAUSED,0.92,1.23,1.94,0.70,70,0,0,0.00,0.00,0,0.00,
ENABLED,kitchen mat gel pro,PHRASE,CAMPAIGN_PAUSED,1.07,1.16,2.33,0.70,6,0,0,0.00,0.00,0,0.00,
ENABLED,kitchen mat gelpro,PHRASE,CAMPAIGN_PAUSED,1.65,3.37,6.54,0.70,15,0,0,0.00,0.00,0,0.00,
ENABLED,kitchen mat geometric,PHRASE,CAMPAIGN_PAUSED,0.69,0.81,0.81,0.70,9,0,0,0.00,0.00,0,0.00,
ENABLED,kitchen mat gold,PHRASE,CAMPAIGN_PAUSED,0.73,0.85,1.19,0.70,1,0,0,0.00,0.00,0,0.00,
ENABLED,kitchen mat grapes,PHRASE,CAMPAIGN_PAUSED,0.56,0.69,1.03,0.70,27,0,0,0.00,0.00,0,0.00,
ENABLED,kitchen mat gray,PHRASE,CAMPAIGN_PAUSED,0.67,0.83,1.13,0.70,161,1,0.6211,0.32,0.32,0,0.00,
ENABLED,kitchen mat green,PHRASE,CAMPAIGN_PAUSED,0.67,0.83,1.17,0.70,169,0,0,0.00,0.00,0,0.00,
ENABLED,kitchen mat grey,PHRASE,CAMPAIGN_PAUSED,0.59,0.68,0.95,0.70,0,0,,0.00,0.00,0,0.00,
ENABLED,kitchen mat grey and white,PHRASE,CAMPAIGN_PAUSED,0.61,0.68,0.69,0.70,8,0,0,0.00,0.00,0,0.00,
ENABLED,kitchen mat half,PHRASE,CAMPAIGN_PAUSED,0.54,0.66,1.02,0.70,1,0,0,0.00,0.00,0,0.00,
ENABLED,kitchen mat half circle,PHRASE,CAMPAIGN_PAUSED,0.66,0.81,1.62,0.70,61,0,0,0.00,0.00,0,0.00,
ENABLED,kitchen mat half moon,PHRASE,CAMPAIGN_PAUSED,0.49,0.59,0.81,0.70,59,0,0,0.00,0.00,0,0.00,
ENABLED,kitchen mat half round,PHRASE,CAMPAIGN_PAUSED,0.53,0.62,0.77,0.70,30,0,0,0.00,0.00,0,0.00,
ENABLED,kitchen mat halloween,PHRASE,CAMPAIGN_PAUSED,,,,0.70,0,0,,0.00,0.00,0,0.00,
ENABLED,kitchen mat hardwood safe,PHRASE,CAMPAIGN_PAUSED,,,,0.70,0,0,,0.00,0.00,0,0.00,
ENABLED,kitchen mat herbs,PHRASE,CAMPAIGN_PAUSED,,,,0.70,2,0,0,0.00,0.00,0,0.00,
ENABLED,kitchen mat hillside,PHRASE,CAMPAIGN_PAUSED,,,,0.70,0,0,,0.00,0.00,0,0.00,
ENABLED,kitchen mat holiday,PHRASE,CAMPAIGN_PAUSED,0.52,0.62,0.91,0.70,2,0,0,0.00,0.00,0,0.00,
ENABLED,kitchen mat home,PHRASE,CAMPAIGN_PAUSED,0.56,0.68,0.88,0.70,5,0,0,0.00,0.00,0,0.00,
ENABLED,kitchen mat imprint,PHRASE,CAMPAIGN_PAUSED,,,,0.70,7,0,0,0.00,0.00,0,0.00,
ENABLED,kitchen mat in front of sink,PHRASE,CAMPAIGN_PAUSED,0.54,0.73,1.04,0.70,0,0,,0.00,0.00,0,0.00,
ENABLED,kitchen mat in grey,PHRASE,CAMPAIGN_PAUSED,0.59,0.68,0.95,0.70,193,0,0,0.00,0.00,0,0.00,
ENABLED,kitchen mat in red,PHRASE,CAMPAIGN_PAUSED,0.69,0.83,1.24,0.70,0,0,,0.00,0.00,0,0.00,
ENABLED,kitchen mat indigo,PHRASE,CAMPAIGN_PAUSED,,,,0.70,2,0,0,0.00,0.00,0,0.00,
ENABLED,kitchen mat industrial,PHRASE,CAMPAIGN_PAUSED,0.59,0.69,0.95,0.70,8,0,0,0.00,0.00,0,0.00,
ENABLED,kitchen mat inside,PHRASE,CAMPAIGN_PAUSED,,,,0.70,0,0,,0.00,0.00,0,0.00,
ENABLED,kitchen mat italian,PHRASE,CAMPAIGN_PAUSED,0.68,0.85,0.99,0.70,4,0,0,0.00,0.00,0,0.00,
ENABLED,kitchen mat italy,PHRASE,CAMPAIGN_PAUSED,,,,0.70,3,0,0,0.00,0.00,0,0.00,
ENABLED,kitchen mat ivory,PHRASE,CAMPAIGN_PAUSED,,,,0.70,6,0,0,0.00,0.00,0,0.00,
ENABLED,kitchen mat jute,PHRASE,CAMPAIGN_PAUSED,0.59,0.82,0.82,0.70,5,1,20,0.55,0.55,0,0.00,
ENABLED,kitchen mat kangaroo,PHRASE,CAMPAIGN_PAUSED,0.45,0.52,1.04,0.70,24,0,0,0.00,0.00,0,0.00,
ENABLED,kitchen mat kids,PHRASE,CAMPAIGN_PAUSED,0.78,0.85,0.97,0.70,3,0,0,0.00,0.00,0,0.00,
ENABLED,kitchen mat kit,PHRASE,CAMPAIGN_PAUSED,,,,0.70,0,0,,0.00,0.00,0,0.00,
ENABLED,kitchen mat kittens,PHRASE,CAMPAIGN_PAUSED,,,,0.70,0,0,,0.00,0.00,0,0.00,
ENABLED,kitchen mat korean,PHRASE,CAMPAIGN_PAUSED,,,,0.70,3,0,0,0.00,0.00,0,0.00,
ENABLED,kitchen mat l shape,PHRASE,CAMPAIGN_PAUSED,0.61,0.67,1.34,0.70,25,1,4,0.14,0.14,0,0.00,
ENABLED,kitchen mat large,PHRASE,CAMPAIGN_PAUSED,0.78,1.04,1.50,0.70,79,0,0,0.00,0.00,0,0.00,
ENABLED,kitchen mat large size,PHRASE,CAMPAIGN_PAUSED,1.03,1.52,3.05,0.70,14,0,0,0.00,0.00,0,0.00,
ENABLED,kitchen mat lemon,PHRASE,CAMPAIGN_PAUSED,0.52,0.62,0.86,0.70,76,0,0,0.00,0.00,0,0.00,
ENABLED,kitchen mat lime green,PHRASE,CAMPAIGN_PAUSED,0.57,0.63,0.63,0.70,11,0,0,0.00,0.00,0,0.00,
ENABLED,kitchen mat liners,PHRASE,CAMPAIGN_PAUSED,0.83,0.93,0.95,0.70,0,0,,0.00,0.00,0,0.00,
ENABLED,kitchen mat liquor,PHRASE,CAMPAIGN_PAUSED,,,,0.70,0,0,,0.00,0.00,0,0.00,
ENABLED,kitchen mat live laugh love,PHRASE,CAMPAIGN_PAUSED,0.68,0.71,0.79,0.70,27,0,0,0.00,0.00,0,0.00,
ENABLED,kitchen mat long,PHRASE,CAMPAIGN_PAUSED,0.72,0.94,1.36,0.70,137,1,0.7299,0.53,0.53,0,0.00,
ENABLED,kitchen mat long waterproof,PHRASE,CAMPAIGN_PAUSED,0.53,0.62,0.83,0.70,1,0,0,0.00,0.00,0,0.00,
ENABLED,kitchen mat machine washable,PHRASE,CAMPAIGN_PAUSED,0.78,1.02,1.28,0.70,19,0,0,0.00,0.00,0,0.00,
ENABLED,kitchen mat made in usa,PHRASE,CAMPAIGN_PAUSED,,,,0.70,3,0,0,0.00,0.00,0,0.00,
ENABLED,kitchen mat marble,PHRASE,CAMPAIGN_PAUSED,0.69,0.83,1.36,1.00,188,4,2.1277,2.57,0.64,1,58.89,4.3641
ENABLED,kitchen mat measurements,PHRASE,CAMPAIGN_PAUSED,,,,0.70,3,0,0,0.00,0.00,0,0.00,
ENABLED,kitchen mat memory foam,PHRASE,CAMPAIGN_PAUSED,0.57,0.92,1.62,0.70,31,0,0,0.00,0.00,0,0.00,
ENABLED,kitchen mat memory foam decorative,PHRASE,CAMPAIGN_PAUSED,,,,0.70,29,0,0,0.00,0.00,0,0.00,
ENABLED,kitchen mat mickey,PHRASE,CAMPAIGN_PAUSED,,,,0.70,2,1,50,0.69,0.69,0,0.00,
ENABLED,kitchen mat microfiber,PHRASE,CAMPAIGN_PAUSED,0.44,0.48,0.54,0.70,9,0,0,0.00,0.00,0,0.00,
ENABLED,kitchen mat modern,PHRASE,CAMPAIGN_PAUSED,0.74,0.83,1.05,0.70,5,0,0,0.00,0.00,0,0.00,
ENABLED,kitchen mat moroccan,PHRASE,CAMPAIGN_PAUSED,0.42,0.62,0.66,0.70,27,0,0,0.00,0.00,0,0.00,
ENABLED,kitchen mat natural,PHRASE,CAMPAIGN_PAUSED,0.76,0.85,1.36,0.70,3,0,0,0.00,0.00,0,0.00,
ENABLED,kitchen mat nautical,PHRASE,CAMPAIGN_PAUSED,0.48,0.56,0.89,0.70,8,0,0,0.00,0.00,0,0.00,
ENABLED,kitchen mat navy,PHRASE,CAMPAIGN_PAUSED,0.74,0.86,1.05,0.70,35,1,2.8571,0.68,0.68,0,0.00,
ENABLED,kitchen mat navy blue,PHRASE,CAMPAIGN_PAUSED,0.73,0.78,0.93,0.70,15,0,0,0.00,0.00,0,0.00,
ENABLED,kitchen mat nicole miller,PHRASE,CAMPAIGN_PAUSED,,,,0.70,12,0,0,0.00,0.00,0,0.00,
ENABLED,kitchen mat no slip,PHRASE,CAMPAIGN_PAUSED,,,,0.70,33,0,0,0.00,0.00,0,0.00,
ENABLED,kitchen mat non fatigue,PHRASE,CAMPAIGN_PAUSED,5.41,5.41,5.41,0.70,0,0,,0.00,0.00,0,0.00,
ENABLED,kitchen mat non skid washable,PHRASE,CAMPAIGN_PAUSED,0.79,0.89,1.30,0.70,3,0,0,0.00,0.00,0,0.00,
ENABLED,kitchen mat non slip,PHRASE,CAMPAIGN_PAUSED,0.69,0.88,1.64,0.70,161,1,0.6211,0.14,0.14,0,0.00,
ENABLED,kitchen mat nonslip,PHRASE,CAMPAIGN_PAUSED,0.53,0.79,1.14,0.70,28,1,3.5714,0.45,0.45,0,0.00,
ENABLED,kitchen mat ocean,PHRASE,CAMPAIGN_PAUSED,0.56,0.62,0.71,0.70,11,0,0,0.00,0.00,0,0.00,
ENABLED,kitchen mat oil resistant,PHRASE,CAMPAIGN_PAUSED,,,,0.70,9,0,0,0.00,0.00,0,0.00,
ENABLED,kitchen mat olive,PHRASE,CAMPAIGN_PAUSED,,,,0.70,17,0,0,0.00,0.00,0,0.00,
ENABLED,kitchen mat on sale,PHRASE,CAMPAIGN_PAUSED,0.86,1.12,1.68,0.70,7,0,0,0.00,0.00,0,0.00,
ENABLED,kitchen mat or rug,PHRASE,CAMPAIGN_PAUSED,0.69,0.82,1.20,0.70,0,0,,0.00,0.00,0,0.00,
ENABLED,kitchen mat orange,PHRASE,CAMPAIGN_PAUSED,0.56,0.75,1.03,0.70,7,0,0,0.00,0.00,0,0.00,
ENABLED,kitchen mat oval,PHRASE,CAMPAIGN_PAUSED,,,,0.70,3,1,33.3333,0.68,0.68,0,0.00,
ENABLED,kitchen mat oven,PHRASE,CAMPAIGN_PAUSED,,,,0.70,0,0,,0.00,0.00,0,0.00,
ENABLED,kitchen mat oversized,PHRASE,CAMPAIGN_PAUSED,0.79,1.01,2.02,0.70,7,0,0,0.00,0.00,0,0.00,
ENABLED,kitchen mat owl,PHRASE,CAMPAIGN_PAUSED,0.59,0.65,0.76,0.70,4,0,0,0.00,0.00,0,0.00,
ENABLED,kitchen mat padded,PHRASE,CAMPAIGN_PAUSED,0.65,0.86,1.15,0.70,42,1,2.381,0.70,0.70,0,0.00,
ENABLED,kitchen mat pattern,PHRASE,CAMPAIGN_PAUSED,,,,0.70,0,0,,0.00,0.00,0,0.00,
ENABLED,kitchen mat pig,PHRASE,CAMPAIGN_PAUSED,0.48,0.58,0.65,0.70,18,0,0,0.00,0.00,0,0.00,
ENABLED,kitchen mat pineapple,PHRASE,CAMPAIGN_PAUSED,0.56,0.59,0.72,0.70,5,0,0,0.00,0.00,0,0.00,
ENABLED,kitchen mat pink,PHRASE,CAMPAIGN_PAUSED,0.69,0.73,1.09,0.70,9,0,0,0.00,0.00,0,0.00,
ENABLED,kitchen mat pirate,PHRASE,CAMPAIGN_PAUSED,,,,0.70,0,0,,0.00,0.00,0,0.00,
ENABLED,kitchen mat plush,PHRASE,CAMPAIGN_PAUSED,,,,0.70,2,0,0,0.00,0.00,0,0.00,
ENABLED,kitchen mat poppies,PHRASE,CAMPAIGN_PAUSED,,,,0.70,3,0,0,0.00,0.00,0,0.00,
ENABLED,kitchen mat pretty,PHRASE,CAMPAIGN_PAUSED,,,,0.70,0,0,,0.00,0.00,0,0.00,
ENABLED,kitchen mat purple,PHRASE,CAMPAIGN_PAUSED,0.66,0.77,1.14,0.70,9,0,0,0.00,0.00,0,0.00,
ENABLED,kitchen mat quote,PHRASE,CAMPAIGN_PAUSED,,,,0.70,1,0,0,0.00,0.00,0,0.00,
ENABLED,kitchen mat red,PHRASE,CAMPAIGN_PAUSED,0.69,0.83,1.24,0.70,454,1,0.2203,0.60,0.60,0,0.00,
ENABLED,kitchen mat rooster,PHRASE,CAMPAIGN_PAUSED,0.53,0.71,0.95,0.70,98,0,0,0.00,0.00,0,0.00,
ENABLED,kitchen mat rubber,PHRASE,CAMPAIGN_PAUSED,0.59,0.77,1.54,0.70,129,1,0.7752,0.62,0.62,0,0.00,
ENABLED,kitchen mat rubber backing,PHRASE,CAMPAIGN_PAUSED,0.58,0.85,0.85,0.70,13,0,0,0.00,0.00,0,0.00,
ENABLED,kitchen mat rug,PHRASE,CAMPAIGN_PAUSED,0.69,0.82,1.20,0.75,13989,46,0.3288,23.68,0.51,1,58.89,40.2106
ENABLED,kitchen mat runner,PHRASE,CAMPAIGN_PAUSED,0.73,0.89,1.62,0.70,311,2,0.6431,1.27,0.64,0,0.00,
ENABLED,kitchen mat runner deer,PHRASE,CAMPAIGN_PAUSED,,,,0.70,0,0,,0.00,0.00,0,0.00,
ENABLED,kitchen mat runner gray,PHRASE,CAMPAIGN_PAUSED,0.65,0.71,0.86,0.70,0,0,,0.00,0.00,0,0.00,
ENABLED,kitchen mat runner rug set,PHRASE,CAMPAIGN_PAUSED,0.89,1.02,1.16,0.70,24,1,4.1667,0.63,0.63,0,0.00,
ENABLED,kitchen mat rustic,PHRASE,CAMPAIGN_PAUSED,0.57,0.71,0.94,0.70,8,0,0,0.00,0.00,0,0.00,
ENABLED,kitchen mat sayings,PHRASE,CAMPAIGN_PAUSED,,,,0.70,1,0,0,0.00,0.00,0,0.00,
ENABLED,kitchen mat sea,PHRASE,CAMPAIGN_PAUSED,0.71,0.77,0.88,0.70,0,0,,0.00,0.00,0,0.00,
ENABLED,kitchen mat set,PHRASE,CAMPAIGN_PAUSED,0.67,0.81,1.22,0.70,3486,19,0.545,10.27,0.54,0,0.00,
ENABLED,kitchen mat set of 2,PHRASE,CAMPAIGN_PAUSED,0.69,0.87,1.24,0.70,437,3,0.6865,1.46,0.49,0,0.00,
ENABLED,kitchen mat sets for floor,PHRASE,CAMPAIGN_PAUSED,0.66,0.83,1.07,0.70,65,1,1.5385,0.80,0.80,0,0.00,
ENABLED,kitchen mat sets for floor 3 piece,PHRASE,CAMPAIGN_PAUSED,0.67,0.85,1.26,0.70,0,0,,0.00,0.00,0,0.00,
ENABLED,kitchen mat sink,PHRASE,CAMPAIGN_PAUSED,0.62,0.91,1.59,0.70,32,0,0,0.00,0.00,0,0.00,
ENABLED,kitchen mat sky,PHRASE,CAMPAIGN_PAUSED,,,,0.70,19,0,0,0.00,0.00,0,0.00,
ENABLED,kitchen mat small,PHRASE,CAMPAIGN_PAUSED,0.55,0.87,1.04,0.70,5,0,0,0.00,0.00,0,0.00,
ENABLED,kitchen mat sunflower,PHRASE,CAMPAIGN_PAUSED,0.54,0.73,1.43,0.70,16,0,0,0.00,0.00,0,0.00,
ENABLED,kitchen mat table,PHRASE,CAMPAIGN_PAUSED,0.76,0.87,1.26,0.70,0,0,,0.00,0.00,0,0.00,
ENABLED,kitchen mat tan,PHRASE,CAMPAIGN_PAUSED,0.51,0.67,1.34,0.70,9,0,0,0.00,0.00,0,0.00,
ENABLED,kitchen mat taupe,PHRASE,CAMPAIGN_PAUSED,,,,0.70,5,0,0,0.00,0.00,0,0.00,
ENABLED,kitchen mat teal,PHRASE,CAMPAIGN_PAUSED,0.67,0.82,1.47,0.70,77,1,1.2987,0.64,0.64,0,0.00,
ENABLED,kitchen mat thanksgiving,PHRASE,CAMPAIGN_PAUSED,0.44,0.52,0.65,0.70,0,0,,0.00,0.00,0,0.00,
ENABLED,kitchen mat thug life,PHRASE,CAMPAIGN_PAUSED,,,,0.70,3,0,0,0.00,0.00,0,0.00,
ENABLED,kitchen mat trellis,PHRASE,CAMPAIGN_PAUSED,,,,0.70,9,0,0,0.00,0.00,0,0.00,
ENABLED,kitchen mat tribal,PHRASE,CAMPAIGN_PAUSED,0.72,0.77,0.85,0.70,2,0,0,0.00,0.00,0,0.00,
ENABLED,kitchen mat tropical,PHRASE,CAMPAIGN_PAUSED,0.39,0.45,0.59,0.70,2,0,0,0.00,0.00,0,0.00,
ENABLED,kitchen mat turquoise,PHRASE,CAMPAIGN_PAUSED,0.63,0.79,1.18,0.70,73,1,1.3699,0.37,0.37,0,0.00,
ENABLED,kitchen mat under 10,PHRASE,CAMPAIGN_PAUSED,0.54,0.83,1.02,0.70,13,0,0,0.00,0.00,0,0.00,
ENABLED,kitchen mat under sink,PHRASE,CAMPAIGN_PAUSED,,,,0.70,1,0,0,0.00,0.00,0,0.00,
ENABLED,kitchen mat unique,PHRASE,CAMPAIGN_PAUSED,,,,0.70,0,0,,0.00,0.00,0,0.00,
ENABLED,kitchen mat utensils,PHRASE,CAMPAIGN_PAUSED,,,,0.70,0,0,,0.00,0.00,0,0.00,
ENABLED,kitchen mat vegetables,PHRASE,CAMPAIGN_PAUSED,0.69,0.92,1.26,0.70,4,0,0,0.00,0.00,0,0.00,
ENABLED,kitchen mat vintage,PHRASE,CAMPAIGN_PAUSED,0.54,0.82,0.95,0.70,3,0,0,0.00,0.00,0,0.00,
ENABLED,kitchen mat vinyl,PHRASE,CAMPAIGN_PAUSED,,,,0.70,0,0,,0.00,0.00,0,0.00,
ENABLED,kitchen mat washable,PHRASE,CAMPAIGN_PAUSED,0.78,1.09,1.32,0.70,37,0,0,0.00,0.00,0,0.00,
ENABLED,kitchen mat water absorbent,PHRASE,CAMPAIGN_PAUSED,0.57,0.88,1.40,0.70,7,0,0,0.00,0.00,0,0.00,
ENABLED,kitchen mat water resistant,PHRASE,CAMPAIGN_PAUSED,,,,0.70,5,0,0,0.00,0.00,0,0.00,
ENABLED,kitchen mat waterproof,PHRASE,CAMPAIGN_PAUSED,0.58,0.81,1.34,0.70,218,1,0.4587,0.45,0.45,0,0.00,
ENABLED,kitchen mat waterproof non-slip,PHRASE,CAMPAIGN_PAUSED,,,,0.70,0,0,,0.00,0.00,0,0.00,
ENABLED,kitchen mat wet,PHRASE,CAMPAIGN_PAUSED,,,,0.70,0,0,,0.00,0.00,0,0.00,
ENABLED,kitchen mat white,PHRASE,CAMPAIGN_PAUSED,0.62,0.66,0.84,0.70,71,0,0,0.00,0.00,0,0.00,
ENABLED,kitchen mat wine,PHRASE,CAMPAIGN_PAUSED,0.55,0.73,1.30,0.70,108,1,0.9259,0.50,0.50,0,0.00,
ENABLED,kitchen mat wine theme,PHRASE,CAMPAIGN_PAUSED,0.38,0.56,0.56,0.70,66,0,0,0.00,0.00,0,0.00,
ENABLED,kitchen mat with coffee,PHRASE,CAMPAIGN_PAUSED,,,,0.70,5,0,0,0.00,0.00,0,0.00,
ENABLED,kitchen mat xl,PHRASE,CAMPAIGN_PAUSED,0.54,0.62,1.01,0.70,3,0,0,0.00,0.00,0,0.00,
ENABLED,kitchen mat yellow,PHRASE,CAMPAIGN_PAUSED,0.64,0.75,0.95,0.70,23,0,0,0.00,0.00,0,0.00,
ENABLED,kitchen mat yellow and gray,PHRASE,CAMPAIGN_PAUSED,0.62,0.72,0.72,0.70,0,0,,0.00,0.00,0,0.00,
ENABLED,kitchen mat yellow and turquoise,PHRASE,CAMPAIGN_PAUSED,,,,0.70,0,0,,0.00,0.00,0,0.00,
ENABLED,kitchen mat yellow blue,PHRASE,CAMPAIGN_PAUSED,0.69,0.79,1.07,0.70,0,0,,0.00,0.00,0,0.00,
ENABLED,kitchen matches,PHRASE,CAMPAIGN_PAUSED,0.43,0.52,1.04,0.70,43,1,2.3256,0.11,0.11,0,0.00,
ENABLED,kitchen matches blue tip,PHRASE,CAMPAIGN_PAUSED,,,,0.70,0,0,,0.00,0.00,0,0.00,
ENABLED,kitchen matches bulk,PHRASE,CAMPAIGN_PAUSED,0.62,0.93,0.93,0.70,0,0,,0.00,0.00,0,0.00,
ENABLED,kitchen matches holder,PHRASE,CAMPAIGN_PAUSED,0.72,0.85,1.36,0.70,0,0,,0.00,0.00,0,0.00,
ENABLED,kitchen matches large,PHRASE,CAMPAIGN_PAUSED,,,,0.70,1,0,0,0.00,0.00,0,0.00,
ENABLED,kitchen matches long,PHRASE,CAMPAIGN_PAUSED,0.39,0.58,0.58,0.70,0,0,,0.00,0.00,0,0.00,
ENABLED,kitchen matches strike anywhere,PHRASE,CAMPAIGN_PAUSED,0.38,0.41,0.46,0.70,0,0,,0.00,0.00,0,0.00,
ENABLED,kitchen matches strike on box,PHRASE,CAMPAIGN_PAUSED,0.41,0.48,0.54,0.70,0,0,,0.00,0.00,0,0.00,
ENABLED,kitchen matches strike on box prime,PHRASE,CAMPAIGN_PAUSED,0.39,0.54,0.54,0.70,0,0,,0.00,0.00,0,0.00,
ENABLED,kitchen matches wood,PHRASE,CAMPAIGN_PAUSED,,,,0.70,1,0,0,0.00,0.00,0,0.00,
ENABLED,kitchen mats and rugs,PHRASE,CAMPAIGN_PAUSED,0.69,0.82,1.20,0.70,0,0,,0.00,0.00,0,0.00,
ENABLED,kitchen mats and rugs apples,PHRASE,CAMPAIGN_PAUSED,,,,0.70,0,0,,0.00,0.00,0,0.00,
ENABLED,kitchen mats and rugs black,PHRASE,CAMPAIGN_PAUSED,0.55,0.76,1.03,0.70,7,0,0,0.00,0.00,0,0.00,
ENABLED,kitchen mats and rugs blue,PHRASE,CAMPAIGN_PAUSED,0.61,0.79,0.93,0.70,1,0,0,0.00,0.00,0,0.00,
ENABLED,kitchen mats and rugs green,PHRASE,CAMPAIGN_PAUSED,0.72,0.84,1.02,0.70,0,0,,0.00,0.00,0,0.00,
ENABLED,kitchen mats and rugs red,PHRASE,CAMPAIGN_PAUSED,0.69,0.76,0.91,0.70,20,0,0,0.00,0.00,0,0.00,
ENABLED,kitchen mats and rugs set of 3,PHRASE,CAMPAIGN_PAUSED,0.66,0.76,1.07,0.70,0,0,,0.00,0.00,0,0.00,
ENABLED,kitchen mats and rugs sets,PHRASE,CAMPAIGN_PAUSED,0.64,0.77,1.28,0.70,38,0,0,0.00,0.00,0,0.00,
ENABLED,kitchen mats and rugs sets prime,PHRASE,CAMPAIGN_PAUSED,,,,0.70,0,0,,0.00,0.00,0,0.00,
ENABLED,kitchen mats and rugs solid color,PHRASE,CAMPAIGN_PAUSED,,,,0.70,0,0,,0.00,0.00,0,0.00,
ENABLED,kitchen mats cushioned,PHRASE,CAMPAIGN_PAUSED,0.71,1.07,2.15,0.70,0,0,,0.00,0.00,0,0.00,
ENABLED,kitchen mats cushioned anti fatigue,PHRASE,CAMPAIGN_PAUSED,0.71,1.06,1.89,0.70,3,0,0,0.00,0.00,0,0.00,
ENABLED,kitchen mats cushioned anti fatigue black,PHRASE,CAMPAIGN_PAUSED,0.78,0.86,1.14,0.70,0,0,,0.00,0.00,0,0.00,
ENABLED,kitchen mats cushioned anti fatigue blue,PHRASE,CAMPAIGN_PAUSED,0.91,1.12,1.66,0.70,0,0,,0.00,0.00,0,0.00,
ENABLED,kitchen mats cushioned anti fatigue decorative,PHRASE,CAMPAIGN_PAUSED,,,,0.70,0,0,,0.00,0.00,0,0.00,
ENABLED,kitchen mats cushioned anti fatigue gray,PHRASE,CAMPAIGN_PAUSED,0.92,1.07,1.38,0.70,0,0,,0.00,0.00,0,0.00,
ENABLED,kitchen mats cushioned anti fatigue long,PHRASE,CAMPAIGN_PAUSED,0.94,1.49,2.99,0.70,0,0,,0.00,0.00,0,0.00,
ENABLED,kitchen mats cushioned anti fatigue memory foam,PHRASE,CAMPAIGN_PAUSED,,,,0.70,0,0,,0.00,0.00,0,0.00,
ENABLED,kitchen mats cushioned anti fatigue red,PHRASE,CAMPAIGN_PAUSED,1.01,2.07,2.07,0.70,0,0,,0.00,0.00,0,0.00,
ENABLED,kitchen mats cushioned anti fatigue white,PHRASE,CAMPAIGN_PAUSED,0.49,0.51,0.58,0.70,0,0,,0.00,0.00,0,0.00,
ENABLED,kitchen mats cushioned anti fatigue wine,PHRASE,CAMPAIGN_PAUSED,0.71,1.05,1.29,0.70,0,0,,0.00,0.00,0,0.00,
ENABLED,kitchen mats cushioned red,PHRASE,CAMPAIGN_PAUSED,,,,0.70,1,0,0,0.00,0.00,0,0.00,
ENABLED,kitchen mats cushioned washable,PHRASE,CAMPAIGN_PAUSED,,,,0.70,0,0,,0.00,0.00,0,0.00,
ENABLED,kitchen mats cushioned water resistant,PHRASE,CAMPAIGN_PAUSED,,,,0.70,0,0,,0.00,0.00,0,0.00,
ENABLED,kitchen mats cushioned waterproof,PHRASE,CAMPAIGN_PAUSED,,,,0.70,0,0,,0.00,0.00,0,0.00,
ENABLED,kitchen mats for floor,PHRASE,CAMPAIGN_PAUSED,0.72,0.94,1.73,0.70,971,5,0.5149,2.66,0.53,0,0.00,
ENABLED,kitchen mats for floor gray and yellow,PHRASE,CAMPAIGN_PAUSED,,,,0.70,0,0,,0.00,0.00,0,0.00,
ENABLED,kitchen mats for floor large,PHRASE,CAMPAIGN_PAUSED,,,,0.70,0,0,,0.00,0.00,0,0.00,
ENABLED,kitchen mats for floor set,PHRASE,CAMPAIGN_PAUSED,0.59,0.66,0.83,0.70,0,0,,0.00,0.00,0,0.00,
ENABLED,kitchen mats for floor teal,PHRASE,CAMPAIGN_PAUSED,,,,0.70,0,0,,0.00,0.00,0,0.00,
ENABLED,kitchen mats for floor under 15,PHRASE,CAMPAIGN_PAUSED,,,,0.70,0,0,,0.00,0.00,0,0.00,
ENABLED,kitchen mats for floor washable,PHRASE,CAMPAIGN_PAUSED,0.54,0.64,0.79,0.70,0,0,,0.00,0.00,0,0.00,
ENABLED,kitchen mats for floor wine glasses,PHRASE,CAMPAIGN_PAUSED,,,,0.70,0,0,,0.00,0.00,0,0.00,
ENABLED,kitchen mats for floor wood look,PHRASE,CAMPAIGN_PAUSED,,,,0.70,0,0,,0.00,0.00,0,0.00,
ENABLED,kitchen mats for floor yellow blue,PHRASE,CAMPAIGN_PAUSED,,,,0.70,0,0,,0.00,0.00,0,0.00,
ENABLED,kitchen matt for floor,PHRASE,CAMPAIGN_PAUSED,0.68,0.91,1.82,0.70,308,2,0.6494,0.89,0.44,0,0.00,
ENABLED,kitchen matt for floor farmhouse,PHRASE,CAMPAIGN_PAUSED,,,,0.70,0,0,,0.00,0.00,0,0.00,
ENABLED,kitchen matters,PHRASE,CAMPAIGN_PAUSED,0.46,0.56,1.12,0.70,0,0,,0.00,0.00,0,0.00,
ENABLED,kitchen matters cookbook,PHRASE,CAMPAIGN_PAUSED,0.61,0.73,0.73,0.70,0,0,,0.00,0.00,0,0.00,
ENABLED,kitchen matters pamela salzman,PHRASE,CAMPAIGN_PAUSED,0.42,0.52,0.52,0.70,0,0,,0.00,0.00,0,0.00,
PAUSED,kitchen rugs,BROAD,CAMPAIGN_PAUSED,0.81,1.01,1.34,0.40,18725,198,1.0574,120.49,0.61,2,117.48,102.5621
ENABLED,kitchen rugs and mats,BROAD,CAMPAIGN_PAUSED,0.83,1.02,1.36,0.50,2979,29,0.9735,18.00,0.62,1,58.89,30.5655
ENABLED,kitchen runner,BROAD,CAMPAIGN_PAUSED,0.75,1.07,1.54,0.70,10055,100,0.9945,54.68,0.55,1,49.99,109.3819
ENABLED,kitchen zone baking mat,PHRASE,CAMPAIGN_PAUSED,,,,0.70,0,0,,0.00,0.00,0,0.00,
ENABLED,lights,BROAD,CAMPAIGN_PAUSED,0.75,1.01,2.02,0.70,2024,5,0.247,2.42,0.48,0,0.00,
PAUSED,long,BROAD,CAMPAIGN_PAUSED,0.68,0.85,1.70,0.40,2150,18,0.8372,11.41,0.63,0,0.00,
ENABLED,marble,BROAD,CAMPAIGN_PAUSED,0.61,0.93,1.56,0.30,3409,21,0.616,10.20,0.49,0,0.00,
ENABLED,mat,BROAD,CAMPAIGN_PAUSED,0.72,1.09,2.19,0.65,46947,181,0.3855,87.55,0.48,3,160.57,54.5245
PAUSED,oil,BROAD,CAMPAIGN_PAUSED,0.81,1.27,2.55,0.70,1875,4,0.2133,2.73,0.68,0,0.00,
ENABLED,pack it,BROAD,CAMPAIGN_PAUSED,0.83,1.20,2.41,0.70,19583,22,0.1123,9.36,0.43,0,0.00,
PAUSED,rugs,BROAD,CAMPAIGN_PAUSED,0.86,1.24,2.49,0.40,12643,94,0.7435,55.44,0.59,1,58.59,94.6237
ENABLED,runners,BROAD,CAMPAIGN_PAUSED,0.76,0.95,1.90,0.50,15235,104,0.6826,53.75,0.52,2,117.18,45.8696
ENABLED,throw rugs,BROAD,CAMPAIGN_PAUSED,0.75,0.96,1.35,0.50,5151,31,0.6018,19.37,0.62,1,58.59,33.0602
ENABLED,white,BROAD,CAMPAIGN_PAUSED,0.55,0.71,1.17,0.50,7890,15,0.1901,4.82,0.32,0,0.00,
ENABLED,zulay kitchen plastic cutting mat set,PHRASE,CAMPAIGN_PAUSED,,,,0.70,3,0,0,0.00,0.00,0,0.00,