﻿Customer search term,Keywords,Match type,Impressions,Clicks,CTR(%),Spend(USD),CPC(USD),Orders,Sales(USD),ACOS(%),RoAS,Conversion rate
30x40 bath mat,bath mat,BROAD,1,1,100,0.63,0.63,0,0.00,,0,0
bath mat with design,bath mat,BROAD,1,1,100,0.63,0.63,0,0.00,,0,0
bathroom mat modern,mat for bathroom,BROAD,2,1,50,0.62,0.62,0,0.00,,0,0
bathroom rugs blush,for bathroom rugs,BROAD,2,1,50,0.55,0.55,0,0.00,,0,0
black white striped bath mat,black and white bath mat,BROAD,1,1,100,0.34,0.34,0,0.00,,0,0
burgundy bathroom rugs,for bathroom rugs,BROAD,2,1,50,0.61,0.61,0,0.00,,0,0
christmas bathroom mat,mat for bathroom,BROAD,3,1,33.3333,0.59,0.59,0,0.00,,0,0
coastal bathroom rugs,for bathroom rugs,BROAD,2,1,50,0.61,0.61,0,0.00,,0,0
large bathroom mats,mat for bathroom,BROAD,2,1,50,0.63,0.63,0,0.00,,0,0
palmistry bath mat,bath mat,BROAD,2,1,50,0.63,0.63,0,0.00,,0,0
pink and gray bath rugs,bath rugs,BROAD,1,1,100,0.54,0.54,0,0.00,,0,0