﻿Customer search term,Keywords,Match type,Impressions,Clicks,CTR(%),Spend(USD),CPC(USD),Orders,Sales(USD),ACOS(%),RoAS,Conversion rate
5 ft kitchen fatigue rug,kitchen rugs,BROAD,1,1,100,0.43,0.43,0,0.00,,0,0
anti fatigue cushioned kitchen mats,kitchen mat anti fatigue,BROAD,1,1,100,0.40,0.40,0,0.00,,0,0
anti fatigue mat kitchen 2 piece,kitchen mat anti fatigue,BROAD,1,1,100,0.50,0.50,0,0.00,,0,0
anti-fatigue kitchen floor mat,kitchen mat anti fatigue,BROAD,6,1,16.6667,0.48,0.48,0,0.00,,0,0
anti-fatigue standing comfort mat,anti fatigue mat,BROAD,1,1,100,0.42,0.42,0,0.00,,0,0
christmas mat for kitchen,kitchen mat,BROAD,26,1,3.8462,0.48,0.48,0,0.00,,0,0
kitchen mat set,kitchen mat,BROAD,88,1,1.1364,0.47,0.47,0,0.00,,0,0
kitchen mats cushioned anti fatigue,kitchen mat anti fatigue,BROAD,413,2,0.4843,0.69,0.35,0,0.00,,0,0
mdrebel kitchen mat,kitchen mat,BROAD,11,1,9.0909,0.46,0.46,0,0.00,,0,0
sunflower kitchen rug,kitchen rugs,BROAD,3,1,33.3333,0.43,0.43,0,0.00,,0,0
white kitchen runners non skid washable 6 ft,kitchen runner,BROAD,1,1,100,0.27,0.27,0,0.00,,0,0