﻿Keyword,Match type
kitchen mat,NEGATIVE_EXACT
kitchen rugs and mats,NEGATIVE_EXACT
kitchen rugs,NEGATIVE_EXACT
anti fatigue mat,NEGATIVE_EXACT
kitchen floor mat,NEGATIVE_EXACT
kitchen runner,NEGATIVE_EXACT
kitchen mat marble,NEGATIVE_EXACT
anti fatigue mat kitchen,NEGATIVE_EXACT
kitchen rug runner,NEGATIVE_EXACT
kitchen carpets and rugs,NEGATIVE_EXACT
long kitchen mat,NEGATIVE_EXACT
kitchen mat rug,NEGATIVE_EXACT
vinyl floor runner,NEGATIVE_EXACT
runner rug kitchen,NEGATIVE_EXACT
grey marble kitchen mats,NEGATIVE_EXACT
christmas,NEGATIVE_PHRASE
xmas,NEGATIVE_PHRASE
beehive,NEGATIVE_PHRASE
blue,NEGATIVE_PHRASE
tempurpedic,NEGATIVE_PHRASE