﻿Customer search term,Keywords,Match type,Impressions,Clicks,CTR(%),Spend(USD),CPC(USD),Orders,Sales(USD),ACOS(%),RoAS,Conversion rate
anti fatigue kitchen mat,anti fatigue kitchen mat,BROAD,14,1,7.1429,0.27,0.27,0,0.00,,0,0
beehive anti fatigue floor mats,anti fatigue floor mat,BROAD,2,1,50,0.26,0.26,0,0.00,,0,0
blue kitchen rugs non skid washable,kitchen rugs non skid,BROAD,1,1,100,0.41,0.41,0,0.00,,0,0
christmas kitchen rugs,kitchen rugs,BROAD,18,1,5.5556,0.41,0.41,0,0.00,,0,0
christmas kitchen runners,kitchen runner,BROAD,1,1,100,0.17,0.17,0,0.00,,0,0
exquisite kitchen mats and rugs,kitchen rugs and mats,BROAD,6,1,16.6667,0.49,0.49,0,0.00,,0,0
floor mats for kitchen,kitchen floor mat,BROAD,25,1,4,0.32,0.32,0,0.00,,0,0
kitchen cushion floor mat,kitchen floor mat,BROAD,3,1,33.3333,0.49,0.49,0,0.00,,0,0
kitchen cushioned floor mat,cushioned kitchen floor mats,BROAD,2,1,50,0.47,0.47,0,0.00,,0,0
kitchen mats cushioned anti fatigue,anti fatigue kitchen mat,BROAD,53,1,1.8868,0.26,0.26,0,0.00,,0,0
kitchen relief mat,kitchen mat,BROAD,6,1,16.6667,0.26,0.26,0,0.00,,0,0
kitchen rug set,kitchen rugs sets,BROAD,23,1,4.3478,0.39,0.39,0,0.00,,0,0
kitchen rug sets,kitchen rugs sets,BROAD,6,2,33.3333,0.60,0.30,0,0.00,,0,0
mat kitchen anti fatigue,anti fatigue kitchen mat,BROAD,2,1,50,0.27,0.27,0,0.00,,0,0
tempurpedic kitchen mats,kitchen mat,BROAD,4,1,25,0.48,0.48,0,0.00,,0,0