﻿Customer search term,Keywords,Match type,Impressions,Clicks,CTR(%),Spend(USD),CPC(USD),Orders,Sales(USD),ACOS(%),RoAS,Conversion rate
anti fatigue mat kitchen,anti fatigue mat kitchen,EXACT,13,1,7.6923,0.62,0.62,0,0.00,,0,0
kitchen mat,kitchen mat,EXACT,76,1,1.3158,0.18,0.18,0,0.00,,0,0
kitchen mats,kitchen mat,EXACT,24,1,4.1667,0.52,0.52,0,0.00,,0,0
kitchen mats and rugs,kitchen mat rug,EXACT,148,1,0.6757,0.47,0.47,0,0.00,,0,0
kitchen rugs,kitchen rugs,EXACT,2484,5,0.2013,2.39,0.48,0,0.00,,0,0
kitchen rugs and mats,kitchen rugs and mats,EXACT,464,1,0.2155,0.58,0.58,0,0.00,,0,0