﻿Customer search term,Keywords,Match type,Impressions,Clicks,CTR(%),Spend(USD),CPC(USD),Orders,Sales(USD),ACOS(%),RoAS,Conversion rate
anti fatigue mat kitchen,anti fatigue mat kitchen,EXACT,19,1,5.2632,0.33,0.33,0,0.00,,0,0
kitchen floor mat,kitchen floor mat,EXACT,103,2,1.9417,0.64,0.32,0,0.00,,0,0
kitchen mat,kitchen mat,EXACT,152,2,1.3158,0.88,0.44,0,0.00,,0,0
kitchen mats,kitchen mat,EXACT,125,3,2.4,1.34,0.45,0,0.00,,0,0
kitchen rug,kitchen rugs,EXACT,170,3,1.7647,1.42,0.47,0,0.00,,0,0
kitchen rugs,kitchen rugs,EXACT,91,1,1.0989,0.53,0.53,0,0.00,,0,0
kitchen rugs and mats,kitchen rugs and mats,EXACT,557,4,0.7181,1.66,0.42,0,0.00,,0,0
kitchen+rugs+and+mats,kitchen rugs and mats,EXACT,1,1,100,0.38,0.38,0,0.00,,0,0