﻿Customer search term,Keywords,Match type,Impressions,Clicks,CTR(%),Spend(USD),CPC(USD),Orders,Sales(USD),ACOS(%),RoAS,Conversion rate
arrow bathroom rugs,for bathroom rugs,BROAD,1,1,100,0.55,0.55,0,0.00,,0,0
bath mat thin abstract,bath mat,BROAD,1,1,100,0.62,0.62,0,0.00,,0,0
bath mat three,bath mat,BROAD,1,1,100,0.52,0.52,0,0.00,,0,0
bathroom blue mat,mat bathroom,BROAD,1,1,100,0.61,0.61,0,0.00,,0,0
bathroom rugs for christmas,for bathroom rugs,BROAD,1,1,100,0.57,0.57,0,0.00,,0,0
bulldog bath mat,bath mat,BROAD,1,1,100,0.63,0.63,0,0.00,,0,0
cute bathroom rugs,for bathroom rugs,BROAD,3,1,33.3333,0.61,0.61,0,0.00,,0,0
luxury bath mats for bathroom,luxury bath mats for bathroom,BROAD,1,1,100,0.50,0.50,0,0.00,,0,0
plush bath mats,bath mat,BROAD,4,1,25,0.62,0.62,0,0.00,,0,0
shaped bath mat,bath mat,BROAD,2,1,50,0.63,0.63,0,0.00,,0,0