﻿Customer search term,Keywords,Match type,Impressions,Clicks,CTR(%),Spend(USD),CPC(USD),Orders,Sales(USD),ACOS(%),RoAS,Conversion rate
anti fatigue floor mats for kitchen,kitchen mat anti fatigue,BROAD,1,1,100,0.50,0.50,0,0.00,,0,0
anti fatigue kitchen mat,kitchen mat anti fatigue,BROAD,9,1,11.1111,0.36,0.36,0,0.00,,0,0
anti fatigue mat kitchen 2 piece,kitchen mat anti fatigue,BROAD,1,1,100,0.47,0.47,0,0.00,,0,0
christmas kitchen floor mats,kitchen floor mat,BROAD,3,1,33.3333,0.35,0.35,0,0.00,,0,0
comfort mats for kitchen floor,kitchen floor mat,BROAD,1,1,100,0.35,0.35,0,0.00,,0,0
floor mats for kitchen,kitchen floor mat,BROAD,14,2,14.2857,0.97,0.49,0,0.00,,0,0
floral kitchen floor mats,kitchen floor mat,BROAD,1,1,100,0.19,0.19,0,0.00,,0,0
kitchen mats cushioned anti fatigue,kitchen mat anti fatigue,BROAD,6,1,16.6667,0.49,0.49,0,0.00,,0,0
kitchen rug and mats mason jar,kitchen rugs and mats,BROAD,1,1,100,0.35,0.35,0,0.00,,0,0
red kitchen runner rug,runner rug kitchen,BROAD,4,1,25,0.51,0.51,0,0.00,,0,0
rugs for kitchen,kitchen rugs,BROAD,3,1,33.3333,0.42,0.42,0,0.00,,0,0