﻿Customer search term,Keywords,Match type,Impressions,Clicks,CTR(%),Spend(USD),CPC(USD),Orders,Sales(USD),ACOS(%),RoAS,Conversion rate
anti fatigue mat 2 pack,anti fatigue mat,BROAD,3,1,33.3333,0.50,0.50,0,0.00,,0,0
anti-fatigue kitchen mat,kitchen mat anti fatigue,BROAD,4,1,25,0.47,0.47,0,0.00,,0,0
chefs mats for kitchen,kitchen mat,BROAD,3,1,33.3333,0.31,0.31,0,0.00,,0,0
fatigue mat kitchen,fatigue kitchen mat,BROAD,4,1,25,0.49,0.49,0,0.00,,0,0
floor mat kitchen,kitchen floor mat,BROAD,6,1,16.6667,0.49,0.49,0,0.00,,0,0
inspirational fatigue mat kitchen,fatigue kitchen mat,BROAD,1,1,100,0.50,0.50,0,0.00,,0,0
kitchen carpet runner,kitchen carpet runner,BROAD,1,1,100,0.23,0.23,0,0.00,,0,0
kitchen mat funny,kitchen mat,BROAD,2,1,50,0.45,0.45,0,0.00,,0,0
kitchen rugs non skid washable,kitchen rugs non skid,BROAD,16,1,6.25,0.23,0.23,0,0.00,,0,0
padded kitchen floor mats,kitchen padded floor mat,BROAD,6,1,16.6667,0.49,0.49,0,0.00,,0,0
rubber kitchen floor mats,kitchen floor mat,BROAD,2,1,50,0.49,0.49,0,0.00,,0,0
rubber mats for kitchen,kitchen rubber mats,BROAD,7,1,14.2857,0.36,0.36,0,0.00,,0,0
star wars anti fatigue mat,anti fatigue mat,BROAD,2,1,50,0.47,0.47,0,0.00,,0,0