﻿Customer search term,Keywords,Match type,Impressions,Clicks,CTR(%),Spend(USD),CPC(USD),Orders,Sales(USD),ACOS(%),RoAS,Conversion rate
anti fatigue mat kitchen,anti fatigue mat kitchen,EXACT,42,1,2.381,0.35,0.35,0,0.00,,0,0
anti fatigue mats,anti fatigue mat,EXACT,5,1,20,0.47,0.47,0,0.00,,0,0
kitchen carpets and rugs,kitchen carpets and rugs,EXACT,16,1,6.25,0.58,0.58,0,0.00,,0,0
kitchen mat,kitchen mat,EXACT,45,1,2.2222,0.25,0.25,0,0.00,,0,0
kitchen mats and rugs,kitchen mat rug,EXACT,63,1,1.5873,0.33,0.33,0,0.00,,0,0
kitchen rugs,kitchen rugs,EXACT,131,3,2.2901,1.07,0.36,0,0.00,,0,0