﻿Customer search term,Keywords,Match type,Impressions,Clicks,CTR(%),Spend(USD),CPC(USD),Orders,Sales(USD),ACOS(%),RoAS,Conversion rate
anti fatigue mats,anti fatigue mat,EXACT,4,1,25,0.49,0.49,0,0.00,,0,0
kitchen mat,kitchen mat,EXACT,188,2,1.0638,0.78,0.39,0,0.00,,0,0
kitchen mat rug,kitchen mat rug,EXACT,53,1,1.8868,0.40,0.40,0,0.00,,0,0
kitchen mats and rugs,kitchen mat rug,EXACT,9,1,11.1111,0.43,0.43,0,0.00,,0,0
kitchen rug,kitchen rugs,EXACT,176,2,1.1364,1.00,0.50,0,0.00,,0,0
kitchen rugs,kitchen rugs,EXACT,316,3,0.9494,1.83,0.61,0,0.00,,0,0
runner rug for kitchen,runner rug kitchen,EXACT,2,1,50,0.44,0.44,0,0.00,,0,0