﻿Keyword,Match type
bath mats thick,NEGATIVE_EXACT
bathroom mat,NEGATIVE_EXACT
bathroom rugs,NEGATIVE_EXACT
desiderare rug,NEGATIVE_EXACT
for bathroom rugs,NEGATIVE_EXACT
microfiber bath rug,NEGATIVE_EXACT
non skid bath rugs,NEGATIVE_EXACT
non slip bath mat,NEGATIVE_EXACT
white bath mat,NEGATIVE_EXACT
white bath rug,NEGATIVE_EXACT
white rug bathroom,NEGATIVE_EXACT
absorbent bath mat mold resistent,NEGATIVE_EXACT
bathroom rugs modern,NEGATIVE_EXACT
black white bath mat,NEGATIVE_EXACT
white 20x32 bath rug,NEGATIVE_EXACT
leaf,NEGATIVE_PHRASE