"seller-sku","fulfillment-channel-sku","asin","condition-type","Warehouse-Condition-code","Quantity Available"
"1-mb-18","B07JHJMS69","B07JHJMS69","NewItem","SELLABLE","0"
"YSD-PR-GY","X0029J1HFD","B07VXF2CV6","NewItem","SELLABLE","11"
"VQ-ZK10-AI17","X001Z2NBPT","B07L3WVVTG","NewItem","SELLABLE","0"
"YSD-NIW-50-80","X0029DM36V","B07VW6J6N5","NewItem","SELLABLE","50"
"M4-LSWE-EXF8","X001Z2NBQ3","B07L3VSQCT","NewItem","SELLABLE","2"
"1-wm-18","B07JGCH5CC","B07JGCH5CC","NewItem","SELLABLE","8"
"EP-LNZX-ZP2L","X001Z2EVJ9","B07KZZ1S5G","NewItem","SELLABLE","0"
"1-dl-18","B07JGCH5CB","B07JGCH5CB","NewItem","SELLABLE","0"
"YSD-PR-PK","X0029J1HF3","B07VTTM55M","NewItem","SELLABLE","6"
"0Z-IZIU-860V","X001Z2EVIZ","B07L118VDV","NewItem","SELLABLE","18"
"0Z-IZIU-860V","X001Z2EVIZ","B07L118VDV","NewItem","UNSELLABLE","1"
"DL-ES-60-90","X0029G2L1P","B07VW6N66M","NewItem","SELLABLE","24"
"SQ-BS-60-90","X0029H2KQP","B07VW6QK7W","NewItem","SELLABLE","33"
"SQ-LIA-60-90","X0029H31WR","B07VV251XD","NewItem","SELLABLE","18"
"XP-PN-40-69","X0029H31X1","B07VX5KB8V","NewItem","SELLABLE","20"
"0P-DOPF-MKUI","X001XNL7UV","B07JND9C85","NewItem","SELLABLE","7"
"CL-PIWX-DDRG","X001Z2O1PX","B07L3WFM1C","NewItem","SELLABLE","19"
"0Y-KRAZ-EDMI","X001XKWM0X","B07JMT389Q","NewItem","SELLABLE","0"
"P0-YVWS-B6V6","X001XJNZ69","B07JMDZBSR","NewItem","SELLABLE","110"
"UH-GXSV-MK9W","X001Z0IG29","B07L3YG763","NewItem","SELLABLE","12"
"XP-CB-40-69","X0029H2YPR","B07VSLXQC3","NewItem","SELLABLE","18"
"OC-RLMM-40Q7","X0027PTGMP","B07T35WHQ6","NewItem","SELLABLE","0"
"XP-DG-40-69","X0029FEOLV","B07VSNNSD8","NewItem","SELLABLE","29"
"YSD-FDG-50-80","X0029DM375","B07VSMY4RW","NewItem","SELLABLE","34"
"1-sm-18","B07JHV2GP2","B07JHV2GP2","NewItem","SELLABLE","33"
"UQ-WT44-Z13S","X0026LB09R","B07RXLPJG8","NewItem","SELLABLE","81"
"YSD-NID-50-80","X0029CJ6VR","B07VW5RPSD","NewItem","SELLABLE","21"
"DL-DQ-60-90","X0029H3JGZ","B07VW6HLVP","NewItem","SELLABLE","1"
"YSD-PR-BL","X0029YBZOV","B07VWDPD8W","NewItem","SELLABLE","0"
"YH-UMKR-8PI5","X001YID8UH","B07KK3RQNV","NewItem","SELLABLE","52"
"YH-UMKR-8PI5","X001YID8UH","B07KK3RQNV","NewItem","UNSELLABLE","1"
"1-el-18","B07JGCF2HY","B07JGCF2HY","NewItem","SELLABLE","0"
"1-ss-18","B07JX5RN5K","B07JX5RN5K","NewItem","SELLABLE","0"
"8Q-J2DE-IRY8","X001YID8A7","B07KJXZ3SG","NewItem","SELLABLE","32"
"8Q-J2DE-IRY8","X001YID8A7","B07KJXZ3SG","NewItem","UNSELLABLE","1"
"XP-SS-40-69","X0029H2KQZ","B07VRHPJHW","NewItem","SELLABLE","20"
"XP-SP-40-69","X0029H2KRJ","B07VV1YB9M","NewItem","SELLABLE","20"
"1-pd-18","B07JHNJT7Q","B07JHNJT7Q","NewItem","SELLABLE","30"
"1-pd-18","B07JHNJT7Q","B07JHNJT7Q","NewItem","UNSELLABLE","1"
"YSD-DI-50-80","X0029G2RY1","B07VSL8YC2","NewItem","SELLABLE","35"
"Y9-J10M-FC4H","X001YHN41V","B07KJXY5SN","NewItem","SELLABLE","49"
"DL-SF-60-90","X0029EG5JV","B07VRKGRQP","NewItem","SELLABLE","27"
"YSD-FLG-50-80","X0029H459P","B07VSNKQPH","NewItem","SELLABLE","0"
"YSD-FMG-50-80","X0029G2B0L","B07VX5WSY8","NewItem","SELLABLE","16"
"MR-P63C-5KYC","X001YUL0KF","B07KZZZDK4","NewItem","SELLABLE","0"
"1-bm-18","B07JHVFFP8","B07JHVFFP8","NewItem","SELLABLE","30"
"1-mc-18","B07JJC4NTT","B07JJC4NTT","NewItem","SELLABLE","70"
"1-pp-18","B07JJY9K22","B07JJY9K22","NewItem","SELLABLE","0"
"SQ-MS-60-90","X0029G2RYB","B07VX6FRQQ","NewItem","SELLABLE","55"
"5K-7LP0-NF6L","X001Z2CD2L","B07KZZ6QYP","NewItem","SELLABLE","0"
"1-mwh-18","B07JJ3HGSN","B07JJ3HGSN","NewItem","SELLABLE","105"
"Marble Stone","X002949CPF","B07KJXZ3SG","NewItem","SELLABLE","0"
"YSD-PR-BR","X0029HDP6T","B07W1P5YCB","NewItem","SELLABLE","20"
"AE-G7HN-0REZ","X001YID8HP","B07KJZH4KL","NewItem","SELLABLE","0"
"YSD-PR-BGE","X002AO0433","B07VTTM55M","NewItem","SELLABLE","0"
