"return-date","order-id","sku","asin","fnsku","product-name","quantity","fulfillment-center-id","detailed-disposition","reason","status","license-plate-number","customer-comments"
"2020-01-31T05:23:44+00:00","114-1319867-3445000","1-sm-18","B07JHV2GP2","B07JHV2GP2","Desiderare Thick Fluffy Astronaut Bath Mat - 31"" x 19"" Luxury Microfiber Bath Mat - Bath Rugs for Bathroom Non Slip - Super Absorbent Cute Bath Mat (S","1","TUS1","SELLABLE","UNWANTED_ITEM","Unit returned to inventory","LPNPM045416634",
"2020-01-30T19:22:08+00:00","111-2970173-5655467","0Y-KRAZ-EDMI","B07JMT389Q","X001XKWM0X","Desiderare 2 Piece Anti Fatigue Kitchen Mat - (17.7"" x 29.5""+17.7"" x 59"") - Oil Resistant PVC Kitchen Runner - Soft Kitchen Rugs and Mats (Enjoy Life)","1","CVG2","SELLABLE","NOT_AS_DESCRIBED","Unit returned to inventory","LPNRR934138817","The mats are very thin with little cushion"
"2020-01-30T19:22:08+00:00","111-2970173-5655467","0Y-KRAZ-EDMI","B07JMT389Q","X001XKWM0X","Desiderare 2 Piece Anti Fatigue Kitchen Mat - (17.7"" x 29.5""+17.7"" x 59"") - Oil Resistant PVC Kitchen Runner - Soft Kitchen Rugs and Mats (Enjoy Life)","1","CVG2","SELLABLE","NOT_AS_DESCRIBED","Unit returned to inventory","LPNRR934138816","The mats are very thin with little cushion"
"2020-01-28T22:20:55+00:00","112-0050710-2817057","P0-YVWS-B6V6","B07JMDZBSR","X001XJNZ69","2 Piece Non-slip Anti-Fatigue Kitchen Mat - (17.7"" x 29.5""+17.7"" x 59"") Soft Non Skid Throw Rugs Runner Carpet for Kitchen Hallway Entryway and Bedroo","1","TUS1","CUSTOMER_DAMAGED","UNWANTED_ITEM","Unit returned to inventory","LPNPM135566610",
"2020-01-28T04:36:08+00:00","112-0759714-8957016","0Y-KRAZ-EDMI","B07JMT389Q","X001XKWM0X","Desiderare 2 Piece Anti Fatigue Kitchen Mat - (17.7"" x 29.5""+17.7"" x 59"") - Oil Resistant PVC Kitchen Runner - Soft Kitchen Rugs and Mats (Enjoy Life)","1","CVG2","SELLABLE","DEFECTIVE","Unit returned to inventory","LPNRR879428614","These slip around on kitchen floor"
"2020-01-27T04:02:46+00:00","114-5449066-5649829","1-mwh-18","B07JJ3HGSN","B07JJ3HGSN","Desiderare Thick Fluffy Washroom Mat - 31"" x 19"" Luxury Microfiber Non-Slip Rubber Bath Rug - Super Absorbent Bathroom Carpet with Anti-Skid Back (Mor","1","LAS2","SELLABLE","UNWANTED_ITEM","Unit returned to inventory","LPNRR896490518",
"2020-01-25T15:41:09+00:00","114-4167144-8692268","1-mwh-18","B07JJ3HGSN","B07JJ3HGSN","Desiderare Thick Fluffy Washroom Mat - 31"" x 19"" Luxury Microfiber Non-Slip Rubber Bath Rug - Super Absorbent Bathroom Carpet with Anti-Skid Back (Mor","1","LAS2","DEFECTIVE","NOT_AS_DESCRIBED","Unit returned to inventory","LPNRR895883199","The picture made me think I was getting both small bath mats and it only came with one."
"2020-01-25T13:03:22+00:00","112-4325991-9556244","1-mwh-18","B07JJ3HGSN","B07JJ3HGSN","Desiderare Thick Fluffy Boho Bathroom Rug - 31"" x 19"" Luxury Microfiber Bath Mat - Bath Rugs for Bathroom Non Slip - Super Absorbent Black and White B","1","CVG2","SELLABLE","UNWANTED_ITEM","Unit returned to inventory","LPNRR929366375",
"2020-01-24T06:57:01+00:00","114-4509528-7248255","0P-DOPF-MKUI","B07JND9C85","X001XNL7UV","Desiderare Thick Fluffy Bath Runner Rug -63"" x 27.5"" Luxury Microfiber Non-Slip Rubber Bath Rug Chenille Area Mat - Super Absorbent Bathroom Carpet wi","1","LEX2","SELLABLE","UNDELIVERABLE_UNKNOWN","Unit returned to inventory","LPNRR898432728",
"2020-01-22T12:51:19+00:00","111-2414929-6949025","MR-P63C-5KYC","B07KZZZDK4","X001YUL0KF","Desiderare Thick Fluffy Washroom Mat - 31"" x 19"" Luxury Microfiber Non-Slip Rubber Bath Rug - Super Absorbent Bathroom Carpet with Anti-Skid Back","1","LEX2","SELLABLE","DEFECTIVE","Unit returned to inventory","LPNRR889495192","too small"
"2020-01-21T01:15:55+00:00","111-8534069-2257008","0Y-KRAZ-EDMI","B07JMT389Q","X001XKWM0X","2 Piece Non-Slip Anti-Fatigue Kitchen Mat - (17.7"" x 29.5""+17.7"" x 59"") Soft Non Skid Throw Rugs Runner Carpet for Kitchen Hallway Entryway and Bedroo","1","TUS1","SELLABLE","ORDERED_WRONG_ITEM","Unit returned to inventory","LPNPM130412327",
"2020-01-13T06:58:32+00:00","114-4697667-2361836","0Y-KRAZ-EDMI","B07JMT389Q","X001XKWM0X","2 Piece Non-Slip Anti-Fatigue Kitchen Mat - (17.7"" x 29.5""+17.7"" x 59"") Soft Non Skid Throw Rugs Runner Carpet for Kitchen Hallway Entryway and Bedroo","1","CVG2","CUSTOMER_DAMAGED","NOT_AS_DESCRIBED","Unit returned to inventory","LPNRR929208450",
"2020-01-06T15:02:50+00:00","112-1690505-8638653","1-bm-18","B07JHVFFP8","B07JHVFFP8","Anti-Fatigue Kitchen Mat | Pack of 2 | 2 Sizes| Professionally Designed | PVC Synthetic Fiber | Super Fashionable | Oil Prevent | Double Sided | (Blac","1","CVG2","CUSTOMER_DAMAGED","SWITCHEROO","Unit returned to inventory","LPNRR867455229",
"2020-01-03T06:08:06+00:00","111-2253250-9190644","0Y-KRAZ-EDMI","B07JMT389Q","X001XKWM0X","2 Piece Non-Slip Anti-Fatigue Kitchen Mat - (17.7"" x 29.5""+17.7"" x 59"") Soft Non Skid Throw Rugs Runner Carpet for Kitchen Hallway Entryway and Bedroo","1","TUS1","DEFECTIVE","DEFECTIVE","Unit returned to inventory","LPNPM136717687","the material was not that one i expected"
"2020-01-03T02:26:19+00:00","111-3975745-6909869","YSD-NIW-50-80","B07VW6J6N5","X0029DM36V","Desiderare Thick Fluffy Microfiber Bath Mat - 31"" x 19"" Anti-Fatigue Shaggy�Comfort Bath Rug - Super Absorbent Bathroom Carpet - Non-Slip Luxury Plus","1","TUS1","SELLABLE","UNWANTED_ITEM","Unit returned to inventory","LPNPM126708710",
"2020-01-02T20:31:16+00:00","114-0154398-3806615","0Y-KRAZ-EDMI","B07JMT389Q","X001XKWM0X","2 Piece Non-Slip Anti-Fatigue Kitchen Mat - (17.7"" x 29.5""+17.7"" x 59"") Soft Non Skid Throw Rugs Runner Carpet for Kitchen Hallway Entryway and Bedroo","1","TUS1","SELLABLE","NOT_AS_DESCRIBED","Unit returned to inventory","LPNPM126740797","the color not accurate as the picture"
"2020-01-02T01:30:01+00:00","114-5760056-0197846","1-wm-18","B07JGCH5CC","B07JGCH5CC","Anti-Fatigue Kitchen Mat | Pack of 2 | 2 Sizes| Professionally Designed | PVC Synthetic Fiber | Super Fashionable | Oil Prevent | Double Sided | (Whit","1","CVG2","DEFECTIVE","NOT_AS_DESCRIBED","Unit returned to inventory","LPNRR867821029","The print quality is different."
