"return-date","order-id","sku","asin","fnsku","product-name","quantity","fulfillment-center-id","detailed-disposition","reason","status","license-plate-number","customer-comments"
"2020-01-06T15:02:50+00:00","112-1690505-8638653","1-bm-18","B07JHVFFP8","B07JHVFFP8","Anti-Fatigue Kitchen Mat | Pack of 2 | 2 Sizes| Professionally Designed | PVC Synthetic Fiber | Super Fashionable | Oil Prevent | Double Sided | (Blac","1","CVG2","CUSTOMER_DAMAGED","SWITCHEROO","Unit returned to inventory","LPNRR867455229",
"2020-01-03T06:08:06+00:00","111-2253250-9190644","0Y-KRAZ-EDMI","B07JMT389Q","X001XKWM0X","2 Piece Non-Slip Anti-Fatigue Kitchen Mat - (17.7"" x 29.5""+17.7"" x 59"") Soft Non Skid Throw Rugs Runner Carpet for Kitchen Hallway Entryway and Bedroo","1","TUS1","DEFECTIVE","DEFECTIVE","Unit returned to inventory","LPNPM136717687","the material was not that one i expected"
"2020-01-03T02:26:19+00:00","111-3975745-6909869","YSD-NIW-50-80","B07VW6J6N5","X0029DM36V","Desiderare Thick Fluffy Microfiber Bath Mat - 31"" x 19"" Anti-Fatigue Shaggy�Comfort Bath Rug - Super Absorbent Bathroom Carpet - Non-Slip Luxury Plus","1","TUS1","SELLABLE","UNWANTED_ITEM","Unit returned to inventory","LPNPM126708710",
"2020-01-02T20:31:16+00:00","114-0154398-3806615","0Y-KRAZ-EDMI","B07JMT389Q","X001XKWM0X","2 Piece Non-Slip Anti-Fatigue Kitchen Mat - (17.7"" x 29.5""+17.7"" x 59"") Soft Non Skid Throw Rugs Runner Carpet for Kitchen Hallway Entryway and Bedroo","1","TUS1","SELLABLE","NOT_AS_DESCRIBED","Unit returned to inventory","LPNPM126740797","the color not accurate as the picture"
"2020-01-02T01:30:01+00:00","114-5760056-0197846","1-wm-18","B07JGCH5CC","B07JGCH5CC","Anti-Fatigue Kitchen Mat | Pack of 2 | 2 Sizes| Professionally Designed | PVC Synthetic Fiber | Super Fashionable | Oil Prevent | Double Sided | (Whit","1","CVG2","DEFECTIVE","NOT_AS_DESCRIBED","Unit returned to inventory","LPNRR867821029","The print quality is different."
