"return-date","order-id","sku","asin","fnsku","product-name","quantity","fulfillment-center-id","detailed-disposition","reason","status","license-plate-number","customer-comments"
"2019-12-02T03:30:42+00:00","112-7284248-0167456","1-mc-18","B07JJC4NTT","B07JJC4NTT","Desiderare Thick Fluffy Washroom Mat - 31"" x 19"" Luxury Microfiber Non-Slip Rubber Bath Rug - Super Absorbent Bathroom Carpet with Anti-Skid Back(Moro","1","TUS1","SELLABLE","DEFECTIVE","Unit returned to inventory","LPNPM132421825","moves around and not fluffy enough."
"2019-12-01T15:47:13+00:00","111-6763824-2785827","YH-UMKR-8PI5","B07KK3RQNV","X001YID8UH","2 Piece Non-Slip Anti-Fatigue Kitchen Mat - (17.7"" x 29.5""+17.7"" x 59"") Soft Non Skid Throw Rugs Runner Carpet for Kitchen Hallway Entryway and Bedroo","1","LAS2","CUSTOMER_DAMAGED","UNWANTED_ITEM","Unit returned to inventory","LPNRR855122225",
"2019-11-26T17:04:01+00:00","112-7284248-0167456","1-mc-18","B07JJC4NTT","B07JJC4NTT","Desiderare Thick Fluffy Washroom Mat - 31"" x 19"" Luxury Microfiber Non-Slip Rubber Bath Rug - Super Absorbent Bathroom Carpet with Anti-Skid Back(Moro","1","TUS1","DAMAGED","DEFECTIVE","Reimbursed","LPNPM045264220",
"2019-11-25T16:13:02+00:00","112-2983340-1863405","P0-YVWS-B6V6","B07JMDZBSR","X001XJNZ69","2 Piece Non-slip Anti-Fatigue Kitchen Mat - (17.7"" x 29.5""+17.7"" x 59"") Soft Non Skid Throw Rugs Runner Carpet for Kitchen Hallway Entryway and Bedroo","1","TUS1","SELLABLE","UNWANTED_ITEM","Unit returned to inventory","LPNPM039050853",
"2019-11-20T00:36:12+00:00","113-1777100-6790643","Y9-J10M-FC4H","B07KJXY5SN","X001YHN41V","2 Piece Non-Slip Anti-Fatigue Kitchen Mat - (17.7"" x 29.5""+17.7"" x 59"") Soft Non Skid Throw Rugs Runner Carpet for Kitchen Hallway Entryway and Bedroo","1","CVG2","CARRIER_DAMAGED","ORDERED_WRONG_ITEM","Reimbursed","LPNRR882729959",
"2019-11-19T18:56:26+00:00","111-6168726-0557821","1-mc-18","B07JJC4NTT","B07JJC4NTT","Desiderare Thick Fluffy Washroom Mat - 31"" x 19"" Luxury Microfiber Non-Slip Rubber Bath Rug - Super Absorbent Bathroom Carpet with Anti-Skid Back(Moro","1","CVG2","CUSTOMER_DAMAGED","NOT_AS_DESCRIBED","Unit returned to inventory","LPNRR882435439",
"2019-11-16T02:07:44+00:00","111-9737512-4288260","0Y-KRAZ-EDMI","B07JMT389Q","X001XKWM0X","2 Piece Non-Slip Anti-Fatigue Kitchen Mat - (17.7"" x 29.5""+17.7"" x 59"") Soft Non Skid Throw Rugs Runner Carpet for Kitchen Hallway Entryway and Bedroo","1","CVG2","CUSTOMER_DAMAGED","FOUND_BETTER_PRICE","Unit returned to inventory","LPNRR764668971",
"2019-11-13T09:08:54+00:00","113-1047144-5091403","1-mc-18","B07JJC4NTT","B07JJC4NTT","Desiderare Thick Fluffy Washroom Mat - 31"" x 19"" Luxury Microfiber Non-Slip Rubber Bath Rug - Super Absorbent Bathroom Carpet with Anti-Skid Back(Moro","1","TUS1","CUSTOMER_DAMAGED","UNWANTED_ITEM","Unit returned to inventory","LPNPM136172223",
"2019-11-12T16:42:39+00:00","111-4344631-9652208","1-mwh-18","B07JJ3HGSN","B07JJ3HGSN","Desiderare Thick Fluffy Washroom Mat - 31"" x 19"" Luxury Microfiber Non-Slip Rubber Bath Rug - Super Absorbent Bathroom Carpet with Anti-Skid Back (Mor","1","IND8","SELLABLE","UNWANTED_ITEM","Unit returned to inventory","LPNN626414554",
"2019-11-12T09:49:30+00:00","114-0133962-5633804","8Q-J2DE-IRY8","B07KJXZ3SG","X001YID8A7","2 Piece Non-Slip Anti-Fatigue Kitchen Mat - (17.7"" x 29.5""+17.7"" x 59"") Soft Non Skid Throw Rugs Runner Carpet for Kitchen Hallway Entryway Bedroom -","1","TUS1","CUSTOMER_DAMAGED","DEFECTIVE","Unit returned to inventory","LPNPM135675632",
"2019-11-11T23:08:40+00:00","113-5887445-8469816","8Q-J2DE-IRY8","B07KJXZ3SG","X001YID8A7","2 Piece Non-Slip Anti-Fatigue Kitchen Mat - (17.7"" x 29.5""+17.7"" x 59"") Soft Non Skid Throw Rugs Runner Carpet for Kitchen Hallway Entryway Bedroom -","1","TUS1","CUSTOMER_DAMAGED","NOT_AS_DESCRIBED","Unit returned to inventory","LPNRR812585016",
"2019-11-08T18:28:43+00:00","111-5979642-9449846","8Q-J2DE-IRY8","B07KJXZ3SG","X001YID8A7","2 Piece Non-Slip Anti-Fatigue Kitchen Mat - (17.7"" x 29.5""+17.7"" x 59"") Soft Non Skid Throw Rugs Runner Carpet for Kitchen Hallway Entryway Bedroom -","1","TUS1","CUSTOMER_DAMAGED","DEFECTIVE","Unit returned to inventory","LPNPM136053696",
"2019-11-01T14:52:33+00:00","111-7137114-2265835","P0-YVWS-B6V6","B07JMDZBSR","X001XJNZ69","2 Piece Non-slip Anti-Fatigue Kitchen Mat - (17.7"" x 29.5""+17.7"" x 59"") Soft Non Skid Throw Rugs Runner Carpet for Kitchen Hallway Entryway and Bedroo","1","CVG2","SELLABLE","UNWANTED_ITEM","Unit returned to inventory","LPNRR807699444",
"2019-10-28T11:32:16+00:00","111-6784194-2368234","0Y-KRAZ-EDMI","B07JMT389Q","X001XKWM0X","2 Piece Non-Slip Anti-Fatigue Kitchen Mat - (17.7"" x 29.5""+17.7"" x 59"") Soft Non Skid Throw Rugs Runner Carpet for Kitchen Hallway Entryway and Bedroo","1","LEX2","SELLABLE","UNDELIVERABLE_UNKNOWN","Unit returned to inventory","LPNRR860309047",
"2019-10-27T13:07:17+00:00","112-1674273-8238636","1-mc-18","B07JJC4NTT","B07JJC4NTT","Desiderare Thick Fluffy Washroom Mat - 31"" x 19"" Luxury Microfiber Non-Slip Rubber Bath Rug - Super Absorbent Bathroom Carpet with Anti-Skid Back(Moro","1","CVG2","SELLABLE","UNWANTED_ITEM","Unit returned to inventory","LPNRR805211283",
"2019-10-27T13:07:17+00:00","112-1674273-8238636","1-mc-18","B07JJC4NTT","B07JJC4NTT","Desiderare Thick Fluffy Washroom Mat - 31"" x 19"" Luxury Microfiber Non-Slip Rubber Bath Rug - Super Absorbent Bathroom Carpet with Anti-Skid Back(Moro","1","CVG2","SELLABLE","UNWANTED_ITEM","Unit returned to inventory","LPNRR805211284",
"2019-10-26T05:29:50+00:00","111-2706207-9105808","8Q-J2DE-IRY8","B07KJXZ3SG","X001YID8A7","2 Piece Non-Slip Anti-Fatigue Kitchen Mat - (17.7"" x 29.5""+17.7"" x 59"") Soft Non Skid Throw Rugs Runner Carpet for Kitchen Hallway Entryway Bedroom -","1","CVG2","SELLABLE","UNWANTED_ITEM","Unit returned to inventory","LPNRR764596181","Does not match my decor"
"2019-10-25T16:03:43+00:00","113-9313617-7942650","P0-YVWS-B6V6","B07JMDZBSR","X001XJNZ69","2 Piece Non-slip Anti-Fatigue Kitchen Mat - (17.7"" x 29.5""+17.7"" x 59"") Soft Non Skid Throw Rugs Runner Carpet for Kitchen Hallway Entryway and Bedroo","1","CVG2","CUSTOMER_DAMAGED","UNWANTED_ITEM","Unit returned to inventory","LPNRR812362659",
"2019-10-24T14:09:52+00:00","112-2199184-8825827","0Y-KRAZ-EDMI","B07JMT389Q","X001XKWM0X","2 Piece Non-Slip Anti-Fatigue Kitchen Mat - (17.7"" x 29.5""+17.7"" x 59"") Soft Non Skid Throw Rugs Runner Carpet for Kitchen Hallway Entryway and Bedroo","1","CVG2","CUSTOMER_DAMAGED","DAMAGED_BY_FC","Unit returned to inventory","LPNRR775194032",
"2019-10-23T17:38:48+00:00","112-7916054-4753825","1-mc-18","B07JJC4NTT","B07JJC4NTT","Desiderare Thick Fluffy Washroom Mat - 31"" x 19"" Luxury Microfiber Non-Slip Rubber Bath Rug - Super Absorbent Bathroom Carpet with Anti-Skid Back(Moro","1","TUS1","SELLABLE","UNWANTED_ITEM","Unit returned to inventory","LPNPM046385504",
"2019-10-20T20:59:03+00:00","111-7934224-8029831","1-mc-18","B07JJC4NTT","B07JJC4NTT","Desiderare Thick Fluffy Washroom Mat - 31"" x 19"" Luxury Microfiber Non-Slip Rubber Bath Rug - Super Absorbent Bathroom Carpet with Anti-Skid Back(Moro","1","TUS1","SELLABLE","UNWANTED_ITEM","Unit returned to inventory","LPNPM045538411",
"2019-10-20T20:57:11+00:00","111-7934224-8029831","1-mwh-18","B07JJ3HGSN","B07JJ3HGSN","Desiderare Thick Fluffy Washroom Mat - 31"" x 19"" Luxury Microfiber Non-Slip Rubber Bath Rug - Super Absorbent Bathroom Carpet with Anti-Skid Back (Mor","1","TUS1","SELLABLE","UNWANTED_ITEM","Unit returned to inventory","LPNPM045538410",
"2019-10-17T16:28:58+00:00","114-9161032-7255414","MR-P63C-5KYC","B07KZZZDK4","X001YUL0KF","Desiderare Thick Fluffy Washroom Mat - 31"" x 19"" Luxury Microfiber Non-Slip Rubber Bath Rug - Super Absorbent Bathroom Carpet with Anti-Skid Back","1","TUS1","SELLABLE","UNWANTED_ITEM","Unit returned to inventory","LPNPM046634677",
"2019-10-17T16:21:26+00:00","114-9161032-7255414","5K-7LP0-NF6L","B07KZZ6QYP","X001Z2CD2L","Desiderare Thick Fluffy Washroom Mat - 31"" x 19"" Luxury Microfiber Non-Slip Rubber Bath Rug - Super Absorbent Bathroom Carpet with Anti-Skid Back ...","1","TUS1","CUSTOMER_DAMAGED","UNWANTED_ITEM","Unit returned to inventory","LPNPM046634674",
"2019-10-14T12:10:15+00:00","113-1135635-2595405","0Y-KRAZ-EDMI","B07JMT389Q","X001XKWM0X","2 Piece Non-Slip Anti-Fatigue Kitchen Mat - (17.7"" x 29.5""+17.7"" x 59"") Soft Non Skid Throw Rugs Runner Carpet for Kitchen Hallway Entryway and Bedroo","1","CVG2","CUSTOMER_DAMAGED","ORDERED_WRONG_ITEM","Unit returned to inventory","LPNRR765101901",
"2019-09-22T05:37:17+00:00","114-4005547-4285021","1-mc-18","B07JJC4NTT","B07JJC4NTT","Desiderare Thick Fluffy Washroom Mat - 31"" x 19"" Luxury Microfiber Non-Slip Rubber Bath Rug - Super Absorbent Bathroom Carpet with Anti-Skid Back(Moro","1","TUS1","CUSTOMER_DAMAGED","UNWANTED_ITEM","Unit returned to inventory","LPNPM049220415",
"2019-09-18T05:57:03+00:00","111-9446550-5445861","P0-YVWS-B6V6","B07JMDZBSR","X001XJNZ69","2 Piece Non-slip Anti-Fatigue Kitchen Mat - (17.7"" x 29.5""+17.7"" x 59"") Soft Non Skid Throw Rugs Runner Carpet for Kitchen Hallway Entryway and Bedroo","1","TUS1","CUSTOMER_DAMAGED","QUALITY_UNACCEPTABLE","Reimbursed","LPNPM045991374",
"2019-08-08T10:54:54+00:00","111-9886133-1279446","Y9-J10M-FC4H","B07KJXY5SN","X001YHN41V","2 Piece Non-Slip Anti-Fatigue Kitchen Mat - (17.7"" x 29.5""+17.7"" x 59"") Soft Non Skid Throw Rugs Runner Carpet for Kitchen Hallway Entryway and Bedroo","1","TUS1","CUSTOMER_DAMAGED","DEFECTIVE","Unit returned to inventory","LPNPM042128908",
"2019-07-30T14:32:44+00:00","111-1168842-5001031","1-wm-18","B07JGCH5CC","B07JGCH5CC","Anti-Fatigue Kitchen Mat | Pack of 2 | 2 Sizes| Professionally Designed | PVC Synthetic Fiber | Super Fashionable | Oil Prevent | Double Sided | (Whit","1","CVG2","CUSTOMER_DAMAGED","DEFECTIVE","Unit returned to inventory","LPNRR781593168",
"2019-07-30T08:41:24+00:00","111-6356507-1493839","YH-UMKR-8PI5","B07KK3RQNV","X001YID8UH","2 Piece Non-Slip Anti-Fatigue Kitchen Mat - (17.7"" x 29.5""+17.7"" x 59"") Soft Non Skid Throw Rugs Runner Carpet for Kitchen Hallway Entryway and Bedroo","1","LAS2","SELLABLE","ORDERED_WRONG_ITEM","Unit returned to inventory","LPNRR761745870",
"2019-07-24T14:45:51+00:00","111-5482479-2430625","8Q-J2DE-IRY8","B07KJXZ3SG","X001YID8A7","2 Piece Non-Slip Anti-Fatigue Kitchen Mat - (17.7"" x 29.5""+17.7"" x 59"") Soft Non Skid Throw Rugs Runner Carpet for Kitchen Hallway Entryway Bedroom -","1","CVG2","CUSTOMER_DAMAGED","NOT_AS_DESCRIBED","Unit returned to inventory","LPNRR665386025",
"2019-07-16T01:52:40+00:00","111-8403146-2695468","P0-YVWS-B6V6","B07JMDZBSR","X001XJNZ69","2 Piece Non-slip Anti-Fatigue Kitchen Mat - (17.7"" x 29.5""+17.7"" x 59"") Soft Non Skid Throw Rugs Runner Carpet for Kitchen Hallway Entryway and Bedroo","1","TUS1","SELLABLE","UNWANTED_ITEM","Unit returned to inventory","LPNPM045854938",
"2019-07-13T11:37:56+00:00","111-2972841-2034654","UH-GXSV-MK9W","B07L3YG763","X001Z0IG29","2 Piece Non-Slip Anti-Fatigue Kitchen Mat - (17.7"" x 29.5""+17.7"" x 59"") Soft Non Skid Throw Rugs Runner Carpet for Kitchen Hallway Entryway and Bedroo","1","LEX1","SELLABLE","NOT_AS_DESCRIBED","Unit returned to inventory","LPNRR757158140",
"2019-07-10T12:59:33+00:00","113-7866458-7648213","8Q-J2DE-IRY8","B07KJXZ3SG","X001YID8A7","2 Piece Non-Slip Anti-Fatigue Kitchen Mat - (17.7"" x 29.5""+17.7"" x 59"") Soft Non Skid Throw Rugs Runner Carpet for Kitchen Hallway Entryway Bedroom -","1","CVG2","SELLABLE","MISSED_ESTIMATED_DELIVERY","Unit returned to inventory","LPNRR762132285",
"2019-07-08T19:56:54+00:00","111-7533551-2973802","1-bm-18","B07JHVFFP8","B07JHVFFP8","Anti-Fatigue Kitchen Mat | Pack of 2 | 2 Sizes| Professionally Designed | PVC Synthetic Fiber | Super Fashionable | Oil Prevent | Double Sided | (Blac","1","CVG2","CUSTOMER_DAMAGED","DEFECTIVE","Unit returned to inventory","LPNRR761908958",
"2019-07-08T15:18:15+00:00","113-6419542-0080207","P0-YVWS-B6V6","B07JMDZBSR","X001XJNZ69","2 Piece Non-slip Anti-Fatigue Kitchen Mat - (17.7"" x 29.5""+17.7"" x 59"") Soft Non Skid Throw Rugs Runner Carpet for Kitchen Hallway Entryway and Bedroo","1","TUS1","SELLABLE","QUALITY_UNACCEPTABLE","Unit returned to inventory","LPNPM042231599","B07L9NWJ5G: Product does not meet expectations  B07JMDZBSR: Product does not meet expectations"
"2019-07-07T05:54:13+00:00","111-0518046-9578628","8Q-J2DE-IRY8","B07KJXZ3SG","X001YID8A7","2 Piece Non-Slip Anti-Fatigue Kitchen Mat - (17.7"" x 29.5""+17.7"" x 59"") Soft Non Skid Throw Rugs Runner Carpet for Kitchen Hallway Entryway Bedroom -","1","CVG2","CUSTOMER_DAMAGED","NOT_AS_DESCRIBED","Unit returned to inventory","LPNRR780903953",
"2019-07-06T14:52:17+00:00","114-4392222-1539421","P0-YVWS-B6V6","B07JMDZBSR","X001XJNZ69","2 Piece Non-slip Anti-Fatigue Kitchen Mat - (17.7"" x 29.5""+17.7"" x 59"") Soft Non Skid Throw Rugs Runner Carpet for Kitchen Hallway Entryway and Bedroo","1","CVG2","CUSTOMER_DAMAGED","NOT_AS_DESCRIBED","Unit returned to inventory","LPNRR781141491",
"2019-07-03T00:18:29+00:00","113-0512384-8385019","P0-YVWS-B6V6","B07JMDZBSR","X001XJNZ69","2 Piece Non-slip Anti-Fatigue Kitchen Mat - (17.7"" x 29.5""+17.7"" x 59"") Soft Non Skid Throw Rugs Runner Carpet for Kitchen Hallway Entryway and Bedroo","1","CVG2","DEFECTIVE","SWITCHEROO","Unit returned to inventory","LPNRR665246653","I order the ""dream light"" color and I have received the ""white marble"" I would like a replacement for the right color I order (dream light)"
"2019-06-26T23:34:37+00:00","113-0137736-0113071","P0-YVWS-B6V6","B07JMDZBSR","X001XJNZ69","2 Piece Non-slip Anti-Fatigue Kitchen Mat - (17.7"" x 29.5""+17.7"" x 59"") Soft Non Skid Throw Rugs Runner Carpet for Kitchen Hallway Entryway and Bedroo","1","IND8","CUSTOMER_DAMAGED","UNWANTED_ITEM","Unit returned to inventory","LPNN271616363",
"2019-06-13T03:50:01+00:00","113-5844512-4683455","CL-PIWX-DDRG","B07L3WFM1C","X001Z2O1PX","2 Piece Non-Slip Anti-Fatigue Kitchen Mat - (17.7"" x 29.5""+17.7"" x 59"") Soft Non Skid Throw Rugs Runner Carpet for Kitchen Hallway Entryway and Bedroo","1","CVG2","SELLABLE","QUALITY_UNACCEPTABLE","Unit returned to inventory","LPNRR651873339","Fit / style issue"
"2019-06-06T05:00:58+00:00","111-6069864-6211445","1-wm-18","B07JGCH5CC","B07JGCH5CC","Anti-Fatigue Kitchen Mat | Pack of 2 | 2 Sizes| Professionally Designed | PVC Synthetic Fiber | Super Fashionable | Oil Prevent | Double Sided | (Whit","1","TUS1","CUSTOMER_DAMAGED","DEFECTIVE","Unit returned to inventory","LPNPM046982687",
"2019-04-16T04:47:00+00:00","111-4984527-1909840","1-pp-18","B07JJY9K22","B07JJY9K22","Thick Shag Runner Throw Rug - 27.5"" x 63"" Luxury Microfiber Non-Slip Mildew Resistant Bedside Mat Rug for Girls Room (2019 Creative Modern Absorbent B","1","LAS2","SELLABLE","UNWANTED_ITEM","Unit returned to inventory","LPNRR687845377","Its a beautiful carpet but it is too long for my bathroom. More for a hallway as a runner."
"2019-04-10T18:24:33+00:00","114-9357169-2563418","M4-LSWE-EXF8","B07L3VSQCT","X001Z2NBQ3","2 Piece Non-Slip Anti-Fatigue Kitchen Mat - (17.7"" x 29.5""+17.7"" x 59"") Soft Non Skid Throw Rugs Runner Carpet for Kitchen Hallway Entryway and Bedroo","1","TUS1","SELLABLE","NOT_AS_DESCRIBED","Unit returned to inventory","LPNPM042379051",
"2019-04-05T05:22:46+00:00","111-6562882-3205000","AE-G7HN-0REZ","B07KJZH4KL","X001YID8HP","2 Piece Nonslip AntiFatigue Kitchen Mat -(17.7"" x 29.5""+17.7"" x 59"") Soft Non Skid Throw Rugs Runner Carpet for Kitchen Hallway Entryway Bedroom- Oil","1","TUS1","SELLABLE","DEFECTIVE","Unit returned to inventory","LPNPM046231312","Too small"
"2019-03-15T04:52:44+00:00","111-2784392-3352247","1-mwh-18","B07JJ3HGSN","B07JJ3HGSN","Desiderare Thick Fluffy Washroom Mat - 31"" x 19"" Luxury Microfiber Non-Slip Rubber Bath Rug - Super Absorbent Bathroom Carpet with Anti-Skid Back (Mor","1","TUS1","SELLABLE","UNAUTHORIZED_PURCHASE","Unit returned to inventory","LPNPM048242738",
"2019-03-12T23:54:24+00:00","114-9683373-9733051","1-ss-18","B07JX5RN5K","B07JX5RN5K","Thick Shag Runner Throw Rug -39.4"" x 39.4"" Luxury Microfiber Non-Slip Mildew Resistant Bedside Rug for Girls Room (2019 Round Pink Creative Modern Abs","1","IND8","CUSTOMER_DAMAGED","UNWANTED_ITEM","Unit returned to inventory","LPNN253751113",
"2019-03-12T00:22:52+00:00","111-8473024-3245054","AE-G7HN-0REZ","B07KJZH4KL","X001YID8HP","2 Piece Nonslip AntiFatigue Kitchen Mat -(17.7"" x 29.5""+17.7"" x 59"") Soft Non Skid Throw Rugs Runner Carpet for Kitchen Hallway Entryway Bedroom- Oil","1","CVG2","CUSTOMER_DAMAGED","NOT_AS_DESCRIBED","Unit returned to inventory","LPNRR615633943",
"2019-03-12T00:22:52+00:00","111-8473024-3245054","AE-G7HN-0REZ","B07KJZH4KL","X001YID8HP","2 Piece Nonslip AntiFatigue Kitchen Mat -(17.7"" x 29.5""+17.7"" x 59"") Soft Non Skid Throw Rugs Runner Carpet for Kitchen Hallway Entryway Bedroom- Oil","1","CVG2","CUSTOMER_DAMAGED","NOT_AS_DESCRIBED","Unit returned to inventory","LPNRR615633942",
"2019-03-04T17:59:10+00:00","113-4395183-4631409","1-wm-18","B07JGCH5CC","B07JGCH5CC","Anti-Fatigue Kitchen Mat | Pack of 2 | 2 Sizes| Professionally Designed | PVC Synthetic Fiber | Super Fashionable | Oil Prevent | Double Sided | (Whit","1","TUS1","CUSTOMER_DAMAGED","UNWANTED_ITEM","Unit returned to inventory","LPNPM048196264",
"2019-03-04T17:59:10+00:00","113-4395183-4631409","1-wm-18","B07JGCH5CC","B07JGCH5CC","Anti-Fatigue Kitchen Mat | Pack of 2 | 2 Sizes| Professionally Designed | PVC Synthetic Fiber | Super Fashionable | Oil Prevent | Double Sided | (Whit","1","TUS1","CUSTOMER_DAMAGED","UNWANTED_ITEM","Unit returned to inventory","LPNPM048196263",
"2019-03-02T01:32:37+00:00","112-0712796-5680264","YH-UMKR-8PI5","B07KK3RQNV","X001YID8UH","2 Piece Non-Slip Anti-Fatigue Kitchen Mat - (17.7"" x 29.5""+17.7"" x 59"") Soft Non Skid Throw Rugs Runner Carpet for Kitchen Hallway Entryway and Bedroo","1","LEX2","CUSTOMER_DAMAGED","UNWANTED_ITEM","Unit returned to inventory","LPNRR698733758",
"2019-03-01T14:34:56+00:00","111-7561707-9629855","YH-UMKR-8PI5","B07KK3RQNV","X001YID8UH","2 Piece Non-Slip Anti-Fatigue Kitchen Mat - (17.7"" x 29.5""+17.7"" x 59"") Soft Non Skid Throw Rugs Runner Carpet for Kitchen Hallway Entryway and Bedroo","1","IND8","SELLABLE","ORDERED_WRONG_ITEM","Unit returned to inventory","LPNN252035533",
"2019-02-12T20:29:20+00:00","113-6438344-2108236","0Y-KRAZ-EDMI","B07JMT389Q","X001XKWM0X","2 Piece Non-Slip Anti-Fatigue Kitchen Mat - (17.7"" x 29.5""+17.7"" x 59"") Soft Non Skid Throw Rugs Runner Carpet for Kitchen Hallway Entryway and Bedroo","1","CVG2","CUSTOMER_DAMAGED","MISSED_ESTIMATED_DELIVERY","Unit returned to inventory","LPNRR616144027",
"2019-02-12T13:12:18+00:00","114-6922339-5695421","YH-UMKR-8PI5","B07KK3RQNV","X001YID8UH","2 Piece Non-Slip Anti-Fatigue Kitchen Mat - (17.7"" x 29.5""+17.7"" x 59"") Soft Non Skid Throw Rugs Runner Carpet for Kitchen Hallway Entryway and Bedroo","1","LEX1","SELLABLE","UNWANTED_ITEM","Unit returned to inventory","LPNRR698733758",
"2019-02-11T15:59:00+00:00","112-5915466-7896235","YH-UMKR-8PI5","B07KK3RQNV","X001YID8UH","2 Piece Non-Slip Anti-Fatigue Kitchen Mat - (17.7"" x 29.5""+17.7"" x 59"") Soft Non Skid Throw Rugs Runner Carpet for Kitchen Hallway Entryway and Bedroo","1","LEX2","DEFECTIVE","NOT_AS_DESCRIBED","Unit returned to inventory","LPNRR700529379","Color is different"
"2019-02-06T02:55:37+00:00","114-2252063-5603444","AE-G7HN-0REZ","B07KJZH4KL","X001YID8HP","2 Piece Nonslip AntiFatigue Kitchen Mat -(17.7"" x 29.5""+17.7"" x 59"") Soft Non Skid Throw Rugs Runner Carpet for Kitchen Hallway Entryway Bedroom- Oil","1","TUS1","CUSTOMER_DAMAGED","NOT_AS_DESCRIBED","Unit returned to inventory","LPNPM040197612",
"2019-02-04T14:47:24+00:00","112-4313729-7574655","1-mc-18","B07JJC4NTT","B07JJC4NTT","Desiderare Thick Fluffy Washroom Mat - 31"" x 19"" Luxury Microfiber Non-Slip Rubber Bath Rug - Super Absorbent Bathroom Carpet with Anti-Skid Back (Mor","1","TUS1","CUSTOMER_DAMAGED","DEFECTIVE","Unit returned to inventory","LPNPM040165989",
"2019-02-01T15:33:17+00:00","114-6432524-3927427","1-bm-18","B07JHVFFP8","B07JHVFFP8","Anti-Fatigue Kitchen Mat | Pack of 2 | 2 Sizes| Professionally Designed | PVC Synthetic Fiber | Super Fashionable | Oil Prevent | Double Sided | (Blac","1","CVG2","CUSTOMER_DAMAGED","NOT_AS_DESCRIBED","Unit returned to inventory","LPNRR616644002",
"2019-01-27T04:55:11+00:00","111-1029164-8485833","1-bm-18","B07JHVFFP8","B07JHVFFP8","Anti-Fatigue Kitchen Mat | Pack of 2 | 2 Sizes| Professionally Designed | PVC Synthetic Fiber | Super Fashionable | Oil Prevent | Double Sided | (Blac","1","CVG2","CUSTOMER_DAMAGED","NOT_AS_DESCRIBED","Unit returned to inventory","LPNRR616007116",
"2019-01-27T04:52:33+00:00","111-1029164-8485833","1-bm-18","B07JHVFFP8","B07JHVFFP8","Anti-Fatigue Kitchen Mat | Pack of 2 | 2 Sizes| Professionally Designed | PVC Synthetic Fiber | Super Fashionable | Oil Prevent | Double Sided | (Blac","1","CVG2","SELLABLE","NOT_AS_DESCRIBED","Unit returned to inventory","LPNRR616007115","The color was not as black or deep as I was expecting. It was more of a gray vs. a black color."
"2019-01-26T04:46:25+00:00","111-7896933-2489841","AE-G7HN-0REZ","B07KJZH4KL","X001YID8HP","2 Piece Nonslip AntiFatigue Kitchen Mat -(17.7"" x 29.5""+17.7"" x 59"") Soft Non Skid Throw Rugs Runner Carpet for Kitchen Hallway Entryway Bedroom- Oil","1","CVG2","DEFECTIVE","NOT_AS_DESCRIBED","Unit returned to inventory","LPNRR615890181",
"2019-01-24T08:51:55+00:00","111-8492191-3153862","1-mwh-18","B07JJ3HGSN","B07JJ3HGSN","Desiderare Thick Fluffy Washroom Mat - 31"" x 19"" Luxury Microfiber Non-Slip Rubber Bath Rug - Super Absorbent Bathroom Carpet with Anti-Skid Back (Mor","1","CVG2","CUSTOMER_DAMAGED","UNWANTED_ITEM","Unit returned to inventory","LPNRR620789702",
"2019-01-24T08:36:32+00:00","111-8492191-3153862","1-mc-18","B07JJC4NTT","B07JJC4NTT","Desiderare Thick Fluffy Washroom Mat - 31"" x 19"" Luxury Microfiber Non-Slip Rubber Bath Rug - Super Absorbent Bathroom Carpet with Anti-Skid Back (Mor","1","CVG2","SELLABLE","UNWANTED_ITEM","Unit returned to inventory","LPNRR620789699","color"
"2019-01-24T08:36:32+00:00","111-8492191-3153862","1-mc-18","B07JJC4NTT","B07JJC4NTT","Desiderare Thick Fluffy Washroom Mat - 31"" x 19"" Luxury Microfiber Non-Slip Rubber Bath Rug - Super Absorbent Bathroom Carpet with Anti-Skid Back (Mor","1","CVG2","SELLABLE","UNWANTED_ITEM","Unit returned to inventory","LPNRR620789697","color"
"2019-01-24T08:36:32+00:00","111-8492191-3153862","1-mwh-18","B07JJ3HGSN","B07JJ3HGSN","Desiderare Thick Fluffy Washroom Mat - 31"" x 19"" Luxury Microfiber Non-Slip Rubber Bath Rug - Super Absorbent Bathroom Carpet with Anti-Skid Back (Mor","1","CVG2","SELLABLE","UNWANTED_ITEM","Unit returned to inventory","LPNRR620789700","color"
"2019-01-24T08:36:32+00:00","111-8492191-3153862","1-mc-18","B07JJC4NTT","B07JJC4NTT","Desiderare Thick Fluffy Washroom Mat - 31"" x 19"" Luxury Microfiber Non-Slip Rubber Bath Rug - Super Absorbent Bathroom Carpet with Anti-Skid Back (Mor","1","CVG2","SELLABLE","UNWANTED_ITEM","Unit returned to inventory","LPNRR620789701","color"
"2019-01-24T08:36:32+00:00","111-8492191-3153862","1-mwh-18","B07JJ3HGSN","B07JJ3HGSN","Desiderare Thick Fluffy Washroom Mat - 31"" x 19"" Luxury Microfiber Non-Slip Rubber Bath Rug - Super Absorbent Bathroom Carpet with Anti-Skid Back (Mor","1","CVG2","SELLABLE","UNWANTED_ITEM","Unit returned to inventory","LPNRR620789698","color"
"2019-01-24T08:36:32+00:00","111-8492191-3153862","1-mwh-18","B07JJ3HGSN","B07JJ3HGSN","Desiderare Thick Fluffy Washroom Mat - 31"" x 19"" Luxury Microfiber Non-Slip Rubber Bath Rug - Super Absorbent Bathroom Carpet with Anti-Skid Back (Mor","1","CVG2","SELLABLE","UNWANTED_ITEM","Unit returned to inventory","LPNRR620789696","color"
"2019-01-21T01:07:03+00:00","113-2167472-6549043","AE-G7HN-0REZ","B07KJZH4KL","X001YID8HP","2 Piece Nonslip AntiFatigue Kitchen Mat -(17.7"" x 29.5""+17.7"" x 59"") Soft Non Skid Throw Rugs Runner Carpet for Kitchen Hallway Entryway Bedroom- Oil","1","CVG2","CUSTOMER_DAMAGED","UNAUTHORIZED_PURCHASE","Unit returned to inventory","LPNRR591940792",
"2019-01-15T20:44:47+00:00","111-5602551-1941808","P0-YVWS-B6V6","B07JMDZBSR","X001XJNZ69","2 Piece Non-slip Anti-Fatigue Kitchen Mat - (17.7"" x 29.5""+17.7"" x 59"") Soft Non Skid Throw Rugs Runner Carpet for Kitchen Hallway Entryway and Bedroo","1","CVG2","SELLABLE","NOT_AS_DESCRIBED","Unit returned to inventory","LPNRR616092811",
"2019-01-13T17:56:38+00:00","114-4478544-0585032","VQ-ZK10-AI17","B07L3WVVTG","X001Z2NBPT","2 Piece Non-slip Anti-Fatigue Kitchen Mat - (17.7"" x 29.5""+17.7"" x 59"") Soft Non Skid Throw Rugs Runner Carpet for Kitchen Hallway Entryway and Bedroo","1","LEX2","CUSTOMER_DAMAGED","UNAUTHORIZED_PURCHASE","Unit returned to inventory","LPNRR626721597",
"2019-01-12T23:47:16+00:00","113-7806496-0680213","1-mc-18","B07JJC4NTT","B07JJC4NTT","Desiderare Thick Fluffy Washroom Mat - 31"" x 19"" Luxury Microfiber Non-Slip Rubber Bath Rug - Super Absorbent Bathroom Carpet with Anti-Skid Back (Mor","1","TUS1","SELLABLE","NOT_AS_DESCRIBED","Unit returned to inventory","LPNPM007841170","Not as puffy as pictured showed.  A lot thinner than I imagined."
"2019-01-07T04:51:33+00:00","111-5842663-5927429","1-mc-18","B07JJC4NTT","B07JJC4NTT","Desiderare Thick Fluffy Washroom Mat - 31"" x 19"" Luxury Microfiber Non-Slip Rubber Bath Rug - Super Absorbent Bathroom Carpet with Anti-Skid Back (Mor","1","CVG2","CUSTOMER_DAMAGED","NOT_AS_DESCRIBED","Unit returned to inventory","LPNRR619904447",
"2019-01-02T04:08:02+00:00","113-1067123-7935424","1-bm-18","B07JHVFFP8","B07JHVFFP8","Anti-Fatigue Kitchen Mat | Pack of 2 | 2 Sizes| Professionally Designed | PVC Synthetic Fiber | Super Fashionable | Oil Prevent | Double Sided | (Blac","1","TUS1","SELLABLE","ORDERED_WRONG_ITEM","Unit returned to inventory","LPNRR645505282",
"2018-12-28T06:21:58+00:00","112-8774836-6939468","0Y-KRAZ-EDMI","B07JMT389Q","X001XKWM0X","2 Piece Non-Slip Anti-Fatigue Kitchen Mat - (17.7"" x 29.5""+17.7"" x 59"") Soft Non Skid Throw Rugs Runner Carpet for Kitchen Hallway Entryway and Bedroo","1","CVG2","CUSTOMER_DAMAGED","DEFECTIVE","Unit returned to inventory","LPNRR617332196",
"2018-12-26T20:11:49+00:00","114-0756022-6173026","1-bm-18","B07JHVFFP8","B07JHVFFP8","Anti-Fatigue Kitchen Mat | Pack of 2 | 2 Sizes| Professionally Designed | PVC Synthetic Fiber | Super Fashionable | Oil Prevent | Double Sided | (Blac","1","TUS1","SELLABLE","UNWANTED_ITEM","Unit returned to inventory","LPNRR644644069",
"2018-12-22T21:09:50+00:00","112-9661078-7453056","P0-YVWS-B6V6","B07JMDZBSR","X001XJNZ69","2 Piece Non-slip Anti-Fatigue Kitchen Mat - (17.7"" x 29.5""+17.7"" x 59"") Soft Non Skid Throw Rugs Runner Carpet for Kitchen Hallway Entryway and Bedroo","1","CVG2","CUSTOMER_DAMAGED","NOT_AS_DESCRIBED","Unit returned to inventory","LPNRR619792660",
"2018-12-19T15:45:32+00:00","114-8110555-1015437","0Y-KRAZ-EDMI","B07JMT389Q","X001XKWM0X","2 Piece Non-Slip Anti-Fatigue Kitchen Mat - (17.7"" x 29.5""+17.7"" x 59"") Soft Non Skid Throw Rugs Runner Carpet for Kitchen Hallway Entryway and Bedroo","1","CVG2","CUSTOMER_DAMAGED","NOT_AS_DESCRIBED","Unit returned to inventory","LPNRR621585627",
"2018-12-19T08:21:45+00:00","114-5471143-2968241","P0-YVWS-B6V6","B07JMDZBSR","X001XJNZ69","2 Piece Non-slip Anti-Fatigue Kitchen Mat - (17.7"" x 29.5""+17.7"" x 59"") Soft Non Skid Throw Rugs Runner Carpet for Kitchen Hallway Entryway and Bedroo","1","TUS1","CUSTOMER_DAMAGED","NOT_AS_DESCRIBED","Unit returned to inventory","LPNPM006037784",
"2018-12-14T04:44:20+00:00","112-5092162-4997822","P0-YVWS-B6V6","B07JMDZBSR","X001XJNZ69","2 Piece Non-slip Anti-Fatigue Kitchen Mat - (17.7"" x 29.5""+17.7"" x 59"") Soft Non Skid Throw Rugs Runner Carpet for Kitchen Hallway Entryway and Bedroo","1","CVG2","CUSTOMER_DAMAGED","NOT_AS_DESCRIBED","Unit returned to inventory","LPNRR536419047",
"2018-12-12T07:40:59+00:00","111-2131857-1999442","0Y-KRAZ-EDMI","B07JMT389Q","X001XKWM0X","2 Piece Non-Slip Anti-Fatigue Kitchen Mat - (17.7"" x 29.5""+17.7"" x 59"") Soft Non Skid Throw Rugs Runner Carpet for Kitchen Hallway Entryway and Bedroo","1","TUS1","SELLABLE","UNWANTED_ITEM","Unit returned to inventory","LPNPM005776933","Does not look as good as the picture"
"2018-12-10T14:22:01+00:00","114-7239097-3149044","1-mc-18","B07JJC4NTT","B07JJC4NTT","Desiderare Thick Fluffy Washroom Mat - 31"" x 19"" Luxury Microfiber Non-Slip Rubber Bath Rug - Super Absorbent Bathroom Carpet with Anti-Skid Back (Mor","1","TUS1","CUSTOMER_DAMAGED","UNWANTED_ITEM","Unit returned to inventory","LPNPM004087815",
"2018-12-06T03:58:14+00:00","113-7313153-6651425","P0-YVWS-B6V6","B07JMDZBSR","X001XJNZ69","2 Piece Non-slip Anti-Fatigue Kitchen Mat - (17.7"" x 29.5""+17.7"" x 59"") Soft Non Skid Throw Rugs Runner Carpet for Kitchen Hallway Entryway and Bedroo","1","TUS1","SELLABLE","SWITCHEROO","Unit returned to inventory","LPNPM003773331",
"2018-12-04T15:26:46+00:00","114-7964001-6684249","P0-YVWS-B6V6","B07JMDZBSR","X001XJNZ69","2 Piece Non-slip Anti-Fatigue Kitchen Mat - (17.7"" x 29.5""+17.7"" x 59"") Soft Non Skid Throw Rugs Runner Carpet for Kitchen Hallway Entryway and Bedroo","1","CVG2","CUSTOMER_DAMAGED","NOT_AS_DESCRIBED","Unit returned to inventory","LPNRR543645500",
"2018-12-01T12:59:55+00:00","113-7970900-5346624","0P-DOPF-MKUI","B07JND9C85","X001XNL7UV","Thick Shag Runner Throw Rug - 27.5"" x 63"" Luxury Cool Microfiber Non-Slip Mildew Resistant Bedside Mat Rug Girls Room (2019 Round Pink Creative Modern","1","LEX2","CUSTOMER_DAMAGED","NOT_AS_DESCRIBED","Unit returned to inventory","LPNRR650393021",
"2018-11-30T18:15:01+00:00","113-4204478-4717021","P0-YVWS-B6V6","B07JMDZBSR","X001XJNZ69","2 Piece Non-slip Anti-Fatigue Kitchen Mat - (17.7"" x 29.5""+17.7"" x 59"") Soft Non Skid Throw Rugs Runner Carpet for Kitchen Hallway Entryway and Bedroo","1","CVG2","SELLABLE","ORDERED_WRONG_ITEM","Unit returned to inventory","LPNRR617290546","Its not the color I thought it was on the site"
