﻿State,Keyword,Match type,Status,Suggested bid (low)(USD),Suggested bid (median)(USD),Suggested bid (high)(USD),Keyword bid(USD),Impressions,Clicks,CTR(%),Spend(USD),CPC(USD),Orders,Sales(USD),ACOS(%)
ARCHIVED,bath mat,PHRASE,CAMPAIGN_ARCHIVED,,,,0.80,76557,353,0.4611,231.65,0.66,4,167.76,138.0842
ARCHIVED,bath rug,PHRASE,CAMPAIGN_ARCHIVED,,,,0.75,87408,359,0.4107,200.30,0.56,9,407.11,49.2005
ARCHIVED,bathroom rugs,BROAD,CAMPAIGN_ARCHIVED,,,,0.75,41665,175,0.42,88.98,0.51,3,137.67,64.6328
ARCHIVED,bath mat,BROAD,CAMPAIGN_ARCHIVED,,,,0.80,9893,103,1.0411,71.52,0.69,2,79.98,89.4224
ARCHIVED,runner,BROAD,CAMPAIGN_ARCHIVED,,,,0.80,42731,97,0.227,51.70,0.53,1,65.89,78.4641
ARCHIVED,runner rug,BROAD,CAMPAIGN_ARCHIVED,,,,0.70,32974,69,0.2093,28.44,0.41,2,124.48,22.847
ARCHIVED,non skid rugs,BROAD,CAMPAIGN_ARCHIVED,,,,0.83,18747,47,0.2507,25.96,0.55,0,0.00,
ARCHIVED,round rug,BROAD,CAMPAIGN_ARCHIVED,,,,0.80,27850,48,0.1724,24.81,0.52,1,65.89,37.6537
ARCHIVED,bathroom,BROAD,CAMPAIGN_ARCHIVED,,,,0.80,6102,51,0.8358,20.94,0.41,0,0.00,
ARCHIVED,fluffy rug,BROAD,CAMPAIGN_ARCHIVED,,,,0.80,19680,36,0.1829,19.10,0.53,0,0.00,
ARCHIVED,shag rug,BROAD,CAMPAIGN_ARCHIVED,,,,0.80,18741,28,0.1494,14.55,0.52,1,45.89,31.7063
ARCHIVED,pink rug,BROAD,CAMPAIGN_ARCHIVED,,,,0.80,11166,25,0.2239,13.54,0.54,0,0.00,
ARCHIVED,mat,BROAD,CAMPAIGN_ARCHIVED,,,,0.50,14552,42,0.2886,12.54,0.30,0,0.00,
ARCHIVED,moroccan rug,BROAD,CAMPAIGN_ARCHIVED,,,,0.80,768,20,2.6042,12.17,0.61,2,367.12,3.315
ARCHIVED,bathroom carpet,BROAD,CAMPAIGN_ARCHIVED,,,,0.80,4087,25,0.6117,12.13,0.49,1,45.89,26.4328
ARCHIVED,girls room rug,BROAD,CAMPAIGN_ARCHIVED,,,,0.80,11031,21,0.1904,11.58,0.55,1,65.89,17.5747
ARCHIVED,moroccan,BROAD,CAMPAIGN_ARCHIVED,,,,0.80,1734,20,1.1534,11.43,0.57,1,39.99,28.5821
ARCHIVED,non slip rug,BROAD,CAMPAIGN_ARCHIVED,,,,0.80,9958,20,0.2008,10.67,0.53,0,0.00,
ARCHIVED,bathroom mat,PHRASE,CAMPAIGN_ARCHIVED,,,,0.70,5762,24,0.4165,10.62,0.44,0,0.00,
ARCHIVED,area rugs,BROAD,CAMPAIGN_ARCHIVED,,,,0.80,17417,18,0.1033,9.61,0.53,0,0.00,
ARCHIVED,rug,BROAD,CAMPAIGN_ARCHIVED,,,,0.50,7178,21,0.2926,8.72,0.42,0,0.00,
ARCHIVED,carpet,BROAD,CAMPAIGN_ARCHIVED,,,,0.80,4417,20,0.4528,8.64,0.43,0,0.00,
ARCHIVED,girls rug,BROAD,CAMPAIGN_ARCHIVED,,,,0.69,5757,19,0.33,8.46,0.45,0,0.00,
ARCHIVED,bathroom runner,BROAD,CAMPAIGN_ARCHIVED,,,,0.80,4814,12,0.2493,7.82,0.65,1,65.89,11.8683
ARCHIVED,room rug,BROAD,CAMPAIGN_ARCHIVED,,,,0.70,7649,16,0.2092,7.64,0.48,0,0.00,
ARCHIVED,bathroom mat,BROAD,CAMPAIGN_ARCHIVED,,,,0.80,4018,12,0.2987,6.81,0.57,0,0.00,
ARCHIVED,rubber back rugs,BROAD,CAMPAIGN_ARCHIVED,,,,0.80,2515,12,0.4771,6.45,0.54,1,45.89,14.0553
ARCHIVED,modern rug,BROAD,CAMPAIGN_ARCHIVED,,,,0.80,3530,12,0.3399,5.60,0.47,0,0.00,
ARCHIVED,bathroom mat set,PHRASE,CAMPAIGN_ARCHIVED,,,,0.80,1954,8,0.4094,4.38,0.55,0,0.00,
ARCHIVED,non slip mat,BROAD,CAMPAIGN_ARCHIVED,,,,0.80,1708,6,0.3513,3.97,0.66,0,0.00,
ARCHIVED,white bath mat,BROAD,CAMPAIGN_ARCHIVED,,,,0.99,856,6,0.7009,3.58,0.60,0,0.00,
ARCHIVED,round mat,BROAD,CAMPAIGN_ARCHIVED,,,,0.80,2494,6,0.2406,3.55,0.59,0,0.00,
ARCHIVED,rug mat,BROAD,CAMPAIGN_ARCHIVED,,,,0.80,3016,6,0.1989,3.54,0.59,0,0.00,
ARCHIVED,luxury,BROAD,CAMPAIGN_ARCHIVED,,,,0.80,2574,7,0.272,3.48,0.50,0,0.00,
ARCHIVED,round pink rug,BROAD,CAMPAIGN_ARCHIVED,,,,0.80,897,7,0.7804,3.42,0.49,0,0.00,
ARCHIVED,rubber mat,BROAD,CAMPAIGN_ARCHIVED,,,,0.80,2276,5,0.2197,3.28,0.66,0,0.00,
ARCHIVED,throw rugs,BROAD,CAMPAIGN_ARCHIVED,,,,0.75,1933,8,0.4139,3.21,0.40,0,0.00,
ARCHIVED,bath rug,BROAD,CAMPAIGN_ARCHIVED,,,,0.80,1886,5,0.2651,3.14,0.63,0,0.00,
ARCHIVED,bath rug set,PHRASE,CAMPAIGN_ARCHIVED,,,,0.80,1845,7,0.3794,3.05,0.44,0,0.00,
ARCHIVED,bathroom runner rug,BROAD,CAMPAIGN_ARCHIVED,,,,0.80,373,5,1.3405,2.90,0.58,0,0.00,
ARCHIVED,bath matts for bathrooms,PHRASE,CAMPAIGN_ARCHIVED,,,,0.80,729,5,0.6859,2.44,0.49,0,0.00,
ARCHIVED,bath rug for bathroom,PHRASE,CAMPAIGN_ARCHIVED,,,,0.80,1653,4,0.242,2.36,0.59,0,0.00,
ARCHIVED,bath mats for bathroom,PHRASE,CAMPAIGN_ARCHIVED,,,,0.80,1408,4,0.2841,2.23,0.56,0,0.00,
ARCHIVED,thick,BROAD,CAMPAIGN_ARCHIVED,,,,0.80,1532,4,0.2611,2.17,0.54,0,0.00,
ARCHIVED,carpet rug,BROAD,CAMPAIGN_ARCHIVED,,,,0.80,1231,3,0.2437,2.00,0.67,0,0.00,
ARCHIVED,bedside,BROAD,CAMPAIGN_ARCHIVED,,,,0.80,1355,4,0.2952,1.85,0.46,0,0.00,
ARCHIVED,thick rug,BROAD,CAMPAIGN_ARCHIVED,,,,0.80,508,3,0.5906,1.84,0.61,0,0.00,
ARCHIVED,bathroom mat rug,PHRASE,CAMPAIGN_ARCHIVED,,,,0.80,616,3,0.487,1.69,0.56,0,0.00,
ARCHIVED,pink shag rug,BROAD,CAMPAIGN_ARCHIVED,,,,0.60,66,3,4.5455,1.63,0.54,0,0.00,
ARCHIVED,area mat,PHRASE,CAMPAIGN_ARCHIVED,,,,0.80,379,2,0.5277,1.29,0.65,0,0.00,
ARCHIVED,bath mat rug,PHRASE,CAMPAIGN_ARCHIVED,,,,0.80,151,2,1.3245,1.28,0.64,0,0.00,
ARCHIVED,non skid bath mat,BROAD,CAMPAIGN_ARCHIVED,,,,0.80,318,2,0.6289,1.28,0.64,0,0.00,
ARCHIVED,bath mat cute,PHRASE,CAMPAIGN_ARCHIVED,,,,0.80,50,2,4,1.28,0.64,0,0.00,
ARCHIVED,bath rug pattern,PHRASE,CAMPAIGN_ARCHIVED,,,,0.80,12,2,16.6667,1.27,0.64,0,0.00,
ARCHIVED,bathroom rug gray,PHRASE,CAMPAIGN_ARCHIVED,,,,0.80,100,2,2,1.25,0.63,0,0.00,
ARCHIVED,bedside rug,BROAD,CAMPAIGN_ARCHIVED,,,,0.50,1045,3,0.2871,1.25,0.42,0,0.00,
ARCHIVED,bath mat runner,PHRASE,CAMPAIGN_ARCHIVED,,,,0.80,107,3,2.8037,1.09,0.36,0,0.00,
ARCHIVED,house rugs,BROAD,CAMPAIGN_ARCHIVED,,,,0.80,581,3,0.5164,1.02,0.34,0,0.00,
ARCHIVED,bath mat long,PHRASE,CAMPAIGN_ARCHIVED,,,,0.80,40,2,5,1.01,0.51,0,0.00,
ARCHIVED,bathroom mats and rugs,BROAD,CAMPAIGN_ARCHIVED,,,,0.80,1564,2,0.1279,1.00,0.50,0,0.00,
ARCHIVED,pink runner,BROAD,CAMPAIGN_ARCHIVED,,,,0.80,124,2,1.6129,0.99,0.50,0,0.00,
ARCHIVED,bath rugs for bathroom,BROAD,CAMPAIGN_ARCHIVED,,,,0.80,144,2,1.3889,0.91,0.46,0,0.00,
ARCHIVED,runner mat,BROAD,CAMPAIGN_ARCHIVED,,,,0.80,359,2,0.5571,0.90,0.45,0,0.00,
ARCHIVED,bathroom mat small,PHRASE,CAMPAIGN_ARCHIVED,,,,0.80,12,1,8.3333,0.80,0.80,0,0.00,
ARCHIVED,bath rug red,PHRASE,CAMPAIGN_ARCHIVED,,,,0.80,246,1,0.4065,0.80,0.80,1,29.99,2.6676
ARCHIVED,bath mat red,PHRASE,CAMPAIGN_ARCHIVED,,,,0.80,58,1,1.7241,0.80,0.80,0,0.00,
ARCHIVED,anti slip bath mat,BROAD,CAMPAIGN_ARCHIVED,,,,0.80,36,1,2.7778,0.80,0.80,0,0.00,
ARCHIVED,bath rugs for bathroom sets,PHRASE,CAMPAIGN_ARCHIVED,,,,0.80,71,1,1.4085,0.80,0.80,0,0.00,
ARCHIVED,moroccan bath rug,BROAD,CAMPAIGN_ARCHIVED,,,,0.80,9,1,11.1111,0.80,0.80,0,0.00,
ARCHIVED,bathroom mat pink,PHRASE,CAMPAIGN_ARCHIVED,,,,0.80,56,1,1.7857,0.79,0.79,0,0.00,
ARCHIVED,bath rug tassel,PHRASE,CAMPAIGN_ARCHIVED,,,,0.80,26,1,3.8462,0.79,0.79,0,0.00,
ARCHIVED,bath rug christmas,PHRASE,CAMPAIGN_ARCHIVED,,,,0.80,12,1,8.3333,0.79,0.79,0,0.00,
ARCHIVED,bathroom mat foam set,PHRASE,CAMPAIGN_ARCHIVED,,,,0.80,1,1,100,0.78,0.78,0,0.00,
ARCHIVED,non slip bath rug,BROAD,CAMPAIGN_ARCHIVED,,,,0.80,313,1,0.3195,0.78,0.78,0,0.00,
ARCHIVED,girls room,BROAD,CAMPAIGN_ARCHIVED,,,,0.80,906,1,0.1104,0.78,0.78,0,0.00,
ARCHIVED,carpet mat,BROAD,CAMPAIGN_ARCHIVED,,,,0.80,959,1,0.1043,0.77,0.77,0,0.00,
ARCHIVED,bath mat green,PHRASE,CAMPAIGN_ARCHIVED,,,,0.80,68,1,1.4706,0.75,0.75,0,0.00,
ARCHIVED,bath mat beach theme,PHRASE,CAMPAIGN_ARCHIVED,,,,0.80,134,1,0.7463,0.75,0.75,0,0.00,
ARCHIVED,bath mat shaggy,PHRASE,CAMPAIGN_ARCHIVED,,,,0.80,2,1,50,0.75,0.75,0,0.00,
ARCHIVED,fluffy bathroom rugs,BROAD,CAMPAIGN_ARCHIVED,,,,0.80,583,2,0.3431,0.72,0.36,0,0.00,
ARCHIVED,bath rug black,PHRASE,CAMPAIGN_ARCHIVED,,,,0.80,126,1,0.7937,0.65,0.65,0,0.00,
ARCHIVED,bath rug jessica simpson,PHRASE,CAMPAIGN_ARCHIVED,,,,0.80,120,3,2.5,0.64,0.21,0,0.00,
ARCHIVED,area rug runner,BROAD,CAMPAIGN_ARCHIVED,,,,0.80,138,1,0.7246,0.61,0.61,0,0.00,
ARCHIVED,bath rug teal,PHRASE,CAMPAIGN_ARCHIVED,,,,0.80,74,1,1.3514,0.59,0.59,0,0.00,
ARCHIVED,zebra bath rug,PHRASE,CAMPAIGN_ARCHIVED,,,,0.80,5,1,20,0.58,0.58,0,0.00,
ARCHIVED,bath rug round,PHRASE,CAMPAIGN_ARCHIVED,,,,0.80,186,1,0.5376,0.57,0.57,0,0.00,
ARCHIVED,bathroom mat cat,PHRASE,CAMPAIGN_ARCHIVED,,,,0.80,7,1,14.2857,0.56,0.56,0,0.00,
ARCHIVED,bathroom mat gray,PHRASE,CAMPAIGN_ARCHIVED,,,,0.80,15,1,6.6667,0.55,0.55,0,0.00,
ARCHIVED,round shag rug,BROAD,CAMPAIGN_ARCHIVED,,,,0.80,240,1,0.4167,0.54,0.54,0,0.00,
ARCHIVED,bath mat pattern,PHRASE,CAMPAIGN_ARCHIVED,,,,0.80,19,1,5.2632,0.54,0.54,0,0.00,
ARCHIVED,bath mat inside tub,PHRASE,CAMPAIGN_ARCHIVED,,,,0.80,309,1,0.3236,0.52,0.52,0,0.00,
ARCHIVED,bathroom mat red,PHRASE,CAMPAIGN_ARCHIVED,,,,0.80,33,1,3.0303,0.52,0.52,0,0.00,
ARCHIVED,bath mat large,PHRASE,CAMPAIGN_ARCHIVED,,,,0.80,102,1,0.9804,0.51,0.51,0,0.00,
ARCHIVED,bath mat quirky,PHRASE,CAMPAIGN_ARCHIVED,,,,0.80,32,1,3.125,0.51,0.51,0,0.00,
ARCHIVED,bathroom mat absorbent,PHRASE,CAMPAIGN_ARCHIVED,,,,0.80,13,1,7.6923,0.50,0.50,0,0.00,
ARCHIVED,bath carpet,BROAD,CAMPAIGN_ARCHIVED,,,,0.80,341,1,0.2933,0.50,0.50,0,0.00,
ARCHIVED,bath mat washable,PHRASE,CAMPAIGN_ARCHIVED,,,,0.80,26,1,3.8462,0.50,0.50,0,0.00,
ARCHIVED,bathroom mat pattern,PHRASE,CAMPAIGN_ARCHIVED,,,,0.80,3,1,33.3333,0.49,0.49,0,0.00,
ARCHIVED,round bathroom rugs and mats,BROAD,CAMPAIGN_ARCHIVED,,,,0.80,45,1,2.2222,0.49,0.49,0,0.00,
ARCHIVED,round bathroom rug,BROAD,CAMPAIGN_ARCHIVED,,,,0.80,1094,1,0.0914,0.49,0.49,0,0.00,
ARCHIVED,bathroom mats and rugs grey,PHRASE,CAMPAIGN_ARCHIVED,,,,0.80,2,1,50,0.48,0.48,0,0.00,
ARCHIVED,bathroom mats non slip,PHRASE,CAMPAIGN_ARCHIVED,,,,0.80,40,1,2.5,0.48,0.48,0,0.00,
ARCHIVED,bath rug runner,PHRASE,CAMPAIGN_ARCHIVED,,,,0.80,742,2,0.2695,0.48,0.24,0,0.00,
ARCHIVED,moroccan bath mat,BROAD,CAMPAIGN_ARCHIVED,,,,0.80,14,1,7.1429,0.48,0.48,0,0.00,
ARCHIVED,fluffy bath mat,BROAD,CAMPAIGN_ARCHIVED,,,,0.80,70,1,1.4286,0.47,0.47,0,0.00,
ARCHIVED,microfiber,BROAD,CAMPAIGN_ARCHIVED,,,,0.80,943,1,0.106,0.47,0.47,0,0.00,
ARCHIVED,bathroom mat green,PHRASE,CAMPAIGN_ARCHIVED,,,,0.80,71,1,1.4085,0.47,0.47,0,0.00,
ARCHIVED,bathroom mat purple,PHRASE,CAMPAIGN_ARCHIVED,,,,0.80,62,1,1.6129,0.46,0.46,0,0.00,
ARCHIVED,bath rug orange,PHRASE,CAMPAIGN_ARCHIVED,,,,0.80,124,1,0.8065,0.46,0.46,0,0.00,
ARCHIVED,bath rug unique,PHRASE,CAMPAIGN_ARCHIVED,,,,0.80,33,1,3.0303,0.46,0.46,0,0.00,
ARCHIVED,bath mat anti slip,PHRASE,CAMPAIGN_ARCHIVED,,,,0.80,8,1,12.5,0.45,0.45,0,0.00,
ARCHIVED,bathroom mat luxury,PHRASE,CAMPAIGN_ARCHIVED,,,,0.80,10,1,10,0.41,0.41,1,73.98,0.5542
ARCHIVED,modern runner rug,BROAD,CAMPAIGN_ARCHIVED,,,,0.80,52,1,1.9231,0.40,0.40,0,0.00,
ARCHIVED,bath rug quick dry,PHRASE,CAMPAIGN_ARCHIVED,,,,0.80,17,1,5.8824,0.39,0.39,0,0.00,
ARCHIVED,pink bathroom rugs,BROAD,CAMPAIGN_ARCHIVED,,,,0.80,1126,1,0.0888,0.38,0.38,0,0.00,
ARCHIVED,pink throw,BROAD,CAMPAIGN_ARCHIVED,,,,0.80,40,1,2.5,0.38,0.38,0,0.00,
ARCHIVED,bathroom rug grey,PHRASE,CAMPAIGN_ARCHIVED,,,,0.80,142,1,0.7042,0.34,0.34,0,0.00,
ARCHIVED,bath rug shag,PHRASE,CAMPAIGN_ARCHIVED,,,,0.80,9,1,11.1111,0.33,0.33,0,0.00,
ARCHIVED,bathroom mat long narrow,PHRASE,CAMPAIGN_ARCHIVED,,,,0.80,6,1,16.6667,0.33,0.33,0,0.00,
ARCHIVED,bath mat half round,PHRASE,CAMPAIGN_ARCHIVED,,,,0.80,64,1,1.5625,0.32,0.32,0,0.00,
ARCHIVED,non slip,BROAD,CAMPAIGN_ARCHIVED,,,,0.80,428,1,0.2336,0.31,0.31,0,0.00,
ARCHIVED,bath rug purple,PHRASE,CAMPAIGN_ARCHIVED,,,,0.80,266,1,0.3759,0.29,0.29,0,0.00,
ARCHIVED,non slip bathroom rug,BROAD,CAMPAIGN_ARCHIVED,,,,0.80,1166,1,0.0858,0.23,0.23,0,0.00,
ARCHIVED,bath mat set,PHRASE,CAMPAIGN_ARCHIVED,,,,0.80,273,1,0.3663,0.16,0.16,0,0.00,
ARCHIVED,bathroom mat tub,PHRASE,CAMPAIGN_ARCHIVED,,,,0.80,2,0,0,0.00,0.00,0,0.00,
ARCHIVED,bathroom mat thin,PHRASE,CAMPAIGN_ARCHIVED,,,,0.80,15,0,0,0.00,0.00,0,0.00,
ARCHIVED,bathroom mat towel,PHRASE,CAMPAIGN_ARCHIVED,,,,0.80,13,0,0,0.00,0.00,0,0.00,
ARCHIVED,bathroom mat tape,PHRASE,CAMPAIGN_ARCHIVED,,,,0.80,1,0,0,0.00,0.00,0,0.00,
ARCHIVED,bathroom mat thick,PHRASE,CAMPAIGN_ARCHIVED,,,,0.80,4,0,0,0.00,0.00,0,0.00,
ARCHIVED,bathroom mat teal,PHRASE,CAMPAIGN_ARCHIVED,,,,0.80,12,0,0,0.00,0.00,0,0.00,
ARCHIVED,bathroom mat toilet set,PHRASE,CAMPAIGN_ARCHIVED,,,,0.80,0,0,,0.00,0.00,0,0.00,
ARCHIVED,bathroom mat turquoise,PHRASE,CAMPAIGN_ARCHIVED,,,,0.80,4,0,0,0.00,0.00,0,0.00,
ARCHIVED,bathroom mat xxl,PHRASE,CAMPAIGN_ARCHIVED,,,,0.80,0,0,,0.00,0.00,0,0.00,
ARCHIVED,bathroom mat xl,PHRASE,CAMPAIGN_ARCHIVED,,,,0.80,0,0,,0.00,0.00,0,0.00,
ARCHIVED,bathroom mat plastic,PHRASE,CAMPAIGN_ARCHIVED,,,,0.80,7,0,0,0.00,0.00,0,0.00,
ARCHIVED,bathroom mat plum,PHRASE,CAMPAIGN_ARCHIVED,,,,0.80,1,0,0,0.00,0.00,0,0.00,
ARCHIVED,bathroom mat pineapple,PHRASE,CAMPAIGN_ARCHIVED,,,,0.80,4,0,0,0.00,0.00,0,0.00,
ARCHIVED,bathroom mat paris,PHRASE,CAMPAIGN_ARCHIVED,,,,0.80,5,0,0,0.00,0.00,0,0.00,
ARCHIVED,bathroom mat pack,PHRASE,CAMPAIGN_ARCHIVED,,,,0.80,0,0,,0.00,0.00,0,0.00,
ARCHIVED,bathroom mat pebble,PHRASE,CAMPAIGN_ARCHIVED,,,,0.80,4,0,0,0.00,0.00,0,0.00,
ARCHIVED,bathroom mat pirate,PHRASE,CAMPAIGN_ARCHIVED,,,,0.80,0,0,,0.00,0.00,0,0.00,
ARCHIVED,bathroom mat set with shower curtain,PHRASE,CAMPAIGN_ARCHIVED,,,,0.80,16,0,0,0.00,0.00,0,0.00,
ARCHIVED,bathroom mat set black,PHRASE,CAMPAIGN_ARCHIVED,,,,0.80,21,0,0,0.00,0.00,0,0.00,
ARCHIVED,bathroom mat shag,PHRASE,CAMPAIGN_ARCHIVED,,,,0.80,5,0,0,0.00,0.00,0,0.00,
ARCHIVED,bathroom mat set memory foam,PHRASE,CAMPAIGN_ARCHIVED,,,,0.80,7,0,0,0.00,0.00,0,0.00,
ARCHIVED,bathroom mat set blue,PHRASE,CAMPAIGN_ARCHIVED,,,,0.80,5,0,0,0.00,0.00,0,0.00,
ARCHIVED,bathroom mat sets 4 piece,PHRASE,CAMPAIGN_ARCHIVED,,,,0.80,9,0,0,0.00,0.00,0,0.00,
ARCHIVED,bathroom mat yellow,PHRASE,CAMPAIGN_ARCHIVED,,,,0.80,84,0,0,0.00,0.00,0,0.00,
ARCHIVED,zombie bathroom mat,PHRASE,CAMPAIGN_ARCHIVED,,,,0.80,0,0,,0.00,0.00,0,0.00,
ARCHIVED,zen bathroom mat,PHRASE,CAMPAIGN_ARCHIVED,,,,0.80,3,0,0,0.00,0.00,0,0.00,
ARCHIVED,zebra bathroom mat,PHRASE,CAMPAIGN_ARCHIVED,,,,0.80,0,0,,0.00,0.00,0,0.00,
ARCHIVED,bathroom mat set non slip,PHRASE,CAMPAIGN_ARCHIVED,,,,0.80,1,0,0,0.00,0.00,0,0.00,
ARCHIVED,bathroom mat set red,PHRASE,CAMPAIGN_ARCHIVED,,,,0.80,4,0,0,0.00,0.00,0,0.00,
ARCHIVED,bathroom mat sets 3 piece with shower curtain,PHRASE,CAMPAIGN_ARCHIVED,,,,0.80,0,0,,0.00,0.00,0,0.00,
ARCHIVED,bathroom mat sets 3 piece grey,PHRASE,CAMPAIGN_ARCHIVED,,,,0.80,0,0,,0.00,0.00,0,0.00,
ARCHIVED,bathroom mat sets 3 piece burgundy,PHRASE,CAMPAIGN_ARCHIVED,,,,0.80,0,0,,0.00,0.00,0,0.00,
ARCHIVED,bathroom mat sets 3 piece red,PHRASE,CAMPAIGN_ARCHIVED,,,,0.80,0,0,,0.00,0.00,0,0.00,
ARCHIVED,bathroom mat sets 3 piece purple,PHRASE,CAMPAIGN_ARCHIVED,,,,0.80,0,0,,0.00,0.00,0,0.00,
ARCHIVED,bathroom mat sets 3 piece green,PHRASE,CAMPAIGN_ARCHIVED,,,,0.80,0,0,,0.00,0.00,0,0.00,
ARCHIVED,bathroom mat sets 3 piece black,PHRASE,CAMPAIGN_ARCHIVED,,,,0.80,0,0,,0.00,0.00,0,0.00,
ARCHIVED,bathroom mat sets 3 piece pink,PHRASE,CAMPAIGN_ARCHIVED,,,,0.80,0,0,,0.00,0.00,0,0.00,
ARCHIVED,bathroom mats and rugs memory foam,PHRASE,CAMPAIGN_ARCHIVED,,,,0.80,0,0,,0.00,0.00,0,0.00,
ARCHIVED,bathroom mats and rugs black,PHRASE,CAMPAIGN_ARCHIVED,,,,0.80,0,0,,0.00,0.00,0,0.00,
ARCHIVED,bathroom mats and rugs sets blue,PHRASE,CAMPAIGN_ARCHIVED,,,,0.80,0,0,,0.00,0.00,0,0.00,
ARCHIVED,bathroom mats and rugs brown,PHRASE,CAMPAIGN_ARCHIVED,,,,0.80,1,0,0,0.00,0.00,0,0.00,
ARCHIVED,bathroom mats and rugs blue,PHRASE,CAMPAIGN_ARCHIVED,,,,0.80,0,0,,0.00,0.00,0,0.00,
ARCHIVED,bathroom mats and rugs red,PHRASE,CAMPAIGN_ARCHIVED,,,,0.80,0,0,,0.00,0.00,0,0.00,
ARCHIVED,bathroom mats and rugs purple,PHRASE,CAMPAIGN_ARCHIVED,,,,0.80,4,0,0,0.00,0.00,0,0.00,
ARCHIVED,bathroom mat memory foam white,PHRASE,CAMPAIGN_ARCHIVED,,,,0.80,0,0,,0.00,0.00,0,0.00,
ARCHIVED,bathroom mat memory foam large,PHRASE,CAMPAIGN_ARCHIVED,,,,0.80,0,0,,0.00,0.00,0,0.00,
ARCHIVED,bathroom mat memory foam non slip,PHRASE,CAMPAIGN_ARCHIVED,,,,0.80,0,0,,0.00,0.00,0,0.00,
ARCHIVED,bathroom mat memory foam green,PHRASE,CAMPAIGN_ARCHIVED,,,,0.80,1,0,0,0.00,0.00,0,0.00,
ARCHIVED,bathroom mat sets 2 piece memory foam,PHRASE,CAMPAIGN_ARCHIVED,,,,0.80,0,0,,0.00,0.00,0,0.00,
ARCHIVED,bathroom mat sets 2 piece blue,PHRASE,CAMPAIGN_ARCHIVED,,,,0.80,0,0,,0.00,0.00,0,0.00,
ARCHIVED,bathroom mat sets 2 piece red,PHRASE,CAMPAIGN_ARCHIVED,,,,0.80,0,0,,0.00,0.00,0,0.00,
ARCHIVED,bathroom mat sets 2 piece small,PHRASE,CAMPAIGN_ARCHIVED,,,,0.80,0,0,,0.00,0.00,0,0.00,
ARCHIVED,bathroom mats and rugs sets memory foam,PHRASE,CAMPAIGN_ARCHIVED,,,,0.80,0,0,,0.00,0.00,0,0.00,
ARCHIVED,bathroom mats and rugs sets aqua,PHRASE,CAMPAIGN_ARCHIVED,,,,0.80,0,0,,0.00,0.00,0,0.00,
ARCHIVED,bathroom mats and rugs sets purple,PHRASE,CAMPAIGN_ARCHIVED,,,,0.80,0,0,,0.00,0.00,0,0.00,
ARCHIVED,bathroom mats and rugs sets white,PHRASE,CAMPAIGN_ARCHIVED,,,,0.80,0,0,,0.00,0.00,0,0.00,
ARCHIVED,bathroom mats and rugs sets pink,PHRASE,CAMPAIGN_ARCHIVED,,,,0.80,0,0,,0.00,0.00,0,0.00,
ARCHIVED,bathroom mats and rugs sets with shower curtains,PHRASE,CAMPAIGN_ARCHIVED,,,,0.80,1,0,0,0.00,0.00,0,0.00,
ARCHIVED,bathroom mats and rugs sets foam,PHRASE,CAMPAIGN_ARCHIVED,,,,0.80,0,0,,0.00,0.00,0,0.00,
ARCHIVED,bathroom mats and rugs sets washable,PHRASE,CAMPAIGN_ARCHIVED,,,,0.80,0,0,,0.00,0.00,0,0.00,
ARCHIVED,bathroom matches box,PHRASE,CAMPAIGN_ARCHIVED,,,,0.80,13,0,0,0.00,0.00,0,0.00,
ARCHIVED,bathroom matches incense,PHRASE,CAMPAIGN_ARCHIVED,,,,0.80,0,0,,0.00,0.00,0,0.00,
ARCHIVED,bathroom matches jar,PHRASE,CAMPAIGN_ARCHIVED,,,,0.80,0,0,,0.00,0.00,0,0.00,
ARCHIVED,bathroom matches holder,PHRASE,CAMPAIGN_ARCHIVED,,,,0.80,0,0,,0.00,0.00,0,0.00,
ARCHIVED,bathroom matches bottle,PHRASE,CAMPAIGN_ARCHIVED,,,,0.80,0,0,,0.00,0.00,0,0.00,
ARCHIVED,bathroom mats non slip mildew resistant,PHRASE,CAMPAIGN_ARCHIVED,,,,0.80,3,0,0,0.00,0.00,0,0.00,
ARCHIVED,bathroom mats non slip kids,PHRASE,CAMPAIGN_ARCHIVED,,,,0.80,0,0,,0.00,0.00,0,0.00,
ARCHIVED,bathroom mats non slip set,PHRASE,CAMPAIGN_ARCHIVED,,,,0.80,0,0,,0.00,0.00,0,0.00,
ARCHIVED,bathroom mat white and gray,PHRASE,CAMPAIGN_ARCHIVED,,,,0.80,10,0,0,0.00,0.00,0,0.00,
ARCHIVED,bathroom mat white long,PHRASE,CAMPAIGN_ARCHIVED,,,,0.80,0,0,,0.00,0.00,0,0.00,
ARCHIVED,bathroom mat white and beige,PHRASE,CAMPAIGN_ARCHIVED,,,,0.80,0,0,,0.00,0.00,0,0.00,
ARCHIVED,bathroom rug and shower curtain sets,PHRASE,CAMPAIGN_ARCHIVED,,,,0.80,14,0,0,0.00,0.00,0,0.00,
ARCHIVED,bathroom rug around toilet,PHRASE,CAMPAIGN_ARCHIVED,,,,0.80,18,0,0,0.00,0.00,0,0.00,
ARCHIVED,bathroom rug and toilet seat cover,PHRASE,CAMPAIGN_ARCHIVED,,,,0.80,17,0,0,0.00,0.00,0,0.00,
ARCHIVED,bathroom rug aqua,PHRASE,CAMPAIGN_ARCHIVED,,,,0.80,30,0,0,0.00,0.00,0,0.00,
ARCHIVED,bathroom rug and towel sets,PHRASE,CAMPAIGN_ARCHIVED,,,,0.80,5,0,0,0.00,0.00,0,0.00,
ARCHIVED,bathroom rug and curtain set,PHRASE,CAMPAIGN_ARCHIVED,,,,0.80,13,0,0,0.00,0.00,0,0.00,
ARCHIVED,bathroom rug anti slip,PHRASE,CAMPAIGN_ARCHIVED,,,,0.80,2,0,0,0.00,0.00,0,0.00,
ARCHIVED,bathroom rug aqua blue,PHRASE,CAMPAIGN_ARCHIVED,,,,0.80,0,0,,0.00,0.00,0,0.00,
ARCHIVED,bathroom rug antibacterial,PHRASE,CAMPAIGN_ARCHIVED,,,,0.80,1,0,0,0.00,0.00,0,0.00,
ARCHIVED,bathroom rug animal print,PHRASE,CAMPAIGN_ARCHIVED,,,,0.80,9,0,0,0.00,0.00,0,0.00,
ARCHIVED,bathroom rug extra long,PHRASE,CAMPAIGN_ARCHIVED,,,,0.80,8,0,0,0.00,0.00,0,0.00,
ARCHIVED,bathroom rug eggplant,PHRASE,CAMPAIGN_ARCHIVED,,,,0.80,90,0,0,0.00,0.00,0,0.00,
ARCHIVED,bathroom rug extra large,PHRASE,CAMPAIGN_ARCHIVED,,,,0.80,2,0,0,0.00,0.00,0,0.00,
ARCHIVED,bathroom rug extra wide,PHRASE,CAMPAIGN_ARCHIVED,,,,0.80,0,0,,0.00,0.00,0,0.00,
ARCHIVED,bathroom rug elephant,PHRASE,CAMPAIGN_ARCHIVED,,,,0.80,23,0,0,0.00,0.00,0,0.00,
ARCHIVED,bathroom rug ensembles,PHRASE,CAMPAIGN_ARCHIVED,,,,0.80,2,0,0,0.00,0.00,0,0.00,
ARCHIVED,bathroom rug elegant,PHRASE,CAMPAIGN_ARCHIVED,,,,0.80,0,0,,0.00,0.00,0,0.00,
ARCHIVED,bathroom rug easy to clean,PHRASE,CAMPAIGN_ARCHIVED,,,,0.80,30,0,0,0.00,0.00,0,0.00,
ARCHIVED,bathroom rug eiffel tower,PHRASE,CAMPAIGN_ARCHIVED,,,,0.80,4,0,0,0.00,0.00,0,0.00,
ARCHIVED,bathroom rug espresso,PHRASE,CAMPAIGN_ARCHIVED,,,,0.80,5,0,0,0.00,0.00,0,0.00,
ARCHIVED,bathroom rug green,PHRASE,CAMPAIGN_ARCHIVED,,,,0.80,106,0,0,0.00,0.00,0,0.00,
ARCHIVED,bath rug mustard,PHRASE,CAMPAIGN_ARCHIVED,,,,0.80,22,0,0,0.00,0.00,0,0.00,
ARCHIVED,bath rug mat set,PHRASE,CAMPAIGN_ARCHIVED,,,,0.80,0,0,,0.00,0.00,0,0.00,
ARCHIVED,bath rug mildew resistant,PHRASE,CAMPAIGN_ARCHIVED,,,,0.80,0,0,,0.00,0.00,0,0.00,
ARCHIVED,bath rug memory,PHRASE,CAMPAIGN_ARCHIVED,,,,0.80,0,0,,0.00,0.00,0,0.00,
ARCHIVED,bath rug maroon,PHRASE,CAMPAIGN_ARCHIVED,,,,0.80,8,0,0,0.00,0.00,0,0.00,
ARCHIVED,bath rug long,PHRASE,CAMPAIGN_ARCHIVED,,,,0.80,189,0,0,0.00,0.00,0,0.00,
ARCHIVED,bath rug large,PHRASE,CAMPAIGN_ARCHIVED,,,,0.80,131,0,0,0.00,0.00,0,0.00,
ARCHIVED,bath rug light blue,PHRASE,CAMPAIGN_ARCHIVED,,,,0.80,7,0,0,0.00,0.00,0,0.00,
ARCHIVED,bath rug long white,PHRASE,CAMPAIGN_ARCHIVED,,,,0.80,0,0,,0.00,0.00,0,0.00,
ARCHIVED,bath rug lavender,PHRASE,CAMPAIGN_ARCHIVED,,,,0.80,48,0,0,0.00,0.00,0,0.00,
ARCHIVED,bath rug long navy,PHRASE,CAMPAIGN_ARCHIVED,,,,0.80,0,0,,0.00,0.00,0,0.00,
ARCHIVED,bath rug lime green,PHRASE,CAMPAIGN_ARCHIVED,,,,0.80,5,0,0,0.00,0.00,0,0.00,
ARCHIVED,bath rug luxury,PHRASE,CAMPAIGN_ARCHIVED,,,,0.80,88,0,0,0.00,0.00,0,0.00,
ARCHIVED,bath rug leaf,PHRASE,CAMPAIGN_ARCHIVED,,,,0.80,4,0,0,0.00,0.00,0,0.00,
ARCHIVED,bath rug lacoste,PHRASE,CAMPAIGN_ARCHIVED,,,,0.80,0,0,,0.00,0.00,0,0.00,
ARCHIVED,bath rug runners 24 x 60,PHRASE,CAMPAIGN_ARCHIVED,,,,0.80,0,0,,0.00,0.00,0,0.00,
ARCHIVED,bath rug red set,PHRASE,CAMPAIGN_ARCHIVED,,,,0.80,0,0,,0.00,0.00,0,0.00,
ARCHIVED,bath rug reversible,PHRASE,CAMPAIGN_ARCHIVED,,,,0.80,64,0,0,0.00,0.00,0,0.00,
ARCHIVED,bath rug runner 24x72,PHRASE,CAMPAIGN_ARCHIVED,,,,0.80,24,0,0,0.00,0.00,0,0.00,
ARCHIVED,bath rug rust,PHRASE,CAMPAIGN_ARCHIVED,,,,0.80,65,0,0,0.00,0.00,0,0.00,
ARCHIVED,bath rug runners for bathroom,PHRASE,CAMPAIGN_ARCHIVED,,,,0.80,5,0,0,0.00,0.00,0,0.00,
ARCHIVED,bath rug rustic,PHRASE,CAMPAIGN_ARCHIVED,,,,0.80,7,0,0,0.00,0.00,0,0.00,
ARCHIVED,bath rug oversized,PHRASE,CAMPAIGN_ARCHIVED,,,,0.80,10,0,0,0.00,0.00,0,0.00,
ARCHIVED,bath rug octopus,PHRASE,CAMPAIGN_ARCHIVED,,,,0.80,22,0,0,0.00,0.00,0,0.00,
ARCHIVED,bath rug ocean,PHRASE,CAMPAIGN_ARCHIVED,,,,0.80,16,0,0,0.00,0.00,0,0.00,
ARCHIVED,bath rug oval,PHRASE,CAMPAIGN_ARCHIVED,,,,0.80,30,0,0,0.00,0.00,0,0.00,
ARCHIVED,bath rug oversize,PHRASE,CAMPAIGN_ARCHIVED,,,,0.80,0,0,,0.00,0.00,0,0.00,
ARCHIVED,bath rug organic,PHRASE,CAMPAIGN_ARCHIVED,,,,0.80,14,0,0,0.00,0.00,0,0.00,
ARCHIVED,bath rug oriental,PHRASE,CAMPAIGN_ARCHIVED,,,,0.80,8,0,0,0.00,0.00,0,0.00,
ARCHIVED,bath rug owl,PHRASE,CAMPAIGN_ARCHIVED,,,,0.80,1,0,0,0.00,0.00,0,0.00,
ARCHIVED,bath rug ombre,PHRASE,CAMPAIGN_ARCHIVED,,,,0.80,25,0,0,0.00,0.00,0,0.00,
ARCHIVED,bath rug navy,PHRASE,CAMPAIGN_ARCHIVED,,,,0.80,55,0,0,0.00,0.00,0,0.00,
ARCHIVED,bath rug non slip gray,PHRASE,CAMPAIGN_ARCHIVED,,,,0.80,0,0,,0.00,0.00,0,0.00,
ARCHIVED,bath rug nonslip,PHRASE,CAMPAIGN_ARCHIVED,,,,0.80,7,0,0,0.00,0.00,0,0.00,
ARCHIVED,bath rug non slip blue machine washable polyester,PHRASE,CAMPAIGN_ARCHIVED,,,,0.80,0,0,,0.00,0.00,0,0.00,
ARCHIVED,bath rug navy and white,PHRASE,CAMPAIGN_ARCHIVED,,,,0.80,0,0,,0.00,0.00,0,0.00,
ARCHIVED,bath rug non slip backing,PHRASE,CAMPAIGN_ARCHIVED,,,,0.80,3,0,0,0.00,0.00,0,0.00,
ARCHIVED,bath rug non skid,PHRASE,CAMPAIGN_ARCHIVED,,,,0.80,50,0,0,0.00,0.00,0,0.00,
ARCHIVED,bath rug navy blue,PHRASE,CAMPAIGN_ARCHIVED,,,,0.80,7,0,0,0.00,0.00,0,0.00,
ARCHIVED,bath rug no backing,PHRASE,CAMPAIGN_ARCHIVED,,,,0.80,0,0,,0.00,0.00,0,0.00,
ARCHIVED,bath rug sets for bathroom,PHRASE,CAMPAIGN_ARCHIVED,,,,0.80,18,0,0,0.00,0.00,0,0.00,
ARCHIVED,bath rug set black,PHRASE,CAMPAIGN_ARCHIVED,,,,0.80,14,0,0,0.00,0.00,0,0.00,
ARCHIVED,bath rug sets 5 piece,PHRASE,CAMPAIGN_ARCHIVED,,,,0.80,5,0,0,0.00,0.00,0,0.00,
ARCHIVED,christmas bath rug set,PHRASE,CAMPAIGN_ARCHIVED,,,,0.80,0,0,,0.00,0.00,0,0.00,
ARCHIVED,bath rug set memory foam,PHRASE,CAMPAIGN_ARCHIVED,,,,0.80,1,0,0,0.00,0.00,0,0.00,
ARCHIVED,bath rug set blue,PHRASE,CAMPAIGN_ARCHIVED,,,,0.80,5,0,0,0.00,0.00,0,0.00,
ARCHIVED,bath rug towel,PHRASE,CAMPAIGN_ARCHIVED,,,,0.80,27,0,0,0.00,0.00,0,0.00,
ARCHIVED,bath rug toilet,PHRASE,CAMPAIGN_ARCHIVED,,,,0.80,1,0,0,0.00,0.00,0,0.00,
ARCHIVED,bath rug turquoise,PHRASE,CAMPAIGN_ARCHIVED,,,,0.80,156,0,0,0.00,0.00,0,0.00,
ARCHIVED,bath rug tan,PHRASE,CAMPAIGN_ARCHIVED,,,,0.80,30,0,0,0.00,0.00,0,0.00,
ARCHIVED,bath rug taupe,PHRASE,CAMPAIGN_ARCHIVED,,,,0.80,66,0,0,0.00,0.00,0,0.00,
ARCHIVED,bath rug thin,PHRASE,CAMPAIGN_ARCHIVED,,,,0.80,49,0,0,0.00,0.00,0,0.00,
ARCHIVED,bath rug towel set,PHRASE,CAMPAIGN_ARCHIVED,,,,0.80,0,0,,0.00,0.00,0,0.00,
ARCHIVED,bath rug teal blue,PHRASE,CAMPAIGN_ARCHIVED,,,,0.80,2,0,0,0.00,0.00,0,0.00,
ARCHIVED,creative bath zebra rug,PHRASE,CAMPAIGN_ARCHIVED,,,,0.80,0,0,,0.00,0.00,0,0.00,
ARCHIVED,zen bath rugs,PHRASE,CAMPAIGN_ARCHIVED,,,,0.80,3,0,0,0.00,0.00,0,0.00,
ARCHIVED,bath rug pink,PHRASE,CAMPAIGN_ARCHIVED,,,,0.80,268,0,0,0.00,0.00,0,0.00,
ARCHIVED,bath rug plush,PHRASE,CAMPAIGN_ARCHIVED,,,,0.80,8,0,0,0.00,0.00,0,0.00,
ARCHIVED,bath rug plum,PHRASE,CAMPAIGN_ARCHIVED,,,,0.80,24,0,0,0.00,0.00,0,0.00,
ARCHIVED,bath rug palm tree,PHRASE,CAMPAIGN_ARCHIVED,,,,0.80,14,0,0,0.00,0.00,0,0.00,
ARCHIVED,bath rug pad,PHRASE,CAMPAIGN_ARCHIVED,,,,0.80,2,0,0,0.00,0.00,0,0.00,
ARCHIVED,bath rug paris,PHRASE,CAMPAIGN_ARCHIVED,,,,0.80,48,0,0,0.00,0.00,0,0.00,
ARCHIVED,bath rug purple shag,PHRASE,CAMPAIGN_ARCHIVED,,,,0.80,0,0,,0.00,0.00,0,0.00,
ARCHIVED,bath rug patterned,PHRASE,CAMPAIGN_ARCHIVED,,,,0.80,17,0,0,0.00,0.00,0,0.00,
ARCHIVED,bath rug white,PHRASE,CAMPAIGN_ARCHIVED,,,,0.80,160,0,0,0.00,0.00,0,0.00,
ARCHIVED,bath rug washable,PHRASE,CAMPAIGN_ARCHIVED,,,,0.80,14,0,0,0.00,0.00,0,0.00,
ARCHIVED,bath rug water absorbant,PHRASE,CAMPAIGN_ARCHIVED,,,,0.80,5,0,0,0.00,0.00,0,0.00,
ARCHIVED,bath rug weave,PHRASE,CAMPAIGN_ARCHIVED,,,,0.80,2,0,0,0.00,0.00,0,0.00,
ARCHIVED,bath rug white shag,PHRASE,CAMPAIGN_ARCHIVED,,,,0.80,0,0,,0.00,0.00,0,0.00,
ARCHIVED,bath rug woven,PHRASE,CAMPAIGN_ARCHIVED,,,,0.80,3,0,0,0.00,0.00,0,0.00,
ARCHIVED,bath rug wood,PHRASE,CAMPAIGN_ARCHIVED,,,,0.80,15,0,0,0.00,0.00,0,0.00,
ARCHIVED,bath rug with rubber backing,PHRASE,CAMPAIGN_ARCHIVED,,,,0.80,5,0,0,0.00,0.00,0,0.00,
ARCHIVED,bath rug white cotton,PHRASE,CAMPAIGN_ARCHIVED,,,,0.80,1,0,0,0.00,0.00,0,0.00,
ARCHIVED,bath rug white non slip,PHRASE,CAMPAIGN_ARCHIVED,,,,0.80,0,0,,0.00,0.00,0,0.00,
ARCHIVED,bath rug xl,PHRASE,CAMPAIGN_ARCHIVED,,,,0.80,7,0,0,0.00,0.00,0,0.00,
ARCHIVED,bath rug xlarge,PHRASE,CAMPAIGN_ARCHIVED,,,,0.80,1,0,0,0.00,0.00,0,0.00,
ARCHIVED,bath rug xmas,PHRASE,CAMPAIGN_ARCHIVED,,,,0.80,0,0,,0.00,0.00,0,0.00,
ARCHIVED,bath mat violet,PHRASE,CAMPAIGN_ARCHIVED,,,,0.80,0,0,,0.00,0.00,0,0.00,
ARCHIVED,bath mat yellow,PHRASE,CAMPAIGN_ARCHIVED,,,,0.80,87,0,0,0.00,0.00,0,0.00,
ARCHIVED,bath mat yellow and gray,PHRASE,CAMPAIGN_ARCHIVED,,,,0.80,1,0,0,0.00,0.00,0,0.00,
ARCHIVED,bath mat yimobra,PHRASE,CAMPAIGN_ARCHIVED,,,,0.80,6,0,0,0.00,0.00,0,0.00,
ARCHIVED,bath mat you look gorgeous,PHRASE,CAMPAIGN_ARCHIVED,,,,0.80,10,0,0,0.00,0.00,0,0.00,
ARCHIVED,bath mat yellow and blue,PHRASE,CAMPAIGN_ARCHIVED,,,,0.80,2,0,0,0.00,0.00,0,0.00,
ARCHIVED,bath mat yellow grey,PHRASE,CAMPAIGN_ARCHIVED,,,,0.80,0,0,,0.00,0.00,0,0.00,
ARCHIVED,bath mat you look great,PHRASE,CAMPAIGN_ARCHIVED,,,,0.80,4,0,0,0.00,0.00,0,0.00,
ARCHIVED,bath mat you look good,PHRASE,CAMPAIGN_ARCHIVED,,,,0.80,34,0,0,0.00,0.00,0,0.00,
ARCHIVED,bath mat under 10,PHRASE,CAMPAIGN_ARCHIVED,,,,0.80,10,0,0,0.00,0.00,0,0.00,
ARCHIVED,bath mat u shape,PHRASE,CAMPAIGN_ARCHIVED,,,,0.80,8,0,0,0.00,0.00,0,0.00,
ARCHIVED,bath mat utopia,PHRASE,CAMPAIGN_ARCHIVED,,,,0.80,6,0,0,0.00,0.00,0,0.00,
ARCHIVED,bath mat unicorn,PHRASE,CAMPAIGN_ARCHIVED,,,,0.80,4,0,0,0.00,0.00,0,0.00,
ARCHIVED,bath mat under door,PHRASE,CAMPAIGN_ARCHIVED,,,,0.80,9,0,0,0.00,0.00,0,0.00,
ARCHIVED,bath mat ultra absorbent,PHRASE,CAMPAIGN_ARCHIVED,,,,0.80,0,0,,0.00,0.00,0,0.00,
ARCHIVED,bath mat under 10 dollars,PHRASE,CAMPAIGN_ARCHIVED,,,,0.80,1,0,0,0.00,0.00,0,0.00,
ARCHIVED,bath mat urban outfitters,PHRASE,CAMPAIGN_ARCHIVED,,,,0.80,5,0,0,0.00,0.00,0,0.00,
ARCHIVED,bath mat unique,PHRASE,CAMPAIGN_ARCHIVED,,,,0.80,0,0,,0.00,0.00,0,0.00,
ARCHIVED,bath mat under 5,PHRASE,CAMPAIGN_ARCHIVED,,,,0.80,1,0,0,0.00,0.00,0,0.00,
ARCHIVED,bath mat xmas,PHRASE,CAMPAIGN_ARCHIVED,,,,0.80,0,0,,0.00,0.00,0,0.00,
ARCHIVED,bath mat xl,PHRASE,CAMPAIGN_ARCHIVED,,,,0.80,8,0,0,0.00,0.00,0,0.00,
ARCHIVED,bath mat xtra large,PHRASE,CAMPAIGN_ARCHIVED,,,,0.80,0,0,,0.00,0.00,0,0.00,
ARCHIVED,bath mat xlarge,PHRASE,CAMPAIGN_ARCHIVED,,,,0.80,2,0,0,0.00,0.00,0,0.00,
ARCHIVED,bath mat x,PHRASE,CAMPAIGN_ARCHIVED,,,,0.80,16,0,0,0.00,0.00,0,0.00,
ARCHIVED,bath mat xxl,PHRASE,CAMPAIGN_ARCHIVED,,,,0.80,1,0,0,0.00,0.00,0,0.00,
ARCHIVED,bath mat zelda,PHRASE,CAMPAIGN_ARCHIVED,,,,0.80,0,0,,0.00,0.00,0,0.00,
ARCHIVED,bath mat zebra,PHRASE,CAMPAIGN_ARCHIVED,,,,0.80,14,0,0,0.00,0.00,0,0.00,
ARCHIVED,bath mat zen,PHRASE,CAMPAIGN_ARCHIVED,,,,0.80,6,0,0,0.00,0.00,0,0.00,
ARCHIVED,bath mat towel white,PHRASE,CAMPAIGN_ARCHIVED,,,,0.80,2,0,0,0.00,0.00,0,0.00,
ARCHIVED,bath mat towel small,PHRASE,CAMPAIGN_ARCHIVED,,,,0.80,3,0,0,0.00,0.00,0,0.00,
ARCHIVED,bath mat towel blue,PHRASE,CAMPAIGN_ARCHIVED,,,,0.80,0,0,,0.00,0.00,0,0.00,
ARCHIVED,bath mat towel brown,PHRASE,CAMPAIGN_ARCHIVED,,,,0.80,0,0,,0.00,0.00,0,0.00,
ARCHIVED,bath mat towel beige,PHRASE,CAMPAIGN_ARCHIVED,,,,0.80,0,0,,0.00,0.00,0,0.00,
ARCHIVED,bath mat towel gray,PHRASE,CAMPAIGN_ARCHIVED,,,,0.80,0,0,,0.00,0.00,0,0.00,
ARCHIVED,bath mat towel black,PHRASE,CAMPAIGN_ARCHIVED,,,,0.80,0,0,,0.00,0.00,0,0.00,
ARCHIVED,bath mat towel purple,PHRASE,CAMPAIGN_ARCHIVED,,,,0.80,0,0,,0.00,0.00,0,0.00,
ARCHIVED,bath mats for tub for kids,PHRASE,CAMPAIGN_ARCHIVED,,,,0.80,0,0,,0.00,0.00,0,0.00,
ARCHIVED,bath mats for tub anti mold antibacterial,PHRASE,CAMPAIGN_ARCHIVED,,,,0.80,0,0,,0.00,0.00,0,0.00,
ARCHIVED,bath mats for tub baby,PHRASE,CAMPAIGN_ARCHIVED,,,,0.80,7,0,0,0.00,0.00,0,0.00,
ARCHIVED,rubber bath mats for tub,PHRASE,CAMPAIGN_ARCHIVED,,,,0.80,16,0,0,0.00,0.00,0,0.00,
ARCHIVED,bath mats for tub for kids mildew resistant,PHRASE,CAMPAIGN_ARCHIVED,,,,0.80,0,0,,0.00,0.00,0,0.00,
ARCHIVED,rubbermaid bath mats for tub,PHRASE,CAMPAIGN_ARCHIVED,,,,0.80,0,0,,0.00,0.00,0,0.00,
ARCHIVED,no slip bath mats for tub,PHRASE,CAMPAIGN_ARCHIVED,,,,0.80,0,0,,0.00,0.00,0,0.00,
ARCHIVED,non slip bath mats for tub,PHRASE,CAMPAIGN_ARCHIVED,,,,0.80,2,0,0,0.00,0.00,0,0.00,
ARCHIVED,bath mats for tub black,PHRASE,CAMPAIGN_ARCHIVED,,,,0.80,0,0,,0.00,0.00,0,0.00,
ARCHIVED,bath mats for bathroom memory foam,PHRASE,CAMPAIGN_ARCHIVED,,,,0.80,0,0,,0.00,0.00,0,0.00,
ARCHIVED,bath mats for bathroom set,PHRASE,CAMPAIGN_ARCHIVED,,,,0.80,1,0,0,0.00,0.00,0,0.00,
ARCHIVED,bath mats for bathroom non slip,PHRASE,CAMPAIGN_ARCHIVED,,,,0.80,0,0,,0.00,0.00,0,0.00,
ARCHIVED,white bath mats for bathroom,PHRASE,CAMPAIGN_ARCHIVED,,,,0.80,1,0,0,0.00,0.00,0,0.00,
ARCHIVED,black bath mats for bathroom,PHRASE,CAMPAIGN_ARCHIVED,,,,0.80,2,0,0,0.00,0.00,0,0.00,
ARCHIVED,red bath mats for bathroom,PHRASE,CAMPAIGN_ARCHIVED,,,,0.80,0,0,,0.00,0.00,0,0.00,
ARCHIVED,bath mats for bathroom blue,PHRASE,CAMPAIGN_ARCHIVED,,,,0.80,0,0,,0.00,0.00,0,0.00,
ARCHIVED,large bath mats for bathroom,PHRASE,CAMPAIGN_ARCHIVED,,,,0.80,0,0,,0.00,0.00,0,0.00,
ARCHIVED,bath mats for bathroom purple,PHRASE,CAMPAIGN_ARCHIVED,,,,0.80,0,0,,0.00,0.00,0,0.00,
ARCHIVED,bath mats for floors shower,PHRASE,CAMPAIGN_ARCHIVED,,,,0.80,0,0,,0.00,0.00,0,0.00,
ARCHIVED,bath mats for floors quick dry,PHRASE,CAMPAIGN_ARCHIVED,,,,0.80,0,0,,0.00,0.00,0,0.00,
ARCHIVED,bath mats for floors white,PHRASE,CAMPAIGN_ARCHIVED,,,,0.80,0,0,,0.00,0.00,0,0.00,
ARCHIVED,bath mats for floors red,PHRASE,CAMPAIGN_ARCHIVED,,,,0.80,0,0,,0.00,0.00,0,0.00,
ARCHIVED,bath mats for floors set,PHRASE,CAMPAIGN_ARCHIVED,,,,0.80,0,0,,0.00,0.00,0,0.00,
ARCHIVED,bath mats for floors beige,PHRASE,CAMPAIGN_ARCHIVED,,,,0.80,0,0,,0.00,0.00,0,0.00,
ARCHIVED,bath mats for floors plastic,PHRASE,CAMPAIGN_ARCHIVED,,,,0.80,0,0,,0.00,0.00,0,0.00,
ARCHIVED,bath mats for floors small,PHRASE,CAMPAIGN_ARCHIVED,,,,0.80,0,0,,0.00,0.00,0,0.00,
ARCHIVED,bath mats for floors blue,PHRASE,CAMPAIGN_ARCHIVED,,,,0.80,0,0,,0.00,0.00,0,0.00,
ARCHIVED,bath matts for bathrooms non slip,PHRASE,CAMPAIGN_ARCHIVED,,,,0.80,0,0,,0.00,0.00,0,0.00,
ARCHIVED,bath matts for bathrooms rubber,PHRASE,CAMPAIGN_ARCHIVED,,,,0.80,0,0,,0.00,0.00,0,0.00,
ARCHIVED,bath matts for bathrooms white,PHRASE,CAMPAIGN_ARCHIVED,,,,0.80,0,0,,0.00,0.00,0,0.00,
ARCHIVED,bath matts for bathrooms memory foam,PHRASE,CAMPAIGN_ARCHIVED,,,,0.80,0,0,,0.00,0.00,0,0.00,
ARCHIVED,bath matts for bathrooms 17 x 24,PHRASE,CAMPAIGN_ARCHIVED,,,,0.80,0,0,,0.00,0.00,0,0.00,
ARCHIVED,bath matts for bathrooms red,PHRASE,CAMPAIGN_ARCHIVED,,,,0.80,0,0,,0.00,0.00,0,0.00,
ARCHIVED,bath matts for bathrooms washable,PHRASE,CAMPAIGN_ARCHIVED,,,,0.80,2,0,0,0.00,0.00,0,0.00,
ARCHIVED,bath matts for bathrooms tan,PHRASE,CAMPAIGN_ARCHIVED,,,,0.80,0,0,,0.00,0.00,0,0.00,
ARCHIVED,bath matts for bathrooms wood,PHRASE,CAMPAIGN_ARCHIVED,,,,0.80,0,0,,0.00,0.00,0,0.00,
ARCHIVED,bath mat for tub for kids non slip,PHRASE,CAMPAIGN_ARCHIVED,,,,0.80,0,0,,0.00,0.00,0,0.00,
ARCHIVED,bath mat for tub for kids skip hop,PHRASE,CAMPAIGN_ARCHIVED,,,,0.80,0,0,,0.00,0.00,0,0.00,
ARCHIVED,bath mat for tub for kids mold resistant,PHRASE,CAMPAIGN_ARCHIVED,,,,0.80,0,0,,0.00,0.00,0,0.00,
ARCHIVED,bath mat for tub for kids owl,PHRASE,CAMPAIGN_ARCHIVED,,,,0.80,0,0,,0.00,0.00,0,0.00,
ARCHIVED,bath mat for tub for kids long,PHRASE,CAMPAIGN_ARCHIVED,,,,0.80,0,0,,0.00,0.00,0,0.00,
ARCHIVED,bath mat for tub for kids munchkin,PHRASE,CAMPAIGN_ARCHIVED,,,,0.80,0,0,,0.00,0.00,0,0.00,
ARCHIVED,bath mat for tub for kids machine washable,PHRASE,CAMPAIGN_ARCHIVED,,,,0.80,0,0,,0.00,0.00,0,0.00,
ARCHIVED,bath mat for tub for kids whale,PHRASE,CAMPAIGN_ARCHIVED,,,,0.80,0,0,,0.00,0.00,0,0.00,
ARCHIVED,bath mat for tub for kids soft,PHRASE,CAMPAIGN_ARCHIVED,,,,0.80,0,0,,0.00,0.00,0,0.00,
ARCHIVED,bath mat set of 2,PHRASE,CAMPAIGN_ARCHIVED,,,,0.80,2,0,0,0.00,0.00,0,0.00,
ARCHIVED,bath mat sets for bathroom 3 piece,PHRASE,CAMPAIGN_ARCHIVED,,,,0.80,0,0,,0.00,0.00,0,0.00,
ARCHIVED,bath mat set black,PHRASE,CAMPAIGN_ARCHIVED,,,,0.80,4,0,0,0.00,0.00,0,0.00,
ARCHIVED,bath mat set grey,PHRASE,CAMPAIGN_ARCHIVED,,,,0.80,3,0,0,0.00,0.00,0,0.00,
ARCHIVED,christmas bath mat set,PHRASE,CAMPAIGN_ARCHIVED,,,,0.80,0,0,,0.00,0.00,0,0.00,
ARCHIVED,bath mats for shower non slip,PHRASE,CAMPAIGN_ARCHIVED,,,,0.80,0,0,,0.00,0.00,0,0.00,
ARCHIVED,rubber bath mats for shower,PHRASE,CAMPAIGN_ARCHIVED,,,,0.80,1,0,0,0.00,0.00,0,0.00,
ARCHIVED,bath mats for shower stall,PHRASE,CAMPAIGN_ARCHIVED,,,,0.80,9,0,0,0.00,0.00,0,0.00,
ARCHIVED,bath mats for shower with drain hole,PHRASE,CAMPAIGN_ARCHIVED,,,,0.80,0,0,,0.00,0.00,0,0.00,
ARCHIVED,bath mats for shower no suction cups,PHRASE,CAMPAIGN_ARCHIVED,,,,0.80,0,0,,0.00,0.00,0,0.00,
ARCHIVED,bath mats for shower pebble,PHRASE,CAMPAIGN_ARCHIVED,,,,0.80,0,0,,0.00,0.00,0,0.00,
ARCHIVED,bath mat machine washable,PHRASE,CAMPAIGN_ARCHIVED,,,,0.80,3,0,0,0.00,0.00,0,0.00,
ARCHIVED,bath mat memory,PHRASE,CAMPAIGN_ARCHIVED,,,,0.80,3,0,0,0.00,0.00,0,0.00,
ARCHIVED,bath mat memory foam blue,PHRASE,CAMPAIGN_ARCHIVED,,,,0.80,5,0,0,0.00,0.00,0,0.00,
ARCHIVED,bath mat moss,PHRASE,CAMPAIGN_ARCHIVED,,,,0.80,28,0,0,0.00,0.00,0,0.00,
ARCHIVED,bath mat memory foam white,PHRASE,CAMPAIGN_ARCHIVED,,,,0.80,3,0,0,0.00,0.00,0,0.00,
ARCHIVED,bath mat light blue,PHRASE,CAMPAIGN_ARCHIVED,,,,0.80,4,0,0,0.00,0.00,0,0.00,
ARCHIVED,bath mat long runner,PHRASE,CAMPAIGN_ARCHIVED,,,,0.80,3,0,0,0.00,0.00,0,0.00,
ARCHIVED,bath mat lavender,PHRASE,CAMPAIGN_ARCHIVED,,,,0.80,15,0,0,0.00,0.00,0,0.00,
ARCHIVED,bath mat liner,PHRASE,CAMPAIGN_ARCHIVED,,,,0.80,0,0,,0.00,0.00,0,0.00,
ARCHIVED,bath mat luxury,PHRASE,CAMPAIGN_ARCHIVED,,,,0.80,17,0,0,0.00,0.00,0,0.00,
ARCHIVED,bath mat large non slip,PHRASE,CAMPAIGN_ARCHIVED,,,,0.80,0,0,,0.00,0.00,0,0.00,
ARCHIVED,bath mat lavander,PHRASE,CAMPAIGN_ARCHIVED,,,,0.80,1,0,0,0.00,0.00,0,0.00,
ARCHIVED,bath mat long navy,PHRASE,CAMPAIGN_ARCHIVED,,,,0.80,0,0,,0.00,0.00,0,0.00,
ARCHIVED,bath mat kids,PHRASE,CAMPAIGN_ARCHIVED,,,,0.80,43,0,0,0.00,0.00,0,0.00,
ARCHIVED,bath mat kids no slip,PHRASE,CAMPAIGN_ARCHIVED,,,,0.80,0,0,,0.00,0.00,0,0.00,
ARCHIVED,bath mat knee pad,PHRASE,CAMPAIGN_ARCHIVED,,,,0.80,115,0,0,0.00,0.00,0,0.00,
ARCHIVED,non slip bath mat kids,PHRASE,CAMPAIGN_ARCHIVED,,,,0.80,0,0,,0.00,0.00,0,0.00,
ARCHIVED,bath mat kneeler,PHRASE,CAMPAIGN_ARCHIVED,,,,0.80,0,0,,0.00,0.00,0,0.00,
ARCHIVED,bath mat knee,PHRASE,CAMPAIGN_ARCHIVED,,,,0.80,10,0,0,0.00,0.00,0,0.00,
ARCHIVED,bath mat kraken,PHRASE,CAMPAIGN_ARCHIVED,,,,0.80,4,0,0,0.00,0.00,0,0.00,
ARCHIVED,bath mat kids extra long,PHRASE,CAMPAIGN_ARCHIVED,,,,0.80,0,0,,0.00,0.00,0,0.00,
ARCHIVED,bath mat kawaii,PHRASE,CAMPAIGN_ARCHIVED,,,,0.80,0,0,,0.00,0.00,0,0.00,
ARCHIVED,bath mat kids bathroom,PHRASE,CAMPAIGN_ARCHIVED,,,,0.80,2,0,0,0.00,0.00,0,0.00,
ARCHIVED,bath mat rubber,PHRASE,CAMPAIGN_ARCHIVED,,,,0.80,87,0,0,0.00,0.00,0,0.00,
ARCHIVED,bath mat round,PHRASE,CAMPAIGN_ARCHIVED,,,,0.80,64,0,0,0.00,0.00,0,0.00,
ARCHIVED,bath mat runner white,PHRASE,CAMPAIGN_ARCHIVED,,,,0.80,0,0,,0.00,0.00,0,0.00,
ARCHIVED,bath mat rubber backing,PHRASE,CAMPAIGN_ARCHIVED,,,,0.80,18,0,0,0.00,0.00,0,0.00,
ARCHIVED,bath mat rubbermaid,PHRASE,CAMPAIGN_ARCHIVED,,,,0.80,1,0,0,0.00,0.00,0,0.00,
ARCHIVED,bath mat rack,PHRASE,CAMPAIGN_ARCHIVED,,,,0.80,2,0,0,0.00,0.00,0,0.00,
ARCHIVED,bath mat orange,PHRASE,CAMPAIGN_ARCHIVED,,,,0.80,63,0,0,0.00,0.00,0,0.00,
ARCHIVED,bath mat ocean,PHRASE,CAMPAIGN_ARCHIVED,,,,0.80,13,0,0,0.00,0.00,0,0.00,
ARCHIVED,bath mat off white,PHRASE,CAMPAIGN_ARCHIVED,,,,0.80,0,0,,0.00,0.00,0,0.00,
ARCHIVED,bath mat outside shower,PHRASE,CAMPAIGN_ARCHIVED,,,,0.80,14,0,0,0.00,0.00,0,0.00,
ARCHIVED,bath mat octopus,PHRASE,CAMPAIGN_ARCHIVED,,,,0.80,15,0,0,0.00,0.00,0,0.00,
ARCHIVED,bath mat organic,PHRASE,CAMPAIGN_ARCHIVED,,,,0.80,6,0,0,0.00,0.00,0,0.00,
ARCHIVED,bath mat owl,PHRASE,CAMPAIGN_ARCHIVED,,,,0.80,5,0,0,0.00,0.00,0,0.00,
ARCHIVED,bath mat ocean theme,PHRASE,CAMPAIGN_ARCHIVED,,,,0.80,19,0,0,0.00,0.00,0,0.00,
ARCHIVED,bath mat oval,PHRASE,CAMPAIGN_ARCHIVED,,,,0.80,5,0,0,0.00,0.00,0,0.00,
ARCHIVED,bath mat oval tub,PHRASE,CAMPAIGN_ARCHIVED,,,,0.80,0,0,,0.00,0.00,0,0.00,
ARCHIVED,bath mat tub,PHRASE,CAMPAIGN_ARCHIVED,,,,0.80,0,0,,0.00,0.00,0,0.00,
ARCHIVED,bath mat towel for bathroom,PHRASE,CAMPAIGN_ARCHIVED,,,,0.80,0,0,,0.00,0.00,0,0.00,
ARCHIVED,bath mat toilet,PHRASE,CAMPAIGN_ARCHIVED,,,,0.80,0,0,,0.00,0.00,0,0.00,
ARCHIVED,bath mat teal,PHRASE,CAMPAIGN_ARCHIVED,,,,0.80,24,0,0,0.00,0.00,0,0.00,
ARCHIVED,bath mat textured tub,PHRASE,CAMPAIGN_ARCHIVED,,,,0.80,0,0,,0.00,0.00,0,0.00,
ARCHIVED,bath mat tan,PHRASE,CAMPAIGN_ARCHIVED,,,,0.80,13,0,0,0.00,0.00,0,0.00,
ARCHIVED,bath mat turquoise,PHRASE,CAMPAIGN_ARCHIVED,,,,0.80,12,0,0,0.00,0.00,0,0.00,
ARCHIVED,bath mat tub kids,PHRASE,CAMPAIGN_ARCHIVED,,,,0.80,0,0,,0.00,0.00,0,0.00,
ARCHIVED,bath mat terry cloth,PHRASE,CAMPAIGN_ARCHIVED,,,,0.80,28,0,0,0.00,0.00,0,0.00,
ARCHIVED,bath mat no suction cups,PHRASE,CAMPAIGN_ARCHIVED,,,,0.80,0,0,,0.00,0.00,0,0.00,
ARCHIVED,bath mat navy blue,PHRASE,CAMPAIGN_ARCHIVED,,,,0.80,2,0,0,0.00,0.00,0,0.00,
ARCHIVED,bath mat no slip,PHRASE,CAMPAIGN_ARCHIVED,,,,0.80,1,0,0,0.00,0.00,0,0.00,
ARCHIVED,baby bath mat non-slip for tub,PHRASE,CAMPAIGN_ARCHIVED,,,,0.80,0,0,,0.00,0.00,0,0.00,
ARCHIVED,bath mat navy,PHRASE,CAMPAIGN_ARCHIVED,,,,0.80,21,0,0,0.00,0.00,0,0.00,
ARCHIVED,shower bath mat non slip,PHRASE,CAMPAIGN_ARCHIVED,,,,0.80,1,0,0,0.00,0.00,0,0.00,
ARCHIVED,toddler bath mat non-slip for tub,PHRASE,CAMPAIGN_ARCHIVED,,,,0.80,0,0,,0.00,0.00,0,0.00,
ARCHIVED,bath mat non slip for tub,PHRASE,CAMPAIGN_ARCHIVED,,,,0.80,0,0,,0.00,0.00,0,0.00,
ARCHIVED,bath mat non slip mildew resistant,PHRASE,CAMPAIGN_ARCHIVED,,,,0.80,3,0,0,0.00,0.00,0,0.00,
ARCHIVED,bath mat sets for bathroom,PHRASE,CAMPAIGN_ARCHIVED,,,,0.80,38,0,0,0.00,0.00,0,0.00,
ARCHIVED,bath mat sets 2 piece,PHRASE,CAMPAIGN_ARCHIVED,,,,0.80,1,0,0,0.00,0.00,0,0.00,
ARCHIVED,bath mat small,PHRASE,CAMPAIGN_ARCHIVED,,,,0.80,46,0,0,0.00,0.00,0,0.00,
ARCHIVED,bath mat sets 3 piece,PHRASE,CAMPAIGN_ARCHIVED,,,,0.80,3,0,0,0.00,0.00,0,0.00,
ARCHIVED,bath mat stickers for tub,PHRASE,CAMPAIGN_ARCHIVED,,,,0.80,0,0,,0.00,0.00,0,0.00,
ARCHIVED,play area mat,PHRASE,CAMPAIGN_ARCHIVED,,,,0.80,286,0,0,0.00,0.00,0,0.00,
ARCHIVED,area mat for living room,PHRASE,CAMPAIGN_ARCHIVED,,,,0.80,0,0,,0.00,0.00,0,0.00,
ARCHIVED,area mats for indoor use,PHRASE,CAMPAIGN_ARCHIVED,,,,0.80,0,0,,0.00,0.00,0,0.00,
ARCHIVED,area mats for kids,PHRASE,CAMPAIGN_ARCHIVED,,,,0.80,0,0,,0.00,0.00,0,0.00,
ARCHIVED,area mats for home,PHRASE,CAMPAIGN_ARCHIVED,,,,0.80,6,0,0,0.00,0.00,0,0.00,
ARCHIVED,area mattress pad,PHRASE,CAMPAIGN_ARCHIVED,,,,0.80,0,0,,0.00,0.00,0,0.00,
ARCHIVED,area matt,PHRASE,CAMPAIGN_ARCHIVED,,,,0.80,10,0,0,0.00,0.00,0,0.00,
ARCHIVED,area mat front door,PHRASE,CAMPAIGN_ARCHIVED,,,,0.80,0,0,,0.00,0.00,0,0.00,
ARCHIVED,area rug mats for hardwood floors,PHRASE,CAMPAIGN_ARCHIVED,,,,0.80,0,0,,0.00,0.00,0,0.00,
ARCHIVED,heated area rug mat,PHRASE,CAMPAIGN_ARCHIVED,,,,0.80,82,0,0,0.00,0.00,0,0.00,
ARCHIVED,area mat cars,PHRASE,CAMPAIGN_ARCHIVED,,,,0.80,0,0,,0.00,0.00,0,0.00,
ARCHIVED,dog mat for cargo area,PHRASE,CAMPAIGN_ARCHIVED,,,,0.80,1,0,0,0.00,0.00,0,0.00,
ARCHIVED,dog area mat,PHRASE,CAMPAIGN_ARCHIVED,,,,0.80,2,0,0,0.00,0.00,0,0.00,
ARCHIVED,infant mats for play area,PHRASE,CAMPAIGN_ARCHIVED,,,,0.80,0,0,,0.00,0.00,0,0.00,
ARCHIVED,area mat for dining room,PHRASE,CAMPAIGN_ARCHIVED,,,,0.80,0,0,,0.00,0.00,0,0.00,
ARCHIVED,area mat for kids,PHRASE,CAMPAIGN_ARCHIVED,,,,0.80,1,0,0,0.00,0.00,0,0.00,
ARCHIVED,jeep grand cherokee cargo area mat,PHRASE,CAMPAIGN_ARCHIVED,,,,0.80,0,0,,0.00,0.00,0,0.00,
ARCHIVED,jeep cargo area mats,PHRASE,CAMPAIGN_ARCHIVED,,,,0.80,0,0,,0.00,0.00,0,0.00,
ARCHIVED,area rug mat pad,PHRASE,CAMPAIGN_ARCHIVED,,,,0.80,0,0,,0.00,0.00,0,0.00,
ARCHIVED,mat for kitchen sink area anti fatigue,PHRASE,CAMPAIGN_ARCHIVED,,,,0.80,0,0,,0.00,0.00,0,0.00,
ARCHIVED,cargo area mat for 2018 ford explorer,PHRASE,CAMPAIGN_ARCHIVED,,,,0.80,0,0,,0.00,0.00,0,0.00,
ARCHIVED,floor mats for ford edge 2018 cargo area,PHRASE,CAMPAIGN_ARCHIVED,,,,0.80,0,0,,0.00,0.00,0,0.00,
ARCHIVED,extra large area mat,PHRASE,CAMPAIGN_ARCHIVED,,,,0.80,0,0,,0.00,0.00,0,0.00,
ARCHIVED,mad mats turkish outdoor area rug,PHRASE,CAMPAIGN_ARCHIVED,,,,0.80,0,0,,0.00,0.00,0,0.00,
ARCHIVED,outdoor area mat,PHRASE,CAMPAIGN_ARCHIVED,,,,0.80,43,0,0,0.00,0.00,0,0.00,
ARCHIVED,outdoor area mats for patio,PHRASE,CAMPAIGN_ARCHIVED,,,,0.80,0,0,,0.00,0.00,0,0.00,
ARCHIVED,non slip mats for under area rugs,PHRASE,CAMPAIGN_ARCHIVED,,,,0.80,0,0,,0.00,0.00,0,0.00,
ARCHIVED,non skid mats for area rugs,PHRASE,CAMPAIGN_ARCHIVED,,,,0.80,0,0,,0.00,0.00,0,0.00,
ARCHIVED,non slip area rug mat,PHRASE,CAMPAIGN_ARCHIVED,,,,0.80,2,0,0,0.00,0.00,0,0.00,
ARCHIVED,area mat living room,PHRASE,CAMPAIGN_ARCHIVED,,,,0.80,3,0,0,0.00,0.00,0,0.00,
ARCHIVED,vinyl area mat,PHRASE,CAMPAIGN_ARCHIVED,,,,0.80,187,0,0,0.00,0.00,0,0.00,
ARCHIVED,vinyl mat area rug,PHRASE,CAMPAIGN_ARCHIVED,,,,0.80,1,0,0,0.00,0.00,0,0.00,
ARCHIVED,van cargo area mat,PHRASE,CAMPAIGN_ARCHIVED,,,,0.80,0,0,,0.00,0.00,0,0.00,
ARCHIVED,area rug mat pad 9 x 12,PHRASE,CAMPAIGN_ARCHIVED,,,,0.80,0,0,,0.00,0.00,0,0.00,
ARCHIVED,2012 gmc yukon xl rear area rubber mat,PHRASE,CAMPAIGN_ARCHIVED,,,,0.80,0,0,,0.00,0.00,0,0.00,
ARCHIVED,2018 kids rug area play mat,PHRASE,CAMPAIGN_ARCHIVED,,,,0.80,0,0,,0.00,0.00,0,0.00,
ARCHIVED,kids play area mat,PHRASE,CAMPAIGN_ARCHIVED,,,,0.80,4,0,0,0.00,0.00,0,0.00,
ARCHIVED,yoga area mat,PHRASE,CAMPAIGN_ARCHIVED,,,,0.80,0,0,,0.00,0.00,0,0.00,
ARCHIVED,yoga mat area rug,PHRASE,CAMPAIGN_ARCHIVED,,,,0.80,0,0,,0.00,0.00,0,0.00,
ARCHIVED,play mat area for 3 year old,PHRASE,CAMPAIGN_ARCHIVED,,,,0.80,0,0,,0.00,0.00,0,0.00,
ARCHIVED,area rug mat,PHRASE,CAMPAIGN_ARCHIVED,,,,0.80,1,0,0,0.00,0.00,0,0.00,
ARCHIVED,play area mats for toddlers,PHRASE,CAMPAIGN_ARCHIVED,,,,0.80,0,0,,0.00,0.00,0,0.00,
ARCHIVED,area rug under mat,PHRASE,CAMPAIGN_ARCHIVED,,,,0.80,0,0,,0.00,0.00,0,0.00,
ARCHIVED,work area floor mats,PHRASE,CAMPAIGN_ARCHIVED,,,,0.80,4,0,0,0.00,0.00,0,0.00,
ARCHIVED,mats for work area,PHRASE,CAMPAIGN_ARCHIVED,,,,0.80,2,0,0,0.00,0.00,0,0.00,
ARCHIVED,wet area floor mat,PHRASE,CAMPAIGN_ARCHIVED,,,,0.80,108,0,0,0.00,0.00,0,0.00,
ARCHIVED,area mats for indoor use washable,PHRASE,CAMPAIGN_ARCHIVED,,,,0.80,0,0,,0.00,0.00,0,0.00,
ARCHIVED,play area mat thick,PHRASE,CAMPAIGN_ARCHIVED,,,,0.80,16,0,0,0.00,0.00,0,0.00,
ARCHIVED,play area matt,PHRASE,CAMPAIGN_ARCHIVED,,,,0.80,1,0,0,0.00,0.00,0,0.00,
ARCHIVED,play area mats baby,PHRASE,CAMPAIGN_ARCHIVED,,,,0.80,0,0,,0.00,0.00,0,0.00,
ARCHIVED,play area mat outdoor,PHRASE,CAMPAIGN_ARCHIVED,,,,0.80,5,0,0,0.00,0.00,0,0.00,
ARCHIVED,area mats for kids soft,PHRASE,CAMPAIGN_ARCHIVED,,,,0.80,0,0,,0.00,0.00,0,0.00,
ARCHIVED,area matt's shag gray,PHRASE,CAMPAIGN_ARCHIVED,,,,0.80,0,0,,0.00,0.00,0,0.00,
ARCHIVED,absorbant bath mat runner,PHRASE,CAMPAIGN_ARCHIVED,,,,0.80,1,0,0,0.00,0.00,0,0.00,
ARCHIVED,memory foam bath mat runner,PHRASE,CAMPAIGN_ARCHIVED,,,,0.80,8,0,0,0.00,0.00,0,0.00,
ARCHIVED,long bath mats runner,PHRASE,CAMPAIGN_ARCHIVED,,,,0.80,1,0,0,0.00,0.00,0,0.00,
ARCHIVED,cotton bath mat runner,PHRASE,CAMPAIGN_ARCHIVED,,,,0.80,0,0,,0.00,0.00,0,0.00,
ARCHIVED,chenille bath mat runner,PHRASE,CAMPAIGN_ARCHIVED,,,,0.80,0,0,,0.00,0.00,0,0.00,
ARCHIVED,bath mat runner crocheted,PHRASE,CAMPAIGN_ARCHIVED,,,,0.80,0,0,,0.00,0.00,0,0.00,
ARCHIVED,bath mat runners for bathroom,PHRASE,CAMPAIGN_ARCHIVED,,,,0.80,10,0,0,0.00,0.00,0,0.00,
ARCHIVED,bath mat runners,PHRASE,CAMPAIGN_ARCHIVED,,,,0.80,0,0,,0.00,0.00,0,0.00,
ARCHIVED,bath rugs for bathroom non slip green,PHRASE,CAMPAIGN_ARCHIVED,,,,0.80,0,0,,0.00,0.00,0,0.00,
ARCHIVED,bath rugs for bathroom non slip blue,PHRASE,CAMPAIGN_ARCHIVED,,,,0.80,0,0,,0.00,0.00,0,0.00,
ARCHIVED,bath rugs for bathroom non slip turquoise,PHRASE,CAMPAIGN_ARCHIVED,,,,0.80,0,0,,0.00,0.00,0,0.00,
ARCHIVED,bath rugs for bathroom non slip teal,PHRASE,CAMPAIGN_ARCHIVED,,,,0.80,0,0,,0.00,0.00,0,0.00,
ARCHIVED,bath rugs for bathroom memory foam,PHRASE,CAMPAIGN_ARCHIVED,,,,0.80,0,0,,0.00,0.00,0,0.00,
ARCHIVED,bath rugs for bathroom yellow,PHRASE,CAMPAIGN_ARCHIVED,,,,0.80,6,0,0,0.00,0.00,0,0.00,
ARCHIVED,bath rugs for bathroom brown,PHRASE,CAMPAIGN_ARCHIVED,,,,0.80,1,0,0,0.00,0.00,0,0.00,
ARCHIVED,black bath rugs for bathroom,PHRASE,CAMPAIGN_ARCHIVED,,,,0.80,1,0,0,0.00,0.00,0,0.00,
ARCHIVED,white bath rugs for bathroom,PHRASE,CAMPAIGN_ARCHIVED,,,,0.80,5,0,0,0.00,0.00,0,0.00,
ARCHIVED,purple bath rugs for bathroom,PHRASE,CAMPAIGN_ARCHIVED,,,,0.80,0,0,,0.00,0.00,0,0.00,
ARCHIVED,bath rug non slip pattern,PHRASE,CAMPAIGN_ARCHIVED,,,,0.80,0,0,,0.00,0.00,0,0.00,
ARCHIVED,bath rug set grey,PHRASE,CAMPAIGN_ARCHIVED,,,,0.80,2,0,0,0.00,0.00,0,0.00,
ARCHIVED,bath rugs for bathroom sets memory foam,PHRASE,CAMPAIGN_ARCHIVED,,,,0.80,0,0,,0.00,0.00,0,0.00,
ARCHIVED,bath rugs for bathroom sets orange,PHRASE,CAMPAIGN_ARCHIVED,,,,0.80,0,0,,0.00,0.00,0,0.00,
ARCHIVED,bath rugs for bathroom sets green,PHRASE,CAMPAIGN_ARCHIVED,,,,0.80,0,0,,0.00,0.00,0,0.00,
ARCHIVED,bath rugs for bathroom sets purple,PHRASE,CAMPAIGN_ARCHIVED,,,,0.80,0,0,,0.00,0.00,0,0.00,
ARCHIVED,bath rugs for bathroom sets pink,PHRASE,CAMPAIGN_ARCHIVED,,,,0.80,0,0,,0.00,0.00,0,0.00,
ARCHIVED,bath rugs for bathroom sets non slip,PHRASE,CAMPAIGN_ARCHIVED,,,,0.80,0,0,,0.00,0.00,0,0.00,
ARCHIVED,bath rugs for bathroom sets yellow,PHRASE,CAMPAIGN_ARCHIVED,,,,0.80,0,0,,0.00,0.00,0,0.00,
ARCHIVED,bath rugs for bathroom sets brown,PHRASE,CAMPAIGN_ARCHIVED,,,,0.80,0,0,,0.00,0.00,0,0.00,
ARCHIVED,bath rugs for bathroom sets red,PHRASE,CAMPAIGN_ARCHIVED,,,,0.80,0,0,,0.00,0.00,0,0.00,
ARCHIVED,bath rug sets 3 piece blue,PHRASE,CAMPAIGN_ARCHIVED,,,,0.80,0,0,,0.00,0.00,0,0.00,
ARCHIVED,bath rug sets 3 piece green,PHRASE,CAMPAIGN_ARCHIVED,,,,0.80,0,0,,0.00,0.00,0,0.00,
ARCHIVED,bath rug sets 3 piece purple,PHRASE,CAMPAIGN_ARCHIVED,,,,0.80,0,0,,0.00,0.00,0,0.00,
ARCHIVED,bath rug sets 3 piece pink,PHRASE,CAMPAIGN_ARCHIVED,,,,0.80,0,0,,0.00,0.00,0,0.00,
ARCHIVED,bath rug sets 3 piece red,PHRASE,CAMPAIGN_ARCHIVED,,,,0.80,0,0,,0.00,0.00,0,0.00,
ARCHIVED,bath rug sets 3 piece turquoise,PHRASE,CAMPAIGN_ARCHIVED,,,,0.80,0,0,,0.00,0.00,0,0.00,
ARCHIVED,bath rug sets 3 piece grey,PHRASE,CAMPAIGN_ARCHIVED,,,,0.80,0,0,,0.00,0.00,0,0.00,
ARCHIVED,bath rug sets 3 piece black,PHRASE,CAMPAIGN_ARCHIVED,,,,0.80,0,0,,0.00,0.00,0,0.00,
ARCHIVED,bath rug sets 3 piece ocean,PHRASE,CAMPAIGN_ARCHIVED,,,,0.80,0,0,,0.00,0.00,0,0.00,
ARCHIVED,bath rug runner memory foam,PHRASE,CAMPAIGN_ARCHIVED,,,,0.80,1,0,0,0.00,0.00,0,0.00,
ARCHIVED,bath rug runner set,PHRASE,CAMPAIGN_ARCHIVED,,,,0.80,0,0,,0.00,0.00,0,0.00,
ARCHIVED,bath rug runner 2x5,PHRASE,CAMPAIGN_ARCHIVED,,,,0.80,0,0,,0.00,0.00,0,0.00,
ARCHIVED,bath rug runner black,PHRASE,CAMPAIGN_ARCHIVED,,,,0.80,1,0,0,0.00,0.00,0,0.00,
ARCHIVED,bath rug runner 24 x 84,PHRASE,CAMPAIGN_ARCHIVED,,,,0.80,1,0,0,0.00,0.00,0,0.00,
ARCHIVED,bath rug runner aqua,PHRASE,CAMPAIGN_ARCHIVED,,,,0.80,0,0,,0.00,0.00,0,0.00,
ARCHIVED,bath rug set 2 piece gray,PHRASE,CAMPAIGN_ARCHIVED,,,,0.80,2,0,0,0.00,0.00,0,0.00,
ARCHIVED,bath rug set 2 piece beige,PHRASE,CAMPAIGN_ARCHIVED,,,,0.80,0,0,,0.00,0.00,0,0.00,
ARCHIVED,bath rug set 2 piece brown,PHRASE,CAMPAIGN_ARCHIVED,,,,0.80,2,0,0,0.00,0.00,0,0.00,
ARCHIVED,bath rug set 2 piece green,PHRASE,CAMPAIGN_ARCHIVED,,,,0.80,1,0,0,0.00,0.00,0,0.00,
ARCHIVED,bath rug set 2 piece large size,PHRASE,CAMPAIGN_ARCHIVED,,,,0.80,0,0,,0.00,0.00,0,0.00,
ARCHIVED,bath rug set 2 piece memory foam,PHRASE,CAMPAIGN_ARCHIVED,,,,0.80,0,0,,0.00,0.00,0,0.00,
ARCHIVED,bath rug memory foam grey,PHRASE,CAMPAIGN_ARCHIVED,,,,0.80,0,0,,0.00,0.00,0,0.00,
ARCHIVED,bath rug memory foam set,PHRASE,CAMPAIGN_ARCHIVED,,,,0.80,1,0,0,0.00,0.00,0,0.00,
ARCHIVED,bath rug memory foam navy,PHRASE,CAMPAIGN_ARCHIVED,,,,0.80,0,0,,0.00,0.00,0,0.00,
ARCHIVED,bath rug memory foam teal,PHRASE,CAMPAIGN_ARCHIVED,,,,0.80,0,0,,0.00,0.00,0,0.00,
ARCHIVED,bathroom mat and shower curtain set,PHRASE,CAMPAIGN_ARCHIVED,,,,0.80,0,0,,0.00,0.00,0,0.00,
ARCHIVED,bathroom mat antibacterial,PHRASE,CAMPAIGN_ARCHIVED,,,,0.80,3,0,0,0.00,0.00,0,0.00,
ARCHIVED,bathroom mat aqua,PHRASE,CAMPAIGN_ARCHIVED,,,,0.80,4,0,0,0.00,0.00,0,0.00,
ARCHIVED,bathroom mat and curtain sets,PHRASE,CAMPAIGN_ARCHIVED,,,,0.80,5,0,0,0.00,0.00,0,0.00,
ARCHIVED,bathroom mat anti fatigue,PHRASE,CAMPAIGN_ARCHIVED,,,,0.80,1,0,0,0.00,0.00,0,0.00,
ARCHIVED,bathroom mat amazon basics,PHRASE,CAMPAIGN_ARCHIVED,,,,0.80,1,0,0,0.00,0.00,0,0.00,
ARCHIVED,bathroom mat anti mold,PHRASE,CAMPAIGN_ARCHIVED,,,,0.80,3,0,0,0.00,0.00,0,0.00,
ARCHIVED,bathroom mat amazon,PHRASE,CAMPAIGN_ARCHIVED,,,,0.80,0,0,,0.00,0.00,0,0.00,
ARCHIVED,bathroom mat absorbant,PHRASE,CAMPAIGN_ARCHIVED,,,,0.80,1,0,0,0.00,0.00,0,0.00,
ARCHIVED,bathroom mats and rugs,PHRASE,CAMPAIGN_ARCHIVED,,,,0.80,0,0,,0.00,0.00,0,0.00,
ARCHIVED,bathroom mats and rugs sets,PHRASE,CAMPAIGN_ARCHIVED,,,,0.80,82,0,0,0.00,0.00,0,0.00,
ARCHIVED,bathroom mat memory foam,PHRASE,CAMPAIGN_ARCHIVED,,,,0.80,4,0,0,0.00,0.00,0,0.00,
ARCHIVED,bathroom mat sets 3 piece,PHRASE,CAMPAIGN_ARCHIVED,,,,0.80,73,0,0,0.00,0.00,0,0.00,
ARCHIVED,bathroom matches,PHRASE,CAMPAIGN_ARCHIVED,,,,0.80,51,0,0,0.00,0.00,0,0.00,
ARCHIVED,bathroom mat sets 2 piece,PHRASE,CAMPAIGN_ARCHIVED,,,,0.80,1,0,0,0.00,0.00,0,0.00,
ARCHIVED,bathroom mat white,PHRASE,CAMPAIGN_ARCHIVED,,,,0.80,37,0,0,0.00,0.00,0,0.00,
ARCHIVED,bathroom mat brown,PHRASE,CAMPAIGN_ARCHIVED,,,,0.80,42,0,0,0.00,0.00,0,0.00,
ARCHIVED,bathroom mat black,PHRASE,CAMPAIGN_ARCHIVED,,,,0.80,93,0,0,0.00,0.00,0,0.00,
ARCHIVED,bathroom mat bamboo,PHRASE,CAMPAIGN_ARCHIVED,,,,0.80,36,0,0,0.00,0.00,0,0.00,
ARCHIVED,bathroom mat blue,PHRASE,CAMPAIGN_ARCHIVED,,,,0.80,22,0,0,0.00,0.00,0,0.00,
ARCHIVED,bathroom mat beach theme,PHRASE,CAMPAIGN_ARCHIVED,,,,0.80,133,0,0,0.00,0.00,0,0.00,
ARCHIVED,bathroom mat beige,PHRASE,CAMPAIGN_ARCHIVED,,,,0.80,25,0,0,0.00,0.00,0,0.00,
ARCHIVED,bathroom mat big,PHRASE,CAMPAIGN_ARCHIVED,,,,0.80,3,0,0,0.00,0.00,0,0.00,
ARCHIVED,bathroom mat black and white,PHRASE,CAMPAIGN_ARCHIVED,,,,0.80,10,0,0,0.00,0.00,0,0.00,
ARCHIVED,bathroom mat heated,PHRASE,CAMPAIGN_ARCHIVED,,,,0.80,0,0,,0.00,0.00,0,0.00,
ARCHIVED,bathroom mat halloween,PHRASE,CAMPAIGN_ARCHIVED,,,,0.80,2,0,0,0.00,0.00,0,0.00,
ARCHIVED,bathroom mat holder,PHRASE,CAMPAIGN_ARCHIVED,,,,0.80,3,0,0,0.00,0.00,0,0.00,
ARCHIVED,bathroom mat harry potter,PHRASE,CAMPAIGN_ARCHIVED,,,,0.80,11,0,0,0.00,0.00,0,0.00,
ARCHIVED,bathroom mat hard,PHRASE,CAMPAIGN_ARCHIVED,,,,0.80,0,0,,0.00,0.00,0,0.00,
ARCHIVED,bathroom mat his and her,PHRASE,CAMPAIGN_ARCHIVED,,,,0.80,1,0,0,0.00,0.00,0,0.00,
ARCHIVED,bathroom mat heater,PHRASE,CAMPAIGN_ARCHIVED,,,,0.80,0,0,,0.00,0.00,0,0.00,
ARCHIVED,bathroom mat for kids,PHRASE,CAMPAIGN_ARCHIVED,,,,0.80,47,0,0,0.00,0.00,0,0.00,
ARCHIVED,bathroom mat for toilet,PHRASE,CAMPAIGN_ARCHIVED,,,,0.80,8,0,0,0.00,0.00,0,0.00,
ARCHIVED,bathroom mat foam,PHRASE,CAMPAIGN_ARCHIVED,,,,0.80,7,0,0,0.00,0.00,0,0.00,
ARCHIVED,bathroom mat for dogs,PHRASE,CAMPAIGN_ARCHIVED,,,,0.80,2,0,0,0.00,0.00,0,0.00,
ARCHIVED,bathroom mat floral,PHRASE,CAMPAIGN_ARCHIVED,,,,0.80,9,0,0,0.00,0.00,0,0.00,
ARCHIVED,bathroom mat funny,PHRASE,CAMPAIGN_ARCHIVED,,,,0.80,29,0,0,0.00,0.00,0,0.00,
ARCHIVED,bathroom mat for tub,PHRASE,CAMPAIGN_ARCHIVED,,,,0.80,0,0,,0.00,0.00,0,0.00,
ARCHIVED,bathroom mat flower,PHRASE,CAMPAIGN_ARCHIVED,,,,0.80,9,0,0,0.00,0.00,0,0.00,
ARCHIVED,bathroom mat for shower,PHRASE,CAMPAIGN_ARCHIVED,,,,0.80,3,0,0,0.00,0.00,0,0.00,
ARCHIVED,bathroom mat cotton,PHRASE,CAMPAIGN_ARCHIVED,,,,0.80,12,0,0,0.00,0.00,0,0.00,
ARCHIVED,bathroom mat color changing,PHRASE,CAMPAIGN_ARCHIVED,,,,0.80,3,0,0,0.00,0.00,0,0.00,
ARCHIVED,bathroom mat colorful,PHRASE,CAMPAIGN_ARCHIVED,,,,0.80,9,0,0,0.00,0.00,0,0.00,
ARCHIVED,bathroom mat cream,PHRASE,CAMPAIGN_ARCHIVED,,,,0.80,8,0,0,0.00,0.00,0,0.00,
ARCHIVED,bathroom mat cactus,PHRASE,CAMPAIGN_ARCHIVED,,,,0.80,4,0,0,0.00,0.00,0,0.00,
ARCHIVED,bathroom mat clear,PHRASE,CAMPAIGN_ARCHIVED,,,,0.80,0,0,,0.00,0.00,0,0.00,
ARCHIVED,bathroom mat cute,PHRASE,CAMPAIGN_ARCHIVED,,,,0.80,50,0,0,0.00,0.00,0,0.00,
ARCHIVED,bathroom mat combo,PHRASE,CAMPAIGN_ARCHIVED,,,,0.80,2,0,0,0.00,0.00,0,0.00,
ARCHIVED,bathroom mat curtain set,PHRASE,CAMPAIGN_ARCHIVED,,,,0.80,0,0,,0.00,0.00,0,0.00,
ARCHIVED,bathroom mat orange,PHRASE,CAMPAIGN_ARCHIVED,,,,0.80,36,0,0,0.00,0.00,0,0.00,
ARCHIVED,bathroom mat ocean,PHRASE,CAMPAIGN_ARCHIVED,,,,0.80,11,0,0,0.00,0.00,0,0.00,
ARCHIVED,bathroom mat one piece,PHRASE,CAMPAIGN_ARCHIVED,,,,0.80,0,0,,0.00,0.00,0,0.00,
ARCHIVED,bathroom mat ocean theme,PHRASE,CAMPAIGN_ARCHIVED,,,,0.80,8,0,0,0.00,0.00,0,0.00,
ARCHIVED,bathroom mat oval,PHRASE,CAMPAIGN_ARCHIVED,,,,0.80,12,0,0,0.00,0.00,0,0.00,
ARCHIVED,bathroom mat oversized,PHRASE,CAMPAIGN_ARCHIVED,,,,0.80,4,0,0,0.00,0.00,0,0.00,
ARCHIVED,bathroom mat microfiber,PHRASE,CAMPAIGN_ARCHIVED,,,,0.80,0,0,,0.00,0.00,0,0.00,
ARCHIVED,bathroom mat memory foam set,PHRASE,CAMPAIGN_ARCHIVED,,,,0.80,3,0,0,0.00,0.00,0,0.00,
ARCHIVED,rug mat non slip,BROAD,CAMPAIGN_ARCHIVED,,,,0.80,35,0,0,0.00,0.00,0,0.00,
ARCHIVED,non slip runner rug,BROAD,CAMPAIGN_ARCHIVED,,,,0.80,120,0,0,0.00,0.00,0,0.00,
ARCHIVED,non slip bath mat,BROAD,CAMPAIGN_ARCHIVED,,,,0.80,315,0,0,0.00,0.00,0,0.00,
ARCHIVED,throw rugs and runners,BROAD,CAMPAIGN_ARCHIVED,,,,0.80,45,0,0,0.00,0.00,0,0.00,
ARCHIVED,microfiber bathroom rugs,BROAD,CAMPAIGN_ARCHIVED,,,,0.80,285,0,0,0.00,0.00,0,0.00,
ARCHIVED,no slip bath mat,BROAD,CAMPAIGN_ARCHIVED,,,,0.80,1,0,0,0.00,0.00,0,0.00,
ARCHIVED,microfiber bath mats for bathroom,BROAD,CAMPAIGN_ARCHIVED,,,,0.80,8,0,0,0.00,0.00,0,0.00,
ARCHIVED,bath mats for bathroom,BROAD,CAMPAIGN_ARCHIVED,,,,0.80,37,0,0,0.00,0.00,0,0.00,
ARCHIVED,fluffy carpet,BROAD,CAMPAIGN_ARCHIVED,,,,0.80,972,0,0,0.00,0.00,0,0.00,
ARCHIVED,microfiber rug,BROAD,CAMPAIGN_ARCHIVED,,,,0.80,531,0,0,0.00,0.00,0,0.00,
ARCHIVED,microfiber mat,BROAD,CAMPAIGN_ARCHIVED,,,,0.80,655,0,0,0.00,0.00,0,0.00,
ARCHIVED,absorbent bath mat,BROAD,CAMPAIGN_ARCHIVED,,,,0.80,18,0,0,0.00,0.00,0,0.00,
ARCHIVED,no slip rug,BROAD,CAMPAIGN_ARCHIVED,,,,0.80,0,0,,0.00,0.00,0,0.00,
ARCHIVED,luxury bath mat,BROAD,CAMPAIGN_ARCHIVED,,,,0.80,74,0,0,0.00,0.00,0,0.00,
ARCHIVED,microfiber bath rug,BROAD,CAMPAIGN_ARCHIVED,,,,0.80,156,0,0,0.00,0.00,0,0.00,
ARCHIVED,microfiber bath mat,BROAD,CAMPAIGN_ARCHIVED,,,,0.80,188,0,0,0.00,0.00,0,0.00,
ARCHIVED,anti slip mat,BROAD,CAMPAIGN_ARCHIVED,,,,0.80,552,0,0,0.00,0.00,0,0.00,
ARCHIVED,shag bathroom rugs,BROAD,CAMPAIGN_ARCHIVED,,,,0.80,91,0,0,0.00,0.00,0,0.00,
ARCHIVED,pink runner rug,BROAD,CAMPAIGN_ARCHIVED,,,,0.80,164,0,0,0.00,0.00,0,0.00,
ARCHIVED,shag runner,BROAD,CAMPAIGN_ARCHIVED,,,,0.80,665,0,0,0.00,0.00,0,0.00,
ARCHIVED,rubber bath mat,BROAD,CAMPAIGN_ARCHIVED,,,,0.80,259,0,0,0.00,0.00,0,0.00,
ARCHIVED,shag area rug,BROAD,CAMPAIGN_ARCHIVED,,,,0.80,317,0,0,0.00,0.00,0,0.00,
ARCHIVED,pink rugs for girls rooms,BROAD,CAMPAIGN_ARCHIVED,,,,0.80,1330,0,0,0.00,0.00,0,0.00,
ARCHIVED,anti slip,BROAD,CAMPAIGN_ARCHIVED,,,,0.80,1136,0,0,0.00,0.00,0,0.00,
ARCHIVED,water absorbent mat,BROAD,CAMPAIGN_ARCHIVED,,,,0.80,16,0,0,0.00,0.00,0,0.00,
ARCHIVED,soft area rug,BROAD,CAMPAIGN_ARCHIVED,,,,0.80,5,0,0,0.00,0.00,0,0.00,
ARCHIVED,wooden bath mats,BROAD,CAMPAIGN_ARCHIVED,,,,0.80,107,0,0,0.00,0.00,0,0.00,
ARCHIVED,non slip area rug,BROAD,CAMPAIGN_ARCHIVED,,,,0.80,23,0,0,0.00,0.00,0,0.00,
ARCHIVED,throw,BROAD,CAMPAIGN_ARCHIVED,,,,0.80,844,0,0,0.00,0.00,0,0.00,
ARCHIVED,shag,BROAD,CAMPAIGN_ARCHIVED,,,,0.80,1239,0,0,0.00,0.00,0,0.00,
ARCHIVED,fluffy area rug,BROAD,CAMPAIGN_ARCHIVED,,,,0.80,27,0,0,0.00,0.00,0,0.00,
ARCHIVED,soft shag rug,BROAD,CAMPAIGN_ARCHIVED,,,,0.80,2,0,0,0.00,0.00,0,0.00,
ARCHIVED,bathroom area rug,BROAD,CAMPAIGN_ARCHIVED,,,,0.80,21,0,0,0.00,0.00,0,0.00,
ARCHIVED,girls area rug,BROAD,CAMPAIGN_ARCHIVED,,,,0.80,109,0,0,0.00,0.00,0,0.00,
ARCHIVED,baby play area mat,PHRASE,CAMPAIGN_ARCHIVED,,,,0.80,15,0,0,0.00,0.00,0,0.00,
ARCHIVED,bath mat for toilet area,PHRASE,CAMPAIGN_ARCHIVED,,,,0.80,0,0,,0.00,0.00,0,0.00,
ARCHIVED,bath rug blue,PHRASE,CAMPAIGN_ARCHIVED,,,,0.80,133,0,0,0.00,0.00,0,0.00,
ARCHIVED,bath rug brown,PHRASE,CAMPAIGN_ARCHIVED,,,,0.80,256,0,0,0.00,0.00,0,0.00,
ARCHIVED,bath rug beige,PHRASE,CAMPAIGN_ARCHIVED,,,,0.80,42,0,0,0.00,0.00,0,0.00,
ARCHIVED,bath rug black and white,PHRASE,CAMPAIGN_ARCHIVED,,,,0.80,9,0,0,0.00,0.00,0,0.00,
ARCHIVED,bath rug big,PHRASE,CAMPAIGN_ARCHIVED,,,,0.80,4,0,0,0.00,0.00,0,0.00,
ARCHIVED,bath rug burgundy,PHRASE,CAMPAIGN_ARCHIVED,,,,0.80,123,0,0,0.00,0.00,0,0.00,
ARCHIVED,bath rug bathroom set,PHRASE,CAMPAIGN_ARCHIVED,,,,0.80,0,0,,0.00,0.00,0,0.00,
ARCHIVED,bath rug black set,PHRASE,CAMPAIGN_ARCHIVED,,,,0.80,0,0,,0.00,0.00,0,0.00,
ARCHIVED,bath rug bohemian,PHRASE,CAMPAIGN_ARCHIVED,,,,0.80,6,0,0,0.00,0.00,0,0.00,
ARCHIVED,bath rug aqua,PHRASE,CAMPAIGN_ARCHIVED,,,,0.80,44,0,0,0.00,0.00,0,0.00,
ARCHIVED,bath rug around toilet,PHRASE,CAMPAIGN_ARCHIVED,,,,0.80,18,0,0,0.00,0.00,0,0.00,
ARCHIVED,bath rug anti slip,PHRASE,CAMPAIGN_ARCHIVED,,,,0.80,0,0,,0.00,0.00,0,0.00,
ARCHIVED,bath rug and shower curtain set,PHRASE,CAMPAIGN_ARCHIVED,,,,0.80,1,0,0,0.00,0.00,0,0.00,
ARCHIVED,bath rug absorbent,PHRASE,CAMPAIGN_ARCHIVED,,,,0.80,6,0,0,0.00,0.00,0,0.00,
ARCHIVED,bath rug and toilet cover set,PHRASE,CAMPAIGN_ARCHIVED,,,,0.80,0,0,,0.00,0.00,0,0.00,
ARCHIVED,bath rug and towel set,PHRASE,CAMPAIGN_ARCHIVED,,,,0.80,0,0,,0.00,0.00,0,0.00,
ARCHIVED,bath rug antimicrobial,PHRASE,CAMPAIGN_ARCHIVED,,,,0.80,3,0,0,0.00,0.00,0,0.00,
ARCHIVED,bath rug absorbant,PHRASE,CAMPAIGN_ARCHIVED,,,,0.80,3,0,0,0.00,0.00,0,0.00,
ARCHIVED,bath rug and mat,PHRASE,CAMPAIGN_ARCHIVED,,,,0.80,73,0,0,0.00,0.00,0,0.00,
ARCHIVED,bath rug extra large,PHRASE,CAMPAIGN_ARCHIVED,,,,0.80,1,0,0,0.00,0.00,0,0.00,
ARCHIVED,bath rug extra long,PHRASE,CAMPAIGN_ARCHIVED,,,,0.80,12,0,0,0.00,0.00,0,0.00,
ARCHIVED,bath rug emerald,PHRASE,CAMPAIGN_ARCHIVED,,,,0.80,16,0,0,0.00,0.00,0,0.00,
ARCHIVED,bath rug eggplant,PHRASE,CAMPAIGN_ARCHIVED,,,,0.80,37,0,0,0.00,0.00,0,0.00,
ARCHIVED,bath rug ensemble,PHRASE,CAMPAIGN_ARCHIVED,,,,0.80,1,0,0,0.00,0.00,0,0.00,
ARCHIVED,bath rug extra small,PHRASE,CAMPAIGN_ARCHIVED,,,,0.80,0,0,,0.00,0.00,0,0.00,
ARCHIVED,bath rug extra long set,PHRASE,CAMPAIGN_ARCHIVED,,,,0.80,0,0,,0.00,0.00,0,0.00,
ARCHIVED,bath rugs for bathroom,PHRASE,CAMPAIGN_ARCHIVED,,,,0.80,0,0,,0.00,0.00,0,0.00,
ARCHIVED,bath rugs for bathroom non slip,PHRASE,CAMPAIGN_ARCHIVED,,,,0.80,0,0,,0.00,0.00,0,0.00,
ARCHIVED,bath rug sets 3 piece,PHRASE,CAMPAIGN_ARCHIVED,,,,0.80,14,0,0,0.00,0.00,0,0.00,
ARCHIVED,bath rug set 2 piece,PHRASE,CAMPAIGN_ARCHIVED,,,,0.80,47,0,0,0.00,0.00,0,0.00,
ARCHIVED,bath rug memory foam,PHRASE,CAMPAIGN_ARCHIVED,,,,0.80,8,0,0,0.00,0.00,0,0.00,
ARCHIVED,bath rug non slip,PHRASE,CAMPAIGN_ARCHIVED,,,,0.80,150,0,0,0.00,0.00,0,0.00,
ARCHIVED,bath rug design,PHRASE,CAMPAIGN_ARCHIVED,,,,0.80,19,0,0,0.00,0.00,0,0.00,
ARCHIVED,bath rug double sink,PHRASE,CAMPAIGN_ARCHIVED,,,,0.80,19,0,0,0.00,0.00,0,0.00,
ARCHIVED,bath rug dark green,PHRASE,CAMPAIGN_ARCHIVED,,,,0.80,2,0,0,0.00,0.00,0,0.00,
ARCHIVED,bath rug dark gray,PHRASE,CAMPAIGN_ARCHIVED,,,,0.80,3,0,0,0.00,0.00,0,0.00,
ARCHIVED,bath rug decorative,PHRASE,CAMPAIGN_ARCHIVED,,,,0.80,21,0,0,0.00,0.00,0,0.00,
ARCHIVED,bath rug dolphin,PHRASE,CAMPAIGN_ARCHIVED,,,,0.80,10,0,0,0.00,0.00,0,0.00,
ARCHIVED,bath rug double sided,PHRASE,CAMPAIGN_ARCHIVED,,,,0.80,9,0,0,0.00,0.00,0,0.00,
ARCHIVED,bath rug disney,PHRASE,CAMPAIGN_ARCHIVED,,,,0.80,21,0,0,0.00,0.00,0,0.00,
ARCHIVED,bath rug duck,PHRASE,CAMPAIGN_ARCHIVED,,,,0.80,3,0,0,0.00,0.00,0,0.00,
ARCHIVED,bath rug dog,PHRASE,CAMPAIGN_ARCHIVED,,,,0.80,9,0,0,0.00,0.00,0,0.00,
ARCHIVED,bath rug cotton,PHRASE,CAMPAIGN_ARCHIVED,,,,0.80,63,0,0,0.00,0.00,0,0.00,
ARCHIVED,bath rug cute,PHRASE,CAMPAIGN_ARCHIVED,,,,0.80,70,0,0,0.00,0.00,0,0.00,
ARCHIVED,bath rug coral,PHRASE,CAMPAIGN_ARCHIVED,,,,0.80,203,0,0,0.00,0.00,0,0.00,
ARCHIVED,bath rug chenille,PHRASE,CAMPAIGN_ARCHIVED,,,,0.80,11,0,0,0.00,0.00,0,0.00,
ARCHIVED,bath rug contour,PHRASE,CAMPAIGN_ARCHIVED,,,,0.80,15,0,0,0.00,0.00,0,0.00,
ARCHIVED,bath rug chocolate,PHRASE,CAMPAIGN_ARCHIVED,,,,0.80,7,0,0,0.00,0.00,0,0.00,
ARCHIVED,bath rug cotton reversible,PHRASE,CAMPAIGN_ARCHIVED,,,,0.80,5,0,0,0.00,0.00,0,0.00,
ARCHIVED,bath rug colorful,PHRASE,CAMPAIGN_ARCHIVED,,,,0.80,16,0,0,0.00,0.00,0,0.00,
ARCHIVED,bath rug contour set,PHRASE,CAMPAIGN_ARCHIVED,,,,0.80,1,0,0,0.00,0.00,0,0.00,
ARCHIVED,bath rug ikea,PHRASE,CAMPAIGN_ARCHIVED,,,,0.80,3,0,0,0.00,0.00,0,0.00,
ARCHIVED,bath rug ivory,PHRASE,CAMPAIGN_ARCHIVED,,,,0.80,36,0,0,0.00,0.00,0,0.00,
ARCHIVED,bath rug joywell,PHRASE,CAMPAIGN_ARCHIVED,,,,0.80,0,0,,0.00,0.00,0,0.00,
ARCHIVED,bath rug jute,PHRASE,CAMPAIGN_ARCHIVED,,,,0.80,4,0,0,0.00,0.00,0,0.00,
ARCHIVED,contour bath rug for toilet,PHRASE,CAMPAIGN_ARCHIVED,,,,0.80,0,0,,0.00,0.00,0,0.00,
ARCHIVED,bath rug for kids,PHRASE,CAMPAIGN_ARCHIVED,,,,0.80,96,0,0,0.00,0.00,0,0.00,
ARCHIVED,bath rug for kids bathroom,PHRASE,CAMPAIGN_ARCHIVED,,,,0.80,11,0,0,0.00,0.00,0,0.00,
ARCHIVED,bath rug for tub,PHRASE,CAMPAIGN_ARCHIVED,,,,0.80,2,0,0,0.00,0.00,0,0.00,
ARCHIVED,bath rug for double vanity,PHRASE,CAMPAIGN_ARCHIVED,,,,0.80,0,0,,0.00,0.00,0,0.00,
ARCHIVED,bath rug for boys,PHRASE,CAMPAIGN_ARCHIVED,,,,0.80,9,0,0,0.00,0.00,0,0.00,
ARCHIVED,bath rug for toilet,PHRASE,CAMPAIGN_ARCHIVED,,,,0.80,36,0,0,0.00,0.00,0,0.00,
ARCHIVED,bath rug fringe,PHRASE,CAMPAIGN_ARCHIVED,,,,0.80,10,0,0,0.00,0.00,0,0.00,
ARCHIVED,bath rug forest green,PHRASE,CAMPAIGN_ARCHIVED,,,,0.80,5,0,0,0.00,0.00,0,0.00,
ARCHIVED,bath rug hunter green,PHRASE,CAMPAIGN_ARCHIVED,,,,0.80,6,0,0,0.00,0.00,0,0.00,
ARCHIVED,bath rug hot pink,PHRASE,CAMPAIGN_ARCHIVED,,,,0.80,3,0,0,0.00,0.00,0,0.00,
ARCHIVED,bath rug hotel,PHRASE,CAMPAIGN_ARCHIVED,,,,0.80,6,0,0,0.00,0.00,0,0.00,
ARCHIVED,bath rug half round,PHRASE,CAMPAIGN_ARCHIVED,,,,0.80,2,0,0,0.00,0.00,0,0.00,
ARCHIVED,bath rug half circle,PHRASE,CAMPAIGN_ARCHIVED,,,,0.80,39,0,0,0.00,0.00,0,0.00,
ARCHIVED,bath rug hello gorgeous,PHRASE,CAMPAIGN_ARCHIVED,,,,0.80,8,0,0,0.00,0.00,0,0.00,
ARCHIVED,bath rug halloween,PHRASE,CAMPAIGN_ARCHIVED,,,,0.80,3,0,0,0.00,0.00,0,0.00,
ARCHIVED,bath rug grey,PHRASE,CAMPAIGN_ARCHIVED,,,,0.80,63,0,0,0.00,0.00,0,0.00,
ARCHIVED,bath rug gray,PHRASE,CAMPAIGN_ARCHIVED,,,,0.80,70,0,0,0.00,0.00,0,0.00,
ARCHIVED,bath rug green,PHRASE,CAMPAIGN_ARCHIVED,,,,0.80,124,0,0,0.00,0.00,0,0.00,
ARCHIVED,bath rug gold,PHRASE,CAMPAIGN_ARCHIVED,,,,0.80,54,0,0,0.00,0.00,0,0.00,
ARCHIVED,bath rug gray memory foam,PHRASE,CAMPAIGN_ARCHIVED,,,,0.80,0,0,,0.00,0.00,0,0.00,
ARCHIVED,bath rug grey and white,PHRASE,CAMPAIGN_ARCHIVED,,,,0.80,0,0,,0.00,0.00,0,0.00,
ARCHIVED,bath rug geometric,PHRASE,CAMPAIGN_ARCHIVED,,,,0.80,18,0,0,0.00,0.00,0,0.00,
ARCHIVED,bath rug gorilla grip,PHRASE,CAMPAIGN_ARCHIVED,,,,0.80,1,0,0,0.00,0.00,0,0.00,
ARCHIVED,bath rug gray shag,PHRASE,CAMPAIGN_ARCHIVED,,,,0.80,0,0,,0.00,0.00,0,0.00,
ARCHIVED,bath rug grey and black,PHRASE,CAMPAIGN_ARCHIVED,,,,0.80,0,0,,0.00,0.00,0,0.00,
ARCHIVED,bath rug kids,PHRASE,CAMPAIGN_ARCHIVED,,,,0.80,0,0,,0.00,0.00,0,0.00,
ARCHIVED,bath rug kids bathroom,PHRASE,CAMPAIGN_ARCHIVED,,,,0.80,0,0,,0.00,0.00,0,0.00,
ARCHIVED,bath rug kids fish,PHRASE,CAMPAIGN_ARCHIVED,,,,0.80,0,0,,0.00,0.00,0,0.00,
ARCHIVED,bath rug kelly green,PHRASE,CAMPAIGN_ARCHIVED,,,,0.80,0,0,,0.00,0.00,0,0.00,
ARCHIVED,bath rug kirkland,PHRASE,CAMPAIGN_ARCHIVED,,,,0.80,0,0,,0.00,0.00,0,0.00,
ARCHIVED,bath rug quote,PHRASE,CAMPAIGN_ARCHIVED,,,,0.80,23,0,0,0.00,0.00,0,0.00,
ARCHIVED,bath mats for tub,PHRASE,CAMPAIGN_ARCHIVED,,,,0.80,70,0,0,0.00,0.00,0,0.00,
ARCHIVED,bath mat for tub for kids,PHRASE,CAMPAIGN_ARCHIVED,,,,0.80,0,0,,0.00,0.00,0,0.00,
ARCHIVED,bath mats for floors,PHRASE,CAMPAIGN_ARCHIVED,,,,0.80,78,0,0,0.00,0.00,0,0.00,
ARCHIVED,bath mat towel,PHRASE,CAMPAIGN_ARCHIVED,,,,0.80,25,0,0,0.00,0.00,0,0.00,
ARCHIVED,bath mats for shower,PHRASE,CAMPAIGN_ARCHIVED,,,,0.80,0,0,,0.00,0.00,0,0.00,
ARCHIVED,bath mat non slip,PHRASE,CAMPAIGN_ARCHIVED,,,,0.80,149,0,0,0.00,0.00,0,0.00,
ARCHIVED,bath mat diatomaceous,PHRASE,CAMPAIGN_ARCHIVED,,,,0.80,1,0,0,0.00,0.00,0,0.00,
ARCHIVED,bath mat dark green,PHRASE,CAMPAIGN_ARCHIVED,,,,0.80,12,0,0,0.00,0.00,0,0.00,
ARCHIVED,bath mat design,PHRASE,CAMPAIGN_ARCHIVED,,,,0.80,12,0,0,0.00,0.00,0,0.00,
ARCHIVED,bath mat ducks,PHRASE,CAMPAIGN_ARCHIVED,,,,0.80,1,0,0,0.00,0.00,0,0.00,
ARCHIVED,bath mat dark blue,PHRASE,CAMPAIGN_ARCHIVED,,,,0.80,5,0,0,0.00,0.00,0,0.00,
ARCHIVED,bath mat dry fast,PHRASE,CAMPAIGN_ARCHIVED,,,,0.80,2,0,0,0.00,0.00,0,0.00,
ARCHIVED,bath mat dark purple,PHRASE,CAMPAIGN_ARCHIVED,,,,0.80,4,0,0,0.00,0.00,0,0.00,
ARCHIVED,bath mat dry,PHRASE,CAMPAIGN_ARCHIVED,,,,0.80,0,0,,0.00,0.00,0,0.00,
ARCHIVED,bath mat dark grey,PHRASE,CAMPAIGN_ARCHIVED,,,,0.80,2,0,0,0.00,0.00,0,0.00,
ARCHIVED,bath mat dog,PHRASE,CAMPAIGN_ARCHIVED,,,,0.80,6,0,0,0.00,0.00,0,0.00,
ARCHIVED,bath mat and toilet mat set,PHRASE,CAMPAIGN_ARCHIVED,,,,0.80,0,0,,0.00,0.00,0,0.00,
ARCHIVED,bath mat absorbent,PHRASE,CAMPAIGN_ARCHIVED,,,,0.80,3,0,0,0.00,0.00,0,0.00,
ARCHIVED,bath mat antibacterial,PHRASE,CAMPAIGN_ARCHIVED,,,,0.80,4,0,0,0.00,0.00,0,0.00,
ARCHIVED,bath mat amazon basics,PHRASE,CAMPAIGN_ARCHIVED,,,,0.80,0,0,,0.00,0.00,0,0.00,
ARCHIVED,bath mat and towel set,PHRASE,CAMPAIGN_ARCHIVED,,,,0.80,0,0,,0.00,0.00,0,0.00,
ARCHIVED,bath mat and shower curtain set,PHRASE,CAMPAIGN_ARCHIVED,,,,0.80,7,0,0,0.00,0.00,0,0.00,
ARCHIVED,bath mat aqua,PHRASE,CAMPAIGN_ARCHIVED,,,,0.80,10,0,0,0.00,0.00,0,0.00,
ARCHIVED,bath mat and toilet seat cover,PHRASE,CAMPAIGN_ARCHIVED,,,,0.80,4,0,0,0.00,0.00,0,0.00,
ARCHIVED,bath mat around toilet,PHRASE,CAMPAIGN_ARCHIVED,,,,0.80,9,0,0,0.00,0.00,0,0.00,
ARCHIVED,bath mat for tub,PHRASE,CAMPAIGN_ARCHIVED,,,,0.80,0,0,,0.00,0.00,0,0.00,
ARCHIVED,bath mat for textured tub,PHRASE,CAMPAIGN_ARCHIVED,,,,0.80,0,0,,0.00,0.00,0,0.00,
ARCHIVED,bath mat for shower,PHRASE,CAMPAIGN_ARCHIVED,,,,0.80,20,0,0,0.00,0.00,0,0.00,
ARCHIVED,bath mat for baby,PHRASE,CAMPAIGN_ARCHIVED,,,,0.80,0,0,,0.00,0.00,0,0.00,
ARCHIVED,bath mat for kids,PHRASE,CAMPAIGN_ARCHIVED,,,,0.80,0,0,,0.00,0.00,0,0.00,
ARCHIVED,bath mat for tub mold resistant,PHRASE,CAMPAIGN_ARCHIVED,,,,0.80,0,0,,0.00,0.00,0,0.00,
ARCHIVED,bath mat for shower non slip,PHRASE,CAMPAIGN_ARCHIVED,,,,0.80,0,0,,0.00,0.00,0,0.00,
ARCHIVED,bath mat for toilet,PHRASE,CAMPAIGN_ARCHIVED,,,,0.80,24,0,0,0.00,0.00,0,0.00,
ARCHIVED,bath mat for refinished or reglazed bath tub,PHRASE,CAMPAIGN_ARCHIVED,,,,0.80,0,0,,0.00,0.00,0,0.00,
ARCHIVED,bath mat extra long,PHRASE,CAMPAIGN_ARCHIVED,,,,0.80,9,0,0,0.00,0.00,0,0.00,
ARCHIVED,bath mat eggplant,PHRASE,CAMPAIGN_ARCHIVED,,,,0.80,1,0,0,0.00,0.00,0,0.00,
ARCHIVED,bath mat earth,PHRASE,CAMPAIGN_ARCHIVED,,,,0.80,1,0,0,0.00,0.00,0,0.00,
ARCHIVED,bath mat extra long and wide,PHRASE,CAMPAIGN_ARCHIVED,,,,0.80,0,0,,0.00,0.00,0,0.00,
ARCHIVED,bath mat extra large,PHRASE,CAMPAIGN_ARCHIVED,,,,0.80,3,0,0,0.00,0.00,0,0.00,
ARCHIVED,bath mat expresso,PHRASE,CAMPAIGN_ARCHIVED,,,,0.80,0,0,,0.00,0.00,0,0.00,
ARCHIVED,bath mat eco friendly,PHRASE,CAMPAIGN_ARCHIVED,,,,0.80,7,0,0,0.00,0.00,0,0.00,
ARCHIVED,bath mat elephant,PHRASE,CAMPAIGN_ARCHIVED,,,,0.80,4,0,0,0.00,0.00,0,0.00,
ARCHIVED,bath mat exfoliating,PHRASE,CAMPAIGN_ARCHIVED,,,,0.80,0,0,,0.00,0.00,0,0.00,
ARCHIVED,bath mat extra small,PHRASE,CAMPAIGN_ARCHIVED,,,,0.80,0,0,,0.00,0.00,0,0.00,
ARCHIVED,bath mat cotton,PHRASE,CAMPAIGN_ARCHIVED,,,,0.80,21,0,0,0.00,0.00,0,0.00,
ARCHIVED,bath mat cotton washable,PHRASE,CAMPAIGN_ARCHIVED,,,,0.80,2,0,0,0.00,0.00,0,0.00,
ARCHIVED,bath mat clear,PHRASE,CAMPAIGN_ARCHIVED,,,,0.80,1,0,0,0.00,0.00,0,0.00,
ARCHIVED,bath mat coral,PHRASE,CAMPAIGN_ARCHIVED,,,,0.80,25,0,0,0.00,0.00,0,0.00,
ARCHIVED,bath mat cat,PHRASE,CAMPAIGN_ARCHIVED,,,,0.80,13,0,0,0.00,0.00,0,0.00,
ARCHIVED,bath mat chenille,PHRASE,CAMPAIGN_ARCHIVED,,,,0.80,7,0,0,0.00,0.00,0,0.00,
ARCHIVED,bath mat circle,PHRASE,CAMPAIGN_ARCHIVED,,,,0.80,17,0,0,0.00,0.00,0,0.00,
ARCHIVED,bath mat cactus,PHRASE,CAMPAIGN_ARCHIVED,,,,0.80,13,0,0,0.00,0.00,0,0.00,
ARCHIVED,bath mat contour,PHRASE,CAMPAIGN_ARCHIVED,,,,0.80,9,0,0,0.00,0.00,0,0.00,
ARCHIVED,bath mat grey,PHRASE,CAMPAIGN_ARCHIVED,,,,0.80,21,0,0,0.00,0.00,0,0.00,
ARCHIVED,bath mat gray,PHRASE,CAMPAIGN_ARCHIVED,,,,0.80,26,0,0,0.00,0.00,0,0.00,
ARCHIVED,bath mat gold,PHRASE,CAMPAIGN_ARCHIVED,,,,0.80,13,0,0,0.00,0.00,0,0.00,
ARCHIVED,bath mat grey non slip,PHRASE,CAMPAIGN_ARCHIVED,,,,0.80,2,0,0,0.00,0.00,0,0.00,
ARCHIVED,bath mat gorilla,PHRASE,CAMPAIGN_ARCHIVED,,,,0.80,2,0,0,0.00,0.00,0,0.00,
ARCHIVED,bath mat grass,PHRASE,CAMPAIGN_ARCHIVED,,,,0.80,2,0,0,0.00,0.00,0,0.00,
ARCHIVED,bath mat genteele,PHRASE,CAMPAIGN_ARCHIVED,,,,0.80,0,0,,0.00,0.00,0,0.00,
ARCHIVED,bath mat grip,PHRASE,CAMPAIGN_ARCHIVED,,,,0.80,4,0,0,0.00,0.00,0,0.00,
ARCHIVED,bath mat gripper,PHRASE,CAMPAIGN_ARCHIVED,,,,0.80,8,0,0,0.00,0.00,0,0.00,
ARCHIVED,bath mat in tub,PHRASE,CAMPAIGN_ARCHIVED,,,,0.80,0,0,,0.00,0.00,0,0.00,
ARCHIVED,bath mat ivory,PHRASE,CAMPAIGN_ARCHIVED,,,,0.80,6,0,0,0.00,0.00,0,0.00,
ARCHIVED,bath mat ikea,PHRASE,CAMPAIGN_ARCHIVED,,,,0.80,14,0,0,0.00,0.00,0,0.00,
ARCHIVED,bath mat infant,PHRASE,CAMPAIGN_ARCHIVED,,,,0.80,7,0,0,0.00,0.00,0,0.00,
ARCHIVED,bath mat interdesign,PHRASE,CAMPAIGN_ARCHIVED,,,,0.80,2,0,0,0.00,0.00,0,0.00,
ARCHIVED,bath mat in shower,PHRASE,CAMPAIGN_ARCHIVED,,,,0.80,0,0,,0.00,0.00,0,0.00,
ARCHIVED,bath mat illusion,PHRASE,CAMPAIGN_ARCHIVED,,,,0.80,0,0,,0.00,0.00,0,0.00,
ARCHIVED,bath mat indigo,PHRASE,CAMPAIGN_ARCHIVED,,,,0.80,0,0,,0.00,0.00,0,0.00,
ARCHIVED,bath mat in tub for kids,PHRASE,CAMPAIGN_ARCHIVED,,,,0.80,4,0,0,0.00,0.00,0,0.00,
ARCHIVED,bath mat hotel style,PHRASE,CAMPAIGN_ARCHIVED,,,,0.80,4,0,0,0.00,0.00,0,0.00,
ARCHIVED,bath mat hanging,PHRASE,CAMPAIGN_ARCHIVED,,,,0.80,2,0,0,0.00,0.00,0,0.00,
ARCHIVED,bath mat hot pink,PHRASE,CAMPAIGN_ARCHIVED,,,,0.80,14,0,0,0.00,0.00,0,0.00,
ARCHIVED,bath mat hunting,PHRASE,CAMPAIGN_ARCHIVED,,,,0.80,0,0,,0.00,0.00,0,0.00,
ARCHIVED,bath mat hotel,PHRASE,CAMPAIGN_ARCHIVED,,,,0.80,3,0,0,0.00,0.00,0,0.00,
ARCHIVED,bath mat hunter green,PHRASE,CAMPAIGN_ARCHIVED,,,,0.80,1,0,0,0.00,0.00,0,0.00,
ARCHIVED,bath mat heavy duty,PHRASE,CAMPAIGN_ARCHIVED,,,,0.80,0,0,,0.00,0.00,0,0.00,
ARCHIVED,bath mat holiday,PHRASE,CAMPAIGN_ARCHIVED,,,,0.80,9,0,0,0.00,0.00,0,0.00,
ARCHIVED,bohemian style woven floor mat area rug,PHRASE,CAMPAIGN_ARCHIVED,,,,0.80,0,0,,0.00,0.00,0,0.00,
ARCHIVED,bath mat runners for bathroom extra long,PHRASE,CAMPAIGN_ARCHIVED,,,,0.80,0,0,,0.00,0.00,0,0.00,
ARCHIVED,bath mat runners for bathroom 17 by 60,PHRASE,CAMPAIGN_ARCHIVED,,,,0.80,0,0,,0.00,0.00,0,0.00,
ARCHIVED,bath mat runners for bathroom washable,PHRASE,CAMPAIGN_ARCHIVED,,,,0.80,0,0,,0.00,0.00,0,0.00,
ARCHIVED,bath mat runners for bathroom blue,PHRASE,CAMPAIGN_ARCHIVED,,,,0.80,0,0,,0.00,0.00,0,0.00,
ARCHIVED,bath mat runners for bathroom long,PHRASE,CAMPAIGN_ARCHIVED,,,,0.80,0,0,,0.00,0.00,0,0.00,
ARCHIVED,grey bath mat runner,PHRASE,CAMPAIGN_ARCHIVED,,,,0.80,1,0,0,0.00,0.00,0,0.00,
ARCHIVED,bath mat runner gray,PHRASE,CAMPAIGN_ARCHIVED,,,,0.80,0,0,,0.00,0.00,0,0.00,
ARCHIVED,dark grey bath mat runner,PHRASE,CAMPAIGN_ARCHIVED,,,,0.80,0,0,,0.00,0.00,0,0.00,
ARCHIVED,bath mat runner memory foam quick dry,PHRASE,CAMPAIGN_ARCHIVED,,,,0.80,0,0,,0.00,0.00,0,0.00,
ARCHIVED,smart dry memory foam bath mat runner,PHRASE,CAMPAIGN_ARCHIVED,,,,0.80,0,0,,0.00,0.00,0,0.00,
ARCHIVED,extra long bath mat runner,PHRASE,CAMPAIGN_ARCHIVED,,,,0.80,4,0,0,0.00,0.00,0,0.00,
ARCHIVED,memory foam bath mat runner extra long,PHRASE,CAMPAIGN_ARCHIVED,,,,0.80,0,0,,0.00,0.00,0,0.00,
ARCHIVED,plush bath mat runner,PHRASE,CAMPAIGN_ARCHIVED,,,,0.80,1,0,0,0.00,0.00,0,0.00,
ARCHIVED,bath mat runner pattern,PHRASE,CAMPAIGN_ARCHIVED,,,,0.80,0,0,,0.00,0.00,0,0.00,
ARCHIVED,long bath mats runner pink,PHRASE,CAMPAIGN_ARCHIVED,,,,0.80,0,0,,0.00,0.00,0,0.00,
ARCHIVED,bath tub runner mat,PHRASE,CAMPAIGN_ARCHIVED,,,,0.80,0,0,,0.00,0.00,0,0.00,
ARCHIVED,teal bath mat runner,PHRASE,CAMPAIGN_ARCHIVED,,,,0.80,0,0,,0.00,0.00,0,0.00,
ARCHIVED,tan bath mat runner,PHRASE,CAMPAIGN_ARCHIVED,,,,0.80,0,0,,0.00,0.00,0,0.00,
ARCHIVED,narrow bath mat runner,PHRASE,CAMPAIGN_ARCHIVED,,,,0.80,3,0,0,0.00,0.00,0,0.00,
ARCHIVED,navy bath mat runner,PHRASE,CAMPAIGN_ARCHIVED,,,,0.80,1,0,0,0.00,0.00,0,0.00,
ARCHIVED,orange memory foam bath mat runner,PHRASE,CAMPAIGN_ARCHIVED,,,,0.80,0,0,,0.00,0.00,0,0.00,
ARCHIVED,white bath mat runner,PHRASE,CAMPAIGN_ARCHIVED,,,,0.80,2,0,0,0.00,0.00,0,0.00,
ARCHIVED,memory foam bath mat runner white,PHRASE,CAMPAIGN_ARCHIVED,,,,0.80,0,0,,0.00,0.00,0,0.00,
ARCHIVED,bath mat runner set,PHRASE,CAMPAIGN_ARCHIVED,,,,0.80,0,0,,0.00,0.00,0,0.00,
ARCHIVED,southwest runner bath mat,PHRASE,CAMPAIGN_ARCHIVED,,,,0.80,6,0,0,0.00,0.00,0,0.00,
ARCHIVED,shaggy runner bath mat,PHRASE,CAMPAIGN_ARCHIVED,,,,0.80,0,0,,0.00,0.00,0,0.00,
ARCHIVED,xl bath mat runner,PHRASE,CAMPAIGN_ARCHIVED,,,,0.80,1,0,0,0.00,0.00,0,0.00,
ARCHIVED,bath mat black,PHRASE,CAMPAIGN_ARCHIVED,,,,0.80,100,0,0,0.00,0.00,0,0.00,
ARCHIVED,bath mat baby,PHRASE,CAMPAIGN_ARCHIVED,,,,0.80,64,0,0,0.00,0.00,0,0.00,
ARCHIVED,bath mat blue,PHRASE,CAMPAIGN_ARCHIVED,,,,0.80,23,0,0,0.00,0.00,0,0.00,
ARCHIVED,bath mat brown,PHRASE,CAMPAIGN_ARCHIVED,,,,0.80,22,0,0,0.00,0.00,0,0.00,
ARCHIVED,bath mat bamboo,PHRASE,CAMPAIGN_ARCHIVED,,,,0.80,52,0,0,0.00,0.00,0,0.00,
ARCHIVED,bath mat baby non slip,PHRASE,CAMPAIGN_ARCHIVED,,,,0.80,1,0,0,0.00,0.00,0,0.00,
ARCHIVED,bath mat beige,PHRASE,CAMPAIGN_ARCHIVED,,,,0.80,4,0,0,0.00,0.00,0,0.00,
ARCHIVED,bath mat bloody color changing,PHRASE,CAMPAIGN_ARCHIVED,,,,0.80,3,0,0,0.00,0.00,0,0.00,
ARCHIVED,bath mat beach,PHRASE,CAMPAIGN_ARCHIVED,,,,0.80,14,0,0,0.00,0.00,0,0.00,
ARCHIVED,bath mat hanger,PHRASE,CAMPAIGN_ARCHIVED,,,,0.80,1,0,0,0.00,0.00,0,0.00,
ARCHIVED,bath mat japanese,PHRASE,CAMPAIGN_ARCHIVED,,,,0.80,7,0,0,0.00,0.00,0,0.00,
ARCHIVED,bath mat japan,PHRASE,CAMPAIGN_ARCHIVED,,,,0.80,7,0,0,0.00,0.00,0,0.00,
ARCHIVED,bath mat jute,PHRASE,CAMPAIGN_ARCHIVED,,,,0.80,6,0,0,0.00,0.00,0,0.00,
ARCHIVED,bath mat jade,PHRASE,CAMPAIGN_ARCHIVED,,,,0.80,0,0,,0.00,0.00,0,0.00,
ARCHIVED,bath mat jets,PHRASE,CAMPAIGN_ARCHIVED,,,,0.80,10,0,0,0.00,0.00,0,0.00,
ARCHIVED,bath mat jumbo,PHRASE,CAMPAIGN_ARCHIVED,,,,0.80,2,0,0,0.00,0.00,0,0.00,
ARCHIVED,bath mat memory foam,PHRASE,CAMPAIGN_ARCHIVED,,,,0.80,19,0,0,0.00,0.00,0,0.00,
ARCHIVED,bath mat mildew resistant,PHRASE,CAMPAIGN_ARCHIVED,,,,0.80,3,0,0,0.00,0.00,0,0.00,
ARCHIVED,bath mat microfiber,PHRASE,CAMPAIGN_ARCHIVED,,,,0.80,46,0,0,0.00,0.00,0,0.00,
ARCHIVED,bath mat mold resistant,PHRASE,CAMPAIGN_ARCHIVED,,,,0.80,3,0,0,0.00,0.00,0,0.00,
ARCHIVED,bath mat memory foam runner,PHRASE,CAMPAIGN_ARCHIVED,,,,0.80,0,0,,0.00,0.00,0,0.00,
ARCHIVED,bath mat shower,PHRASE,CAMPAIGN_ARCHIVED,,,,0.80,0,0,,0.00,0.00,0,0.00,
ARCHIVED,bath mat shag,PHRASE,CAMPAIGN_ARCHIVED,,,,0.80,1,0,0,0.00,0.00,0,0.00,
ARCHIVED,bath mat sets for bathroom 2 piece,PHRASE,CAMPAIGN_ARCHIVED,,,,0.80,0,0,,0.00,0.00,0,0.00,
ARCHIVED,bath mat purple,PHRASE,CAMPAIGN_ARCHIVED,,,,0.80,55,0,0,0.00,0.00,0,0.00,
ARCHIVED,bath mat pink,PHRASE,CAMPAIGN_ARCHIVED,,,,0.80,46,0,0,0.00,0.00,0,0.00,
ARCHIVED,bath mat pebbles,PHRASE,CAMPAIGN_ARCHIVED,,,,0.80,5,0,0,0.00,0.00,0,0.00,
ARCHIVED,bath mat plush,PHRASE,CAMPAIGN_ARCHIVED,,,,0.80,0,0,,0.00,0.00,0,0.00,
ARCHIVED,bath mat pad,PHRASE,CAMPAIGN_ARCHIVED,,,,0.80,1,0,0,0.00,0.00,0,0.00,
ARCHIVED,bath mat pvc free,PHRASE,CAMPAIGN_ARCHIVED,,,,0.80,9,0,0,0.00,0.00,0,0.00,
ARCHIVED,bath mat pillow,PHRASE,CAMPAIGN_ARCHIVED,,,,0.80,2,0,0,0.00,0.00,0,0.00,
ARCHIVED,bath mat plum,PHRASE,CAMPAIGN_ARCHIVED,,,,0.80,6,0,0,0.00,0.00,0,0.00,
ARCHIVED,bath mat pack,PHRASE,CAMPAIGN_ARCHIVED,,,,0.80,3,0,0,0.00,0.00,0,0.00,
ARCHIVED,bath mat quick dry,PHRASE,CAMPAIGN_ARCHIVED,,,,0.80,5,0,0,0.00,0.00,0,0.00,
ARCHIVED,bath mat quick drying,PHRASE,CAMPAIGN_ARCHIVED,,,,0.80,1,0,0,0.00,0.00,0,0.00,
ARCHIVED,bath mat quote,PHRASE,CAMPAIGN_ARCHIVED,,,,0.80,26,0,0,0.00,0.00,0,0.00,
ARCHIVED,bath mat quilted,PHRASE,CAMPAIGN_ARCHIVED,,,,0.80,0,0,,0.00,0.00,0,0.00,
ARCHIVED,bath mat quick dry washable,PHRASE,CAMPAIGN_ARCHIVED,,,,0.80,0,0,,0.00,0.00,0,0.00,
ARCHIVED,bath mat white,PHRASE,CAMPAIGN_ARCHIVED,,,,0.80,108,0,0,0.00,0.00,0,0.00,
ARCHIVED,bath mat wood,PHRASE,CAMPAIGN_ARCHIVED,,,,0.80,10,0,0,0.00,0.00,0,0.00,
ARCHIVED,bath mat without suction cups,PHRASE,CAMPAIGN_ARCHIVED,,,,0.80,0,0,,0.00,0.00,0,0.00,
ARCHIVED,bath mat with no suction cups,PHRASE,CAMPAIGN_ARCHIVED,,,,0.80,0,0,,0.00,0.00,0,0.00,
ARCHIVED,bath mat with pillow for tub,PHRASE,CAMPAIGN_ARCHIVED,,,,0.80,0,0,,0.00,0.00,0,0.00,
ARCHIVED,bath mat white non slip,PHRASE,CAMPAIGN_ARCHIVED,,,,0.80,0,0,,0.00,0.00,0,0.00,
ARCHIVED,bath mat with rubber backing,PHRASE,CAMPAIGN_ARCHIVED,,,,0.80,2,0,0,0.00,0.00,0,0.00,
ARCHIVED,bath mat whale,PHRASE,CAMPAIGN_ARCHIVED,,,,0.80,11,0,0,0.00,0.00,0,0.00,
ARCHIVED,bloody bath mat when wet changes color,PHRASE,CAMPAIGN_ARCHIVED,,,,0.80,0,0,,0.00,0.00,0,0.00,
ARCHIVED,bath mat vinyl,PHRASE,CAMPAIGN_ARCHIVED,,,,0.80,0,0,,0.00,0.00,0,0.00,
ARCHIVED,bath mat vintage,PHRASE,CAMPAIGN_ARCHIVED,,,,0.80,5,0,0,0.00,0.00,0,0.00,
ARCHIVED,bath mat vive,PHRASE,CAMPAIGN_ARCHIVED,,,,0.80,0,0,,0.00,0.00,0,0.00,
ARCHIVED,bath mat vanity,PHRASE,CAMPAIGN_ARCHIVED,,,,0.80,0,0,,0.00,0.00,0,0.00,
ARCHIVED,bath mats for shower large,PHRASE,CAMPAIGN_ARCHIVED,,,,0.80,0,0,,0.00,0.00,0,0.00,
ARCHIVED,bath mats for shower 16,PHRASE,CAMPAIGN_ARCHIVED,,,,0.80,0,0,,0.00,0.00,0,0.00,
ARCHIVED,bath mat non slip kids,PHRASE,CAMPAIGN_ARCHIVED,,,,0.80,0,0,,0.00,0.00,0,0.00,
ARCHIVED,bath mat non slip bawhoth,PHRASE,CAMPAIGN_ARCHIVED,,,,0.80,0,0,,0.00,0.00,0,0.00,
ARCHIVED,bath mat non slip set,PHRASE,CAMPAIGN_ARCHIVED,,,,0.80,0,0,,0.00,0.00,0,0.00,
ARCHIVED,bath mat non slip sticker,PHRASE,CAMPAIGN_ARCHIVED,,,,0.80,0,0,,0.00,0.00,0,0.00,
ARCHIVED,bath mat non slip pad,PHRASE,CAMPAIGN_ARCHIVED,,,,0.80,0,0,,0.00,0.00,0,0.00,
ARCHIVED,bath mat non slip liner,PHRASE,CAMPAIGN_ARCHIVED,,,,0.80,4,0,0,0.00,0.00,0,0.00,
ARCHIVED,bath rug mat,PHRASE,CAMPAIGN_ARCHIVED,,,,0.80,0,0,,0.00,0.00,0,0.00,
ARCHIVED,bath rug machine washable,PHRASE,CAMPAIGN_ARCHIVED,,,,0.80,0,0,,0.00,0.00,0,0.00,
ARCHIVED,bath rug microfiber,PHRASE,CAMPAIGN_ARCHIVED,,,,0.80,21,0,0,0.00,0.00,0,0.00,
ARCHIVED,bath rug multicolor,PHRASE,CAMPAIGN_ARCHIVED,,,,0.80,25,0,0,0.00,0.00,0,0.00,
ARCHIVED,bath rug yellow,PHRASE,CAMPAIGN_ARCHIVED,,,,0.80,169,0,0,0.00,0.00,0,0.00,
ARCHIVED,bath rug yelloe,PHRASE,CAMPAIGN_ARCHIVED,,,,0.80,0,0,,0.00,0.00,0,0.00,
ARCHIVED,bath rug yellow and gray,PHRASE,CAMPAIGN_ARCHIVED,,,,0.80,0,0,,0.00,0.00,0,0.00,
ARCHIVED,bath rug u shape,PHRASE,CAMPAIGN_ARCHIVED,,,,0.80,37,0,0,0.00,0.00,0,0.00,
ARCHIVED,bath rug under 5 dollars,PHRASE,CAMPAIGN_ARCHIVED,,,,0.80,0,0,,0.00,0.00,0,0.00,
ARCHIVED,bath rug unicorn,PHRASE,CAMPAIGN_ARCHIVED,,,,0.80,5,0,0,0.00,0.00,0,0.00,
ARCHIVED,bath rug u,PHRASE,CAMPAIGN_ARCHIVED,,,,0.80,1,0,0,0.00,0.00,0,0.00,
ARCHIVED,bath rug vintage,PHRASE,CAMPAIGN_ARCHIVED,,,,0.80,7,0,0,0.00,0.00,0,0.00,
ARCHIVED,bath rugs for bathroom non slip set,PHRASE,CAMPAIGN_ARCHIVED,,,,0.80,0,0,,0.00,0.00,0,0.00,
ARCHIVED,bath rugs for bathroom non slip memory foam,PHRASE,CAMPAIGN_ARCHIVED,,,,0.80,0,0,,0.00,0.00,0,0.00,
ARCHIVED,bath rugs for bathroom non slip runner,PHRASE,CAMPAIGN_ARCHIVED,,,,0.80,0,0,,0.00,0.00,0,0.00,
ARCHIVED,bath rugs for bathroom non slip pink,PHRASE,CAMPAIGN_ARCHIVED,,,,0.80,0,0,,0.00,0.00,0,0.00,
ARCHIVED,bath rugs for bathroom non slip yellow,PHRASE,CAMPAIGN_ARCHIVED,,,,0.80,0,0,,0.00,0.00,0,0.00,
ARCHIVED,bathroom mat blue grey,PHRASE,CAMPAIGN_ARCHIVED,,,,0.80,2,0,0,0.00,0.00,0,0.00,
ARCHIVED,bathroom mat black memory foam,PHRASE,CAMPAIGN_ARCHIVED,,,,0.80,0,0,,0.00,0.00,0,0.00,
ARCHIVED,bathroom mat dog,PHRASE,CAMPAIGN_ARCHIVED,,,,0.80,0,0,,0.00,0.00,0,0.00,
ARCHIVED,bathroom mat dry,PHRASE,CAMPAIGN_ARCHIVED,,,,0.80,0,0,,0.00,0.00,0,0.00,
ARCHIVED,bathroom mat decorative,PHRASE,CAMPAIGN_ARCHIVED,,,,0.80,13,0,0,0.00,0.00,0,0.00,
ARCHIVED,bathroom mat dry fast,PHRASE,CAMPAIGN_ARCHIVED,,,,0.80,15,0,0,0.00,0.00,0,0.00,
ARCHIVED,bathroom mat diatomite,PHRASE,CAMPAIGN_ARCHIVED,,,,0.80,4,0,0,0.00,0.00,0,0.00,
ARCHIVED,bathroom mat dark green,PHRASE,CAMPAIGN_ARCHIVED,,,,0.80,2,0,0,0.00,0.00,0,0.00,
ARCHIVED,bathroom mat design,PHRASE,CAMPAIGN_ARCHIVED,,,,0.80,12,0,0,0.00,0.00,0,0.00,
ARCHIVED,bathroom mat designer,PHRASE,CAMPAIGN_ARCHIVED,,,,0.80,2,0,0,0.00,0.00,0,0.00,
ARCHIVED,bathroom mat dragon,PHRASE,CAMPAIGN_ARCHIVED,,,,0.80,0,0,,0.00,0.00,0,0.00,
ARCHIVED,bathroom mat double sink,PHRASE,CAMPAIGN_ARCHIVED,,,,0.80,2,0,0,0.00,0.00,0,0.00,
ARCHIVED,bathroom mat extra long,PHRASE,CAMPAIGN_ARCHIVED,,,,0.80,8,0,0,0.00,0.00,0,0.00,
ARCHIVED,bathroom mat extra large,PHRASE,CAMPAIGN_ARCHIVED,,,,0.80,0,0,,0.00,0.00,0,0.00,
ARCHIVED,bathroom mat eggplant,PHRASE,CAMPAIGN_ARCHIVED,,,,0.80,1,0,0,0.00,0.00,0,0.00,
ARCHIVED,bathroom mat earth,PHRASE,CAMPAIGN_ARCHIVED,,,,0.80,0,0,,0.00,0.00,0,0.00,
ARCHIVED,bathroom mat grey,PHRASE,CAMPAIGN_ARCHIVED,,,,0.80,49,0,0,0.00,0.00,0,0.00,
ARCHIVED,bathroom mat gripper,PHRASE,CAMPAIGN_ARCHIVED,,,,0.80,28,0,0,0.00,0.00,0,0.00,
ARCHIVED,bathroom mat gold,PHRASE,CAMPAIGN_ARCHIVED,,,,0.80,49,0,0,0.00,0.00,0,0.00,
ARCHIVED,bathroom mat grip,PHRASE,CAMPAIGN_ARCHIVED,,,,0.80,0,0,,0.00,0.00,0,0.00,
ARCHIVED,bathroom mat gorilla,PHRASE,CAMPAIGN_ARCHIVED,,,,0.80,0,0,,0.00,0.00,0,0.00,
ARCHIVED,bathroom mat geek,PHRASE,CAMPAIGN_ARCHIVED,,,,0.80,0,0,,0.00,0.00,0,0.00,
ARCHIVED,bathroom mat geometric,PHRASE,CAMPAIGN_ARCHIVED,,,,0.80,2,0,0,0.00,0.00,0,0.00,
ARCHIVED,bathroom mat girl,PHRASE,CAMPAIGN_ARCHIVED,,,,0.80,34,0,0,0.00,0.00,0,0.00,
ARCHIVED,bathroom mat mermaid,PHRASE,CAMPAIGN_ARCHIVED,,,,0.80,6,0,0,0.00,0.00,0,0.00,
ARCHIVED,bathroom mat machine washable,PHRASE,CAMPAIGN_ARCHIVED,,,,0.80,0,0,,0.00,0.00,0,0.00,
ARCHIVED,bathroom mat memory foam grey,PHRASE,CAMPAIGN_ARCHIVED,,,,0.80,1,0,0,0.00,0.00,0,0.00,
ARCHIVED,bathroom mat memory foam purple,PHRASE,CAMPAIGN_ARCHIVED,,,,0.80,2,0,0,0.00,0.00,0,0.00,
ARCHIVED,bathroom mat memory foam brown,PHRASE,CAMPAIGN_ARCHIVED,,,,0.80,0,0,,0.00,0.00,0,0.00,
ARCHIVED,bathroom mat mint,PHRASE,CAMPAIGN_ARCHIVED,,,,0.80,14,0,0,0.00,0.00,0,0.00,
ARCHIVED,bathroom mat memory foam teal,PHRASE,CAMPAIGN_ARCHIVED,,,,0.80,0,0,,0.00,0.00,0,0.00,
ARCHIVED,bathroom mat ivory,PHRASE,CAMPAIGN_ARCHIVED,,,,0.80,12,0,0,0.00,0.00,0,0.00,
ARCHIVED,bathroom mat ikea,PHRASE,CAMPAIGN_ARCHIVED,,,,0.80,3,0,0,0.00,0.00,0,0.00,
ARCHIVED,bathroom mat in white,PHRASE,CAMPAIGN_ARCHIVED,,,,0.80,0,0,,0.00,0.00,0,0.00,
ARCHIVED,bathroom mat kids,PHRASE,CAMPAIGN_ARCHIVED,,,,0.80,0,0,,0.00,0.00,0,0.00,
ARCHIVED,bathroom mat kit,PHRASE,CAMPAIGN_ARCHIVED,,,,0.80,11,0,0,0.00,0.00,0,0.00,
ARCHIVED,bathroom mat quick dry,PHRASE,CAMPAIGN_ARCHIVED,,,,0.80,6,0,0,0.00,0.00,0,0.00,
ARCHIVED,bathroom mat quick dry anti,PHRASE,CAMPAIGN_ARCHIVED,,,,0.80,0,0,,0.00,0.00,0,0.00,
ARCHIVED,bathroom mat quotes,PHRASE,CAMPAIGN_ARCHIVED,,,,0.80,1,0,0,0.00,0.00,0,0.00,
ARCHIVED,bathroom mat u shape,PHRASE,CAMPAIGN_ARCHIVED,,,,0.80,25,0,0,0.00,0.00,0,0.00,
ARCHIVED,bathroom mat under door,PHRASE,CAMPAIGN_ARCHIVED,,,,0.80,3,0,0,0.00,0.00,0,0.00,
ARCHIVED,bathroom mat u shaped,PHRASE,CAMPAIGN_ARCHIVED,,,,0.80,3,0,0,0.00,0.00,0,0.00,
ARCHIVED,bathroom mat unicorn,PHRASE,CAMPAIGN_ARCHIVED,,,,0.80,1,0,0,0.00,0.00,0,0.00,
ARCHIVED,bathroom mat under 10,PHRASE,CAMPAIGN_ARCHIVED,,,,0.80,19,0,0,0.00,0.00,0,0.00,
ARCHIVED,bathroom mat large,PHRASE,CAMPAIGN_ARCHIVED,,,,0.80,18,0,0,0.00,0.00,0,0.00,
ARCHIVED,bathroom mat long,PHRASE,CAMPAIGN_ARCHIVED,,,,0.80,68,0,0,0.00,0.00,0,0.00,
ARCHIVED,bathroom mat light blue,PHRASE,CAMPAIGN_ARCHIVED,,,,0.80,3,0,0,0.00,0.00,0,0.00,
ARCHIVED,bathroom mat large memory foam,PHRASE,CAMPAIGN_ARCHIVED,,,,0.80,2,0,0,0.00,0.00,0,0.00,
ARCHIVED,bathroom mat large square,PHRASE,CAMPAIGN_ARCHIVED,,,,0.80,1,0,0,0.00,0.00,0,0.00,
ARCHIVED,bathroom mat lime green,PHRASE,CAMPAIGN_ARCHIVED,,,,0.80,3,0,0,0.00,0.00,0,0.00,
ARCHIVED,bathroom mat lacoste,PHRASE,CAMPAIGN_ARCHIVED,,,,0.80,0,0,,0.00,0.00,0,0.00,
ARCHIVED,bathroom mat light pink,PHRASE,CAMPAIGN_ARCHIVED,,,,0.80,1,0,0,0.00,0.00,0,0.00,
ARCHIVED,bathroom mat non slip,PHRASE,CAMPAIGN_ARCHIVED,,,,0.80,0,0,,0.00,0.00,0,0.00,
ARCHIVED,bathroom mat navy,PHRASE,CAMPAIGN_ARCHIVED,,,,0.80,16,0,0,0.00,0.00,0,0.00,
ARCHIVED,bathroom mat nonslip mildew resistant,PHRASE,CAMPAIGN_ARCHIVED,,,,0.80,1,0,0,0.00,0.00,0,0.00,
ARCHIVED,bathroom mat natural,PHRASE,CAMPAIGN_ARCHIVED,,,,0.80,0,0,,0.00,0.00,0,0.00,
ARCHIVED,bathroom mat no slip,PHRASE,CAMPAIGN_ARCHIVED,,,,0.80,2,0,0,0.00,0.00,0,0.00,
ARCHIVED,bathroom mat navy blue,PHRASE,CAMPAIGN_ARCHIVED,,,,0.80,2,0,0,0.00,0.00,0,0.00,
ARCHIVED,bathroom mat no mildew,PHRASE,CAMPAIGN_ARCHIVED,,,,0.80,0,0,,0.00,0.00,0,0.00,
ARCHIVED,bathroom mat non slip thin,PHRASE,CAMPAIGN_ARCHIVED,,,,0.80,10,0,0,0.00,0.00,0,0.00,
ARCHIVED,bathroom mat nautical,PHRASE,CAMPAIGN_ARCHIVED,,,,0.80,12,0,0,0.00,0.00,0,0.00,
ARCHIVED,bathroom mat nonslip,PHRASE,CAMPAIGN_ARCHIVED,,,,0.80,1,0,0,0.00,0.00,0,0.00,
ARCHIVED,bathroom mat japanese,PHRASE,CAMPAIGN_ARCHIVED,,,,0.80,1,0,0,0.00,0.00,0,0.00,
ARCHIVED,bathroom mat runner,PHRASE,CAMPAIGN_ARCHIVED,,,,0.80,76,0,0,0.00,0.00,0,0.00,
ARCHIVED,bathroom mat rubber,PHRASE,CAMPAIGN_ARCHIVED,,,,0.80,3,0,0,0.00,0.00,0,0.00,
ARCHIVED,bathroom mat round,PHRASE,CAMPAIGN_ARCHIVED,,,,0.80,43,0,0,0.00,0.00,0,0.00,
ARCHIVED,bathroom mat runner set,PHRASE,CAMPAIGN_ARCHIVED,,,,0.80,21,0,0,0.00,0.00,0,0.00,
ARCHIVED,bathroom mat rose,PHRASE,CAMPAIGN_ARCHIVED,,,,0.80,11,0,0,0.00,0.00,0,0.00,
ARCHIVED,bathroom mat runner memory foam,PHRASE,CAMPAIGN_ARCHIVED,,,,0.80,0,0,,0.00,0.00,0,0.00,
ARCHIVED,bathroom mat rubber back,PHRASE,CAMPAIGN_ARCHIVED,,,,0.80,5,0,0,0.00,0.00,0,0.00,
ARCHIVED,bathroom mat runner rug,PHRASE,CAMPAIGN_ARCHIVED,,,,0.80,0,0,,0.00,0.00,0,0.00,
ARCHIVED,vera wang bathroom mat,PHRASE,CAMPAIGN_ARCHIVED,,,,0.80,23,0,0,0.00,0.00,0,0.00,
ARCHIVED,vintage bathroom rugs and mats sets,PHRASE,CAMPAIGN_ARCHIVED,,,,0.80,0,0,,0.00,0.00,0,0.00,
ARCHIVED,vdomus non-slip microfiber shag bathroom mat,PHRASE,CAMPAIGN_ARCHIVED,,,,0.80,0,0,,0.00,0.00,0,0.00,
ARCHIVED,bathroom mat washable,PHRASE,CAMPAIGN_ARCHIVED,,,,0.80,75,0,0,0.00,0.00,0,0.00,
ARCHIVED,bathroom mat wood,PHRASE,CAMPAIGN_ARCHIVED,,,,0.80,27,0,0,0.00,0.00,0,0.00,
ARCHIVED,bathroom mat waterproof,PHRASE,CAMPAIGN_ARCHIVED,,,,0.80,11,0,0,0.00,0.00,0,0.00,
ARCHIVED,bathroom mat wooden,PHRASE,CAMPAIGN_ARCHIVED,,,,0.80,7,0,0,0.00,0.00,0,0.00,
ARCHIVED,bathroom mat water absorbent,PHRASE,CAMPAIGN_ARCHIVED,,,,0.80,6,0,0,0.00,0.00,0,0.00,
ARCHIVED,bathroom mat wood design,PHRASE,CAMPAIGN_ARCHIVED,,,,0.80,0,0,,0.00,0.00,0,0.00,
ARCHIVED,bathroom mat water,PHRASE,CAMPAIGN_ARCHIVED,,,,0.80,1,0,0,0.00,0.00,0,0.00,
ARCHIVED,bathroom mat water resistant,PHRASE,CAMPAIGN_ARCHIVED,,,,0.80,1,0,0,0.00,0.00,0,0.00,
ARCHIVED,bathroom mat with letter,PHRASE,CAMPAIGN_ARCHIVED,,,,0.80,1,0,0,0.00,0.00,0,0.00,
ARCHIVED,bathroom mat toilet,PHRASE,CAMPAIGN_ARCHIVED,,,,0.80,0,0,,0.00,0.00,0,0.00,
ARCHIVED,bathroom mat tan,PHRASE,CAMPAIGN_ARCHIVED,,,,0.80,4,0,0,0.00,0.00,0,0.00,
ARCHIVED,bathroom rug grippers,PHRASE,CAMPAIGN_ARCHIVED,,,,0.80,10,0,0,0.00,0.00,0,0.00,