﻿State,Keyword,Match type,Status,Suggested bid (low)(USD),Suggested bid (median)(USD),Suggested bid (high)(USD),Keyword bid(USD),Impressions,Clicks,CTR(%),Spend(USD),CPC(USD),Orders,Sales(USD),ACOS(%)
ARCHIVED,bath mat,BROAD,CAMPAIGN_ARCHIVED,,,,0.85,83701,358,0.4277,223.60,0.62,7,321.23,69.6074
ARCHIVED,area rugs,BROAD,CAMPAIGN_ARCHIVED,,,,1.00,259958,272,0.1046,165.04,0.61,4,263.56,62.6195
ARCHIVED,bath mats for bathroom,BROAD,CAMPAIGN_ARCHIVED,,,,1.00,18635,95,0.5098,73.25,0.77,1,45.89,159.6208
ARCHIVED,bathroom rugs,BROAD,CAMPAIGN_ARCHIVED,,,,0.55,33752,126,0.3733,72.61,0.58,1,45.89,158.2262
ARCHIVED,rug,BROAD,CAMPAIGN_ARCHIVED,,,,0.57,79828,189,0.2368,72.19,0.38,3,233.55,30.9099
ARCHIVED,throw rugs,PHRASE,CAMPAIGN_ARCHIVED,,,,1.00,44390,89,0.2005,52.64,0.59,0,0.00,
ARCHIVED,bathroom,BROAD,CAMPAIGN_ARCHIVED,,,,1.00,11888,72,0.6057,40.14,0.56,0,0.00,
ARCHIVED,carpet,BROAD,CAMPAIGN_ARCHIVED,,,,0.74,9076,57,0.628,39.62,0.70,0,0.00,
ARCHIVED,rubber mat,BROAD,CAMPAIGN_ARCHIVED,,,,1.10,42177,49,0.1162,34.67,0.71,3,131.77,26.311
ARCHIVED,thick rug,BROAD,CAMPAIGN_ARCHIVED,,,,1.00,18563,47,0.2532,31.43,0.67,0,0.00,
ARCHIVED,bath rug,BROAD,CAMPAIGN_ARCHIVED,,,,0.50,14426,40,0.2773,24.13,0.60,0,0.00,
ARCHIVED,microfiber rug,BROAD,CAMPAIGN_ARCHIVED,,,,1.00,14361,23,0.1602,16.41,0.71,0,0.00,
ARCHIVED,non slip area rug,BROAD,CAMPAIGN_ARCHIVED,,,,1.47,19561,15,0.0767,16.16,1.08,0,0.00,
ARCHIVED,thick,BROAD,CAMPAIGN_ARCHIVED,,,,1.00,17772,27,0.1519,16.14,0.60,0,0.00,
ARCHIVED,throw,BROAD,CAMPAIGN_ARCHIVED,,,,1.00,15379,18,0.117,12.37,0.69,0,0.00,
ARCHIVED,throw rugs,BROAD,CAMPAIGN_ARCHIVED,,,,1.00,41555,20,0.0481,11.51,0.58,0,0.00,
ARCHIVED,bathroom mat,BROAD,CAMPAIGN_ARCHIVED,,,,0.56,5410,21,0.3882,10.96,0.52,0,0.00,
ARCHIVED,non slip bath rug,BROAD,CAMPAIGN_ARCHIVED,,,,0.90,5701,20,0.3508,10.90,0.55,3,183.56,5.9381
ARCHIVED,bath carpet,BROAD,CAMPAIGN_ARCHIVED,,,,1.00,6556,16,0.2441,9.96,0.62,1,35.99,27.6744
ARCHIVED,runner rug,BROAD,CAMPAIGN_ARCHIVED,,,,0.50,11681,24,0.2055,9.92,0.41,0,0.00,
ARCHIVED,rug mat,BROAD,CAMPAIGN_ARCHIVED,,,,0.77,7526,15,0.1993,8.09,0.54,0,0.00,
ARCHIVED,anti slip,BROAD,CAMPAIGN_ARCHIVED,,,,1.00,10891,11,0.101,7.78,0.71,0,0.00,
ARCHIVED,non slip rug,BROAD,CAMPAIGN_ARCHIVED,,,,0.73,6097,14,0.2296,6.20,0.44,0,0.00,
ARCHIVED,runner,BROAD,CAMPAIGN_ARCHIVED,,,,0.52,2995,10,0.3339,6.14,0.61,0,0.00,
ARCHIVED,luxury,BROAD,CAMPAIGN_ARCHIVED,,,,0.70,3260,14,0.4294,5.79,0.41,0,0.00,
ARCHIVED,moroccan rug,BROAD,CAMPAIGN_ARCHIVED,,,,0.66,423,9,2.1277,5.36,0.60,0,0.00,
ARCHIVED,anti slip mat,BROAD,CAMPAIGN_ARCHIVED,,,,1.00,3588,7,0.1951,5.30,0.76,0,0.00,
ARCHIVED,wooden bath mats,BROAD,CAMPAIGN_ARCHIVED,,,,1.00,1194,7,0.5863,4.92,0.70,0,0.00,
ARCHIVED,girls rug,BROAD,CAMPAIGN_ARCHIVED,,,,0.48,1387,7,0.5047,4.61,0.66,0,0.00,
ARCHIVED,fluffy bath mat,BROAD,CAMPAIGN_ARCHIVED,,,,0.90,819,7,0.8547,4.48,0.64,1,39.99,11.2028
ARCHIVED,girls room,BROAD,CAMPAIGN_ARCHIVED,,,,0.49,2405,8,0.3326,4.39,0.55,0,0.00,
ARCHIVED,non slip bath mat,BROAD,CAMPAIGN_ARCHIVED,,,,0.83,1165,7,0.6009,4.35,0.62,0,0.00,
ARCHIVED,absorbent bath mat,BROAD,CAMPAIGN_ARCHIVED,,,,1.00,1985,6,0.3023,4.23,0.71,1,39.99,10.5776
ARCHIVED,mat,BROAD,CAMPAIGN_ARCHIVED,,,,1.00,3439,6,0.1745,4.09,0.68,0,0.00,
ARCHIVED,non slip,BROAD,CAMPAIGN_ARCHIVED,,,,0.68,10973,8,0.0729,3.90,0.49,0,0.00,
ARCHIVED,fluffy rug,BROAD,CAMPAIGN_ARCHIVED,,,,0.36,1927,5,0.2595,3.82,0.76,0,0.00,
ARCHIVED,bath rugs for bathroom,BROAD,CAMPAIGN_ARCHIVED,,,,0.50,847,5,0.5903,3.43,0.69,0,0.00,
ARCHIVED,round rug,BROAD,CAMPAIGN_ARCHIVED,,,,0.41,3647,8,0.2194,3.39,0.42,0,0.00,
ARCHIVED,bathroom mats and rugs,BROAD,CAMPAIGN_ARCHIVED,,,,0.55,1544,5,0.3238,3.39,0.68,0,0.00,
ARCHIVED,bathroom carpet,BROAD,CAMPAIGN_ARCHIVED,,,,0.56,2244,13,0.5793,3.38,0.26,0,0.00,
ARCHIVED,bedside,BROAD,CAMPAIGN_ARCHIVED,,,,0.38,921,6,0.6515,3.31,0.55,0,0.00,
ARCHIVED,area rug runner,BROAD,CAMPAIGN_ARCHIVED,,,,1.00,6400,4,0.0625,3.23,0.81,0,0.00,
ARCHIVED,pink rug,BROAD,CAMPAIGN_ARCHIVED,,,,0.43,2228,5,0.2244,2.93,0.59,0,0.00,
ARCHIVED,room rug,BROAD,CAMPAIGN_ARCHIVED,,,,0.38,1528,6,0.3927,2.56,0.43,0,0.00,
ARCHIVED,non skid rugs,BROAD,CAMPAIGN_ARCHIVED,,,,0.58,5099,4,0.0784,2.31,0.58,0,0.00,
ARCHIVED,shag rug,BROAD,CAMPAIGN_ARCHIVED,,,,0.37,1339,4,0.2987,2.25,0.56,0,0.00,
ARCHIVED,throw rugs runners,PHRASE,CAMPAIGN_ARCHIVED,,,,1.00,2010,4,0.199,2.09,0.52,0,0.00,
ARCHIVED,rubber back rugs,BROAD,CAMPAIGN_ARCHIVED,,,,0.66,2466,4,0.1622,1.94,0.49,0,0.00,
ARCHIVED,pink bathroom rugs,BROAD,CAMPAIGN_ARCHIVED,,,,0.46,530,4,0.7547,1.94,0.49,0,0.00,
ARCHIVED,shag,BROAD,CAMPAIGN_ARCHIVED,,,,0.84,3096,4,0.1292,1.87,0.47,0,0.00,
ARCHIVED,non slip mat,BROAD,CAMPAIGN_ARCHIVED,,,,0.70,1468,3,0.2044,1.84,0.61,0,0.00,
ARCHIVED,throw rugs living room,PHRASE,CAMPAIGN_ARCHIVED,,,,1.00,1510,3,0.1987,1.81,0.60,0,0.00,
ARCHIVED,pink shag rug,BROAD,CAMPAIGN_ARCHIVED,,,,0.80,330,3,0.9091,1.65,0.55,1,65.89,2.5042
ARCHIVED,girls room rug,BROAD,CAMPAIGN_ARCHIVED,,,,0.39,1154,2,0.1733,1.54,0.77,0,0.00,
ARCHIVED,microfiber mat,BROAD,CAMPAIGN_ARCHIVED,,,,0.63,547,3,0.5484,1.42,0.47,0,0.00,
ARCHIVED,modern rug,BROAD,CAMPAIGN_ARCHIVED,,,,0.68,487,4,0.8214,1.36,0.34,2,119.97,1.1336
ARCHIVED,throw rugs for bedroom,PHRASE,CAMPAIGN_ARCHIVED,,,,1.00,1090,2,0.1835,1.26,0.63,0,0.00,
ARCHIVED,fluffy carpet,BROAD,CAMPAIGN_ARCHIVED,,,,0.36,391,2,0.5115,1.25,0.63,0,0.00,
ARCHIVED,bathroom runner,BROAD,CAMPAIGN_ARCHIVED,,,,0.45,1062,2,0.1883,1.24,0.62,0,0.00,
ARCHIVED,runner mat,BROAD,CAMPAIGN_ARCHIVED,,,,0.60,1133,2,0.1765,1.16,0.58,0,0.00,
ARCHIVED,shag bathroom rugs,BROAD,CAMPAIGN_ARCHIVED,,,,0.50,37,2,5.4054,1.09,0.54,0,0.00,
ARCHIVED,rubber bath mat,BROAD,CAMPAIGN_ARCHIVED,,,,0.75,499,1,0.2004,1.00,1.00,0,0.00,
ARCHIVED,girls area rug,BROAD,CAMPAIGN_ARCHIVED,,,,0.41,88,1,1.1364,0.99,0.99,0,0.00,
ARCHIVED,fluffy bathroom rugs,BROAD,CAMPAIGN_ARCHIVED,,,,0.46,172,1,0.5814,0.94,0.94,0,0.00,
ARCHIVED,pink runner,BROAD,CAMPAIGN_ARCHIVED,,,,0.55,188,2,1.0638,0.94,0.47,0,0.00,
ARCHIVED,house rugs,BROAD,CAMPAIGN_ARCHIVED,,,,0.72,296,2,0.6757,0.87,0.44,0,0.00,
ARCHIVED,soft area rug,BROAD,CAMPAIGN_ARCHIVED,,,,1.00,2079,2,0.0962,0.83,0.42,0,0.00,
ARCHIVED,round bathroom rug,BROAD,CAMPAIGN_ARCHIVED,,,,0.44,589,2,0.3396,0.78,0.39,0,0.00,
ARCHIVED,microfiber,BROAD,CAMPAIGN_ARCHIVED,,,,1.00,265,1,0.3774,0.75,0.75,0,0.00,
ARCHIVED,soft shag rug,BROAD,CAMPAIGN_ARCHIVED,,,,1.00,301,1,0.3322,0.71,0.71,0,0.00,
ARCHIVED,non slip runner rug,BROAD,CAMPAIGN_ARCHIVED,,,,0.69,891,2,0.2245,0.68,0.34,0,0.00,
ARCHIVED,stand up shower mat,PHRASE,CAMPAIGN_ARCHIVED,,,,1.00,70,1,1.4286,0.68,0.68,0,0.00,
ARCHIVED,shag runner,BROAD,CAMPAIGN_ARCHIVED,,,,0.47,346,1,0.289,0.66,0.66,0,0.00,
ARCHIVED,microfiber bath mat,BROAD,CAMPAIGN_ARCHIVED,,,,0.64,195,1,0.5128,0.62,0.62,2,91.78,0.6755
ARCHIVED,bath tub jacuzzi mat,PHRASE,CAMPAIGN_ARCHIVED,,,,1.00,49,1,2.0408,0.58,0.58,0,0.00,
ARCHIVED,bathroom area rug,BROAD,CAMPAIGN_ARCHIVED,,,,0.55,68,1,1.4706,0.55,0.55,0,0.00,
ARCHIVED,carpet rug,BROAD,CAMPAIGN_ARCHIVED,,,,0.50,669,1,0.1495,0.54,0.54,0,0.00,
ARCHIVED,bathroom runner rug,BROAD,CAMPAIGN_ARCHIVED,,,,0.50,529,1,0.189,0.50,0.50,0,0.00,
ARCHIVED,anti slip bath mat,BROAD,CAMPAIGN_ARCHIVED,,,,1.00,1041,1,0.0961,0.49,0.49,0,0.00,
ARCHIVED,throw rugs non skid,PHRASE,CAMPAIGN_ARCHIVED,,,,1.00,338,1,0.2959,0.48,0.48,0,0.00,
ARCHIVED,round mat,BROAD,CAMPAIGN_ARCHIVED,,,,0.46,408,1,0.2451,0.46,0.46,0,0.00,
ARCHIVED,throw rugs green,PHRASE,CAMPAIGN_ARCHIVED,,,,1.00,88,1,1.1364,0.46,0.46,0,0.00,
ARCHIVED,throw rugs girls,PHRASE,CAMPAIGN_ARCHIVED,,,,1.00,286,1,0.3497,0.41,0.41,0,0.00,
ARCHIVED,throw rugs for laundry room,PHRASE,CAMPAIGN_ARCHIVED,,,,1.00,60,1,1.6667,0.37,0.37,0,0.00,
ARCHIVED,carpet mat,BROAD,CAMPAIGN_ARCHIVED,,,,0.60,528,3,0.5682,0.36,0.12,0,0.00,
ARCHIVED,throw rugs shag,PHRASE,CAMPAIGN_ARCHIVED,,,,1.00,54,1,1.8519,0.18,0.18,0,0.00,
ARCHIVED,bedside rug,BROAD,CAMPAIGN_ARCHIVED,,,,0.30,352,1,0.2841,0.16,0.16,0,0.00,
ARCHIVED,tub mat anti mold,PHRASE,CAMPAIGN_ARCHIVED,,,,1.00,7,1,14.2857,0.02,0.02,0,0.00,
ARCHIVED,throw rugs machine washable,PHRASE,CAMPAIGN_ARCHIVED,,,,1.00,45,0,0,0.00,0.00,0,0.00,
ARCHIVED,throw rugs made in usa,PHRASE,CAMPAIGN_ARCHIVED,,,,1.00,0,0,,0.00,0.00,0,0.00,
ARCHIVED,throw rugs for bathroom,PHRASE,CAMPAIGN_ARCHIVED,,,,1.00,325,0,0,0.00,0.00,0,0.00,
ARCHIVED,throw rugs for classroom,PHRASE,CAMPAIGN_ARCHIVED,,,,1.00,42,0,0,0.00,0.00,0,0.00,
ARCHIVED,throw rugs for teen bedroom,PHRASE,CAMPAIGN_ARCHIVED,,,,1.00,3,0,0,0.00,0.00,0,0.00,
ARCHIVED,throw rugs furry,PHRASE,CAMPAIGN_ARCHIVED,,,,1.00,2,0,0,0.00,0.00,0,0.00,
ARCHIVED,throw rugs doorway,PHRASE,CAMPAIGN_ARCHIVED,,,,1.00,40,0,0,0.00,0.00,0,0.00,
ARCHIVED,throw rugs door mat,PHRASE,CAMPAIGN_ARCHIVED,,,,1.00,18,0,0,0.00,0.00,0,0.00,
ARCHIVED,throw rugs dark brown,PHRASE,CAMPAIGN_ARCHIVED,,,,1.00,10,0,0,0.00,0.00,0,0.00,
ARCHIVED,throw rugs indoor outdoor,PHRASE,CAMPAIGN_ARCHIVED,,,,1.00,1,0,0,0.00,0.00,0,0.00,
ARCHIVED,throw rugs in black,PHRASE,CAMPAIGN_ARCHIVED,,,,1.00,53,0,0,0.00,0.00,0,0.00,
ARCHIVED,throw rugs in plum,PHRASE,CAMPAIGN_ARCHIVED,,,,1.00,14,0,0,0.00,0.00,0,0.00,
ARCHIVED,throw rugs ivory,PHRASE,CAMPAIGN_ARCHIVED,,,,1.00,3,0,0,0.00,0.00,0,0.00,
ARCHIVED,throw rugs teal,PHRASE,CAMPAIGN_ARCHIVED,,,,1.00,101,0,0,0.00,0.00,0,0.00,
ARCHIVED,throw rugs that look like wood,PHRASE,CAMPAIGN_ARCHIVED,,,,1.00,0,0,,0.00,0.00,0,0.00,
ARCHIVED,throw rugs that look like stairs,PHRASE,CAMPAIGN_ARCHIVED,,,,1.00,0,0,,0.00,0.00,0,0.00,
ARCHIVED,throw rugs three piece,PHRASE,CAMPAIGN_ARCHIVED,,,,1.00,0,0,,0.00,0.00,0,0.00,
ARCHIVED,throw rugs violet green,PHRASE,CAMPAIGN_ARCHIVED,,,,1.00,0,0,,0.00,0.00,0,0.00,
ARCHIVED,throw rugs red,PHRASE,CAMPAIGN_ARCHIVED,,,,1.00,192,0,0,0.00,0.00,0,0.00,
ARCHIVED,throw rugs rubber backing,PHRASE,CAMPAIGN_ARCHIVED,,,,1.00,53,0,0,0.00,0.00,0,0.00,
ARCHIVED,throw rugs round,PHRASE,CAMPAIGN_ARCHIVED,,,,1.00,131,0,0,0.00,0.00,0,0.00,
ARCHIVED,throw rugs rubber backed,PHRASE,CAMPAIGN_ARCHIVED,,,,1.00,207,0,0,0.00,0.00,0,0.00,
ARCHIVED,throw rugs runner with rubber backing,PHRASE,CAMPAIGN_ARCHIVED,,,,1.00,0,0,,0.00,0.00,0,0.00,
ARCHIVED,throw rugs rustic,PHRASE,CAMPAIGN_ARCHIVED,,,,1.00,40,0,0,0.00,0.00,0,0.00,
ARCHIVED,throw rugs rag,PHRASE,CAMPAIGN_ARCHIVED,,,,1.00,5,0,0,0.00,0.00,0,0.00,
ARCHIVED,throw rugs red and blue,PHRASE,CAMPAIGN_ARCHIVED,,,,1.00,0,0,,0.00,0.00,0,0.00,
ARCHIVED,throw rugs reversible,PHRASE,CAMPAIGN_ARCHIVED,,,,1.00,4,0,0,0.00,0.00,0,0.00,
ARCHIVED,throw rugs under 20,PHRASE,CAMPAIGN_ARCHIVED,,,,1.00,1,0,0,0.00,0.00,0,0.00,
ARCHIVED,quote throw rug,PHRASE,CAMPAIGN_ARCHIVED,,,,1.00,0,0,,0.00,0.00,0,0.00,
ARCHIVED,throw rugs large,PHRASE,CAMPAIGN_ARCHIVED,,,,1.00,12,0,0,0.00,0.00,0,0.00,
ARCHIVED,throw rugs living room clearance,PHRASE,CAMPAIGN_ARCHIVED,,,,1.00,0,0,,0.00,0.00,0,0.00,
ARCHIVED,throw rugs living room large,PHRASE,CAMPAIGN_ARCHIVED,,,,1.00,0,0,,0.00,0.00,0,0.00,
ARCHIVED,throw rugs lavender,PHRASE,CAMPAIGN_ARCHIVED,,,,1.00,4,0,0,0.00,0.00,0,0.00,
ARCHIVED,throw rugs low profile,PHRASE,CAMPAIGN_ARCHIVED,,,,1.00,0,0,,0.00,0.00,0,0.00,
ARCHIVED,throw rugs long,PHRASE,CAMPAIGN_ARCHIVED,,,,1.00,10,0,0,0.00,0.00,0,0.00,
ARCHIVED,throw rugs light brown,PHRASE,CAMPAIGN_ARCHIVED,,,,1.00,1,0,0,0.00,0.00,0,0.00,
ARCHIVED,throw rugs jute,PHRASE,CAMPAIGN_ARCHIVED,,,,1.00,5,0,0,0.00,0.00,0,0.00,
ARCHIVED,throw rugs ocean,PHRASE,CAMPAIGN_ARCHIVED,,,,1.00,6,0,0,0.00,0.00,0,0.00,
ARCHIVED,throw rugs on sale,PHRASE,CAMPAIGN_ARCHIVED,,,,1.00,0,0,,0.00,0.00,0,0.00,
ARCHIVED,throw rugs orange,PHRASE,CAMPAIGN_ARCHIVED,,,,1.00,25,0,0,0.00,0.00,0,0.00,
ARCHIVED,throw rugs outdoor,PHRASE,CAMPAIGN_ARCHIVED,,,,1.00,3,0,0,0.00,0.00,0,0.00,
ARCHIVED,throw rugs oval,PHRASE,CAMPAIGN_ARCHIVED,,,,1.00,34,0,0,0.00,0.00,0,0.00,
ARCHIVED,shower mat soft,PHRASE,CAMPAIGN_ARCHIVED,,,,0.91,111,0,0,0.00,0.00,0,0.00,
ARCHIVED,shower mat square extra large,PHRASE,CAMPAIGN_ARCHIVED,,,,0.95,17,0,0,0.00,0.00,0,0.00,
ARCHIVED,shower mat square non slip,PHRASE,CAMPAIGN_ARCHIVED,,,,0.60,0,0,,0.00,0.00,0,0.00,
ARCHIVED,shower mat sets for bathroom,PHRASE,CAMPAIGN_ARCHIVED,,,,0.80,1,0,0,0.00,0.00,0,0.00,
ARCHIVED,shower mat sets,PHRASE,CAMPAIGN_ARCHIVED,,,,0.49,0,0,,0.00,0.00,0,0.00,
ARCHIVED,shower mat square blue,PHRASE,CAMPAIGN_ARCHIVED,,,,1.00,0,0,,0.00,0.00,0,0.00,
ARCHIVED,bare decor zen large oiled solid teak shower mat,PHRASE,CAMPAIGN_ARCHIVED,,,,1.00,0,0,,0.00,0.00,0,0.00,
ARCHIVED,zebra shower mat,PHRASE,CAMPAIGN_ARCHIVED,,,,1.00,3,0,0,0.00,0.00,0,0.00,
ARCHIVED,zombie shower mat,PHRASE,CAMPAIGN_ARCHIVED,,,,1.00,20,0,0,0.00,0.00,0,0.00,
ARCHIVED,shower mats non slip mildew resistant large,PHRASE,CAMPAIGN_ARCHIVED,,,,1.00,0,0,,0.00,0.00,0,0.00,
ARCHIVED,shower mats non slip mildew resistant square,PHRASE,CAMPAIGN_ARCHIVED,,,,1.00,0,0,,0.00,0.00,0,0.00,
ARCHIVED,shower mats non slip mildew resistant kids,PHRASE,CAMPAIGN_ARCHIVED,,,,1.00,0,0,,0.00,0.00,0,0.00,
ARCHIVED,shower mats non slip mildew resistant clear,PHRASE,CAMPAIGN_ARCHIVED,,,,1.00,2,0,0,0.00,0.00,0,0.00,
ARCHIVED,shower mats non slip mildew resistant with drain hole large,PHRASE,CAMPAIGN_ARCHIVED,,,,1.00,0,0,,0.00,0.00,0,0.00,
ARCHIVED,shower mats non slip mildew resistant extra large,PHRASE,CAMPAIGN_ARCHIVED,,,,1.00,0,0,,0.00,0.00,0,0.00,
ARCHIVED,shower mats non slip mildew resistant rubbermaid,PHRASE,CAMPAIGN_ARCHIVED,,,,1.00,0,0,,0.00,0.00,0,0.00,
ARCHIVED,shower mats non slip mildew resistant loofah,PHRASE,CAMPAIGN_ARCHIVED,,,,1.00,0,0,,0.00,0.00,0,0.00,
ARCHIVED,shower matts for tubs for kids to use,PHRASE,CAMPAIGN_ARCHIVED,,,,1.00,0,0,,0.00,0.00,0,0.00,
ARCHIVED,shower matts for tubs kids,PHRASE,CAMPAIGN_ARCHIVED,,,,1.00,0,0,,0.00,0.00,0,0.00,
ARCHIVED,shower mat with drain hole in middle large,PHRASE,CAMPAIGN_ARCHIVED,,,,1.00,0,0,,0.00,0.00,0,0.00,
ARCHIVED,shower mat non slip long,PHRASE,CAMPAIGN_ARCHIVED,,,,0.78,0,0,,0.00,0.00,0,0.00,
ARCHIVED,shower mat non slip large,PHRASE,CAMPAIGN_ARCHIVED,,,,0.79,2,0,0,0.00,0.00,0,0.00,
ARCHIVED,shower mat non slip washable,PHRASE,CAMPAIGN_ARCHIVED,,,,0.65,0,0,,0.00,0.00,0,0.00,
ARCHIVED,shower mat non slip kids small,PHRASE,CAMPAIGN_ARCHIVED,,,,0.75,0,0,,0.00,0.00,0,0.00,
ARCHIVED,shower mat non slip for tubs,PHRASE,CAMPAIGN_ARCHIVED,,,,1.00,0,0,,0.00,0.00,0,0.00,
ARCHIVED,shower matts for showers large,PHRASE,CAMPAIGN_ARCHIVED,,,,1.00,0,0,,0.00,0.00,0,0.00,
ARCHIVED,shower matts for showers kids,PHRASE,CAMPAIGN_ARCHIVED,,,,1.00,1,0,0,0.00,0.00,0,0.00,
ARCHIVED,shower matts for showers 30x30,PHRASE,CAMPAIGN_ARCHIVED,,,,1.00,0,0,,0.00,0.00,0,0.00,
ARCHIVED,shower matts for showers with hook to hang,PHRASE,CAMPAIGN_ARCHIVED,,,,1.00,0,0,,0.00,0.00,0,0.00,
ARCHIVED,shower matts for showers wood,PHRASE,CAMPAIGN_ARCHIVED,,,,1.00,0,0,,0.00,0.00,0,0.00,
ARCHIVED,shower matts for showers square,PHRASE,CAMPAIGN_ARCHIVED,,,,1.00,2,0,0,0.00,0.00,0,0.00,
ARCHIVED,shower mats for bathroom non slip,PHRASE,CAMPAIGN_ARCHIVED,,,,1.00,0,0,,0.00,0.00,0,0.00,
ARCHIVED,shower mat square pebbles,PHRASE,CAMPAIGN_ARCHIVED,,,,0.69,5,0,0,0.00,0.00,0,0.00,
ARCHIVED,shower mat square with center hole,PHRASE,CAMPAIGN_ARCHIVED,,,,0.69,0,0,,0.00,0.00,0,0.00,
ARCHIVED,shower mat square shell,PHRASE,CAMPAIGN_ARCHIVED,,,,1.00,1,0,0,0.00,0.00,0,0.00,
ARCHIVED,shower mate bluetooth shower speaker,PHRASE,CAMPAIGN_ARCHIVED,,,,1.00,0,0,,0.00,0.00,0,0.00,
ARCHIVED,baby shower maternity dress,PHRASE,CAMPAIGN_ARCHIVED,,,,1.00,0,0,,0.00,0.00,0,0.00,
ARCHIVED,shower mate speaker,PHRASE,CAMPAIGN_ARCHIVED,,,,1.00,0,0,,0.00,0.00,0,0.00,
ARCHIVED,shower mate notepad,PHRASE,CAMPAIGN_ARCHIVED,,,,1.00,0,0,,0.00,0.00,0,0.00,
ARCHIVED,shower mate pump,PHRASE,CAMPAIGN_ARCHIVED,,,,1.00,0,0,,0.00,0.00,0,0.00,
ARCHIVED,shower materials,PHRASE,CAMPAIGN_ARCHIVED,,,,1.00,0,0,,0.00,0.00,0,0.00,
ARCHIVED,shower mate water resistant,PHRASE,CAMPAIGN_ARCHIVED,,,,1.00,0,0,,0.00,0.00,0,0.00,
ARCHIVED,shower maternity dress,PHRASE,CAMPAIGN_ARCHIVED,,,,1.00,0,0,,0.00,0.00,0,0.00,
ARCHIVED,shower mate cleansing foam,PHRASE,CAMPAIGN_ARCHIVED,,,,1.00,0,0,,0.00,0.00,0,0.00,
ARCHIVED,throw rugs with rubber backing washable,PHRASE,CAMPAIGN_ARCHIVED,,,,1.00,0,0,,0.00,0.00,0,0.00,
ARCHIVED,throw rugs and runners,PHRASE,CAMPAIGN_ARCHIVED,,,,1.00,0,0,,0.00,0.00,0,0.00,
ARCHIVED,throw rugs with rubber backing,PHRASE,CAMPAIGN_ARCHIVED,,,,1.00,32,0,0,0.00,0.00,0,0.00,
ARCHIVED,throw rugs bedroom,PHRASE,CAMPAIGN_ARCHIVED,,,,1.00,0,0,,0.00,0.00,0,0.00,
ARCHIVED,throw rugs for living room,PHRASE,CAMPAIGN_ARCHIVED,,,,1.00,0,0,,0.00,0.00,0,0.00,
ARCHIVED,throw rugs for kitchen,PHRASE,CAMPAIGN_ARCHIVED,,,,1.00,350,0,0,0.00,0.00,0,0.00,
ARCHIVED,throw rugs 2x3,PHRASE,CAMPAIGN_ARCHIVED,,,,1.00,232,0,0,0.00,0.00,0,0.00,
ARCHIVED,throw rugs for kids room,PHRASE,CAMPAIGN_ARCHIVED,,,,1.00,90,0,0,0.00,0.00,0,0.00,
ARCHIVED,small throw rugs,PHRASE,CAMPAIGN_ARCHIVED,,,,1.00,43,0,0,0.00,0.00,0,0.00,
ARCHIVED,elephant throw rug,PHRASE,CAMPAIGN_ARCHIVED,,,,0.63,1,0,0,0.00,0.00,0,0.00,
ARCHIVED,throw rugs for entryway,PHRASE,CAMPAIGN_ARCHIVED,,,,1.00,97,0,0,0.00,0.00,0,0.00,
ARCHIVED,entry throw rug,PHRASE,CAMPAIGN_ARCHIVED,,,,0.95,5,0,0,0.00,0.00,0,0.00,
ARCHIVED,throw rugs and runners sets,PHRASE,CAMPAIGN_ARCHIVED,,,,1.00,36,0,0,0.00,0.00,0,0.00,
ARCHIVED,throw rugs and runners with rubber backing,PHRASE,CAMPAIGN_ARCHIVED,,,,1.00,0,0,,0.00,0.00,0,0.00,
ARCHIVED,throw rugs and runners for kitchen,PHRASE,CAMPAIGN_ARCHIVED,,,,1.00,1,0,0,0.00,0.00,0,0.00,
ARCHIVED,throw rugs and runners for living room,PHRASE,CAMPAIGN_ARCHIVED,,,,1.00,0,0,,0.00,0.00,0,0.00,
ARCHIVED,throw rugs and runners for laundry room,PHRASE,CAMPAIGN_ARCHIVED,,,,1.00,0,0,,0.00,0.00,0,0.00,
ARCHIVED,throw rugs area rugs,PHRASE,CAMPAIGN_ARCHIVED,,,,1.00,0,0,,0.00,0.00,0,0.00,
ARCHIVED,throw rugs aqua,PHRASE,CAMPAIGN_ARCHIVED,,,,1.00,28,0,0,0.00,0.00,0,0.00,
ARCHIVED,throw rugs clearance,PHRASE,CAMPAIGN_ARCHIVED,,,,1.00,151,0,0,0.00,0.00,0,0.00,
ARCHIVED,throw rugs carpet,PHRASE,CAMPAIGN_ARCHIVED,,,,1.00,6,0,0,0.00,0.00,0,0.00,
ARCHIVED,throw rugs country,PHRASE,CAMPAIGN_ARCHIVED,,,,1.00,16,0,0,0.00,0.00,0,0.00,
ARCHIVED,throw rugs circle,PHRASE,CAMPAIGN_ARCHIVED,,,,1.00,21,0,0,0.00,0.00,0,0.00,
ARCHIVED,throw rugs cute,PHRASE,CAMPAIGN_ARCHIVED,,,,1.00,0,0,,0.00,0.00,0,0.00,
ARCHIVED,throw rugs cream,PHRASE,CAMPAIGN_ARCHIVED,,,,1.00,19,0,0,0.00,0.00,0,0.00,
ARCHIVED,throw rugs contemporary,PHRASE,CAMPAIGN_ARCHIVED,,,,1.00,0,0,,0.00,0.00,0,0.00,
ARCHIVED,throw rugs cotton,PHRASE,CAMPAIGN_ARCHIVED,,,,1.00,75,0,0,0.00,0.00,0,0.00,
ARCHIVED,throw rugs coastal,PHRASE,CAMPAIGN_ARCHIVED,,,,1.00,20,0,0,0.00,0.00,0,0.00,
ARCHIVED,throw rugs blue,PHRASE,CAMPAIGN_ARCHIVED,,,,1.00,126,0,0,0.00,0.00,0,0.00,
ARCHIVED,throw rugs bedroom faux sheepskin,PHRASE,CAMPAIGN_ARCHIVED,,,,1.00,0,0,,0.00,0.00,0,0.00,
ARCHIVED,throw rugs bathroom,PHRASE,CAMPAIGN_ARCHIVED,,,,1.00,0,0,,0.00,0.00,0,0.00,
ARCHIVED,throw rugs bedroom 8x10,PHRASE,CAMPAIGN_ARCHIVED,,,,1.00,0,0,,0.00,0.00,0,0.00,
ARCHIVED,throw rugs bedroom black,PHRASE,CAMPAIGN_ARCHIVED,,,,1.00,0,0,,0.00,0.00,0,0.00,
ARCHIVED,throw rugs brown,PHRASE,CAMPAIGN_ARCHIVED,,,,1.00,80,0,0,0.00,0.00,0,0.00,
ARCHIVED,throw rugs boho,PHRASE,CAMPAIGN_ARCHIVED,,,,1.00,11,0,0,0.00,0.00,0,0.00,
ARCHIVED,throw rugs beige,PHRASE,CAMPAIGN_ARCHIVED,,,,1.00,46,0,0,0.00,0.00,0,0.00,
ARCHIVED,throw rugs bathroom sets,PHRASE,CAMPAIGN_ARCHIVED,,,,1.00,3,0,0,0.00,0.00,0,0.00,
ARCHIVED,throw rugs nautical,PHRASE,CAMPAIGN_ARCHIVED,,,,1.00,10,0,0,0.00,0.00,0,0.00,
ARCHIVED,throw rugs navy,PHRASE,CAMPAIGN_ARCHIVED,,,,1.00,30,0,0,0.00,0.00,0,0.00,
ARCHIVED,throw rugs non slip backing,PHRASE,CAMPAIGN_ARCHIVED,,,,1.00,0,0,,0.00,0.00,0,0.00,
ARCHIVED,throw rugs navy blue,PHRASE,CAMPAIGN_ARCHIVED,,,,1.00,10,0,0,0.00,0.00,0,0.00,
ARCHIVED,throw rugs non slip,PHRASE,CAMPAIGN_ARCHIVED,,,,1.00,108,0,0,0.00,0.00,0,0.00,
ARCHIVED,throw rugs nice,PHRASE,CAMPAIGN_ARCHIVED,,,,1.00,0,0,,0.00,0.00,0,0.00,
ARCHIVED,throw rugs nursery,PHRASE,CAMPAIGN_ARCHIVED,,,,1.00,402,0,0,0.00,0.00,0,0.00,
ARCHIVED,throw rugs natural,PHRASE,CAMPAIGN_ARCHIVED,,,,1.00,5,0,0,0.00,0.00,0,0.00,
ARCHIVED,throw rugs hallway,PHRASE,CAMPAIGN_ARCHIVED,,,,1.00,44,0,0,0.00,0.00,0,0.00,
ARCHIVED,throw rugs gray,PHRASE,CAMPAIGN_ARCHIVED,,,,1.00,59,0,0,0.00,0.00,0,0.00,
ARCHIVED,throw rugs grey,PHRASE,CAMPAIGN_ARCHIVED,,,,1.00,42,0,0,0.00,0.00,0,0.00,
ARCHIVED,throw rugs girls room,PHRASE,CAMPAIGN_ARCHIVED,,,,1.00,275,0,0,0.00,0.00,0,0.00,
ARCHIVED,tub mats non slip anti mold kids,PHRASE,CAMPAIGN_ARCHIVED,,,,1.00,0,0,,0.00,0.00,0,0.00,
ARCHIVED,tub mat for textured tubs,PHRASE,CAMPAIGN_ARCHIVED,,,,1.00,0,0,,0.00,0.00,0,0.00,
ARCHIVED,tub mat baby,PHRASE,CAMPAIGN_ARCHIVED,,,,1.00,0,0,,0.00,0.00,0,0.00,
ARCHIVED,tub mat black,PHRASE,CAMPAIGN_ARCHIVED,,,,1.00,3,0,0,0.00,0.00,0,0.00,
ARCHIVED,tub mat bpa free,PHRASE,CAMPAIGN_ARCHIVED,,,,1.00,0,0,,0.00,0.00,0,0.00,
ARCHIVED,tub mat blue,PHRASE,CAMPAIGN_ARCHIVED,,,,1.00,1,0,0,0.00,0.00,0,0.00,
ARCHIVED,tub mat baby non slip,PHRASE,CAMPAIGN_ARCHIVED,,,,1.00,1,0,0,0.00,0.00,0,0.00,
ARCHIVED,tub mat brown,PHRASE,CAMPAIGN_ARCHIVED,,,,1.00,3,0,0,0.00,0.00,0,0.00,
ARCHIVED,tub mat batman,PHRASE,CAMPAIGN_ARCHIVED,,,,1.00,2,0,0,0.00,0.00,0,0.00,
ARCHIVED,tub mat bamboo,PHRASE,CAMPAIGN_ARCHIVED,,,,1.00,15,0,0,0.00,0.00,0,0.00,
ARCHIVED,tub mat burgundy,PHRASE,CAMPAIGN_ARCHIVED,,,,1.00,0,0,,0.00,0.00,0,0.00,
ARCHIVED,tub mat bristles,PHRASE,CAMPAIGN_ARCHIVED,,,,1.00,0,0,,0.00,0.00,0,0.00,
ARCHIVED,tub mat antibacterial,PHRASE,CAMPAIGN_ARCHIVED,,,,1.00,5,0,0,0.00,0.00,0,0.00,
ARCHIVED,tub mat anti slip,PHRASE,CAMPAIGN_ARCHIVED,,,,1.00,2,0,0,0.00,0.00,0,0.00,
ARCHIVED,tub mat and pillow,PHRASE,CAMPAIGN_ARCHIVED,,,,1.00,0,0,,0.00,0.00,0,0.00,
ARCHIVED,tub mat cushioned,PHRASE,CAMPAIGN_ARCHIVED,,,,1.00,0,0,,0.00,0.00,0,0.00,
ARCHIVED,tub mat cotton,PHRASE,CAMPAIGN_ARCHIVED,,,,1.00,2,0,0,0.00,0.00,0,0.00,
ARCHIVED,tub mat clear,PHRASE,CAMPAIGN_ARCHIVED,,,,1.00,1,0,0,0.00,0.00,0,0.00,
ARCHIVED,tub mat child,PHRASE,CAMPAIGN_ARCHIVED,,,,1.00,1,0,0,0.00,0.00,0,0.00,
ARCHIVED,tub mat character,PHRASE,CAMPAIGN_ARCHIVED,,,,1.00,0,0,,0.00,0.00,0,0.00,
ARCHIVED,tub mat cute,PHRASE,CAMPAIGN_ARCHIVED,,,,1.00,3,0,0,0.00,0.00,0,0.00,
ARCHIVED,tub mat cow,PHRASE,CAMPAIGN_ARCHIVED,,,,1.00,0,0,,0.00,0.00,0,0.00,
ARCHIVED,tub mat extra long,PHRASE,CAMPAIGN_ARCHIVED,,,,1.00,12,0,0,0.00,0.00,0,0.00,
ARCHIVED,tub mat extra large,PHRASE,CAMPAIGN_ARCHIVED,,,,1.00,2,0,0,0.00,0.00,0,0.00,
ARCHIVED,tub mat extra wide,PHRASE,CAMPAIGN_ARCHIVED,,,,1.00,9,0,0,0.00,0.00,0,0.00,
ARCHIVED,tub mat green,PHRASE,CAMPAIGN_ARCHIVED,,,,1.00,14,0,0,0.00,0.00,0,0.00,
ARCHIVED,tub mat gorilla grip,PHRASE,CAMPAIGN_ARCHIVED,,,,1.00,0,0,,0.00,0.00,0,0.00,
ARCHIVED,tub mat gray,PHRASE,CAMPAIGN_ARCHIVED,,,,1.00,0,0,,0.00,0.00,0,0.00,
ARCHIVED,tub mat grey,PHRASE,CAMPAIGN_ARCHIVED,,,,1.00,7,0,0,0.00,0.00,0,0.00,
ARCHIVED,bath tub spa mat with jets,PHRASE,CAMPAIGN_ARCHIVED,,,,1.00,0,0,,0.00,0.00,0,0.00,
ARCHIVED,jacuzzi tub mat,PHRASE,CAMPAIGN_ARCHIVED,,,,1.00,5,0,0,0.00,0.00,0,0.00,
ARCHIVED,tub mat mildew resistant,PHRASE,CAMPAIGN_ARCHIVED,,,,1.00,2,0,0,0.00,0.00,0,0.00,
ARCHIVED,tub mat massage,PHRASE,CAMPAIGN_ARCHIVED,,,,1.00,0,0,,0.00,0.00,0,0.00,
ARCHIVED,tub mat microban,PHRASE,CAMPAIGN_ARCHIVED,,,,1.00,1,0,0,0.00,0.00,0,0.00,
ARCHIVED,tub mat memory foam,PHRASE,CAMPAIGN_ARCHIVED,,,,1.00,0,0,,0.00,0.00,0,0.00,
ARCHIVED,tub mat machine washable,PHRASE,CAMPAIGN_ARCHIVED,,,,1.00,0,0,,0.00,0.00,0,0.00,
ARCHIVED,tub mat mermaid,PHRASE,CAMPAIGN_ARCHIVED,,,,1.00,9,0,0,0.00,0.00,0,0.00,
ARCHIVED,tub mat munchkin,PHRASE,CAMPAIGN_ARCHIVED,,,,1.00,0,0,,0.00,0.00,0,0.00,
ARCHIVED,tub mat hanger,PHRASE,CAMPAIGN_ARCHIVED,,,,1.00,4,0,0,0.00,0.00,0,0.00,
ARCHIVED,tub mat holder,PHRASE,CAMPAIGN_ARCHIVED,,,,1.00,0,0,,0.00,0.00,0,0.00,
ARCHIVED,tub mat long,PHRASE,CAMPAIGN_ARCHIVED,,,,1.00,4,0,0,0.00,0.00,0,0.00,
ARCHIVED,tub mat loofah,PHRASE,CAMPAIGN_ARCHIVED,,,,1.00,2,0,0,0.00,0.00,0,0.00,
ARCHIVED,tub mat loofa,PHRASE,CAMPAIGN_ARCHIVED,,,,1.00,6,0,0,0.00,0.00,0,0.00,
ARCHIVED,tub mat large,PHRASE,CAMPAIGN_ARCHIVED,,,,1.00,2,0,0,0.00,0.00,0,0.00,
ARCHIVED,tub mat red,PHRASE,CAMPAIGN_ARCHIVED,,,,1.00,8,0,0,0.00,0.00,0,0.00,
ARCHIVED,tub mat round,PHRASE,CAMPAIGN_ARCHIVED,,,,1.00,13,0,0,0.00,0.00,0,0.00,
ARCHIVED,tub mat rubbermaid,PHRASE,CAMPAIGN_ARCHIVED,,,,1.00,5,0,0,0.00,0.00,0,0.00,
ARCHIVED,tub mat rock,PHRASE,CAMPAIGN_ARCHIVED,,,,1.00,21,0,0,0.00,0.00,0,0.00,
ARCHIVED,tub mat rubber,PHRASE,CAMPAIGN_ARCHIVED,,,,1.00,0,0,,0.00,0.00,0,0.00,
ARCHIVED,tub mat infant,PHRASE,CAMPAIGN_ARCHIVED,,,,1.00,3,0,0,0.00,0.00,0,0.00,
ARCHIVED,tub mat pebbles,PHRASE,CAMPAIGN_ARCHIVED,,,,1.00,3,0,0,0.00,0.00,0,0.00,
ARCHIVED,tub mat pvc free,PHRASE,CAMPAIGN_ARCHIVED,,,,1.00,3,0,0,0.00,0.00,0,0.00,
ARCHIVED,tub mat purple,PHRASE,CAMPAIGN_ARCHIVED,,,,1.00,3,0,0,0.00,0.00,0,0.00,
ARCHIVED,tub mat padded,PHRASE,CAMPAIGN_ARCHIVED,,,,1.00,15,0,0,0.00,0.00,0,0.00,
ARCHIVED,tub mat permanent,PHRASE,CAMPAIGN_ARCHIVED,,,,1.00,5,0,0,0.00,0.00,0,0.00,
ARCHIVED,tub mat pvc,PHRASE,CAMPAIGN_ARCHIVED,,,,1.00,0,0,,0.00,0.00,0,0.00,
ARCHIVED,tub mat pink,PHRASE,CAMPAIGN_ARCHIVED,,,,1.00,3,0,0,0.00,0.00,0,0.00,
ARCHIVED,tub mat dog,PHRASE,CAMPAIGN_ARCHIVED,,,,1.00,2,0,0,0.00,0.00,0,0.00,
ARCHIVED,tub mat decorative,PHRASE,CAMPAIGN_ARCHIVED,,,,1.00,7,0,0,0.00,0.00,0,0.00,
ARCHIVED,tub mat disney,PHRASE,CAMPAIGN_ARCHIVED,,,,1.00,5,0,0,0.00,0.00,0,0.00,
ARCHIVED,tub mat duck,PHRASE,CAMPAIGN_ARCHIVED,,,,1.00,1,0,0,0.00,0.00,0,0.00,
ARCHIVED,tub mat for kids,PHRASE,CAMPAIGN_ARCHIVED,,,,1.00,2,0,0,0.00,0.00,0,0.00,
ARCHIVED,tub mat for baby,PHRASE,CAMPAIGN_ARCHIVED,,,,1.00,0,0,,0.00,0.00,0,0.00,
ARCHIVED,tub mat for dogs,PHRASE,CAMPAIGN_ARCHIVED,,,,1.00,0,0,,0.00,0.00,0,0.00,
ARCHIVED,tub mat for reglazed tub,PHRASE,CAMPAIGN_ARCHIVED,,,,1.00,2,0,0,0.00,0.00,0,0.00,
ARCHIVED,tub mat for toddlers,PHRASE,CAMPAIGN_ARCHIVED,,,,1.00,7,0,0,0.00,0.00,0,0.00,
ARCHIVED,tub mat for bath,PHRASE,CAMPAIGN_ARCHIVED,,,,1.00,0,0,,0.00,0.00,0,0.00,
ARCHIVED,tub mat foot scrubber,PHRASE,CAMPAIGN_ARCHIVED,,,,1.00,23,0,0,0.00,0.00,0,0.00,
ARCHIVED,tub mat foam,PHRASE,CAMPAIGN_ARCHIVED,,,,1.00,5,0,0,0.00,0.00,0,0.00,
ARCHIVED,tub mat fabric,PHRASE,CAMPAIGN_ARCHIVED,,,,1.00,6,0,0,0.00,0.00,0,0.00,
ARCHIVED,tub mat kids non slip anti mold,PHRASE,CAMPAIGN_ARCHIVED,,,,1.00,0,0,,0.00,0.00,0,0.00,
ARCHIVED,tub mat kids non slip disney,PHRASE,CAMPAIGN_ARCHIVED,,,,1.00,0,0,,0.00,0.00,0,0.00,
ARCHIVED,xl bath mat for tub,PHRASE,CAMPAIGN_ARCHIVED,,,,1.00,0,0,,0.00,0.00,0,0.00,
ARCHIVED,xl tub mat,PHRASE,CAMPAIGN_ARCHIVED,,,,1.00,2,0,0,0.00,0.00,0,0.00,
ARCHIVED,airia luxury dry quick dry tub mat,PHRASE,CAMPAIGN_ARCHIVED,,,,1.00,0,0,,0.00,0.00,0,0.00,
ARCHIVED,quick dry tub mat,PHRASE,CAMPAIGN_ARCHIVED,,,,0.76,0,0,,0.00,0.00,0,0.00,
ARCHIVED,airia basics deluxe quick-dry tub mat,PHRASE,CAMPAIGN_ARCHIVED,,,,1.00,0,0,,0.00,0.00,0,0.00,
ARCHIVED,unicorn tub mat,PHRASE,CAMPAIGN_ARCHIVED,,,,1.00,27,0,0,0.00,0.00,0,0.00,
ARCHIVED,bath carpet ultra tub mat with anti-slip backing in clear,PHRASE,CAMPAIGN_ARCHIVED,,,,1.00,0,0,,0.00,0.00,0,0.00,
ARCHIVED,yimobra bath tub and shower mat,PHRASE,CAMPAIGN_ARCHIVED,,,,1.00,0,0,,0.00,0.00,0,0.00,
ARCHIVED,yellow tub mat,PHRASE,CAMPAIGN_ARCHIVED,,,,1.00,6,0,0,0.00,0.00,0,0.00,
ARCHIVED,tub mat without suction cups,PHRASE,CAMPAIGN_ARCHIVED,,,,1.00,0,0,,0.00,0.00,0,0.00,
ARCHIVED,tub mat white,PHRASE,CAMPAIGN_ARCHIVED,,,,1.00,3,0,0,0.00,0.00,0,0.00,
ARCHIVED,tub mat with pillow,PHRASE,CAMPAIGN_ARCHIVED,,,,1.00,0,0,,0.00,0.00,0,0.00,
ARCHIVED,tub mat with foot scrubber,PHRASE,CAMPAIGN_ARCHIVED,,,,1.00,0,0,,0.00,0.00,0,0.00,
ARCHIVED,tub mat whale,PHRASE,CAMPAIGN_ARCHIVED,,,,1.00,6,0,0,0.00,0.00,0,0.00,
ARCHIVED,tub mat with jets,PHRASE,CAMPAIGN_ARCHIVED,,,,1.00,0,0,,0.00,0.00,0,0.00,
ARCHIVED,tub mat wooden,PHRASE,CAMPAIGN_ARCHIVED,,,,1.00,14,0,0,0.00,0.00,0,0.00,
ARCHIVED,tub mat wood,PHRASE,CAMPAIGN_ARCHIVED,,,,1.00,33,0,0,0.00,0.00,0,0.00,
ARCHIVED,tub mat with center drain hole,PHRASE,CAMPAIGN_ARCHIVED,,,,1.00,0,0,,0.00,0.00,0,0.00,
ARCHIVED,tub mat with suction cups,PHRASE,CAMPAIGN_ARCHIVED,,,,1.00,0,0,,0.00,0.00,0,0.00,
ARCHIVED,tub mat no suction cups,PHRASE,CAMPAIGN_ARCHIVED,,,,1.00,0,0,,0.00,0.00,0,0.00,
ARCHIVED,rug mat non slip,BROAD,CAMPAIGN_ARCHIVED,,,,1.00,1236,0,0,0.00,0.00,0,0.00,
ARCHIVED,non skid bath mat,BROAD,CAMPAIGN_ARCHIVED,,,,0.59,83,0,0,0.00,0.00,0,0.00,
ARCHIVED,non slip bathroom rug,BROAD,CAMPAIGN_ARCHIVED,,,,0.55,235,0,0,0.00,0.00,0,0.00,
ARCHIVED,throw rugs and runners,BROAD,CAMPAIGN_ARCHIVED,,,,1.00,315,0,0,0.00,0.00,0,0.00,
ARCHIVED,microfiber bathroom rugs,BROAD,CAMPAIGN_ARCHIVED,,,,0.54,93,0,0,0.00,0.00,0,0.00,
ARCHIVED,no slip bath mat,BROAD,CAMPAIGN_ARCHIVED,,,,0.65,0,0,,0.00,0.00,0,0.00,
ARCHIVED,modern runner rug,BROAD,CAMPAIGN_ARCHIVED,,,,0.58,63,0,0,0.00,0.00,0,0.00,
ARCHIVED,microfiber bath mats for bathroom,BROAD,CAMPAIGN_ARCHIVED,,,,0.75,22,0,0,0.00,0.00,0,0.00,
ARCHIVED,round shag rug,BROAD,CAMPAIGN_ARCHIVED,,,,0.43,153,0,0,0.00,0.00,0,0.00,
ARCHIVED,no slip rug,BROAD,CAMPAIGN_ARCHIVED,,,,0.61,0,0,,0.00,0.00,0,0.00,
ARCHIVED,luxury bath mat,BROAD,CAMPAIGN_ARCHIVED,,,,0.58,92,0,0,0.00,0.00,0,0.00,
ARCHIVED,microfiber bath rug,BROAD,CAMPAIGN_ARCHIVED,,,,0.64,141,0,0,0.00,0.00,0,0.00,
ARCHIVED,pink runner rug,BROAD,CAMPAIGN_ARCHIVED,,,,0.79,1050,0,0,0.00,0.00,0,0.00,
ARCHIVED,round bathroom rugs and mats,BROAD,CAMPAIGN_ARCHIVED,,,,0.56,5,0,0,0.00,0.00,0,0.00,
ARCHIVED,shag area rug,BROAD,CAMPAIGN_ARCHIVED,,,,0.46,218,0,0,0.00,0.00,0,0.00,
ARCHIVED,pink rugs for girls rooms,BROAD,CAMPAIGN_ARCHIVED,,,,0.36,287,0,0,0.00,0.00,0,0.00,
ARCHIVED,water absorbent mat,BROAD,CAMPAIGN_ARCHIVED,,,,1.00,346,0,0,0.00,0.00,0,0.00,
ARCHIVED,moroccan,BROAD,CAMPAIGN_ARCHIVED,,,,0.25,297,0,0,0.00,0.00,0,0.00,
ARCHIVED,round pink rug,BROAD,CAMPAIGN_ARCHIVED,,,,0.43,192,0,0,0.00,0.00,0,0.00,
ARCHIVED,fluffy area rug,BROAD,CAMPAIGN_ARCHIVED,,,,0.37,31,0,0,0.00,0.00,0,0.00,
ARCHIVED,pink throw,BROAD,CAMPAIGN_ARCHIVED,,,,0.57,134,0,0,0.00,0.00,0,0.00,
ARCHIVED,shower mat cushioned,PHRASE,CAMPAIGN_ARCHIVED,,,,0.72,0,0,,0.00,0.00,0,0.00,
ARCHIVED,shower mat children,PHRASE,CAMPAIGN_ARCHIVED,,,,0.58,0,0,,0.00,0.00,0,0.00,
ARCHIVED,shower mat quick dry,PHRASE,CAMPAIGN_ARCHIVED,,,,0.80,0,0,,0.00,0.00,0,0.00,
ARCHIVED,shower mat non slip mildew resistant,PHRASE,CAMPAIGN_ARCHIVED,,,,0.86,0,0,,0.00,0.00,0,0.00,
ARCHIVED,shower mat no suction cups,PHRASE,CAMPAIGN_ARCHIVED,,,,0.88,0,0,,0.00,0.00,0,0.00,
ARCHIVED,rubber shower mat non-slip,PHRASE,CAMPAIGN_ARCHIVED,,,,0.77,0,0,,0.00,0.00,0,0.00,
ARCHIVED,shower mat non slip for kids,PHRASE,CAMPAIGN_ARCHIVED,,,,0.68,0,0,,0.00,0.00,0,0.00,
ARCHIVED,shower mat nonslip mildew resistant,PHRASE,CAMPAIGN_ARCHIVED,,,,1.00,21,0,0,0.00,0.00,0,0.00,
ARCHIVED,shower mat no slip,PHRASE,CAMPAIGN_ARCHIVED,,,,0.88,59,0,0,0.00,0.00,0,0.00,
ARCHIVED,shower mat non slip square,PHRASE,CAMPAIGN_ARCHIVED,,,,0.95,4,0,0,0.00,0.00,0,0.00,
ARCHIVED,shower mat natural,PHRASE,CAMPAIGN_ARCHIVED,,,,0.77,5,0,0,0.00,0.00,0,0.00,
ARCHIVED,shower mat non slip small,PHRASE,CAMPAIGN_ARCHIVED,,,,0.75,1,0,0,0.00,0.00,0,0.00,
ARCHIVED,shower mat black,PHRASE,CAMPAIGN_ARCHIVED,,,,1.00,26,0,0,0.00,0.00,0,0.00,
ARCHIVED,shower mat by vive,PHRASE,CAMPAIGN_ARCHIVED,,,,0.29,0,0,,0.00,0.00,0,0.00,
ARCHIVED,shower mat baby,PHRASE,CAMPAIGN_ARCHIVED,,,,0.69,0,0,,0.00,0.00,0,0.00,
ARCHIVED,shower mat brown,PHRASE,CAMPAIGN_ARCHIVED,,,,0.66,5,0,0,0.00,0.00,0,0.00,
ARCHIVED,shower mat bamboo,PHRASE,CAMPAIGN_ARCHIVED,,,,0.69,23,0,0,0.00,0.00,0,0.00,
ARCHIVED,shower mat blue,PHRASE,CAMPAIGN_ARCHIVED,,,,0.68,0,0,,0.00,0.00,0,0.00,
ARCHIVED,shower mat by vive square bath mat with drain hole,PHRASE,CAMPAIGN_ARCHIVED,,,,1.00,0,0,,0.00,0.00,0,0.00,
ARCHIVED,shower mat bpa free,PHRASE,CAMPAIGN_ARCHIVED,,,,0.57,0,0,,0.00,0.00,0,0.00,
ARCHIVED,shower mat big,PHRASE,CAMPAIGN_ARCHIVED,,,,0.76,1,0,0,0.00,0.00,0,0.00,
ARCHIVED,shower mat blood,PHRASE,CAMPAIGN_ARCHIVED,,,,0.84,9,0,0,0.00,0.00,0,0.00,
ARCHIVED,shower mat out of shower,PHRASE,CAMPAIGN_ARCHIVED,,,,0.56,0,0,,0.00,0.00,0,0.00,
ARCHIVED,shower mat orange,PHRASE,CAMPAIGN_ARCHIVED,,,,0.85,0,0,,0.00,0.00,0,0.00,
ARCHIVED,shower mat octupus,PHRASE,CAMPAIGN_ARCHIVED,,,,1.00,0,0,,0.00,0.00,0,0.00,
ARCHIVED,shower mat outside,PHRASE,CAMPAIGN_ARCHIVED,,,,0.69,5,0,0,0.00,0.00,0,0.00,
ARCHIVED,shower mat outdoor,PHRASE,CAMPAIGN_ARCHIVED,,,,0.86,126,0,0,0.00,0.00,0,0.00,
ARCHIVED,shower mat ocean,PHRASE,CAMPAIGN_ARCHIVED,,,,0.69,0,0,,0.00,0.00,0,0.00,
ARCHIVED,shower mat octopus,PHRASE,CAMPAIGN_ARCHIVED,,,,0.58,0,0,,0.00,0.00,0,0.00,
ARCHIVED,shower mat oval,PHRASE,CAMPAIGN_ARCHIVED,,,,0.59,0,0,,0.00,0.00,0,0.00,
ARCHIVED,shower mat or rug,PHRASE,CAMPAIGN_ARCHIVED,,,,0.68,0,0,,0.00,0.00,0,0.00,
ARCHIVED,stand up shower mat with drain hole,PHRASE,CAMPAIGN_ARCHIVED,,,,1.00,0,0,,0.00,0.00,0,0.00,
ARCHIVED,stand up shower non slip mat,PHRASE,CAMPAIGN_ARCHIVED,,,,1.00,0,0,,0.00,0.00,0,0.00,
ARCHIVED,shower mat drain hole,PHRASE,CAMPAIGN_ARCHIVED,,,,0.54,3,0,0,0.00,0.00,0,0.00,
ARCHIVED,shower mat drain,PHRASE,CAMPAIGN_ARCHIVED,,,,0.45,2,0,0,0.00,0.00,0,0.00,
ARCHIVED,shower mat diatomaceous earth,PHRASE,CAMPAIGN_ARCHIVED,,,,1.00,0,0,,0.00,0.00,0,0.00,
ARCHIVED,shower mat drain in middle,PHRASE,CAMPAIGN_ARCHIVED,,,,1.00,0,0,,0.00,0.00,0,0.00,
ARCHIVED,shower mat dog,PHRASE,CAMPAIGN_ARCHIVED,,,,0.68,0,0,,0.00,0.00,0,0.00,
ARCHIVED,shower mat designer,PHRASE,CAMPAIGN_ARCHIVED,,,,1.00,0,0,,0.00,0.00,0,0.00,
ARCHIVED,shower mat disney,PHRASE,CAMPAIGN_ARCHIVED,,,,0.69,0,0,,0.00,0.00,0,0.00,
ARCHIVED,shower mat disposable,PHRASE,CAMPAIGN_ARCHIVED,,,,1.05,4,0,0,0.00,0.00,0,0.00,
ARCHIVED,shower mat dorm,PHRASE,CAMPAIGN_ARCHIVED,,,,0.58,0,0,,0.00,0.00,0,0.00,
ARCHIVED,shower mat design,PHRASE,CAMPAIGN_ARCHIVED,,,,0.65,2,0,0,0.00,0.00,0,0.00,
ARCHIVED,shower mat mildew resistant,PHRASE,CAMPAIGN_ARCHIVED,,,,0.72,2,0,0,0.00,0.00,0,0.00,
ARCHIVED,shower mat memory foam,PHRASE,CAMPAIGN_ARCHIVED,,,,0.69,2,0,0,0.00,0.00,0,0.00,
ARCHIVED,shower mat mold resistant,PHRASE,CAMPAIGN_ARCHIVED,,,,0.87,2,0,0,0.00,0.00,0,0.00,
ARCHIVED,shower mat machine washable,PHRASE,CAMPAIGN_ARCHIVED,,,,0.95,0,0,,0.00,0.00,0,0.00,
ARCHIVED,shower mat massage,PHRASE,CAMPAIGN_ARCHIVED,,,,1.00,7,0,0,0.00,0.00,0,0.00,
ARCHIVED,shower mat massaging,PHRASE,CAMPAIGN_ARCHIVED,,,,0.57,0,0,,0.00,0.00,0,0.00,
ARCHIVED,shower mat middle drain,PHRASE,CAMPAIGN_ARCHIVED,,,,0.94,3,0,0,0.00,0.00,0,0.00,
ARCHIVED,shower mat moss,PHRASE,CAMPAIGN_ARCHIVED,,,,0.54,2,0,0,0.00,0.00,0,0.00,
ARCHIVED,shower mat modern,PHRASE,CAMPAIGN_ARCHIVED,,,,0.82,16,0,0,0.00,0.00,0,0.00,
ARCHIVED,shower mat mildew resistant square,PHRASE,CAMPAIGN_ARCHIVED,,,,0.59,0,0,,0.00,0.00,0,0.00,
ARCHIVED,shower mat wood,PHRASE,CAMPAIGN_ARCHIVED,,,,1.00,21,0,0,0.00,0.00,0,0.00,
ARCHIVED,square shower mat with drain hole,PHRASE,CAMPAIGN_ARCHIVED,,,,1.00,0,0,,0.00,0.00,0,0.00,
ARCHIVED,shower mat white,PHRASE,CAMPAIGN_ARCHIVED,,,,1.00,23,0,0,0.00,0.00,0,0.00,
ARCHIVED,shower mat washable,PHRASE,CAMPAIGN_ARCHIVED,,,,1.00,4,0,0,0.00,0.00,0,0.00,
ARCHIVED,shower mat with foot scrubber,PHRASE,CAMPAIGN_ARCHIVED,,,,1.00,0,0,,0.00,0.00,0,0.00,
ARCHIVED,shower mat with hole in middle,PHRASE,CAMPAIGN_ARCHIVED,,,,1.00,0,0,,0.00,0.00,0,0.00,
ARCHIVED,shower mat with center hole,PHRASE,CAMPAIGN_ARCHIVED,,,,1.00,0,0,,0.00,0.00,0,0.00,
ARCHIVED,shower mat wooden,PHRASE,CAMPAIGN_ARCHIVED,,,,1.00,7,0,0,0.00,0.00,0,0.00,
ARCHIVED,shower mat with center drain hole,PHRASE,CAMPAIGN_ARCHIVED,,,,1.00,0,0,,0.00,0.00,0,0.00,
ARCHIVED,shower mat rubbermaid,PHRASE,CAMPAIGN_ARCHIVED,,,,0.71,3,0,0,0.00,0.00,0,0.00,
ARCHIVED,shower mat round,PHRASE,CAMPAIGN_ARCHIVED,,,,0.60,0,0,,0.00,0.00,0,0.00,
ARCHIVED,shower mat runner,PHRASE,CAMPAIGN_ARCHIVED,,,,0.67,1,0,0,0.00,0.00,0,0.00,
ARCHIVED,shower mat rustic,PHRASE,CAMPAIGN_ARCHIVED,,,,0.59,0,0,,0.00,0.00,0,0.00,
ARCHIVED,shower mat rug,PHRASE,CAMPAIGN_ARCHIVED,,,,0.80,7,0,0,0.00,0.00,0,0.00,
ARCHIVED,shower mat red,PHRASE,CAMPAIGN_ARCHIVED,,,,0.68,0,0,,0.00,0.00,0,0.00,
ARCHIVED,shower mat rubber,PHRASE,CAMPAIGN_ARCHIVED,,,,0.77,5,0,0,0.00,0.00,0,0.00,
ARCHIVED,shower mat rock,PHRASE,CAMPAIGN_ARCHIVED,,,,0.57,0,0,,0.00,0.00,0,0.00,
ARCHIVED,shower mat rectangular,PHRASE,CAMPAIGN_ARCHIVED,,,,0.82,0,0,,0.00,0.00,0,0.00,
ARCHIVED,shower mat rv,PHRASE,CAMPAIGN_ARCHIVED,,,,0.75,0,0,,0.00,0.00,0,0.00,
ARCHIVED,shower mat towel,PHRASE,CAMPAIGN_ARCHIVED,,,,1.00,18,0,0,0.00,0.00,0,0.00,
ARCHIVED,shower mat textured surface,PHRASE,CAMPAIGN_ARCHIVED,,,,1.00,37,0,0,0.00,0.00,0,0.00,
ARCHIVED,shower mat that turns red when wet,PHRASE,CAMPAIGN_ARCHIVED,,,,1.00,0,0,,0.00,0.00,0,0.00,
ARCHIVED,shower mat tub,PHRASE,CAMPAIGN_ARCHIVED,,,,1.00,1,0,0,0.00,0.00,0,0.00,
ARCHIVED,shower mat tape,PHRASE,CAMPAIGN_ARCHIVED,,,,1.00,1,0,0,0.00,0.00,0,0.00,
ARCHIVED,shower mat triangle,PHRASE,CAMPAIGN_ARCHIVED,,,,1.00,9,0,0,0.00,0.00,0,0.00,
ARCHIVED,shower mat toddler,PHRASE,CAMPAIGN_ARCHIVED,,,,1.00,1,0,0,0.00,0.00,0,0.00,
ARCHIVED,shower mat to prevent slipping,PHRASE,CAMPAIGN_ARCHIVED,,,,1.00,0,0,,0.00,0.00,0,0.00,
ARCHIVED,shower mat teak,PHRASE,CAMPAIGN_ARCHIVED,,,,1.00,22,0,0,0.00,0.00,0,0.00,
ARCHIVED,shower mat teal,PHRASE,CAMPAIGN_ARCHIVED,,,,1.00,5,0,0,0.00,0.00,0,0.00,
ARCHIVED,shower mat yellow,PHRASE,CAMPAIGN_ARCHIVED,,,,1.00,14,0,0,0.00,0.00,0,0.00,
ARCHIVED,shower mat vinyl,PHRASE,CAMPAIGN_ARCHIVED,,,,1.00,0,0,,0.00,0.00,0,0.00,
ARCHIVED,shower mat pebbles,PHRASE,CAMPAIGN_ARCHIVED,,,,0.65,0,0,,0.00,0.00,0,0.00,
ARCHIVED,shower mat plastic,PHRASE,CAMPAIGN_ARCHIVED,,,,0.69,0,0,,0.00,0.00,0,0.00,
ARCHIVED,shower mat purple,PHRASE,CAMPAIGN_ARCHIVED,,,,0.67,5,0,0,0.00,0.00,0,0.00,
ARCHIVED,shower mat pink,PHRASE,CAMPAIGN_ARCHIVED,,,,0.70,0,0,,0.00,0.00,0,0.00,
ARCHIVED,shower mat plant,PHRASE,CAMPAIGN_ARCHIVED,,,,1.00,1,0,0,0.00,0.00,0,0.00,
ARCHIVED,shower mat plush,PHRASE,CAMPAIGN_ARCHIVED,,,,0.81,0,0,,0.00,0.00,0,0.00,
ARCHIVED,shower mat paw patrol,PHRASE,CAMPAIGN_ARCHIVED,,,,1.00,15,0,0,0.00,0.00,0,0.00,
ARCHIVED,shower mat pieces,PHRASE,CAMPAIGN_ARCHIVED,,,,0.45,0,0,,0.00,0.00,0,0.00,
ARCHIVED,shower mat playtex,PHRASE,CAMPAIGN_ARCHIVED,,,,1.00,1,0,0,0.00,0.00,0,0.00,
ARCHIVED,shower mat xl,PHRASE,CAMPAIGN_ARCHIVED,,,,1.00,5,0,0,0.00,0.00,0,0.00,
ARCHIVED,shower mat xlarge,PHRASE,CAMPAIGN_ARCHIVED,,,,1.00,2,0,0,0.00,0.00,0,0.00,
ARCHIVED,shower mat x large,PHRASE,CAMPAIGN_ARCHIVED,,,,1.00,0,0,,0.00,0.00,0,0.00,
ARCHIVED,shower mat stone,PHRASE,CAMPAIGN_ARCHIVED,,,,1.00,17,0,0,0.00,0.00,0,0.00,
ARCHIVED,skid resistant carpet indoor area rug floor mat,PHRASE,CAMPAIGN_ARCHIVED,,,,1.00,0,0,,0.00,0.00,0,0.00,
ARCHIVED,shower mat center drain hole,PHRASE,CAMPAIGN_ARCHIVED,,,,0.57,0,0,,0.00,0.00,0,0.00,
ARCHIVED,shower mat camping,PHRASE,CAMPAIGN_ARCHIVED,,,,0.58,2,0,0,0.00,0.00,0,0.00,
ARCHIVED,shower mat stickers,PHRASE,CAMPAIGN_ARCHIVED,,,,1.00,2,0,0,0.00,0.00,0,0.00,
ARCHIVED,shower mat small,PHRASE,CAMPAIGN_ARCHIVED,,,,0.71,0,0,,0.00,0.00,0,0.00,
ARCHIVED,throw rugs gray yellow,PHRASE,CAMPAIGN_ARCHIVED,,,,1.00,0,0,,0.00,0.00,0,0.00,
ARCHIVED,throw rugs grey and white,PHRASE,CAMPAIGN_ARCHIVED,,,,1.00,0,0,,0.00,0.00,0,0.00,
ARCHIVED,throw rugs gray yellow kitchen,PHRASE,CAMPAIGN_ARCHIVED,,,,1.00,0,0,,0.00,0.00,0,0.00,
ARCHIVED,throw rugs purple,PHRASE,CAMPAIGN_ARCHIVED,,,,1.00,82,0,0,0.00,0.00,0,0.00,
ARCHIVED,throw rugs pvc dots,PHRASE,CAMPAIGN_ARCHIVED,,,,1.00,0,0,,0.00,0.00,0,0.00,
ARCHIVED,throw rugs pink,PHRASE,CAMPAIGN_ARCHIVED,,,,1.00,125,0,0,0.00,0.00,0,0.00,
ARCHIVED,throw rugs prime,PHRASE,CAMPAIGN_ARCHIVED,,,,1.00,8,0,0,0.00,0.00,0,0.00,
ARCHIVED,kitchen throw rugs washable non slip,PHRASE,CAMPAIGN_ARCHIVED,,,,0.82,0,0,,0.00,0.00,0,0.00,
ARCHIVED,throw rugs with rubber backing washable 3x5,PHRASE,CAMPAIGN_ARCHIVED,,,,1.00,0,0,,0.00,0.00,0,0.00,
ARCHIVED,throw rugs with non skid,PHRASE,CAMPAIGN_ARCHIVED,,,,1.00,0,0,,0.00,0.00,0,0.00,
ARCHIVED,throw rugs with rubber backing washable entryway,PHRASE,CAMPAIGN_ARCHIVED,,,,1.00,0,0,,0.00,0.00,0,0.00,
ARCHIVED,throw rugs washable non slip,PHRASE,CAMPAIGN_ARCHIVED,,,,1.00,2,0,0,0.00,0.00,0,0.00,
ARCHIVED,throw rugs woven,PHRASE,CAMPAIGN_ARCHIVED,,,,1.00,16,0,0,0.00,0.00,0,0.00,
ARCHIVED,throw rugs with rubber backing washable round,PHRASE,CAMPAIGN_ARCHIVED,,,,1.00,0,0,,0.00,0.00,0,0.00,
ARCHIVED,throw rugs with rubber backing washable bedroom,PHRASE,CAMPAIGN_ARCHIVED,,,,1.00,0,0,,0.00,0.00,0,0.00,
ARCHIVED,throw rugs sage,PHRASE,CAMPAIGN_ARCHIVED,,,,1.00,14,0,0,0.00,0.00,0,0.00,
ARCHIVED,throw rugs small,PHRASE,CAMPAIGN_ARCHIVED,,,,1.00,67,0,0,0.00,0.00,0,0.00,
ARCHIVED,throw rugs small shag,PHRASE,CAMPAIGN_ARCHIVED,,,,1.00,0,0,,0.00,0.00,0,0.00,
ARCHIVED,throw rugs set,PHRASE,CAMPAIGN_ARCHIVED,,,,1.00,410,0,0,0.00,0.00,0,0.00,
ARCHIVED,throw rugs solid color,PHRASE,CAMPAIGN_ARCHIVED,,,,1.00,8,0,0,0.00,0.00,0,0.00,
ARCHIVED,throw rugs sets with rubber backing,PHRASE,CAMPAIGN_ARCHIVED,,,,1.00,0,0,,0.00,0.00,0,0.00,
ARCHIVED,throw rugs six ft,PHRASE,CAMPAIGN_ARCHIVED,,,,1.00,0,0,,0.00,0.00,0,0.00,
ARCHIVED,throw rugs shag washable,PHRASE,CAMPAIGN_ARCHIVED,,,,1.00,0,0,,0.00,0.00,0,0.00,
ARCHIVED,throw rugs sale,PHRASE,CAMPAIGN_ARCHIVED,,,,1.00,20,0,0,0.00,0.00,0,0.00,
ARCHIVED,throw rugs kids,PHRASE,CAMPAIGN_ARCHIVED,,,,1.00,42,0,0,0.00,0.00,0,0.00,
ARCHIVED,throw rugs kitchen,PHRASE,CAMPAIGN_ARCHIVED,,,,1.00,0,0,,0.00,0.00,0,0.00,
ARCHIVED,throw rugs kids bedroom,PHRASE,CAMPAIGN_ARCHIVED,,,,1.00,7,0,0,0.00,0.00,0,0.00,
ARCHIVED,throw rugs kitchen set,PHRASE,CAMPAIGN_ARCHIVED,,,,1.00,1,0,0,0.00,0.00,0,0.00,
ARCHIVED,throw rugs yellow,PHRASE,CAMPAIGN_ARCHIVED,,,,1.00,63,0,0,0.00,0.00,0,0.00,
ARCHIVED,throw rugs yellow grey,PHRASE,CAMPAIGN_ARCHIVED,,,,1.00,0,0,,0.00,0.00,0,0.00,
ARCHIVED,zebra throw rug,PHRASE,CAMPAIGN_ARCHIVED,,,,1.00,12,0,0,0.00,0.00,0,0.00,
ARCHIVED,zebra print throw rug,PHRASE,CAMPAIGN_ARCHIVED,,,,1.00,23,0,0,0.00,0.00,0,0.00,
ARCHIVED,throw rugs with rubber backing washable kitchen,PHRASE,CAMPAIGN_ARCHIVED,,,,1.00,0,0,,0.00,0.00,0,0.00,
ARCHIVED,throw rugs with rubber backing washable for bathroom,PHRASE,CAMPAIGN_ARCHIVED,,,,1.00,0,0,,0.00,0.00,0,0.00,
ARCHIVED,throw rugs with rubber backing washable red,PHRASE,CAMPAIGN_ARCHIVED,,,,1.00,0,0,,0.00,0.00,0,0.00,
ARCHIVED,throw rugs bedroom girls,PHRASE,CAMPAIGN_ARCHIVED,,,,1.00,43,0,0,0.00,0.00,0,0.00,
ARCHIVED,throw rugs bedroom shaggy,PHRASE,CAMPAIGN_ARCHIVED,,,,1.00,0,0,,0.00,0.00,0,0.00,
ARCHIVED,throw rugs bedroom round,PHRASE,CAMPAIGN_ARCHIVED,,,,1.00,9,0,0,0.00,0.00,0,0.00,
ARCHIVED,throw rugs bedroom blue,PHRASE,CAMPAIGN_ARCHIVED,,,,1.00,1,0,0,0.00,0.00,0,0.00,
ARCHIVED,throw rugs bedroom navy,PHRASE,CAMPAIGN_ARCHIVED,,,,1.00,1,0,0,0.00,0.00,0,0.00,
ARCHIVED,small throw rugs washable,PHRASE,CAMPAIGN_ARCHIVED,,,,1.00,0,0,,0.00,0.00,0,0.00,
ARCHIVED,small throw rugs for living room,PHRASE,CAMPAIGN_ARCHIVED,,,,1.00,0,0,,0.00,0.00,0,0.00,
ARCHIVED,small throw rugs non skid,PHRASE,CAMPAIGN_ARCHIVED,,,,1.00,0,0,,0.00,0.00,0,0.00,
ARCHIVED,small throw rugs kitchen,PHRASE,CAMPAIGN_ARCHIVED,,,,1.00,0,0,,0.00,0.00,0,0.00,
ARCHIVED,small throw rugs for bathroom,PHRASE,CAMPAIGN_ARCHIVED,,,,1.00,2,0,0,0.00,0.00,0,0.00,
ARCHIVED,small throw rugs for entryway,PHRASE,CAMPAIGN_ARCHIVED,,,,1.00,0,0,,0.00,0.00,0,0.00,
ARCHIVED,small throw rugs with rubber backing,PHRASE,CAMPAIGN_ARCHIVED,,,,1.00,3,0,0,0.00,0.00,0,0.00,
ARCHIVED,throw rugs for kitchen non slip,PHRASE,CAMPAIGN_ARCHIVED,,,,1.00,0,0,,0.00,0.00,0,0.00,
ARCHIVED,tub mat,PHRASE,CAMPAIGN_ARCHIVED,,,,1.00,330,0,0,0.00,0.00,0,0.00,
ARCHIVED,tub mats non slip anti mold,PHRASE,CAMPAIGN_ARCHIVED,,,,1.00,1,0,0,0.00,0.00,0,0.00,
ARCHIVED,tub mat kids non slip,PHRASE,CAMPAIGN_ARCHIVED,,,,1.00,0,0,,0.00,0.00,0,0.00,
ARCHIVED,tub mat kids,PHRASE,CAMPAIGN_ARCHIVED,,,,1.00,0,0,,0.00,0.00,0,0.00,
ARCHIVED,tub mats non slip anti mold extra long,PHRASE,CAMPAIGN_ARCHIVED,,,,1.00,0,0,,0.00,0.00,0,0.00,
ARCHIVED,tub mat non slip,PHRASE,CAMPAIGN_ARCHIVED,,,,1.00,0,0,,0.00,0.00,0,0.00,
ARCHIVED,tub mats non slip mildew resistant,PHRASE,CAMPAIGN_ARCHIVED,,,,1.00,0,0,,0.00,0.00,0,0.00,
ARCHIVED,tub matts for bathrooms,PHRASE,CAMPAIGN_ARCHIVED,,,,1.00,0,0,,0.00,0.00,0,0.00,
ARCHIVED,tub mat non slip anti mold,PHRASE,CAMPAIGN_ARCHIVED,,,,1.00,0,0,,0.00,0.00,0,0.00,
ARCHIVED,tub mat nonslip,PHRASE,CAMPAIGN_ARCHIVED,,,,1.00,4,0,0,0.00,0.00,0,0.00,
ARCHIVED,tub mat no slip,PHRASE,CAMPAIGN_ARCHIVED,,,,1.00,0,0,,0.00,0.00,0,0.00,
ARCHIVED,tub mat non slip anti mold kids,PHRASE,CAMPAIGN_ARCHIVED,,,,1.00,0,0,,0.00,0.00,0,0.00,
ARCHIVED,tub mat non suction cup,PHRASE,CAMPAIGN_ARCHIVED,,,,1.00,0,0,,0.00,0.00,0,0.00,
ARCHIVED,tub mat natural,PHRASE,CAMPAIGN_ARCHIVED,,,,1.00,1,0,0,0.00,0.00,0,0.00,
ARCHIVED,tub mat non slip stick,PHRASE,CAMPAIGN_ARCHIVED,,,,1.00,0,0,,0.00,0.00,0,0.00,
ARCHIVED,tub mat nonslip mildew resistant,PHRASE,CAMPAIGN_ARCHIVED,,,,1.00,3,0,0,0.00,0.00,0,0.00,
ARCHIVED,tub mat oval,PHRASE,CAMPAIGN_ARCHIVED,,,,1.00,15,0,0,0.00,0.00,0,0.00,
ARCHIVED,tub mat orange,PHRASE,CAMPAIGN_ARCHIVED,,,,1.00,0,0,,0.00,0.00,0,0.00,
ARCHIVED,tub mat ocean,PHRASE,CAMPAIGN_ARCHIVED,,,,1.00,16,0,0,0.00,0.00,0,0.00,
ARCHIVED,tub mat square,PHRASE,CAMPAIGN_ARCHIVED,,,,1.00,0,0,,0.00,0.00,0,0.00,
ARCHIVED,tub mat small,PHRASE,CAMPAIGN_ARCHIVED,,,,1.00,4,0,0,0.00,0.00,0,0.00,
ARCHIVED,tub mat soft,PHRASE,CAMPAIGN_ARCHIVED,,,,1.00,6,0,0,0.00,0.00,0,0.00,
ARCHIVED,tub mat slip,PHRASE,CAMPAIGN_ARCHIVED,,,,1.00,0,0,,0.00,0.00,0,0.00,
ARCHIVED,tub mat stickers,PHRASE,CAMPAIGN_ARCHIVED,,,,1.00,0,0,,0.00,0.00,0,0.00,
ARCHIVED,tub mat shower,PHRASE,CAMPAIGN_ARCHIVED,,,,1.00,0,0,,0.00,0.00,0,0.00,
ARCHIVED,tub mat skip hop,PHRASE,CAMPAIGN_ARCHIVED,,,,1.00,0,0,,0.00,0.00,0,0.00,
ARCHIVED,tub mat stone,PHRASE,CAMPAIGN_ARCHIVED,,,,1.00,2,0,0,0.00,0.00,0,0.00,
ARCHIVED,tub mat spa,PHRASE,CAMPAIGN_ARCHIVED,,,,1.00,2,0,0,0.00,0.00,0,0.00,
ARCHIVED,tub mat star wars,PHRASE,CAMPAIGN_ARCHIVED,,,,1.00,0,0,,0.00,0.00,0,0.00,
ARCHIVED,tub mat towel,PHRASE,CAMPAIGN_ARCHIVED,,,,1.00,4,0,0,0.00,0.00,0,0.00,
ARCHIVED,tub mat toddler,PHRASE,CAMPAIGN_ARCHIVED,,,,1.00,0,0,,0.00,0.00,0,0.00,
ARCHIVED,tub mat textured surface,PHRASE,CAMPAIGN_ARCHIVED,,,,1.00,23,0,0,0.00,0.00,0,0.00,
ARCHIVED,tub mat teak,PHRASE,CAMPAIGN_ARCHIVED,,,,1.00,0,0,,0.00,0.00,0,0.00,
ARCHIVED,tub mat teal,PHRASE,CAMPAIGN_ARCHIVED,,,,1.00,4,0,0,0.00,0.00,0,0.00,
ARCHIVED,vinyl tub mat,PHRASE,CAMPAIGN_ARCHIVED,,,,1.00,2,0,0,0.00,0.00,0,0.00,
ARCHIVED,royal velvet tub mat,PHRASE,CAMPAIGN_ARCHIVED,,,,1.00,15,0,0,0.00,0.00,0,0.00,
ARCHIVED,tub mats non slip anti mold baby,PHRASE,CAMPAIGN_ARCHIVED,,,,1.00,0,0,,0.00,0.00,0,0.00,
ARCHIVED,tub mats non slip anti mold pebbles,PHRASE,CAMPAIGN_ARCHIVED,,,,1.00,0,0,,0.00,0.00,0,0.00,
ARCHIVED,tub mats non slip anti mold purple,PHRASE,CAMPAIGN_ARCHIVED,,,,1.00,0,0,,0.00,0.00,0,0.00,
ARCHIVED,tub mats non slip anti mold toddler,PHRASE,CAMPAIGN_ARCHIVED,,,,1.00,0,0,,0.00,0.00,0,0.00,
ARCHIVED,tub mats non slip anti mold green,PHRASE,CAMPAIGN_ARCHIVED,,,,1.00,0,0,,0.00,0.00,0,0.00,
ARCHIVED,tub mats non slip anti mold soft,PHRASE,CAMPAIGN_ARCHIVED,,,,1.00,0,0,,0.00,0.00,0,0.00,
ARCHIVED,tub mats non slip anti mold no suction cups,PHRASE,CAMPAIGN_ARCHIVED,,,,1.00,0,0,,0.00,0.00,0,0.00,
ARCHIVED,tub mats non slip mildew resistant with drain hole,PHRASE,CAMPAIGN_ARCHIVED,,,,1.00,0,0,,0.00,0.00,0,0.00,
ARCHIVED,tub mats non slip mildew resistant kids,PHRASE,CAMPAIGN_ARCHIVED,,,,1.00,0,0,,0.00,0.00,0,0.00,
ARCHIVED,shower mats non slip mildew resistant,PHRASE,CAMPAIGN_ARCHIVED,,,,1.00,0,0,,0.00,0.00,0,0.00,
ARCHIVED,bath tub mats non slip mildew resistant kids,PHRASE,CAMPAIGN_ARCHIVED,,,,1.00,0,0,,0.00,0.00,0,0.00,