﻿State,Keyword,Match type,Status,Suggested bid (low)(USD),Suggested bid (median)(USD),Suggested bid (high)(USD),Keyword bid(USD),Impressions,Clicks,CTR(%),Spend(USD),CPC(USD),Orders,Sales(USD),ACOS(%)
ARCHIVED,kitchen rugs,BROAD,CAMPAIGN_ARCHIVED,,,,0.80,3216,54,1.6791,32.24,0.60,0,0.00,
ARCHIVED,bedroom,BROAD,CAMPAIGN_ARCHIVED,,,,0.80,4956,51,1.0291,26.19,0.51,0,0.00,
ARCHIVED,entryway,BROAD,CAMPAIGN_ARCHIVED,,,,0.80,1366,23,1.6837,14.86,0.65,0,0.00,
ARCHIVED,kitchen mat,BROAD,CAMPAIGN_ARCHIVED,,,,0.80,2614,20,0.7651,13.39,0.67,0,0.00,
ARCHIVED,runners,BROAD,CAMPAIGN_ARCHIVED,,,,0.80,2311,20,0.8654,11.84,0.59,0,0.00,
ARCHIVED,kitchen,BROAD,CAMPAIGN_ARCHIVED,,,,0.80,1973,24,1.2164,11.62,0.48,0,0.00,
ARCHIVED,rugs,BROAD,CAMPAIGN_ARCHIVED,,,,0.80,2607,16,0.6137,8.82,0.55,0,0.00,
ARCHIVED,kitchen runner,BROAD,CAMPAIGN_ARCHIVED,,,,0.80,291,13,4.4674,8.59,0.66,0,0.00,
ARCHIVED,runner rug,BROAD,CAMPAIGN_ARCHIVED,,,,0.80,1567,11,0.702,6.29,0.57,0,0.00,
ARCHIVED,kitchen rug non skid,BROAD,CAMPAIGN_ARCHIVED,,,,0.80,416,11,2.6442,5.49,0.50,2,117.18,4.6851
ARCHIVED,mat,BROAD,CAMPAIGN_ARCHIVED,,,,0.80,743,7,0.9421,4.44,0.63,0,0.00,
ARCHIVED,kitchen rug and mats,BROAD,CAMPAIGN_ARCHIVED,,,,0.80,433,7,1.6166,4.07,0.58,1,117.18,3.4733
ARCHIVED,throw rugs,BROAD,CAMPAIGN_ARCHIVED,,,,0.80,647,6,0.9274,4.04,0.67,0,0.00,
ARCHIVED,runner rug for hallway,BROAD,CAMPAIGN_ARCHIVED,,,,0.80,367,7,1.9074,3.81,0.54,0,0.00,
ARCHIVED,kitchen mat anti fatigue,BROAD,CAMPAIGN_ARCHIVED,,,,0.80,246,6,2.439,3.68,0.61,0,0.00,
ARCHIVED,kitchen rug runner,BROAD,CAMPAIGN_ARCHIVED,,,,0.80,236,5,2.1186,3.18,0.64,0,0.00,
ARCHIVED,kitchen rug mat set,PHRASE,CAMPAIGN_ARCHIVED,,,,0.80,49,4,8.1633,2.30,0.57,0,0.00,
ARCHIVED,anti fatigue mat,BROAD,CAMPAIGN_ARCHIVED,,,,0.80,388,2,0.5155,1.45,0.73,0,0.00,
ARCHIVED,kitchen rug turquoise,BROAD,CAMPAIGN_ARCHIVED,,,,0.80,17,2,11.7647,1.28,0.64,0,0.00,
ARCHIVED,kitchen mat fatigue,BROAD,CAMPAIGN_ARCHIVED,,,,0.80,44,2,4.5455,1.27,0.64,0,0.00,
ARCHIVED,kitchen rug anti fatigue,BROAD,CAMPAIGN_ARCHIVED,,,,0.80,27,3,11.1111,1.20,0.40,0,0.00,
ARCHIVED,kitchen rug funny,BROAD,CAMPAIGN_ARCHIVED,,,,0.80,10,2,20,1.10,0.55,0,0.00,
ARCHIVED,floor mat for baby,BROAD,CAMPAIGN_ARCHIVED,,,,0.80,199,2,1.005,1.00,0.50,0,0.00,
ARCHIVED,kitchen rugs and mats anti fatigue,BROAD,CAMPAIGN_ARCHIVED,,,,0.80,15,1,6.6667,0.96,0.96,0,0.00,
ARCHIVED,kitchen mat non slip,BROAD,CAMPAIGN_ARCHIVED,,,,0.80,47,2,4.2553,0.82,0.41,0,0.00,
ARCHIVED,kitchen rug runner non slip,BROAD,CAMPAIGN_ARCHIVED,,,,0.80,6,1,16.6667,0.76,0.76,0,0.00,
ARCHIVED,runner rug entryway,BROAD,CAMPAIGN_ARCHIVED,,,,0.80,37,1,2.7027,0.72,0.72,0,0.00,
ARCHIVED,kitchen rug tribal,BROAD,CAMPAIGN_ARCHIVED,,,,0.80,5,1,20,0.70,0.70,0,0.00,
ARCHIVED,kitchen mat long,BROAD,CAMPAIGN_ARCHIVED,,,,0.80,46,1,2.1739,0.68,0.68,0,0.00,
ARCHIVED,kitchen rug dog,BROAD,CAMPAIGN_ARCHIVED,,,,0.80,2,1,50,0.64,0.64,0,0.00,
ARCHIVED,kitchen carpet,BROAD,CAMPAIGN_ARCHIVED,,,,0.80,155,1,0.6452,0.57,0.57,0,0.00,
ARCHIVED,long,BROAD,CAMPAIGN_ARCHIVED,,,,0.80,430,1,0.2326,0.57,0.57,0,0.00,
ARCHIVED,kitchen rug aztec,BROAD,CAMPAIGN_ARCHIVED,,,,0.80,15,1,6.6667,0.57,0.57,0,0.00,
ARCHIVED,kitchen rug chef,BROAD,CAMPAIGN_ARCHIVED,,,,0.80,1,1,100,0.53,0.53,0,0.00,
ARCHIVED,runner rug non skid,BROAD,CAMPAIGN_ARCHIVED,,,,0.80,38,1,2.6316,0.50,0.50,0,0.00,
ARCHIVED,kitchen rug non slip,BROAD,CAMPAIGN_ARCHIVED,,,,0.80,65,1,1.5385,0.49,0.49,0,0.00,
ARCHIVED,floor mat for kids,BROAD,CAMPAIGN_ARCHIVED,,,,0.80,1,1,100,0.48,0.48,0,0.00,
ARCHIVED,kitchen rug paisley,BROAD,CAMPAIGN_ARCHIVED,,,,0.80,1,1,100,0.42,0.42,0,0.00,
ARCHIVED,kitchen mat holiday,BROAD,CAMPAIGN_ARCHIVED,,,,0.80,7,1,14.2857,0.42,0.42,0,0.00,
ARCHIVED,floor mat to lay on,BROAD,CAMPAIGN_ARCHIVED,,,,0.80,0,0,,0.00,0.00,0,0.00,
ARCHIVED,floor mat yoga,BROAD,CAMPAIGN_ARCHIVED,,,,0.80,0,0,,0.00,0.00,0,0.00,
ARCHIVED,floor mat yukon,BROAD,CAMPAIGN_ARCHIVED,,,,0.80,0,0,,0.00,0.00,0,0.00,
ARCHIVED,floor mat yukon xl,BROAD,CAMPAIGN_ARCHIVED,,,,0.80,0,0,,0.00,0.00,0,0.00,
ARCHIVED,floor mat vinyl,BROAD,CAMPAIGN_ARCHIVED,,,,0.80,0,0,,0.00,0.00,0,0.00,
ARCHIVED,floor mat velcro,BROAD,CAMPAIGN_ARCHIVED,,,,0.80,0,0,,0.00,0.00,0,0.00,
ARCHIVED,floor mat van,BROAD,CAMPAIGN_ARCHIVED,,,,0.80,0,0,,0.00,0.00,0,0.00,
ARCHIVED,floor mat velcro holder,BROAD,CAMPAIGN_ARCHIVED,,,,0.80,0,0,,0.00,0.00,0,0.00,
ARCHIVED,floor mat vw 1959,BROAD,CAMPAIGN_ARCHIVED,,,,0.80,0,0,,0.00,0.00,0,0.00,
ARCHIVED,floor mat vaccum,BROAD,CAMPAIGN_ARCHIVED,,,,0.80,0,0,,0.00,0.00,0,0.00,
ARCHIVED,floor mat vw,BROAD,CAMPAIGN_ARCHIVED,,,,0.80,0,0,,0.00,0.00,0,0.00,
ARCHIVED,floor mat volvo,BROAD,CAMPAIGN_ARCHIVED,,,,0.80,0,0,,0.00,0.00,0,0.00,
ARCHIVED,floor mat volvo xc90,BROAD,CAMPAIGN_ARCHIVED,,,,0.80,0,0,,0.00,0.00,0,0.00,
ARCHIVED,floor mat video game,BROAD,CAMPAIGN_ARCHIVED,,,,0.80,0,0,,0.00,0.00,0,0.00,
ARCHIVED,floor mat x5,BROAD,CAMPAIGN_ARCHIVED,,,,0.80,1,0,0,0.00,0.00,0,0.00,
ARCHIVED,floor mat wood grain,BROAD,CAMPAIGN_ARCHIVED,,,,0.80,0,0,,0.00,0.00,0,0.00,
ARCHIVED,floor mat with lip,BROAD,CAMPAIGN_ARCHIVED,,,,0.80,0,0,,0.00,0.00,0,0.00,
ARCHIVED,floor mat water proof,BROAD,CAMPAIGN_ARCHIVED,,,,0.80,0,0,,0.00,0.00,0,0.00,
ARCHIVED,floor mat with schnauzer,BROAD,CAMPAIGN_ARCHIVED,,,,0.80,0,0,,0.00,0.00,0,0.00,
ARCHIVED,floor mat with alarm,BROAD,CAMPAIGN_ARCHIVED,,,,0.80,0,0,,0.00,0.00,0,0.00,
ARCHIVED,floor mat workout,BROAD,CAMPAIGN_ARCHIVED,,,,0.80,0,0,,0.00,0.00,0,0.00,
ARCHIVED,floor mat water absorbent,BROAD,CAMPAIGN_ARCHIVED,,,,0.80,0,0,,0.00,0.00,0,0.00,
ARCHIVED,floor mat waterproof,BROAD,CAMPAIGN_ARCHIVED,,,,0.80,1,0,0,0.00,0.00,0,0.00,
ARCHIVED,floor mat water,BROAD,CAMPAIGN_ARCHIVED,,,,0.80,0,0,,0.00,0.00,0,0.00,
ARCHIVED,floor mat with grip,BROAD,CAMPAIGN_ARCHIVED,,,,0.80,0,0,,0.00,0.00,0,0.00,
ARCHIVED,bmw z4 floor mats,BROAD,CAMPAIGN_ARCHIVED,,,,0.80,0,0,,0.00,0.00,0,0.00,
ARCHIVED,bmw z3 floor mats,BROAD,CAMPAIGN_ARCHIVED,,,,0.80,0,0,,0.00,0.00,0,0.00,
ARCHIVED,z71 floor mats,BROAD,CAMPAIGN_ARCHIVED,,,,0.80,0,0,,0.00,0.00,0,0.00,
ARCHIVED,floor mats for office chairs on carpet,BROAD,CAMPAIGN_ARCHIVED,,,,0.80,0,0,,0.00,0.00,0,0.00,
ARCHIVED,floor mats for office 48 x 60,BROAD,CAMPAIGN_ARCHIVED,,,,0.80,0,0,,0.00,0.00,0,0.00,
ARCHIVED,floor mats for office carpet,BROAD,CAMPAIGN_ARCHIVED,,,,0.80,0,0,,0.00,0.00,0,0.00,
ARCHIVED,floor mats for office hardwood floor,BROAD,CAMPAIGN_ARCHIVED,,,,0.80,0,0,,0.00,0.00,0,0.00,
ARCHIVED,floor mats for office chairs on hardwood floors,BROAD,CAMPAIGN_ARCHIVED,,,,0.80,0,0,,0.00,0.00,0,0.00,
ARCHIVED,floor mats for office chairs on laminate,BROAD,CAMPAIGN_ARCHIVED,,,,0.80,0,0,,0.00,0.00,0,0.00,
ARCHIVED,floor mats for office chairs,BROAD,CAMPAIGN_ARCHIVED,,,,0.80,0,0,,0.00,0.00,0,0.00,
ARCHIVED,floor mats for office standing desk,BROAD,CAMPAIGN_ARCHIVED,,,,0.80,0,0,,0.00,0.00,0,0.00,
ARCHIVED,floor mats for office round,BROAD,CAMPAIGN_ARCHIVED,,,,0.80,0,0,,0.00,0.00,0,0.00,
ARCHIVED,exercise floor mats for home gym,BROAD,CAMPAIGN_ARCHIVED,,,,0.80,0,0,,0.00,0.00,0,0.00,
ARCHIVED,rubber floor mats for home,BROAD,CAMPAIGN_ARCHIVED,,,,0.80,0,0,,0.00,0.00,0,0.00,
ARCHIVED,indoor floor mats for home,BROAD,CAMPAIGN_ARCHIVED,,,,0.80,0,0,,0.00,0.00,0,0.00,
ARCHIVED,floor mats for home entrance,BROAD,CAMPAIGN_ARCHIVED,,,,0.80,0,0,,0.00,0.00,0,0.00,
ARCHIVED,outdoor floor mats for home,BROAD,CAMPAIGN_ARCHIVED,,,,0.80,0,0,,0.00,0.00,0,0.00,
ARCHIVED,floor mats for home large,BROAD,CAMPAIGN_ARCHIVED,,,,0.80,0,0,,0.00,0.00,0,0.00,
ARCHIVED,floor mats for home office chair,BROAD,CAMPAIGN_ARCHIVED,,,,0.80,0,0,,0.00,0.00,0,0.00,
ARCHIVED,floor mats for home welcome,BROAD,CAMPAIGN_ARCHIVED,,,,0.80,0,0,,0.00,0.00,0,0.00,
ARCHIVED,floor mats for home office,BROAD,CAMPAIGN_ARCHIVED,,,,0.80,0,0,,0.00,0.00,0,0.00,
ARCHIVED,floor mat for office chair wood floor with lip,BROAD,CAMPAIGN_ARCHIVED,,,,0.80,0,0,,0.00,0.00,0,0.00,
ARCHIVED,floor mat for office chair wood floor large,BROAD,CAMPAIGN_ARCHIVED,,,,0.80,0,0,,0.00,0.00,0,0.00,
ARCHIVED,floor mat for office chair wood floor 60,BROAD,CAMPAIGN_ARCHIVED,,,,0.80,0,0,,0.00,0.00,0,0.00,
ARCHIVED,floor mat for office chair wood floor black,BROAD,CAMPAIGN_ARCHIVED,,,,0.80,0,0,,0.00,0.00,0,0.00,
ARCHIVED,floor mat for office chair wood floor 48x48,BROAD,CAMPAIGN_ARCHIVED,,,,0.80,0,0,,0.00,0.00,0,0.00,
ARCHIVED,foam floor mats for kids,BROAD,CAMPAIGN_ARCHIVED,,,,0.80,0,0,,0.00,0.00,0,0.00,
ARCHIVED,padded floor mats for kids,BROAD,CAMPAIGN_ARCHIVED,,,,0.80,0,0,,0.00,0.00,0,0.00,
ARCHIVED,floor mats for kids eating,BROAD,CAMPAIGN_ARCHIVED,,,,0.80,0,0,,0.00,0.00,0,0.00,
ARCHIVED,soft floor mats for kids,BROAD,CAMPAIGN_ARCHIVED,,,,0.80,0,0,,0.00,0.00,0,0.00,
ARCHIVED,floor mats for kids cars,BROAD,CAMPAIGN_ARCHIVED,,,,0.80,0,0,,0.00,0.00,0,0.00,
ARCHIVED,floor mats for kids non toxic extra thick,BROAD,CAMPAIGN_ARCHIVED,,,,0.80,0,0,,0.00,0.00,0,0.00,
ARCHIVED,floor mats for kids non toxic,BROAD,CAMPAIGN_ARCHIVED,,,,0.80,0,0,,0.00,0.00,0,0.00,
ARCHIVED,floor mats for kids letters,BROAD,CAMPAIGN_ARCHIVED,,,,0.80,0,0,,0.00,0.00,0,0.00,
ARCHIVED,floor mats for kids large,BROAD,CAMPAIGN_ARCHIVED,,,,0.80,0,0,,0.00,0.00,0,0.00,
ARCHIVED,indoor floor mat entrance,BROAD,CAMPAIGN_ARCHIVED,,,,0.80,0,0,,0.00,0.00,0,0.00,
ARCHIVED,floor mat exercise equipment,BROAD,CAMPAIGN_ARCHIVED,,,,0.80,0,0,,0.00,0.00,0,0.00,
ARCHIVED,floor mat exit alarm for elderly fall prevention and anti-wandering,BROAD,CAMPAIGN_ARCHIVED,,,,0.80,0,0,,0.00,0.00,0,0.00,
ARCHIVED,floor mat entrance,BROAD,CAMPAIGN_ARCHIVED,,,,0.80,0,0,,0.00,0.00,0,0.00,
ARCHIVED,floor mat ergonomic,BROAD,CAMPAIGN_ARCHIVED,,,,0.80,0,0,,0.00,0.00,0,0.00,
ARCHIVED,floor mat eva,BROAD,CAMPAIGN_ARCHIVED,,,,0.80,0,0,,0.00,0.00,0,0.00,
ARCHIVED,floor mat entry,BROAD,CAMPAIGN_ARCHIVED,,,,0.80,1,0,0,0.00,0.00,0,0.00,
ARCHIVED,floor mat entry carpet,BROAD,CAMPAIGN_ARCHIVED,,,,0.80,0,0,,0.00,0.00,0,0.00,
ARCHIVED,floor mat extra large,BROAD,CAMPAIGN_ARCHIVED,,,,0.80,0,0,,0.00,0.00,0,0.00,
ARCHIVED,floor mat gym,BROAD,CAMPAIGN_ARCHIVED,,,,0.80,0,0,,0.00,0.00,0,0.00,
ARCHIVED,floor mat gymnastics,BROAD,CAMPAIGN_ARCHIVED,,,,0.80,0,0,,0.00,0.00,0,0.00,
ARCHIVED,floor mat grip tape,BROAD,CAMPAIGN_ARCHIVED,,,,0.80,0,0,,0.00,0.00,0,0.00,
ARCHIVED,floor mat grip,BROAD,CAMPAIGN_ARCHIVED,,,,0.80,0,0,,0.00,0.00,0,0.00,
ARCHIVED,floor mat games,BROAD,CAMPAIGN_ARCHIVED,,,,0.80,2,0,0,0.00,0.00,0,0.00,
ARCHIVED,floor mat garage,BROAD,CAMPAIGN_ARCHIVED,,,,0.80,0,0,,0.00,0.00,0,0.00,
ARCHIVED,floor mat gripper for runner,BROAD,CAMPAIGN_ARCHIVED,,,,0.80,0,0,,0.00,0.00,0,0.00,
ARCHIVED,floor mat gorilla,BROAD,CAMPAIGN_ARCHIVED,,,,0.80,0,0,,0.00,0.00,0,0.00,
ARCHIVED,floor mat gym equipment,BROAD,CAMPAIGN_ARCHIVED,,,,0.80,0,0,,0.00,0.00,0,0.00,
ARCHIVED,floor mat gmc sierra,BROAD,CAMPAIGN_ARCHIVED,,,,0.80,0,0,,0.00,0.00,0,0.00,
ARCHIVED,shower floor mat non slip,BROAD,CAMPAIGN_ARCHIVED,,,,0.80,0,0,,0.00,0.00,0,0.00,
ARCHIVED,floor mat non slip,BROAD,CAMPAIGN_ARCHIVED,,,,0.80,0,0,,0.00,0.00,0,0.00,
ARCHIVED,floor mat nissan frontier 2011,BROAD,CAMPAIGN_ARCHIVED,,,,0.80,0,0,,0.00,0.00,0,0.00,
ARCHIVED,kitchen rug navy,BROAD,CAMPAIGN_ARCHIVED,,,,0.80,0,0,,0.00,0.00,0,0.00,
ARCHIVED,kitchen rug non skid washable,BROAD,CAMPAIGN_ARCHIVED,,,,0.80,0,0,,0.00,0.00,0,0.00,
ARCHIVED,kitchen rug natural fiber,BROAD,CAMPAIGN_ARCHIVED,,,,0.80,0,0,,0.00,0.00,0,0.00,
ARCHIVED,kitchen rug nuloom,BROAD,CAMPAIGN_ARCHIVED,,,,0.80,0,0,,0.00,0.00,0,0.00,
ARCHIVED,kitchen rug natural,BROAD,CAMPAIGN_ARCHIVED,,,,0.80,0,0,,0.00,0.00,0,0.00,
ARCHIVED,kitchen rug nautical,BROAD,CAMPAIGN_ARCHIVED,,,,0.80,1,0,0,0.00,0.00,0,0.00,
ARCHIVED,kitchen rug non slip runner,BROAD,CAMPAIGN_ARCHIVED,,,,0.80,0,0,,0.00,0.00,0,0.00,
ARCHIVED,kitchen rug nonslip,BROAD,CAMPAIGN_ARCHIVED,,,,0.80,0,0,,0.00,0.00,0,0.00,
ARCHIVED,kitchen rug uder 10,BROAD,CAMPAIGN_ARCHIVED,,,,0.80,0,0,,0.00,0.00,0,0.00,
ARCHIVED,kitchen rug under table,BROAD,CAMPAIGN_ARCHIVED,,,,0.80,0,0,,0.00,0.00,0,0.00,
ARCHIVED,kitchen rug utensils,BROAD,CAMPAIGN_ARCHIVED,,,,0.80,0,0,,0.00,0.00,0,0.00,
ARCHIVED,kitchen rug under 15,BROAD,CAMPAIGN_ARCHIVED,,,,0.80,0,0,,0.00,0.00,0,0.00,
ARCHIVED,kitchen rug unique,BROAD,CAMPAIGN_ARCHIVED,,,,0.80,0,0,,0.00,0.00,0,0.00,
ARCHIVED,kitchen rug mat,BROAD,CAMPAIGN_ARCHIVED,,,,0.80,0,0,,0.00,0.00,0,0.00,
ARCHIVED,kitchen rug machine washable,BROAD,CAMPAIGN_ARCHIVED,,,,0.80,0,0,,0.00,0.00,0,0.00,
ARCHIVED,kitchen rug memory foam,BROAD,CAMPAIGN_ARCHIVED,,,,0.80,0,0,,0.00,0.00,0,0.00,
ARCHIVED,kitchen rug maroon,BROAD,CAMPAIGN_ARCHIVED,,,,0.80,0,0,,0.00,0.00,0,0.00,
ARCHIVED,kitchen rug marble,BROAD,CAMPAIGN_ARCHIVED,,,,0.80,1,0,0,0.00,0.00,0,0.00,
ARCHIVED,kitchen rug modern,BROAD,CAMPAIGN_ARCHIVED,,,,0.80,0,0,,0.00,0.00,0,0.00,
ARCHIVED,kitchen rug mint,BROAD,CAMPAIGN_ARCHIVED,,,,0.80,1,0,0,0.00,0.00,0,0.00,
ARCHIVED,kitchen rug mat set,BROAD,CAMPAIGN_ARCHIVED,,,,0.80,0,0,,0.00,0.00,0,0.00,
ARCHIVED,kitchen rug mat blue,BROAD,CAMPAIGN_ARCHIVED,,,,0.80,0,0,,0.00,0.00,0,0.00,
ARCHIVED,kitchen rug multi color,BROAD,CAMPAIGN_ARCHIVED,,,,0.80,0,0,,0.00,0.00,0,0.00,
ARCHIVED,kitchen rug pad,BROAD,CAMPAIGN_ARCHIVED,,,,0.80,1,0,0,0.00,0.00,0,0.00,
ARCHIVED,kitchen rug pink,BROAD,CAMPAIGN_ARCHIVED,,,,0.80,0,0,,0.00,0.00,0,0.00,
ARCHIVED,kitchen rug pineapple,BROAD,CAMPAIGN_ARCHIVED,,,,0.80,0,0,,0.00,0.00,0,0.00,
ARCHIVED,kitchen rug padded,BROAD,CAMPAIGN_ARCHIVED,,,,0.80,0,0,,0.00,0.00,0,0.00,
ARCHIVED,kitchen rug purple,BROAD,CAMPAIGN_ARCHIVED,,,,0.80,0,0,,0.00,0.00,0,0.00,
ARCHIVED,kitchen rug prime,BROAD,CAMPAIGN_ARCHIVED,,,,0.80,0,0,,0.00,0.00,0,0.00,
ARCHIVED,kitchen rug print,BROAD,CAMPAIGN_ARCHIVED,,,,0.80,0,0,,0.00,0.00,0,0.00,
ARCHIVED,kitchen rug pioneer woman,BROAD,CAMPAIGN_ARCHIVED,,,,0.80,0,0,,0.00,0.00,0,0.00,
ARCHIVED,kitchen rug pig,BROAD,CAMPAIGN_ARCHIVED,,,,0.80,3,0,0,0.00,0.00,0,0.00,
ARCHIVED,kitchen rug jute,BROAD,CAMPAIGN_ARCHIVED,,,,0.80,1,0,0,0.00,0.00,0,0.00,
ARCHIVED,zebra print kitchen rugs,BROAD,CAMPAIGN_ARCHIVED,,,,0.80,0,0,,0.00,0.00,0,0.00,
ARCHIVED,zebra kitchen rug,BROAD,CAMPAIGN_ARCHIVED,,,,0.80,0,0,,0.00,0.00,0,0.00,
ARCHIVED,zombie kitchen rug,BROAD,CAMPAIGN_ARCHIVED,,,,0.80,0,0,,0.00,0.00,0,0.00,
ARCHIVED,kitchen rug teal,BROAD,CAMPAIGN_ARCHIVED,,,,0.80,1,0,0,0.00,0.00,0,0.00,
ARCHIVED,kitchen rug tan,BROAD,CAMPAIGN_ARCHIVED,,,,0.80,0,0,,0.00,0.00,0,0.00,
ARCHIVED,kitchen rug thanksgiving,BROAD,CAMPAIGN_ARCHIVED,,,,0.80,0,0,,0.00,0.00,0,0.00,
ARCHIVED,kitchen rug trellis,BROAD,CAMPAIGN_ARCHIVED,,,,0.80,0,0,,0.00,0.00,0,0.00,
ARCHIVED,kitchen rug towel set,BROAD,CAMPAIGN_ARCHIVED,,,,0.80,0,0,,0.00,0.00,0,0.00,
ARCHIVED,kitchen rug teal gray,BROAD,CAMPAIGN_ARCHIVED,,,,0.80,0,0,,0.00,0.00,0,0.00,
ARCHIVED,kitchen rug taupe,BROAD,CAMPAIGN_ARCHIVED,,,,0.80,0,0,,0.00,0.00,0,0.00,
ARCHIVED,kitchen rug tropical,BROAD,CAMPAIGN_ARCHIVED,,,,0.80,3,0,0,0.00,0.00,0,0.00,
ARCHIVED,kitchen rug washable,BROAD,CAMPAIGN_ARCHIVED,,,,0.80,1,0,0,0.00,0.00,0,0.00,
ARCHIVED,kitchen rug wine theme,BROAD,CAMPAIGN_ARCHIVED,,,,0.80,0,0,,0.00,0.00,0,0.00,
ARCHIVED,kitchen rug with rubber backing,BROAD,CAMPAIGN_ARCHIVED,,,,0.80,0,0,,0.00,0.00,0,0.00,
ARCHIVED,kitchen rug washable non slip,BROAD,CAMPAIGN_ARCHIVED,,,,0.80,0,0,,0.00,0.00,0,0.00,
ARCHIVED,kitchen rug with rooster,BROAD,CAMPAIGN_ARCHIVED,,,,0.80,0,0,,0.00,0.00,0,0.00,
ARCHIVED,kitchen rug with fruit,BROAD,CAMPAIGN_ARCHIVED,,,,0.80,0,0,,0.00,0.00,0,0.00,
ARCHIVED,kitchen rug wine,BROAD,CAMPAIGN_ARCHIVED,,,,0.80,1,0,0,0.00,0.00,0,0.00,
ARCHIVED,kitchen rug woven,BROAD,CAMPAIGN_ARCHIVED,,,,0.80,0,0,,0.00,0.00,0,0.00,
ARCHIVED,kitchen rug western,BROAD,CAMPAIGN_ARCHIVED,,,,0.80,3,0,0,0.00,0.00,0,0.00,
ARCHIVED,kitchen rug white,BROAD,CAMPAIGN_ARCHIVED,,,,0.80,1,0,0,0.00,0.00,0,0.00,
ARCHIVED,kitchen rug yellow,BROAD,CAMPAIGN_ARCHIVED,,,,0.80,1,0,0,0.00,0.00,0,0.00,
ARCHIVED,kitchen rug yellow and grey,BROAD,CAMPAIGN_ARCHIVED,,,,0.80,0,0,,0.00,0.00,0,0.00,
ARCHIVED,kitchen rug yellow and gray,BROAD,CAMPAIGN_ARCHIVED,,,,0.80,0,0,,0.00,0.00,0,0.00,
ARCHIVED,kitchen rug yellow gold,BROAD,CAMPAIGN_ARCHIVED,,,,0.80,0,0,,0.00,0.00,0,0.00,
ARCHIVED,floor mats for exercise equipment,BROAD,CAMPAIGN_ARCHIVED,,,,0.80,0,0,,0.00,0.00,0,0.00,
ARCHIVED,floor mattress for sleep,BROAD,CAMPAIGN_ARCHIVED,,,,0.80,0,0,,0.00,0.00,0,0.00,
ARCHIVED,floor mat alarms for elderly,BROAD,CAMPAIGN_ARCHIVED,,,,0.80,0,0,,0.00,0.00,0,0.00,
ARCHIVED,baby floor mat activity gym,BROAD,CAMPAIGN_ARCHIVED,,,,0.80,0,0,,0.00,0.00,0,0.00,
ARCHIVED,floor mat anti fatigue,BROAD,CAMPAIGN_ARCHIVED,,,,0.80,1,0,0,0.00,0.00,0,0.00,
ARCHIVED,floor mat alarm clock,BROAD,CAMPAIGN_ARCHIVED,,,,0.80,0,0,,0.00,0.00,0,0.00,
ARCHIVED,floor mat anchor,BROAD,CAMPAIGN_ARCHIVED,,,,0.80,1,0,0,0.00,0.00,0,0.00,
ARCHIVED,floor mat alarm,BROAD,CAMPAIGN_ARCHIVED,,,,0.80,0,0,,0.00,0.00,0,0.00,
ARCHIVED,floor mat adhesive,BROAD,CAMPAIGN_ARCHIVED,,,,0.80,6,0,0,0.00,0.00,0,0.00,
ARCHIVED,floor mat anti slip,BROAD,CAMPAIGN_ARCHIVED,,,,0.80,0,0,,0.00,0.00,0,0.00,
ARCHIVED,floor mat audi a4,BROAD,CAMPAIGN_ARCHIVED,,,,0.80,0,0,,0.00,0.00,0,0.00,
ARCHIVED,floor mat automotive,BROAD,CAMPAIGN_ARCHIVED,,,,0.80,3,0,0,0.00,0.00,0,0.00,
ARCHIVED,floor mat for high chair,BROAD,CAMPAIGN_ARCHIVED,,,,0.80,0,0,,0.00,0.00,0,0.00,
ARCHIVED,floor mat for standing desk,BROAD,CAMPAIGN_ARCHIVED,,,,0.80,0,0,,0.00,0.00,0,0.00,
ARCHIVED,floor mat for office,BROAD,CAMPAIGN_ARCHIVED,,,,0.80,0,0,,0.00,0.00,0,0.00,
ARCHIVED,floor mat for exercise equipment,BROAD,CAMPAIGN_ARCHIVED,,,,0.80,0,0,,0.00,0.00,0,0.00,
ARCHIVED,floor mat for kitchen,BROAD,CAMPAIGN_ARCHIVED,,,,0.80,1,0,0,0.00,0.00,0,0.00,
ARCHIVED,floor mat for bathrooms,BROAD,CAMPAIGN_ARCHIVED,,,,0.80,1,0,0,0.00,0.00,0,0.00,
ARCHIVED,floor mat holder,BROAD,CAMPAIGN_ARCHIVED,,,,0.80,0,0,,0.00,0.00,0,0.00,
ARCHIVED,floor mat high chair,BROAD,CAMPAIGN_ARCHIVED,,,,0.80,0,0,,0.00,0.00,0,0.00,
ARCHIVED,floor mat hangers,BROAD,CAMPAIGN_ARCHIVED,,,,0.80,0,0,,0.00,0.00,0,0.00,
ARCHIVED,floor mat heater,BROAD,CAMPAIGN_ARCHIVED,,,,0.80,0,0,,0.00,0.00,0,0.00,
ARCHIVED,floor mat hardwood,BROAD,CAMPAIGN_ARCHIVED,,,,0.80,0,0,,0.00,0.00,0,0.00,
ARCHIVED,floor mat hooks,BROAD,CAMPAIGN_ARCHIVED,,,,0.80,0,0,,0.00,0.00,0,0.00,
ARCHIVED,floor mat hooks toyota,BROAD,CAMPAIGN_ARCHIVED,,,,0.80,0,0,,0.00,0.00,0,0.00,
ARCHIVED,floor mat honda crv 2018,BROAD,CAMPAIGN_ARCHIVED,,,,0.80,0,0,,0.00,0.00,0,0.00,
ARCHIVED,floor mat home,BROAD,CAMPAIGN_ARCHIVED,,,,0.80,0,0,,0.00,0.00,0,0.00,
ARCHIVED,floor mat holder clips,BROAD,CAMPAIGN_ARCHIVED,,,,0.80,0,0,,0.00,0.00,0,0.00,
ARCHIVED,floor mat clips,BROAD,CAMPAIGN_ARCHIVED,,,,0.80,0,0,,0.00,0.00,0,0.00,
ARCHIVED,floor mat commercial,BROAD,CAMPAIGN_ARCHIVED,,,,0.80,2,0,0,0.00,0.00,0,0.00,
ARCHIVED,floor mat car,BROAD,CAMPAIGN_ARCHIVED,,,,0.80,776,0,0,0.00,0.00,0,0.00,
ARCHIVED,floor mat cleaner,BROAD,CAMPAIGN_ARCHIVED,,,,0.80,0,0,,0.00,0.00,0,0.00,
ARCHIVED,weathertech floor mat cleaner,BROAD,CAMPAIGN_ARCHIVED,,,,0.80,0,0,,0.00,0.00,0,0.00,
ARCHIVED,floor mat clips toyota,BROAD,CAMPAIGN_ARCHIVED,,,,0.80,0,0,,0.00,0.00,0,0.00,
ARCHIVED,floor mat cushion,BROAD,CAMPAIGN_ARCHIVED,,,,0.80,0,0,,0.00,0.00,0,0.00,
ARCHIVED,weather tech floor mat cleaner,BROAD,CAMPAIGN_ARCHIVED,,,,0.80,0,0,,0.00,0.00,0,0.00,
ARCHIVED,floor mat chair carpet,BROAD,CAMPAIGN_ARCHIVED,,,,0.80,0,0,,0.00,0.00,0,0.00,
ARCHIVED,floor mat carpet,BROAD,CAMPAIGN_ARCHIVED,,,,0.80,0,0,,0.00,0.00,0,0.00,
ARCHIVED,floor mat baby,BROAD,CAMPAIGN_ARCHIVED,,,,0.80,0,0,,0.00,0.00,0,0.00,
ARCHIVED,floor mat bathroom,BROAD,CAMPAIGN_ARCHIVED,,,,0.80,0,0,,0.00,0.00,0,0.00,
ARCHIVED,floor mat baby high chair,BROAD,CAMPAIGN_ARCHIVED,,,,0.80,0,0,,0.00,0.00,0,0.00,
ARCHIVED,floor mat bed,BROAD,CAMPAIGN_ARCHIVED,,,,0.80,15,0,0,0.00,0.00,0,0.00,
ARCHIVED,floor mat brush,BROAD,CAMPAIGN_ARCHIVED,,,,0.80,1,0,0,0.00,0.00,0,0.00,
ARCHIVED,floor mat bamboo,BROAD,CAMPAIGN_ARCHIVED,,,,0.80,4,0,0,0.00,0.00,0,0.00,
ARCHIVED,floor mat bmw,BROAD,CAMPAIGN_ARCHIVED,,,,0.80,43,0,0,0.00,0.00,0,0.00,
ARCHIVED,floor mat bed alarm,BROAD,CAMPAIGN_ARCHIVED,,,,0.80,0,0,,0.00,0.00,0,0.00,
ARCHIVED,floor mat blue,BROAD,CAMPAIGN_ARCHIVED,,,,0.80,2,0,0,0.00,0.00,0,0.00,
ARCHIVED,floor mat back support,BROAD,CAMPAIGN_ARCHIVED,,,,0.80,0,0,,0.00,0.00,0,0.00,
ARCHIVED,floor mat kitchen,BROAD,CAMPAIGN_ARCHIVED,,,,0.80,0,0,,0.00,0.00,0,0.00,
ARCHIVED,floor mat kids,BROAD,CAMPAIGN_ARCHIVED,,,,0.80,0,0,,0.00,0.00,0,0.00,
ARCHIVED,floor mat keyboard,BROAD,CAMPAIGN_ARCHIVED,,,,0.80,0,0,,0.00,0.00,0,0.00,
ARCHIVED,floor mat kids foam,BROAD,CAMPAIGN_ARCHIVED,,,,0.80,0,0,,0.00,0.00,0,0.00,
ARCHIVED,floor mat kitchen anti fatigue,BROAD,CAMPAIGN_ARCHIVED,,,,0.80,0,0,,0.00,0.00,0,0.00,
ARCHIVED,floor mat kitchen sink,BROAD,CAMPAIGN_ARCHIVED,,,,0.80,0,0,,0.00,0.00,0,0.00,
ARCHIVED,floor mat kids eating,BROAD,CAMPAIGN_ARCHIVED,,,,0.80,0,0,,0.00,0.00,0,0.00,
ARCHIVED,floor mat kia forte,BROAD,CAMPAIGN_ARCHIVED,,,,0.80,0,0,,0.00,0.00,0,0.00,
ARCHIVED,floor mat kids food,BROAD,CAMPAIGN_ARCHIVED,,,,0.80,0,0,,0.00,0.00,0,0.00,
ARCHIVED,floor mat kia optima 2018,BROAD,CAMPAIGN_ARCHIVED,,,,0.80,0,0,,0.00,0.00,0,0.00,
ARCHIVED,floor mat jeep liberty 2012,BROAD,CAMPAIGN_ARCHIVED,,,,0.80,0,0,,0.00,0.00,0,0.00,
ARCHIVED,floor mat jeep grand cherokee,BROAD,CAMPAIGN_ARCHIVED,,,,0.80,0,0,,0.00,0.00,0,0.00,
ARCHIVED,floor mat jeep,BROAD,CAMPAIGN_ARCHIVED,,,,0.80,0,0,,0.00,0.00,0,0.00,
ARCHIVED,floor mat jeep wrangler,BROAD,CAMPAIGN_ARCHIVED,,,,0.80,0,0,,0.00,0.00,0,0.00,
ARCHIVED,floor mat jeep grand cherokee 2015,BROAD,CAMPAIGN_ARCHIVED,,,,0.80,0,0,,0.00,0.00,0,0.00,
ARCHIVED,floor mat jeep compass,BROAD,CAMPAIGN_ARCHIVED,,,,0.80,0,0,,0.00,0.00,0,0.00,
ARCHIVED,floor mat jeep patriot,BROAD,CAMPAIGN_ARCHIVED,,,,0.80,0,0,,0.00,0.00,0,0.00,
ARCHIVED,floor mat jeep cherokee,BROAD,CAMPAIGN_ARCHIVED,,,,0.80,0,0,,0.00,0.00,0,0.00,
ARCHIVED,floor mat jeep compass 2014,BROAD,CAMPAIGN_ARCHIVED,,,,0.80,0,0,,0.00,0.00,0,0.00,
ARCHIVED,floor mat jetta,BROAD,CAMPAIGN_ARCHIVED,,,,0.80,0,0,,0.00,0.00,0,0.00,
ARCHIVED,floor mat living room,BROAD,CAMPAIGN_ARCHIVED,,,,0.80,0,0,,0.00,0.00,0,0.00,
ARCHIVED,floor mat laundry room,BROAD,CAMPAIGN_ARCHIVED,,,,0.80,0,0,,0.00,0.00,0,0.00,
ARCHIVED,floor mat long,BROAD,CAMPAIGN_ARCHIVED,,,,0.80,0,0,,0.00,0.00,0,0.00,
ARCHIVED,floor mat large,BROAD,CAMPAIGN_ARCHIVED,,,,0.80,0,0,,0.00,0.00,0,0.00,
ARCHIVED,floor mat lexus gs350,BROAD,CAMPAIGN_ARCHIVED,,,,0.80,0,0,,0.00,0.00,0,0.00,
ARCHIVED,floor mat lock clip,BROAD,CAMPAIGN_ARCHIVED,,,,0.80,0,0,,0.00,0.00,0,0.00,
ARCHIVED,floor mat leaves,BROAD,CAMPAIGN_ARCHIVED,,,,0.80,0,0,,0.00,0.00,0,0.00,
ARCHIVED,floor mat liner,BROAD,CAMPAIGN_ARCHIVED,,,,0.80,0,0,,0.00,0.00,0,0.00,
ARCHIVED,floor mat lexus es350,BROAD,CAMPAIGN_ARCHIVED,,,,0.80,0,0,,0.00,0.00,0,0.00,
ARCHIVED,floor mat inside,BROAD,CAMPAIGN_ARCHIVED,,,,0.80,0,0,,0.00,0.00,0,0.00,
ARCHIVED,floor mat indoor,BROAD,CAMPAIGN_ARCHIVED,,,,0.80,0,0,,0.00,0.00,0,0.00,
ARCHIVED,floor mat indoor outdoor,BROAD,CAMPAIGN_ARCHIVED,,,,0.80,0,0,,0.00,0.00,0,0.00,
ARCHIVED,floor mat in bathroom,BROAD,CAMPAIGN_ARCHIVED,,,,0.80,0,0,,0.00,0.00,0,0.00,
ARCHIVED,floor mat infant,BROAD,CAMPAIGN_ARCHIVED,,,,0.80,0,0,,0.00,0.00,0,0.00,
ARCHIVED,floor mat industrial,BROAD,CAMPAIGN_ARCHIVED,,,,0.80,0,0,,0.00,0.00,0,0.00,
ARCHIVED,floor mat inserts,BROAD,CAMPAIGN_ARCHIVED,,,,0.80,0,0,,0.00,0.00,0,0.00,
ARCHIVED,floor mat in front of the stove,BROAD,CAMPAIGN_ARCHIVED,,,,0.80,0,0,,0.00,0.00,0,0.00,
ARCHIVED,floor mat interlock,BROAD,CAMPAIGN_ARCHIVED,,,,0.80,0,0,,0.00,0.00,0,0.00,
ARCHIVED,floor mat indoor entry,BROAD,CAMPAIGN_ARCHIVED,,,,0.80,0,0,,0.00,0.00,0,0.00,
ARCHIVED,floor mat desk,BROAD,CAMPAIGN_ARCHIVED,,,,0.80,0,0,,0.00,0.00,0,0.00,
ARCHIVED,floor mat desk chair carpet,BROAD,CAMPAIGN_ARCHIVED,,,,0.80,0,0,,0.00,0.00,0,0.00,
ARCHIVED,floor mat dog,BROAD,CAMPAIGN_ARCHIVED,,,,0.80,3,0,0,0.00,0.00,0,0.00,
ARCHIVED,kitchen mat microfiber,BROAD,CAMPAIGN_ARCHIVED,,,,0.80,0,0,,0.00,0.00,0,0.00,
ARCHIVED,kitchen mat measurements,BROAD,CAMPAIGN_ARCHIVED,,,,0.80,0,0,,0.00,0.00,0,0.00,
ARCHIVED,kitchen mat mickey,BROAD,CAMPAIGN_ARCHIVED,,,,0.80,0,0,,0.00,0.00,0,0.00,
ARCHIVED,kitchen mat memory foam decorative,BROAD,CAMPAIGN_ARCHIVED,,,,0.80,0,0,,0.00,0.00,0,0.00,
ARCHIVED,zulay kitchen plastic cutting mat set,BROAD,CAMPAIGN_ARCHIVED,,,,0.80,0,0,,0.00,0.00,0,0.00,
ARCHIVED,kitchen zone baking mat,BROAD,CAMPAIGN_ARCHIVED,,,,0.80,0,0,,0.00,0.00,0,0.00,
ARCHIVED,kitchen mat teal,BROAD,CAMPAIGN_ARCHIVED,,,,0.80,2,0,0,0.00,0.00,0,0.00,
ARCHIVED,kitchen mat tan,BROAD,CAMPAIGN_ARCHIVED,,,,0.80,0,0,,0.00,0.00,0,0.00,
ARCHIVED,kitchen mat turquoise,BROAD,CAMPAIGN_ARCHIVED,,,,0.80,0,0,,0.00,0.00,0,0.00,
ARCHIVED,kitchen mat tribal,BROAD,CAMPAIGN_ARCHIVED,,,,0.80,0,0,,0.00,0.00,0,0.00,
ARCHIVED,kitchen mat trellis,BROAD,CAMPAIGN_ARCHIVED,,,,0.80,0,0,,0.00,0.00,0,0.00,
ARCHIVED,kitchen mat thanksgiving,BROAD,CAMPAIGN_ARCHIVED,,,,0.80,0,0,,0.00,0.00,0,0.00,
ARCHIVED,kitchen mat thug life,BROAD,CAMPAIGN_ARCHIVED,,,,0.80,0,0,,0.00,0.00,0,0.00,
ARCHIVED,kitchen mat tropical,BROAD,CAMPAIGN_ARCHIVED,,,,0.80,1,0,0,0.00,0.00,0,0.00,
ARCHIVED,kitchen mat taupe,BROAD,CAMPAIGN_ARCHIVED,,,,0.80,0,0,,0.00,0.00,0,0.00,
ARCHIVED,kitchen mat table,BROAD,CAMPAIGN_ARCHIVED,,,,0.80,0,0,,0.00,0.00,0,0.00,
ARCHIVED,kitchen mat set,BROAD,CAMPAIGN_ARCHIVED,,,,0.80,4,0,0,0.00,0.00,0,0.00,
ARCHIVED,kitchen mat sets for floor,BROAD,CAMPAIGN_ARCHIVED,,,,0.80,0,0,,0.00,0.00,0,0.00,
ARCHIVED,kitchen mat sets for floor 3 piece,BROAD,CAMPAIGN_ARCHIVED,,,,0.80,0,0,,0.00,0.00,0,0.00,
ARCHIVED,kitchen mat set of 2,BROAD,CAMPAIGN_ARCHIVED,,,,0.80,0,0,,0.00,0.00,0,0.00,
ARCHIVED,kitchen mat sea,BROAD,CAMPAIGN_ARCHIVED,,,,0.80,0,0,,0.00,0.00,0,0.00,
ARCHIVED,kitchen mat sink,BROAD,CAMPAIGN_ARCHIVED,,,,0.80,0,0,,0.00,0.00,0,0.00,
ARCHIVED,kitchen mat sky,BROAD,CAMPAIGN_ARCHIVED,,,,0.80,0,0,,0.00,0.00,0,0.00,
ARCHIVED,kitchen mat small,BROAD,CAMPAIGN_ARCHIVED,,,,0.80,2,0,0,0.00,0.00,0,0.00,
ARCHIVED,kitchen mat sunflower,BROAD,CAMPAIGN_ARCHIVED,,,,0.80,0,0,,0.00,0.00,0,0.00,
ARCHIVED,kitchen mat sayings,BROAD,CAMPAIGN_ARCHIVED,,,,0.80,0,0,,0.00,0.00,0,0.00,
ARCHIVED,kitchen mat under sink,BROAD,CAMPAIGN_ARCHIVED,,,,0.80,0,0,,0.00,0.00,0,0.00,
ARCHIVED,kitchen mat under 10,BROAD,CAMPAIGN_ARCHIVED,,,,0.80,0,0,,0.00,0.00,0,0.00,
ARCHIVED,kitchen mat utensils,BROAD,CAMPAIGN_ARCHIVED,,,,0.80,0,0,,0.00,0.00,0,0.00,
ARCHIVED,kitchen mat unique,BROAD,CAMPAIGN_ARCHIVED,,,,0.80,0,0,,0.00,0.00,0,0.00,
ARCHIVED,kitchen mat yellow and gray,BROAD,CAMPAIGN_ARCHIVED,,,,0.80,0,0,,0.00,0.00,0,0.00,
ARCHIVED,kitchen mat yellow,BROAD,CAMPAIGN_ARCHIVED,,,,0.80,0,0,,0.00,0.00,0,0.00,
ARCHIVED,kitchen mat yellow blue,BROAD,CAMPAIGN_ARCHIVED,,,,0.80,0,0,,0.00,0.00,0,0.00,
ARCHIVED,kitchen mat yellow and turquoise,BROAD,CAMPAIGN_ARCHIVED,,,,0.80,0,0,,0.00,0.00,0,0.00,
ARCHIVED,kitchen mat waterproof,BROAD,CAMPAIGN_ARCHIVED,,,,0.80,0,0,,0.00,0.00,0,0.00,
ARCHIVED,kitchen mat wine,BROAD,CAMPAIGN_ARCHIVED,,,,0.80,0,0,,0.00,0.00,0,0.00,
ARCHIVED,kitchen mat washable,BROAD,CAMPAIGN_ARCHIVED,,,,0.80,0,0,,0.00,0.00,0,0.00,
ARCHIVED,kitchen mat wine theme,BROAD,CAMPAIGN_ARCHIVED,,,,0.80,0,0,,0.00,0.00,0,0.00,
ARCHIVED,kitchen mat white,BROAD,CAMPAIGN_ARCHIVED,,,,0.80,0,0,,0.00,0.00,0,0.00,
ARCHIVED,kitchen mat waterproof non-slip,BROAD,CAMPAIGN_ARCHIVED,,,,0.80,0,0,,0.00,0.00,0,0.00,
ARCHIVED,kitchen mat water resistant,BROAD,CAMPAIGN_ARCHIVED,,,,0.80,0,0,,0.00,0.00,0,0.00,
ARCHIVED,kitchen mat with coffee,BROAD,CAMPAIGN_ARCHIVED,,,,0.80,0,0,,0.00,0.00,0,0.00,
ARCHIVED,kitchen mat water absorbent,BROAD,CAMPAIGN_ARCHIVED,,,,0.80,0,0,,0.00,0.00,0,0.00,
ARCHIVED,kitchen mat wet,BROAD,CAMPAIGN_ARCHIVED,,,,0.80,0,0,,0.00,0.00,0,0.00,
ARCHIVED,kitchen mats cushioned anti fatigue long,BROAD,CAMPAIGN_ARCHIVED,,,,0.80,0,0,,0.00,0.00,0,0.00,
ARCHIVED,kitchen mats cushioned anti fatigue blue,BROAD,CAMPAIGN_ARCHIVED,,,,0.80,0,0,,0.00,0.00,0,0.00,
ARCHIVED,kitchen mats cushioned anti fatigue red,BROAD,CAMPAIGN_ARCHIVED,,,,0.80,0,0,,0.00,0.00,0,0.00,
ARCHIVED,kitchen mats cushioned anti fatigue wine,BROAD,CAMPAIGN_ARCHIVED,,,,0.80,0,0,,0.00,0.00,0,0.00,
ARCHIVED,kitchen mats cushioned anti fatigue gray,BROAD,CAMPAIGN_ARCHIVED,,,,0.80,0,0,,0.00,0.00,0,0.00,
ARCHIVED,kitchen mats cushioned anti fatigue black,BROAD,CAMPAIGN_ARCHIVED,,,,0.80,0,0,,0.00,0.00,0,0.00,
ARCHIVED,kitchen mats cushioned anti fatigue memory foam,BROAD,CAMPAIGN_ARCHIVED,,,,0.80,0,0,,0.00,0.00,0,0.00,
ARCHIVED,kitchen mats cushioned anti fatigue decorative,BROAD,CAMPAIGN_ARCHIVED,,,,0.80,0,0,,0.00,0.00,0,0.00,
ARCHIVED,kitchen mats cushioned anti fatigue white,BROAD,CAMPAIGN_ARCHIVED,,,,0.80,0,0,,0.00,0.00,0,0.00,
ARCHIVED,kitchen mats and rugs sets,BROAD,CAMPAIGN_ARCHIVED,,,,0.80,0,0,,0.00,0.00,0,0.00,
ARCHIVED,kitchen mats and rugs red,BROAD,CAMPAIGN_ARCHIVED,,,,0.80,0,0,,0.00,0.00,0,0.00,
ARCHIVED,kitchen mats and rugs set of 3,BROAD,CAMPAIGN_ARCHIVED,,,,0.80,0,0,,0.00,0.00,0,0.00,
ARCHIVED,kitchen mats and rugs black,BROAD,CAMPAIGN_ARCHIVED,,,,0.80,0,0,,0.00,0.00,0,0.00,
ARCHIVED,kitchen mats and rugs apples,BROAD,CAMPAIGN_ARCHIVED,,,,0.80,0,0,,0.00,0.00,0,0.00,
ARCHIVED,kitchen mats and rugs solid color,BROAD,CAMPAIGN_ARCHIVED,,,,0.80,0,0,,0.00,0.00,0,0.00,
ARCHIVED,kitchen mats and rugs blue,BROAD,CAMPAIGN_ARCHIVED,,,,0.80,0,0,,0.00,0.00,0,0.00,
ARCHIVED,kitchen mats and rugs sets prime,BROAD,CAMPAIGN_ARCHIVED,,,,0.80,0,0,,0.00,0.00,0,0.00,
ARCHIVED,kitchen mats and rugs green,BROAD,CAMPAIGN_ARCHIVED,,,,0.80,0,0,,0.00,0.00,0,0.00,
ARCHIVED,kitchen mat anti fatigue small,BROAD,CAMPAIGN_ARCHIVED,,,,0.80,0,0,,0.00,0.00,0,0.00,
ARCHIVED,kitchen mat anti fatigue set,BROAD,CAMPAIGN_ARCHIVED,,,,0.80,0,0,,0.00,0.00,0,0.00,
ARCHIVED,kitchen mat anti fatigue non slip,BROAD,CAMPAIGN_ARCHIVED,,,,0.80,0,0,,0.00,0.00,0,0.00,
ARCHIVED,kitchen mat anti fatigue grey,BROAD,CAMPAIGN_ARCHIVED,,,,0.80,0,0,,0.00,0.00,0,0.00,
ARCHIVED,kitchen mat anti fatigue pink,BROAD,CAMPAIGN_ARCHIVED,,,,0.80,0,0,,0.00,0.00,0,0.00,
ARCHIVED,kitchen mat anti fatigue long,BROAD,CAMPAIGN_ARCHIVED,,,,0.80,0,0,,0.00,0.00,0,0.00,
ARCHIVED,kitchen mats for floor set,BROAD,CAMPAIGN_ARCHIVED,,,,0.80,0,0,,0.00,0.00,0,0.00,
ARCHIVED,kitchen mats for floor washable,BROAD,CAMPAIGN_ARCHIVED,,,,0.80,0,0,,0.00,0.00,0,0.00,
ARCHIVED,kitchen mats for floor wine glasses,BROAD,CAMPAIGN_ARCHIVED,,,,0.80,0,0,,0.00,0.00,0,0.00,
ARCHIVED,kitchen mats for floor wood look,BROAD,CAMPAIGN_ARCHIVED,,,,0.80,0,0,,0.00,0.00,0,0.00,
ARCHIVED,kitchen mats for floor large,BROAD,CAMPAIGN_ARCHIVED,,,,0.80,0,0,,0.00,0.00,0,0.00,
ARCHIVED,kitchen mats for floor under 15,BROAD,CAMPAIGN_ARCHIVED,,,,0.80,0,0,,0.00,0.00,0,0.00,
ARCHIVED,kitchen mats for floor yellow blue,BROAD,CAMPAIGN_ARCHIVED,,,,0.80,0,0,,0.00,0.00,0,0.00,
ARCHIVED,kitchen mats for floor teal,BROAD,CAMPAIGN_ARCHIVED,,,,0.80,0,0,,0.00,0.00,0,0.00,
ARCHIVED,kitchen mats for floor gray and yellow,BROAD,CAMPAIGN_ARCHIVED,,,,0.80,0,0,,0.00,0.00,0,0.00,
ARCHIVED,kitchen matches strike on box,BROAD,CAMPAIGN_ARCHIVED,,,,0.80,0,0,,0.00,0.00,0,0.00,
ARCHIVED,kitchen matches strike anywhere,BROAD,CAMPAIGN_ARCHIVED,,,,0.80,0,0,,0.00,0.00,0,0.00,
ARCHIVED,kitchen matches wood,BROAD,CAMPAIGN_ARCHIVED,,,,0.80,0,0,,0.00,0.00,0,0.00,
ARCHIVED,kitchen matches large,BROAD,CAMPAIGN_ARCHIVED,,,,0.80,0,0,,0.00,0.00,0,0.00,
ARCHIVED,kitchen matches strike on box prime,BROAD,CAMPAIGN_ARCHIVED,,,,0.80,0,0,,0.00,0.00,0,0.00,
ARCHIVED,kitchen matches bulk,BROAD,CAMPAIGN_ARCHIVED,,,,0.80,0,0,,0.00,0.00,0,0.00,
ARCHIVED,kitchen matches long,BROAD,CAMPAIGN_ARCHIVED,,,,0.80,0,0,,0.00,0.00,0,0.00,
ARCHIVED,kitchen matches holder,BROAD,CAMPAIGN_ARCHIVED,,,,0.80,0,0,,0.00,0.00,0,0.00,
ARCHIVED,kitchen matches blue tip,BROAD,CAMPAIGN_ARCHIVED,,,,0.80,0,0,,0.00,0.00,0,0.00,
ARCHIVED,kitchen mats cushioned water resistant,BROAD,CAMPAIGN_ARCHIVED,,,,0.80,0,0,,0.00,0.00,0,0.00,
ARCHIVED,kitchen mats cushioned waterproof,BROAD,CAMPAIGN_ARCHIVED,,,,0.80,0,0,,0.00,0.00,0,0.00,
ARCHIVED,anti fatigue mat kitchen,BROAD,CAMPAIGN_ARCHIVED,,,,0.80,0,0,,0.00,0.00,0,0.00,
ARCHIVED,kitchen rugs and mats,BROAD,CAMPAIGN_ARCHIVED,,,,0.80,0,0,,0.00,0.00,0,0.00,
ARCHIVED,fatigue mat,BROAD,CAMPAIGN_ARCHIVED,,,,0.80,25,0,0,0.00,0.00,0,0.00,
ARCHIVED,oil,BROAD,CAMPAIGN_ARCHIVED,,,,0.80,56,0,0,0.00,0.00,0,0.00,
ARCHIVED,runner rug dark blue,BROAD,CAMPAIGN_ARCHIVED,,,,0.80,0,0,,0.00,0.00,0,0.00,
ARCHIVED,runner rug dark,BROAD,CAMPAIGN_ARCHIVED,,,,0.80,1,0,0,0.00,0.00,0,0.00,
ARCHIVED,runner rug distressed,BROAD,CAMPAIGN_ARCHIVED,,,,0.80,0,0,,0.00,0.00,0,0.00,
ARCHIVED,runner rug doormat,BROAD,CAMPAIGN_ARCHIVED,,,,0.80,0,0,,0.00,0.00,0,0.00,
ARCHIVED,runner rug dog,BROAD,CAMPAIGN_ARCHIVED,,,,0.80,0,0,,0.00,0.00,0,0.00,
ARCHIVED,runner rug dark grey,BROAD,CAMPAIGN_ARCHIVED,,,,0.80,0,0,,0.00,0.00,0,0.00,
ARCHIVED,runner rug dark gray,BROAD,CAMPAIGN_ARCHIVED,,,,0.80,0,0,,0.00,0.00,0,0.00,
ARCHIVED,runner rug dark green,BROAD,CAMPAIGN_ARCHIVED,,,,0.80,1,0,0,0.00,0.00,0,0.00,
ARCHIVED,runner rug doorway,BROAD,CAMPAIGN_ARCHIVED,,,,0.80,0,0,,0.00,0.00,0,0.00,
ARCHIVED,runner rug denim,BROAD,CAMPAIGN_ARCHIVED,,,,0.80,0,0,,0.00,0.00,0,0.00,
ARCHIVED,runner rug high traffic,BROAD,CAMPAIGN_ARCHIVED,,,,0.80,0,0,,0.00,0.00,0,0.00,
ARCHIVED,runner rug heavy,BROAD,CAMPAIGN_ARCHIVED,,,,0.80,0,0,,0.00,0.00,0,0.00,
ARCHIVED,runner rug herbs,BROAD,CAMPAIGN_ARCHIVED,,,,0.80,0,0,,0.00,0.00,0,0.00,
ARCHIVED,runner rug for kitchen,BROAD,CAMPAIGN_ARCHIVED,,,,0.80,0,0,,0.00,0.00,0,0.00,
ARCHIVED,runner rug for hallway 10 ft,BROAD,CAMPAIGN_ARCHIVED,,,,0.80,0,0,,0.00,0.00,0,0.00,
ARCHIVED,runner rug for hallway 14 feet,BROAD,CAMPAIGN_ARCHIVED,,,,0.80,0,0,,0.00,0.00,0,0.00,
ARCHIVED,long runner rug for hallway,BROAD,CAMPAIGN_ARCHIVED,,,,0.80,0,0,,0.00,0.00,0,0.00,
ARCHIVED,runner rug for hallway blue,BROAD,CAMPAIGN_ARCHIVED,,,,0.80,0,0,,0.00,0.00,0,0.00,
ARCHIVED,runner rug for stairs,BROAD,CAMPAIGN_ARCHIVED,,,,0.80,0,0,,0.00,0.00,0,0.00,
ARCHIVED,runner rug for entryway indoor,BROAD,CAMPAIGN_ARCHIVED,,,,0.80,0,0,,0.00,0.00,0,0.00,
ARCHIVED,runner rug entry,BROAD,CAMPAIGN_ARCHIVED,,,,0.80,0,0,,0.00,0.00,0,0.00,
ARCHIVED,runner rug extra long,BROAD,CAMPAIGN_ARCHIVED,,,,0.80,3,0,0,0.00,0.00,0,0.00,
ARCHIVED,runner rug extra wide,BROAD,CAMPAIGN_ARCHIVED,,,,0.80,0,0,,0.00,0.00,0,0.00,
ARCHIVED,runner rug elephant,BROAD,CAMPAIGN_ARCHIVED,,,,0.80,0,0,,0.00,0.00,0,0.00,
ARCHIVED,runner rug grey,BROAD,CAMPAIGN_ARCHIVED,,,,0.80,0,0,,0.00,0.00,0,0.00,
ARCHIVED,runner rug gray,BROAD,CAMPAIGN_ARCHIVED,,,,0.80,0,0,,0.00,0.00,0,0.00,
ARCHIVED,runner rug gripper,BROAD,CAMPAIGN_ARCHIVED,,,,0.80,0,0,,0.00,0.00,0,0.00,
ARCHIVED,runner rug green,BROAD,CAMPAIGN_ARCHIVED,,,,0.80,2,0,0,0.00,0.00,0,0.00,
ARCHIVED,runner rug grip,BROAD,CAMPAIGN_ARCHIVED,,,,0.80,0,0,,0.00,0.00,0,0.00,
ARCHIVED,runner rug gold,BROAD,CAMPAIGN_ARCHIVED,,,,0.80,2,0,0,0.00,0.00,0,0.00,
ARCHIVED,runner rug gray 8 ft,BROAD,CAMPAIGN_ARCHIVED,,,,0.80,0,0,,0.00,0.00,0,0.00,
ARCHIVED,runner rug geometric,BROAD,CAMPAIGN_ARCHIVED,,,,0.80,0,0,,0.00,0.00,0,0.00,
ARCHIVED,runner rug grey and white,BROAD,CAMPAIGN_ARCHIVED,,,,0.80,0,0,,0.00,0.00,0,0.00,
ARCHIVED,runner rug grey multi,BROAD,CAMPAIGN_ARCHIVED,,,,0.80,0,0,,0.00,0.00,0,0.00,
ARCHIVED,runner rug modern,BROAD,CAMPAIGN_ARCHIVED,,,,0.80,2,0,0,0.00,0.00,0,0.00,
ARCHIVED,runner rug machine washable,BROAD,CAMPAIGN_ARCHIVED,,,,0.80,0,0,,0.00,0.00,0,0.00,
ARCHIVED,runner rug mat non slip,BROAD,CAMPAIGN_ARCHIVED,,,,0.80,0,0,,0.00,0.00,0,0.00,
ARCHIVED,runner rug moroccan,BROAD,CAMPAIGN_ARCHIVED,,,,0.80,0,0,,0.00,0.00,0,0.00,
ARCHIVED,runner rug maples,BROAD,CAMPAIGN_ARCHIVED,,,,0.80,0,0,,0.00,0.00,0,0.00,
ARCHIVED,runner rug maroon,BROAD,CAMPAIGN_ARCHIVED,,,,0.80,0,0,,0.00,0.00,0,0.00,
ARCHIVED,runner rug memory foam,BROAD,CAMPAIGN_ARCHIVED,,,,0.80,0,0,,0.00,0.00,0,0.00,
ARCHIVED,runner rug maroon design,BROAD,CAMPAIGN_ARCHIVED,,,,0.80,0,0,,0.00,0.00,0,0.00,
ARCHIVED,runner rug mat,BROAD,CAMPAIGN_ARCHIVED,,,,0.80,3,0,0,0.00,0.00,0,0.00,
ARCHIVED,runner rug mud room,BROAD,CAMPAIGN_ARCHIVED,,,,0.80,0,0,,0.00,0.00,0,0.00,
ARCHIVED,runner rug non slip,BROAD,CAMPAIGN_ARCHIVED,,,,0.80,17,0,0,0.00,0.00,0,0.00,
ARCHIVED,runner rug navy blue,BROAD,CAMPAIGN_ARCHIVED,,,,0.80,0,0,,0.00,0.00,0,0.00,
ARCHIVED,runner rug navy,BROAD,CAMPAIGN_ARCHIVED,,,,0.80,0,0,,0.00,0.00,0,0.00,
ARCHIVED,runner rug natural fiber,BROAD,CAMPAIGN_ARCHIVED,,,,0.80,0,0,,0.00,0.00,0,0.00,
ARCHIVED,runner rug nuloom,BROAD,CAMPAIGN_ARCHIVED,,,,0.80,1,0,0,0.00,0.00,0,0.00,
ARCHIVED,runner rug non skid black,BROAD,CAMPAIGN_ARCHIVED,,,,0.80,0,0,,0.00,0.00,0,0.00,
ARCHIVED,runner rug non slip pad,BROAD,CAMPAIGN_ARCHIVED,,,,0.80,0,0,,0.00,0.00,0,0.00,
ARCHIVED,runner rug neutral,BROAD,CAMPAIGN_ARCHIVED,,,,0.80,0,0,,0.00,0.00,0,0.00,
ARCHIVED,as quality rugs runner,BROAD,CAMPAIGN_ARCHIVED,,,,0.80,0,0,,0.00,0.00,0,0.00,
ARCHIVED,quotes on rug runner,BROAD,CAMPAIGN_ARCHIVED,,,,0.80,0,0,,0.00,0.00,0,0.00,
ARCHIVED,quatrefoil runner rug,BROAD,CAMPAIGN_ARCHIVED,,,,0.80,0,0,,0.00,0.00,0,0.00,
ARCHIVED,rug runners,BROAD,CAMPAIGN_ARCHIVED,,,,0.80,0,0,,0.00,0.00,0,0.00,
ARCHIVED,bathroom runner rugs,BROAD,CAMPAIGN_ARCHIVED,,,,0.80,15,0,0,0.00,0.00,0,0.00,
ARCHIVED,runner rug teal,BROAD,CAMPAIGN_ARCHIVED,,,,0.80,0,0,,0.00,0.00,0,0.00,
ARCHIVED,runner rug tribal,BROAD,CAMPAIGN_ARCHIVED,,,,0.80,0,0,,0.00,0.00,0,0.00,
ARCHIVED,runner rug tape,BROAD,CAMPAIGN_ARCHIVED,,,,0.80,0,0,,0.00,0.00,0,0.00,
ARCHIVED,runner rug tan,BROAD,CAMPAIGN_ARCHIVED,,,,0.80,0,0,,0.00,0.00,0,0.00,
ARCHIVED,runner rug turquoise,BROAD,CAMPAIGN_ARCHIVED,,,,0.80,0,0,,0.00,0.00,0,0.00,
ARCHIVED,runner rug traditional,BROAD,CAMPAIGN_ARCHIVED,,,,0.80,0,0,,0.00,0.00,0,0.00,
ARCHIVED,runner rug trellis,BROAD,CAMPAIGN_ARCHIVED,,,,0.80,0,0,,0.00,0.00,0,0.00,
ARCHIVED,runner rug turkish,BROAD,CAMPAIGN_ARCHIVED,,,,0.80,0,0,,0.00,0.00,0,0.00,
ARCHIVED,runner rug thin,BROAD,CAMPAIGN_ARCHIVED,,,,0.80,0,0,,0.00,0.00,0,0.00,
ARCHIVED,runner rug taupe,BROAD,CAMPAIGN_ARCHIVED,,,,0.80,0,0,,0.00,0.00,0,0.00,
ARCHIVED,runner rug with rubber backing,BROAD,CAMPAIGN_ARCHIVED,,,,0.80,0,0,,0.00,0.00,0,0.00,
ARCHIVED,runner rug washable,BROAD,CAMPAIGN_ARCHIVED,,,,0.80,0,0,,0.00,0.00,0,0.00,
ARCHIVED,runner rug white,BROAD,CAMPAIGN_ARCHIVED,,,,0.80,0,0,,0.00,0.00,0,0.00,
ARCHIVED,runner rug waterproof,BROAD,CAMPAIGN_ARCHIVED,,,,0.80,0,0,,0.00,0.00,0,0.00,
ARCHIVED,runner rug western,BROAD,CAMPAIGN_ARCHIVED,,,,0.80,2,0,0,0.00,0.00,0,0.00,
ARCHIVED,runner rug with backing,BROAD,CAMPAIGN_ARCHIVED,,,,0.80,0,0,,0.00,0.00,0,0.00,
ARCHIVED,runner rug woven,BROAD,CAMPAIGN_ARCHIVED,,,,0.80,1,0,0,0.00,0.00,0,0.00,
ARCHIVED,runner rug wool,BROAD,CAMPAIGN_ARCHIVED,,,,0.80,0,0,,0.00,0.00,0,0.00,
ARCHIVED,runner rug with fringe,BROAD,CAMPAIGN_ARCHIVED,,,,0.80,0,0,,0.00,0.00,0,0.00,
ARCHIVED,runner rug wide,BROAD,CAMPAIGN_ARCHIVED,,,,0.80,0,0,,0.00,0.00,0,0.00,
ARCHIVED,runner rug vintage distressed,BROAD,CAMPAIGN_ARCHIVED,,,,0.80,0,0,,0.00,0.00,0,0.00,
ARCHIVED,runner rug vintage,BROAD,CAMPAIGN_ARCHIVED,,,,0.80,1,0,0,0.00,0.00,0,0.00,
ARCHIVED,runner rug vinyl,BROAD,CAMPAIGN_ARCHIVED,,,,0.80,0,0,,0.00,0.00,0,0.00,
ARCHIVED,runner rug orange,BROAD,CAMPAIGN_ARCHIVED,,,,0.80,1,0,0,0.00,0.00,0,0.00,
ARCHIVED,runner rug outdoor,BROAD,CAMPAIGN_ARCHIVED,,,,0.80,0,0,,0.00,0.00,0,0.00,
ARCHIVED,runner rug olive green,BROAD,CAMPAIGN_ARCHIVED,,,,0.80,0,0,,0.00,0.00,0,0.00,
ARCHIVED,runner rug organic,BROAD,CAMPAIGN_ARCHIVED,,,,0.80,0,0,,0.00,0.00,0,0.00,
ARCHIVED,runner rug outdoor all weather,BROAD,CAMPAIGN_ARCHIVED,,,,0.80,0,0,,0.00,0.00,0,0.00,
ARCHIVED,runner rug oriental,BROAD,CAMPAIGN_ARCHIVED,,,,0.80,2,0,0,0.00,0.00,0,0.00,
ARCHIVED,runner rug ottomanson,BROAD,CAMPAIGN_ARCHIVED,,,,0.80,0,0,,0.00,0.00,0,0.00,
ARCHIVED,kitchen rug fruit,BROAD,CAMPAIGN_ARCHIVED,,,,0.80,2,0,0,0.00,0.00,0,0.00,
ARCHIVED,kitchen rug fall colors,BROAD,CAMPAIGN_ARCHIVED,,,,0.80,0,0,,0.00,0.00,0,0.00,
ARCHIVED,kitchen rug fatigue,BROAD,CAMPAIGN_ARCHIVED,,,,0.80,4,0,0,0.00,0.00,0,0.00,
ARCHIVED,kitchen rug floral,BROAD,CAMPAIGN_ARCHIVED,,,,0.80,1,0,0,0.00,0.00,0,0.00,
ARCHIVED,kitchen rug farmhouse style,BROAD,CAMPAIGN_ARCHIVED,,,,0.80,0,0,,0.00,0.00,0,0.00,
ARCHIVED,kitchen rug fringe,BROAD,CAMPAIGN_ARCHIVED,,,,0.80,0,0,,0.00,0.00,0,0.00,
ARCHIVED,kitchen rug design,BROAD,CAMPAIGN_ARCHIVED,,,,0.80,0,0,,0.00,0.00,0,0.00,
ARCHIVED,kitchen rug dark brown,BROAD,CAMPAIGN_ARCHIVED,,,,0.80,0,0,,0.00,0.00,0,0.00,
ARCHIVED,kitchen rug dark,BROAD,CAMPAIGN_ARCHIVED,,,,0.80,1,0,0,0.00,0.00,0,0.00,
ARCHIVED,kitchen rug decor,BROAD,CAMPAIGN_ARCHIVED,,,,0.80,0,0,,0.00,0.00,0,0.00,
ARCHIVED,kitchen rug disney,BROAD,CAMPAIGN_ARCHIVED,,,,0.80,2,0,0,0.00,0.00,0,0.00,
ARCHIVED,kitchen rug d shaped,BROAD,CAMPAIGN_ARCHIVED,,,,0.80,0,0,,0.00,0.00,0,0.00,
ARCHIVED,kitchen rug distressed,BROAD,CAMPAIGN_ARCHIVED,,,,0.80,8,0,0,0.00,0.00,0,0.00,
ARCHIVED,kitchen rug dark green,BROAD,CAMPAIGN_ARCHIVED,,,,0.80,3,0,0,0.00,0.00,0,0.00,
ARCHIVED,kitchen rug half moon,BROAD,CAMPAIGN_ARCHIVED,,,,0.80,0,0,,0.00,0.00,0,0.00,
ARCHIVED,kitchen rug hunter green,BROAD,CAMPAIGN_ARCHIVED,,,,0.80,0,0,,0.00,0.00,0,0.00,
ARCHIVED,runner rug rubber backing,BROAD,CAMPAIGN_ARCHIVED,,,,0.80,0,0,,0.00,0.00,0,0.00,
ARCHIVED,runner rug red kitchen,BROAD,CAMPAIGN_ARCHIVED,,,,0.80,0,0,,0.00,0.00,0,0.00,
ARCHIVED,runner rug roll,BROAD,CAMPAIGN_ARCHIVED,,,,0.80,0,0,,0.00,0.00,0,0.00,
ARCHIVED,runner rug red black,BROAD,CAMPAIGN_ARCHIVED,,,,0.80,0,0,,0.00,0.00,0,0.00,
ARCHIVED,runner rug under 30,BROAD,CAMPAIGN_ARCHIVED,,,,0.80,0,0,,0.00,0.00,0,0.00,
ARCHIVED,runner rug under 15,BROAD,CAMPAIGN_ARCHIVED,,,,0.80,0,0,,0.00,0.00,0,0.00,
ARCHIVED,runner rug unique,BROAD,CAMPAIGN_ARCHIVED,,,,0.80,0,0,,0.00,0.00,0,0.00,
ARCHIVED,runner rug under 20,BROAD,CAMPAIGN_ARCHIVED,,,,0.80,0,0,,0.00,0.00,0,0.00,
ARCHIVED,runner rug under 50,BROAD,CAMPAIGN_ARCHIVED,,,,0.80,0,0,,0.00,0.00,0,0.00,
ARCHIVED,runner rug utility,BROAD,CAMPAIGN_ARCHIVED,,,,0.80,0,0,,0.00,0.00,0,0.00,
ARCHIVED,runner rug yellow,BROAD,CAMPAIGN_ARCHIVED,,,,0.80,0,0,,0.00,0.00,0,0.00,
ARCHIVED,runner rug yellow grey,BROAD,CAMPAIGN_ARCHIVED,,,,0.80,0,0,,0.00,0.00,0,0.00,
ARCHIVED,zebra runner rug,BROAD,CAMPAIGN_ARCHIVED,,,,0.80,0,0,,0.00,0.00,0,0.00,
ARCHIVED,zebra print runner rug,BROAD,CAMPAIGN_ARCHIVED,,,,0.80,0,0,,0.00,0.00,0,0.00,
ARCHIVED,kitchen mat decor,BROAD,CAMPAIGN_ARCHIVED,,,,0.80,0,0,,0.00,0.00,0,0.00,
ARCHIVED,kitchen mat disney,BROAD,CAMPAIGN_ARCHIVED,,,,0.80,1,0,0,0.00,0.00,0,0.00,
ARCHIVED,kitchen mat deer,BROAD,CAMPAIGN_ARCHIVED,,,,0.80,0,0,,0.00,0.00,0,0.00,
ARCHIVED,kitchen mat navy blue,BROAD,CAMPAIGN_ARCHIVED,,,,0.80,0,0,,0.00,0.00,0,0.00,
ARCHIVED,kitchen mat nonslip,BROAD,CAMPAIGN_ARCHIVED,,,,0.80,0,0,,0.00,0.00,0,0.00,
ARCHIVED,kitchen mat navy,BROAD,CAMPAIGN_ARCHIVED,,,,0.80,0,0,,0.00,0.00,0,0.00,
ARCHIVED,kitchen mat natural,BROAD,CAMPAIGN_ARCHIVED,,,,0.80,0,0,,0.00,0.00,0,0.00,
ARCHIVED,kitchen mat non fatigue,BROAD,CAMPAIGN_ARCHIVED,,,,0.80,2,0,0,0.00,0.00,0,0.00,
ARCHIVED,kitchen mat non skid washable,BROAD,CAMPAIGN_ARCHIVED,,,,0.80,0,0,,0.00,0.00,0,0.00,
ARCHIVED,kitchen mat nautical,BROAD,CAMPAIGN_ARCHIVED,,,,0.80,4,0,0,0.00,0.00,0,0.00,
ARCHIVED,kitchen mat no slip,BROAD,CAMPAIGN_ARCHIVED,,,,0.80,0,0,,0.00,0.00,0,0.00,
ARCHIVED,kitchen mat nicole miller,BROAD,CAMPAIGN_ARCHIVED,,,,0.80,0,0,,0.00,0.00,0,0.00,
ARCHIVED,kitchen mat padded,BROAD,CAMPAIGN_ARCHIVED,,,,0.80,0,0,,0.00,0.00,0,0.00,
ARCHIVED,kitchen mat purple,BROAD,CAMPAIGN_ARCHIVED,,,,0.80,1,0,0,0.00,0.00,0,0.00,
ARCHIVED,kitchen mat pirate,BROAD,CAMPAIGN_ARCHIVED,,,,0.80,0,0,,0.00,0.00,0,0.00,
ARCHIVED,kitchen mat pink,BROAD,CAMPAIGN_ARCHIVED,,,,0.80,4,0,0,0.00,0.00,0,0.00,
ARCHIVED,kitchen mat pretty,BROAD,CAMPAIGN_ARCHIVED,,,,0.80,0,0,,0.00,0.00,0,0.00,
ARCHIVED,kitchen mat pineapple,BROAD,CAMPAIGN_ARCHIVED,,,,0.80,4,0,0,0.00,0.00,0,0.00,
ARCHIVED,kitchen mat plush,BROAD,CAMPAIGN_ARCHIVED,,,,0.80,0,0,,0.00,0.00,0,0.00,
ARCHIVED,kitchen mat pig,BROAD,CAMPAIGN_ARCHIVED,,,,0.80,0,0,,0.00,0.00,0,0.00,
ARCHIVED,kitchen mat poppies,BROAD,CAMPAIGN_ARCHIVED,,,,0.80,0,0,,0.00,0.00,0,0.00,
ARCHIVED,kitchen mat pattern,BROAD,CAMPAIGN_ARCHIVED,,,,0.80,0,0,,0.00,0.00,0,0.00,
ARCHIVED,kitchen mat red,BROAD,CAMPAIGN_ARCHIVED,,,,0.80,0,0,,0.00,0.00,0,0.00,
ARCHIVED,kitchen mat runner,BROAD,CAMPAIGN_ARCHIVED,,,,0.80,17,0,0,0.00,0.00,0,0.00,
ARCHIVED,kitchen mat rubber,BROAD,CAMPAIGN_ARCHIVED,,,,0.80,2,0,0,0.00,0.00,0,0.00,
ARCHIVED,kitchen mat rubber backing,BROAD,CAMPAIGN_ARCHIVED,,,,0.80,0,0,,0.00,0.00,0,0.00,
ARCHIVED,kitchen mat rooster,BROAD,CAMPAIGN_ARCHIVED,,,,0.80,0,0,,0.00,0.00,0,0.00,
ARCHIVED,kitchen mat runner deer,BROAD,CAMPAIGN_ARCHIVED,,,,0.80,0,0,,0.00,0.00,0,0.00,
ARCHIVED,kitchen mat rustic,BROAD,CAMPAIGN_ARCHIVED,,,,0.80,0,0,,0.00,0.00,0,0.00,
ARCHIVED,kitchen mat rug,BROAD,CAMPAIGN_ARCHIVED,,,,0.80,0,0,,0.00,0.00,0,0.00,
ARCHIVED,kitchen mat runner gray,BROAD,CAMPAIGN_ARCHIVED,,,,0.80,0,0,,0.00,0.00,0,0.00,
ARCHIVED,kitchen mat runner rug set,BROAD,CAMPAIGN_ARCHIVED,,,,0.80,0,0,,0.00,0.00,0,0.00,
ARCHIVED,kitchen mat in front of sink,BROAD,CAMPAIGN_ARCHIVED,,,,0.80,0,0,,0.00,0.00,0,0.00,
ARCHIVED,kitchen mat industrial,BROAD,CAMPAIGN_ARCHIVED,,,,0.80,0,0,,0.00,0.00,0,0.00,
ARCHIVED,kitchen mat italian,BROAD,CAMPAIGN_ARCHIVED,,,,0.80,0,0,,0.00,0.00,0,0.00,
ARCHIVED,kitchen mat in grey,BROAD,CAMPAIGN_ARCHIVED,,,,0.80,4,0,0,0.00,0.00,0,0.00,
ARCHIVED,kitchen mat inside,BROAD,CAMPAIGN_ARCHIVED,,,,0.80,0,0,,0.00,0.00,0,0.00,
ARCHIVED,kitchen mat imprint,BROAD,CAMPAIGN_ARCHIVED,,,,0.80,0,0,,0.00,0.00,0,0.00,
ARCHIVED,kitchen mat indigo,BROAD,CAMPAIGN_ARCHIVED,,,,0.80,0,0,,0.00,0.00,0,0.00,
ARCHIVED,kitchen mat in red,BROAD,CAMPAIGN_ARCHIVED,,,,0.80,0,0,,0.00,0.00,0,0.00,
ARCHIVED,kitchen mat ivory,BROAD,CAMPAIGN_ARCHIVED,,,,0.80,0,0,,0.00,0.00,0,0.00,
ARCHIVED,kitchen mat italy,BROAD,CAMPAIGN_ARCHIVED,,,,0.80,0,0,,0.00,0.00,0,0.00,
ARCHIVED,kitchen mat black,BROAD,CAMPAIGN_ARCHIVED,,,,0.80,0,0,,0.00,0.00,0,0.00,
ARCHIVED,kitchen mat blue,BROAD,CAMPAIGN_ARCHIVED,,,,0.80,2,0,0,0.00,0.00,0,0.00,
ARCHIVED,kitchen mat brown,BROAD,CAMPAIGN_ARCHIVED,,,,0.80,2,0,0,0.00,0.00,0,0.00,
ARCHIVED,kitchen mat burgundy,BROAD,CAMPAIGN_ARCHIVED,,,,0.80,0,0,,0.00,0.00,0,0.00,
ARCHIVED,kitchen mat beige,BROAD,CAMPAIGN_ARCHIVED,,,,0.80,0,0,,0.00,0.00,0,0.00,
ARCHIVED,kitchen mat bright,BROAD,CAMPAIGN_ARCHIVED,,,,0.80,0,0,,0.00,0.00,0,0.00,
ARCHIVED,kitchen mat bamboo,BROAD,CAMPAIGN_ARCHIVED,,,,0.80,3,0,0,0.00,0.00,0,0.00,
ARCHIVED,kitchen mat black and white,BROAD,CAMPAIGN_ARCHIVED,,,,0.80,0,0,,0.00,0.00,0,0.00,
ARCHIVED,kitchen mat beach theme,BROAD,CAMPAIGN_ARCHIVED,,,,0.80,0,0,,0.00,0.00,0,0.00,
ARCHIVED,kitchen mat beachy,BROAD,CAMPAIGN_ARCHIVED,,,,0.80,0,0,,0.00,0.00,0,0.00,
ARCHIVED,kitchen mat for drying dishes,BROAD,CAMPAIGN_ARCHIVED,,,,0.80,0,0,,0.00,0.00,0,0.00,
ARCHIVED,kitchen mat for floor,BROAD,CAMPAIGN_ARCHIVED,,,,0.80,0,0,,0.00,0.00,0,0.00,
ARCHIVED,kitchen mat farmhouse,BROAD,CAMPAIGN_ARCHIVED,,,,0.80,4,0,0,0.00,0.00,0,0.00,
ARCHIVED,kitchen mat fall,BROAD,CAMPAIGN_ARCHIVED,,,,0.80,0,0,,0.00,0.00,0,0.00,
ARCHIVED,kitchen mat foam,BROAD,CAMPAIGN_ARCHIVED,,,,0.80,1,0,0,0.00,0.00,0,0.00,
ARCHIVED,kitchen mat for dishes,BROAD,CAMPAIGN_ARCHIVED,,,,0.80,0,0,,0.00,0.00,0,0.00,
ARCHIVED,kitchen mat funny,BROAD,CAMPAIGN_ARCHIVED,,,,0.80,8,0,0,0.00,0.00,0,0.00,
ARCHIVED,kitchen mat for floor cheap,BROAD,CAMPAIGN_ARCHIVED,,,,0.80,0,0,,0.00,0.00,0,0.00,
ARCHIVED,kitchen mat for back pain,BROAD,CAMPAIGN_ARCHIVED,,,,0.80,0,0,,0.00,0.00,0,0.00,
ARCHIVED,runner rug black,BROAD,CAMPAIGN_ARCHIVED,,,,0.80,5,0,0,0.00,0.00,0,0.00,
ARCHIVED,runner rug brown,BROAD,CAMPAIGN_ARCHIVED,,,,0.80,0,0,,0.00,0.00,0,0.00,
ARCHIVED,runner rug blue,BROAD,CAMPAIGN_ARCHIVED,,,,0.80,1,0,0,0.00,0.00,0,0.00,
ARCHIVED,runner rug black and white,BROAD,CAMPAIGN_ARCHIVED,,,,0.80,0,0,,0.00,0.00,0,0.00,
ARCHIVED,runner rug bohemian,BROAD,CAMPAIGN_ARCHIVED,,,,0.80,0,0,,0.00,0.00,0,0.00,
ARCHIVED,runner rug beige,BROAD,CAMPAIGN_ARCHIVED,,,,0.80,1,0,0,0.00,0.00,0,0.00,
ARCHIVED,runner rug bathroom,BROAD,CAMPAIGN_ARCHIVED,,,,0.80,0,0,,0.00,0.00,0,0.00,
ARCHIVED,runner rug bedroom,BROAD,CAMPAIGN_ARCHIVED,,,,0.80,36,0,0,0.00,0.00,0,0.00,
ARCHIVED,runner rug blue and brown,BROAD,CAMPAIGN_ARCHIVED,,,,0.80,0,0,,0.00,0.00,0,0.00,
ARCHIVED,runner rug black geometric,BROAD,CAMPAIGN_ARCHIVED,,,,0.80,0,0,,0.00,0.00,0,0.00,
ARCHIVED,runner rug pad,BROAD,CAMPAIGN_ARCHIVED,,,,0.80,0,0,,0.00,0.00,0,0.00,
ARCHIVED,runner rugs with rubber backing,BROAD,CAMPAIGN_ARCHIVED,,,,0.80,0,0,,0.00,0.00,0,0.00,
ARCHIVED,runner rug non slip backing,BROAD,CAMPAIGN_ARCHIVED,,,,0.80,0,0,,0.00,0.00,0,0.00,
ARCHIVED,runner rugs for hallway 2x10,BROAD,CAMPAIGN_ARCHIVED,,,,0.80,0,0,,0.00,0.00,0,0.00,
ARCHIVED,runner rugs for hallway 2x8,BROAD,CAMPAIGN_ARCHIVED,,,,0.80,0,0,,0.00,0.00,0,0.00,
ARCHIVED,runner rug for hallway 12 ft,BROAD,CAMPAIGN_ARCHIVED,,,,0.80,0,0,,0.00,0.00,0,0.00,
ARCHIVED,runner rug pad 2 x 8,BROAD,CAMPAIGN_ARCHIVED,,,,0.80,0,0,,0.00,0.00,0,0.00,
ARCHIVED,runner rug anti slip,BROAD,CAMPAIGN_ARCHIVED,,,,0.80,3,0,0,0.00,0.00,0,0.00,
ARCHIVED,runner rug all weather,BROAD,CAMPAIGN_ARCHIVED,,,,0.80,0,0,,0.00,0.00,0,0.00,
ARCHIVED,runner rug aqua,BROAD,CAMPAIGN_ARCHIVED,,,,0.80,0,0,,0.00,0.00,0,0.00,
ARCHIVED,runner rug abstract,BROAD,CAMPAIGN_ARCHIVED,,,,0.80,0,0,,0.00,0.00,0,0.00,
ARCHIVED,runner rug aztec,BROAD,CAMPAIGN_ARCHIVED,,,,0.80,0,0,,0.00,0.00,0,0.00,
ARCHIVED,runner rug absorbent,BROAD,CAMPAIGN_ARCHIVED,,,,0.80,0,0,,0.00,0.00,0,0.00,
ARCHIVED,runner rug and door mat set,BROAD,CAMPAIGN_ARCHIVED,,,,0.80,0,0,,0.00,0.00,0,0.00,
ARCHIVED,runner rug antique,BROAD,CAMPAIGN_ARCHIVED,,,,0.80,0,0,,0.00,0.00,0,0.00,
ARCHIVED,runner rug and area rug set,BROAD,CAMPAIGN_ARCHIVED,,,,0.80,0,0,,0.00,0.00,0,0.00,
ARCHIVED,runner rug animal print,BROAD,CAMPAIGN_ARCHIVED,,,,0.80,1,0,0,0.00,0.00,0,0.00,
ARCHIVED,runner rug indoor outdoor,BROAD,CAMPAIGN_ARCHIVED,,,,0.80,7,0,0,0.00,0.00,0,0.00,
ARCHIVED,runner rug ivory,BROAD,CAMPAIGN_ARCHIVED,,,,0.80,0,0,,0.00,0.00,0,0.00,
ARCHIVED,runner rug in blue,BROAD,CAMPAIGN_ARCHIVED,,,,0.80,0,0,,0.00,0.00,0,0.00,
ARCHIVED,runner rug in black,BROAD,CAMPAIGN_ARCHIVED,,,,0.80,0,0,,0.00,0.00,0,0.00,
ARCHIVED,runner rug industrial,BROAD,CAMPAIGN_ARCHIVED,,,,0.80,0,0,,0.00,0.00,0,0.00,
ARCHIVED,runner rug ivory grey,BROAD,CAMPAIGN_ARCHIVED,,,,0.80,0,0,,0.00,0.00,0,0.00,
ARCHIVED,runner rug ikat,BROAD,CAMPAIGN_ARCHIVED,,,,0.80,0,0,,0.00,0.00,0,0.00,
ARCHIVED,runner rug indian,BROAD,CAMPAIGN_ARCHIVED,,,,0.80,0,0,,0.00,0.00,0,0.00,
ARCHIVED,runner rug jute,BROAD,CAMPAIGN_ARCHIVED,,,,0.80,0,0,,0.00,0.00,0,0.00,
ARCHIVED,clear runner rug carpet protector,BROAD,CAMPAIGN_ARCHIVED,,,,0.80,0,0,,0.00,0.00,0,0.00,
ARCHIVED,runner rug cheap,BROAD,CAMPAIGN_ARCHIVED,,,,0.80,0,0,,0.00,0.00,0,0.00,
ARCHIVED,runner rug cotton,BROAD,CAMPAIGN_ARCHIVED,,,,0.80,0,0,,0.00,0.00,0,0.00,
ARCHIVED,runner rug custom size,BROAD,CAMPAIGN_ARCHIVED,,,,0.80,0,0,,0.00,0.00,0,0.00,
ARCHIVED,runner rug contemporary,BROAD,CAMPAIGN_ARCHIVED,,,,0.80,0,0,,0.00,0.00,0,0.00,
ARCHIVED,runner rug clearance,BROAD,CAMPAIGN_ARCHIVED,,,,0.80,0,0,,0.00,0.00,0,0.00,
ARCHIVED,runner rug coastal,BROAD,CAMPAIGN_ARCHIVED,,,,0.80,0,0,,0.00,0.00,0,0.00,
ARCHIVED,runner rug charcoal,BROAD,CAMPAIGN_ARCHIVED,,,,0.80,0,0,,0.00,0.00,0,0.00,
ARCHIVED,runner rug cream,BROAD,CAMPAIGN_ARCHIVED,,,,0.80,1,0,0,0.00,0.00,0,0.00,
ARCHIVED,runner rug colorful,BROAD,CAMPAIGN_ARCHIVED,,,,0.80,0,0,,0.00,0.00,0,0.00,
ARCHIVED,runner rug kitchen,BROAD,CAMPAIGN_ARCHIVED,,,,0.80,0,0,,0.00,0.00,0,0.00,
ARCHIVED,runner rug kids,BROAD,CAMPAIGN_ARCHIVED,,,,0.80,0,0,,0.00,0.00,0,0.00,
ARCHIVED,runner rug kids room,BROAD,CAMPAIGN_ARCHIVED,,,,0.80,0,0,,0.00,0.00,0,0.00,
ARCHIVED,runner rug kitchen washable,BROAD,CAMPAIGN_ARCHIVED,,,,0.80,0,0,,0.00,0.00,0,0.00,
ARCHIVED,runner rug kitchen set,BROAD,CAMPAIGN_ARCHIVED,,,,0.80,5,0,0,0.00,0.00,0,0.00,
ARCHIVED,runner rug kitchen no slip,BROAD,CAMPAIGN_ARCHIVED,,,,0.80,0,0,,0.00,0.00,0,0.00,
ARCHIVED,runner rug kitchen rubber back,BROAD,CAMPAIGN_ARCHIVED,,,,0.80,0,0,,0.00,0.00,0,0.00,
ARCHIVED,runner rug kilim,BROAD,CAMPAIGN_ARCHIVED,,,,0.80,2,0,0,0.00,0.00,0,0.00,
ARCHIVED,runner rug long,BROAD,CAMPAIGN_ARCHIVED,,,,0.80,69,0,0,0.00,0.00,0,0.00,
ARCHIVED,runner rug long hallway,BROAD,CAMPAIGN_ARCHIVED,,,,0.80,0,0,,0.00,0.00,0,0.00,
ARCHIVED,runner rug laundry room,BROAD,CAMPAIGN_ARCHIVED,,,,0.80,1,0,0,0.00,0.00,0,0.00,
ARCHIVED,runner rug light gray,BROAD,CAMPAIGN_ARCHIVED,,,,0.80,0,0,,0.00,0.00,0,0.00,
ARCHIVED,runner rug light blue,BROAD,CAMPAIGN_ARCHIVED,,,,0.80,0,0,,0.00,0.00,0,0.00,
ARCHIVED,runner rug low pile,BROAD,CAMPAIGN_ARCHIVED,,,,0.80,0,0,,0.00,0.00,0,0.00,
ARCHIVED,runner rug lodge,BROAD,CAMPAIGN_ARCHIVED,,,,0.80,0,0,,0.00,0.00,0,0.00,
ARCHIVED,runner rug luxury,BROAD,CAMPAIGN_ARCHIVED,,,,0.80,0,0,,0.00,0.00,0,0.00,
ARCHIVED,runner rug liner,BROAD,CAMPAIGN_ARCHIVED,,,,0.80,0,0,,0.00,0.00,0,0.00,
ARCHIVED,runner rug laundry,BROAD,CAMPAIGN_ARCHIVED,,,,0.80,1,0,0,0.00,0.00,0,0.00,
ARCHIVED,runner rug hallway,BROAD,CAMPAIGN_ARCHIVED,,,,0.80,0,0,,0.00,0.00,0,0.00,
ARCHIVED,runner rug heavy duty,BROAD,CAMPAIGN_ARCHIVED,,,,0.80,0,0,,0.00,0.00,0,0.00,
ARCHIVED,runner rug hand woven,BROAD,CAMPAIGN_ARCHIVED,,,,0.80,0,0,,0.00,0.00,0,0.00,
ARCHIVED,runner rug holder,BROAD,CAMPAIGN_ARCHIVED,,,,0.80,0,0,,0.00,0.00,0,0.00,
ARCHIVED,runner rug hallway long,BROAD,CAMPAIGN_ARCHIVED,,,,0.80,21,0,0,0.00,0.00,0,0.00,
ARCHIVED,runner rug holiday,BROAD,CAMPAIGN_ARCHIVED,,,,0.80,2,0,0,0.00,0.00,0,0.00,
ARCHIVED,runner rug harry potter,BROAD,CAMPAIGN_ARCHIVED,,,,0.80,0,0,,0.00,0.00,0,0.00,
ARCHIVED,runner rug on sale,BROAD,CAMPAIGN_ARCHIVED,,,,0.80,0,0,,0.00,0.00,0,0.00,
ARCHIVED,runner rug outdoor indoor,BROAD,CAMPAIGN_ARCHIVED,,,,0.80,0,0,,0.00,0.00,0,0.00,
ARCHIVED,runner rug octopus,BROAD,CAMPAIGN_ARCHIVED,,,,0.80,1,0,0,0.00,0.00,0,0.00,
ARCHIVED,runner rug shag,BROAD,CAMPAIGN_ARCHIVED,,,,0.80,0,0,,0.00,0.00,0,0.00,
ARCHIVED,runner rug set,BROAD,CAMPAIGN_ARCHIVED,,,,0.80,0,0,,0.00,0.00,0,0.00,
ARCHIVED,runner rug safavieh,BROAD,CAMPAIGN_ARCHIVED,,,,0.80,0,0,,0.00,0.00,0,0.00,
ARCHIVED,runner rug solid color,BROAD,CAMPAIGN_ARCHIVED,,,,0.80,0,0,,0.00,0.00,0,0.00,
ARCHIVED,runner rug shaggy,BROAD,CAMPAIGN_ARCHIVED,,,,0.80,0,0,,0.00,0.00,0,0.00,
ARCHIVED,runner rug stay,BROAD,CAMPAIGN_ARCHIVED,,,,0.80,0,0,,0.00,0.00,0,0.00,
ARCHIVED,runner rug small,BROAD,CAMPAIGN_ARCHIVED,,,,0.80,0,0,,0.00,0.00,0,0.00,
ARCHIVED,runner rug solid,BROAD,CAMPAIGN_ARCHIVED,,,,0.80,0,0,,0.00,0.00,0,0.00,
ARCHIVED,runner rug seagrass,BROAD,CAMPAIGN_ARCHIVED,,,,0.80,0,0,,0.00,0.00,0,0.00,
ARCHIVED,runner rug sets 3 piece,BROAD,CAMPAIGN_ARCHIVED,,,,0.80,0,0,,0.00,0.00,0,0.00,
ARCHIVED,runner rug purple,BROAD,CAMPAIGN_ARCHIVED,,,,0.80,0,0,,0.00,0.00,0,0.00,
ARCHIVED,runner rug pink,BROAD,CAMPAIGN_ARCHIVED,,,,0.80,9,0,0,0.00,0.00,0,0.00,
ARCHIVED,runner rug red,BROAD,CAMPAIGN_ARCHIVED,,,,0.80,7,0,0,0.00,0.00,0,0.00,
ARCHIVED,runner rug rubber back,BROAD,CAMPAIGN_ARCHIVED,,,,0.80,0,0,,0.00,0.00,0,0.00,
ARCHIVED,runner rug rustic,BROAD,CAMPAIGN_ARCHIVED,,,,0.80,1,0,0,0.00,0.00,0,0.00,
ARCHIVED,runner rug rubber,BROAD,CAMPAIGN_ARCHIVED,,,,0.80,0,0,,0.00,0.00,0,0.00,
ARCHIVED,runner rug rainbow,BROAD,CAMPAIGN_ARCHIVED,,,,0.80,0,0,,0.00,0.00,0,0.00,
ARCHIVED,runner rug rust,BROAD,CAMPAIGN_ARCHIVED,,,,0.80,0,0,,0.00,0.00,0,0.00,
ARCHIVED,zig zag runner rug,BROAD,CAMPAIGN_ARCHIVED,,,,0.80,0,0,,0.00,0.00,0,0.00,
ARCHIVED,runner rug black pattern,BROAD,CAMPAIGN_ARCHIVED,,,,0.80,0,0,,0.00,0.00,0,0.00,
ARCHIVED,runner rug black and blue,BROAD,CAMPAIGN_ARCHIVED,,,,0.80,0,0,,0.00,0.00,0,0.00,
ARCHIVED,runner rug black 7ft,BROAD,CAMPAIGN_ARCHIVED,,,,0.80,0,0,,0.00,0.00,0,0.00,
ARCHIVED,runner rug black gray,BROAD,CAMPAIGN_ARCHIVED,,,,0.80,0,0,,0.00,0.00,0,0.00,
ARCHIVED,runner rug black and beige,BROAD,CAMPAIGN_ARCHIVED,,,,0.80,0,0,,0.00,0.00,0,0.00,
ARCHIVED,runner rug black and grey,BROAD,CAMPAIGN_ARCHIVED,,,,0.80,0,0,,0.00,0.00,0,0.00,
ARCHIVED,runner rug black 8ft,BROAD,CAMPAIGN_ARCHIVED,,,,0.80,0,0,,0.00,0.00,0,0.00,
ARCHIVED,runner rug pad thick,BROAD,CAMPAIGN_ARCHIVED,,,,0.80,0,0,,0.00,0.00,0,0.00,
ARCHIVED,runner rug pad 3x8,BROAD,CAMPAIGN_ARCHIVED,,,,0.80,0,0,,0.00,0.00,0,0.00,
ARCHIVED,runner rug for hallway 12 ft gray,BROAD,CAMPAIGN_ARCHIVED,,,,0.80,0,0,,0.00,0.00,0,0.00,
ARCHIVED,runner rugs with rubber backing for hallway,BROAD,CAMPAIGN_ARCHIVED,,,,0.80,0,0,,0.00,0.00,0,0.00,
ARCHIVED,runner rugs with rubber backing blue,BROAD,CAMPAIGN_ARCHIVED,,,,0.80,0,0,,0.00,0.00,0,0.00,
ARCHIVED,runner rugs with rubber backing 8 feet,BROAD,CAMPAIGN_ARCHIVED,,,,0.80,0,0,,0.00,0.00,0,0.00,
ARCHIVED,runner rugs with rubber backing for office,BROAD,CAMPAIGN_ARCHIVED,,,,0.80,0,0,,0.00,0.00,0,0.00,
ARCHIVED,runner rugs with rubber backing gray,BROAD,CAMPAIGN_ARCHIVED,,,,0.80,0,0,,0.00,0.00,0,0.00,
ARCHIVED,runner rugs with rubber backing for bathroom,BROAD,CAMPAIGN_ARCHIVED,,,,0.80,0,0,,0.00,0.00,0,0.00,
ARCHIVED,runner rug for hallway red,BROAD,CAMPAIGN_ARCHIVED,,,,0.80,0,0,,0.00,0.00,0,0.00,
ARCHIVED,runner rug for hallway brown,BROAD,CAMPAIGN_ARCHIVED,,,,0.80,0,0,,0.00,0.00,0,0.00,
ARCHIVED,runner rug for hallway non skid,BROAD,CAMPAIGN_ARCHIVED,,,,0.80,5,0,0,0.00,0.00,0,0.00,
ARCHIVED,runner rugs for hallway brown,BROAD,CAMPAIGN_ARCHIVED,,,,0.80,0,0,,0.00,0.00,0,0.00,
ARCHIVED,runner rugs for hallway black thick,BROAD,CAMPAIGN_ARCHIVED,,,,0.80,0,0,,0.00,0.00,0,0.00,
ARCHIVED,runner rug non slip backing brown,BROAD,CAMPAIGN_ARCHIVED,,,,0.80,0,0,,0.00,0.00,0,0.00,
ARCHIVED,kitchen mats cushioned anti fatigue,BROAD,CAMPAIGN_ARCHIVED,,,,0.80,0,0,,0.00,0.00,0,0.00,
ARCHIVED,kitchen mats and rugs,BROAD,CAMPAIGN_ARCHIVED,,,,0.80,0,0,,0.00,0.00,0,0.00,
ARCHIVED,kitchen mats cushioned,BROAD,CAMPAIGN_ARCHIVED,,,,0.80,3,0,0,0.00,0.00,0,0.00,
ARCHIVED,kitchen matches,BROAD,CAMPAIGN_ARCHIVED,,,,0.80,2,0,0,0.00,0.00,0,0.00,
ARCHIVED,kitchen mats for floor,BROAD,CAMPAIGN_ARCHIVED,,,,0.80,0,0,,0.00,0.00,0,0.00,
ARCHIVED,kitchen matters cookbook,BROAD,CAMPAIGN_ARCHIVED,,,,0.80,0,0,,0.00,0.00,0,0.00,
ARCHIVED,kitchen matt for floor,BROAD,CAMPAIGN_ARCHIVED,,,,0.80,0,0,,0.00,0.00,0,0.00,
ARCHIVED,kitchen matters,BROAD,CAMPAIGN_ARCHIVED,,,,0.80,0,0,,0.00,0.00,0,0.00,
ARCHIVED,kitchen mat cushioned,BROAD,CAMPAIGN_ARCHIVED,,,,0.80,0,0,,0.00,0.00,0,0.00,
ARCHIVED,kitchen mat coffee,BROAD,CAMPAIGN_ARCHIVED,,,,0.80,0,0,,0.00,0.00,0,0.00,
ARCHIVED,kitchen mat chef,BROAD,CAMPAIGN_ARCHIVED,,,,0.80,2,0,0,0.00,0.00,0,0.00,
ARCHIVED,kitchen mat cushion,BROAD,CAMPAIGN_ARCHIVED,,,,0.80,0,0,,0.00,0.00,0,0.00,
ARCHIVED,kitchen mat colorful,BROAD,CAMPAIGN_ARCHIVED,,,,0.80,2,0,0,0.00,0.00,0,0.00,
ARCHIVED,kitchen mat chef design,BROAD,CAMPAIGN_ARCHIVED,,,,0.80,0,0,,0.00,0.00,0,0.00,
ARCHIVED,kitchen mat chicken,BROAD,CAMPAIGN_ARCHIVED,,,,0.80,0,0,,0.00,0.00,0,0.00,
ARCHIVED,kitchen mat coffee theme,BROAD,CAMPAIGN_ARCHIVED,,,,0.80,0,0,,0.00,0.00,0,0.00,
ARCHIVED,kitchen mat christmas,BROAD,CAMPAIGN_ARCHIVED,,,,0.80,0,0,,0.00,0.00,0,0.00,
ARCHIVED,kitchen mat cat,BROAD,CAMPAIGN_ARCHIVED,,,,0.80,2,0,0,0.00,0.00,0,0.00,
ARCHIVED,kitchen mat anti fatigue pattern,BROAD,CAMPAIGN_ARCHIVED,,,,0.80,0,0,,0.00,0.00,0,0.00,
ARCHIVED,kitchen mat absorbent,BROAD,CAMPAIGN_ARCHIVED,,,,0.80,0,0,,0.00,0.00,0,0.00,
ARCHIVED,kitchen mat amazon basics,BROAD,CAMPAIGN_ARCHIVED,,,,0.80,0,0,,0.00,0.00,0,0.00,
ARCHIVED,kitchen mat aqua,BROAD,CAMPAIGN_ARCHIVED,,,,0.80,0,0,,0.00,0.00,0,0.00,
ARCHIVED,kitchen mat anti fatigue mat,BROAD,CAMPAIGN_ARCHIVED,,,,0.80,0,0,,0.00,0.00,0,0.00,
ARCHIVED,kitchen mat autumn,BROAD,CAMPAIGN_ARCHIVED,,,,0.80,0,0,,0.00,0.00,0,0.00,
ARCHIVED,kitchen mat and towel set,BROAD,CAMPAIGN_ARCHIVED,,,,0.80,0,0,,0.00,0.00,0,0.00,
ARCHIVED,kitchen mat anti slip,BROAD,CAMPAIGN_ARCHIVED,,,,0.80,2,0,0,0.00,0.00,0,0.00,
ARCHIVED,kitchen mat antifatigue,BROAD,CAMPAIGN_ARCHIVED,,,,0.80,0,0,,0.00,0.00,0,0.00,
ARCHIVED,kitchen mat gray,BROAD,CAMPAIGN_ARCHIVED,,,,0.80,5,0,0,0.00,0.00,0,0.00,
ARCHIVED,kitchen mat grey,BROAD,CAMPAIGN_ARCHIVED,,,,0.80,0,0,,0.00,0.00,0,0.00,
ARCHIVED,kitchen mat green,BROAD,CAMPAIGN_ARCHIVED,,,,0.80,1,0,0,0.00,0.00,0,0.00,
ARCHIVED,kitchen mat gelpro,BROAD,CAMPAIGN_ARCHIVED,,,,0.80,0,0,,0.00,0.00,0,0.00,
ARCHIVED,kitchen mat gel,BROAD,CAMPAIGN_ARCHIVED,,,,0.80,1,0,0,0.00,0.00,0,0.00,
ARCHIVED,kitchen mat geometric,BROAD,CAMPAIGN_ARCHIVED,,,,0.80,4,0,0,0.00,0.00,0,0.00,
ARCHIVED,kitchen mat gel pro,BROAD,CAMPAIGN_ARCHIVED,,,,0.80,0,0,,0.00,0.00,0,0.00,
ARCHIVED,kitchen mat gold,BROAD,CAMPAIGN_ARCHIVED,,,,0.80,0,0,,0.00,0.00,0,0.00,
ARCHIVED,kitchen mat grey and white,BROAD,CAMPAIGN_ARCHIVED,,,,0.80,0,0,,0.00,0.00,0,0.00,
ARCHIVED,kitchen mat grapes,BROAD,CAMPAIGN_ARCHIVED,,,,0.80,0,0,,0.00,0.00,0,0.00,
ARCHIVED,kitchen mat hillside,BROAD,CAMPAIGN_ARCHIVED,,,,0.80,0,0,,0.00,0.00,0,0.00,
ARCHIVED,kitchen mat half round,BROAD,CAMPAIGN_ARCHIVED,,,,0.80,0,0,,0.00,0.00,0,0.00,
ARCHIVED,kitchen mat half moon,BROAD,CAMPAIGN_ARCHIVED,,,,0.80,0,0,,0.00,0.00,0,0.00,
ARCHIVED,kitchen mat hardwood safe,BROAD,CAMPAIGN_ARCHIVED,,,,0.80,0,0,,0.00,0.00,0,0.00,
ARCHIVED,kitchen mat halloween,BROAD,CAMPAIGN_ARCHIVED,,,,0.80,0,0,,0.00,0.00,0,0.00,
ARCHIVED,kitchen mat half,BROAD,CAMPAIGN_ARCHIVED,,,,0.80,0,0,,0.00,0.00,0,0.00,
ARCHIVED,kitchen mat herbs,BROAD,CAMPAIGN_ARCHIVED,,,,0.80,0,0,,0.00,0.00,0,0.00,
ARCHIVED,kitchen mat half circle,BROAD,CAMPAIGN_ARCHIVED,,,,0.80,0,0,,0.00,0.00,0,0.00,
ARCHIVED,kitchen mat home,BROAD,CAMPAIGN_ARCHIVED,,,,0.80,0,0,,0.00,0.00,0,0.00,
ARCHIVED,kitchen mat ergonomic,BROAD,CAMPAIGN_ARCHIVED,,,,0.80,0,0,,0.00,0.00,0,0.00,
ARCHIVED,kitchen mat extra large,BROAD,CAMPAIGN_ARCHIVED,,,,0.80,0,0,,0.00,0.00,0,0.00,
ARCHIVED,kitchen mat easy clean,BROAD,CAMPAIGN_ARCHIVED,,,,0.80,0,0,,0.00,0.00,0,0.00,
ARCHIVED,kitchen mat extra long,BROAD,CAMPAIGN_ARCHIVED,,,,0.80,0,0,,0.00,0.00,0,0.00,
ARCHIVED,kitchen mat eggplant,BROAD,CAMPAIGN_ARCHIVED,,,,0.80,0,0,,0.00,0.00,0,0.00,
ARCHIVED,kitchen mat eat,BROAD,CAMPAIGN_ARCHIVED,,,,0.80,0,0,,0.00,0.00,0,0.00,
ARCHIVED,kitchen mat eiffel tower,BROAD,CAMPAIGN_ARCHIVED,,,,0.80,0,0,,0.00,0.00,0,0.00,
ARCHIVED,kitchen mat extra wide,BROAD,CAMPAIGN_ARCHIVED,,,,0.80,0,0,,0.00,0.00,0,0.00,
ARCHIVED,kitchen mat drying,BROAD,CAMPAIGN_ARCHIVED,,,,0.80,1,0,0,0.00,0.00,0,0.00,
ARCHIVED,kitchen mat decorative,BROAD,CAMPAIGN_ARCHIVED,,,,0.80,2,0,0,0.00,0.00,0,0.00,
ARCHIVED,kitchen mat dish dryer,BROAD,CAMPAIGN_ARCHIVED,,,,0.80,0,0,,0.00,0.00,0,0.00,
ARCHIVED,kitchen mat design,BROAD,CAMPAIGN_ARCHIVED,,,,0.80,0,0,,0.00,0.00,0,0.00,
ARCHIVED,kitchen mat dog,BROAD,CAMPAIGN_ARCHIVED,,,,0.80,10,0,0,0.00,0.00,0,0.00,
ARCHIVED,kitchen mat donut,BROAD,CAMPAIGN_ARCHIVED,,,,0.80,0,0,,0.00,0.00,0,0.00,
ARCHIVED,kitchen mat dark brown,BROAD,CAMPAIGN_ARCHIVED,,,,0.80,0,0,,0.00,0.00,0,0.00,
ARCHIVED,kitchen mat large,BROAD,CAMPAIGN_ARCHIVED,,,,0.80,0,0,,0.00,0.00,0,0.00,
ARCHIVED,kitchen mat long waterproof,BROAD,CAMPAIGN_ARCHIVED,,,,0.80,0,0,,0.00,0.00,0,0.00,
ARCHIVED,kitchen mat liners,BROAD,CAMPAIGN_ARCHIVED,,,,0.80,0,0,,0.00,0.00,0,0.00,
ARCHIVED,kitchen mat lemon,BROAD,CAMPAIGN_ARCHIVED,,,,0.80,0,0,,0.00,0.00,0,0.00,
ARCHIVED,kitchen mat l shape,BROAD,CAMPAIGN_ARCHIVED,,,,0.80,0,0,,0.00,0.00,0,0.00,
ARCHIVED,kitchen mat live laugh love,BROAD,CAMPAIGN_ARCHIVED,,,,0.80,0,0,,0.00,0.00,0,0.00,
ARCHIVED,kitchen mat large size,BROAD,CAMPAIGN_ARCHIVED,,,,0.80,0,0,,0.00,0.00,0,0.00,
ARCHIVED,kitchen mat liquor,BROAD,CAMPAIGN_ARCHIVED,,,,0.80,0,0,,0.00,0.00,0,0.00,
ARCHIVED,kitchen mat lime green,BROAD,CAMPAIGN_ARCHIVED,,,,0.80,0,0,,0.00,0.00,0,0.00,
ARCHIVED,kitchen mat quote,BROAD,CAMPAIGN_ARCHIVED,,,,0.80,0,0,,0.00,0.00,0,0.00,
ARCHIVED,kitchen mat vegetables,BROAD,CAMPAIGN_ARCHIVED,,,,0.80,0,0,,0.00,0.00,0,0.00,
ARCHIVED,kitchen mat vinyl,BROAD,CAMPAIGN_ARCHIVED,,,,0.80,0,0,,0.00,0.00,0,0.00,
ARCHIVED,kitchen mat vintage,BROAD,CAMPAIGN_ARCHIVED,,,,0.80,1,0,0,0.00,0.00,0,0.00,
ARCHIVED,kitchen mat orange,BROAD,CAMPAIGN_ARCHIVED,,,,0.80,2,0,0,0.00,0.00,0,0.00,
ARCHIVED,kitchen mat ocean,BROAD,CAMPAIGN_ARCHIVED,,,,0.80,0,0,,0.00,0.00,0,0.00,
ARCHIVED,kitchen mat on sale,BROAD,CAMPAIGN_ARCHIVED,,,,0.80,0,0,,0.00,0.00,0,0.00,
ARCHIVED,kitchen mat olive,BROAD,CAMPAIGN_ARCHIVED,,,,0.80,1,0,0,0.00,0.00,0,0.00,
ARCHIVED,kitchen mat oversized,BROAD,CAMPAIGN_ARCHIVED,,,,0.80,0,0,,0.00,0.00,0,0.00,
ARCHIVED,kitchen mat oven,BROAD,CAMPAIGN_ARCHIVED,,,,0.80,0,0,,0.00,0.00,0,0.00,
ARCHIVED,kitchen mat oval,BROAD,CAMPAIGN_ARCHIVED,,,,0.80,0,0,,0.00,0.00,0,0.00,
ARCHIVED,kitchen mat owl,BROAD,CAMPAIGN_ARCHIVED,,,,0.80,0,0,,0.00,0.00,0,0.00,
ARCHIVED,kitchen mat or rug,BROAD,CAMPAIGN_ARCHIVED,,,,0.80,0,0,,0.00,0.00,0,0.00,
ARCHIVED,kitchen mat oil resistant,BROAD,CAMPAIGN_ARCHIVED,,,,0.80,1,0,0,0.00,0.00,0,0.00,
ARCHIVED,kitchen mat xl,BROAD,CAMPAIGN_ARCHIVED,,,,0.80,0,0,,0.00,0.00,0,0.00,
ARCHIVED,kitchen mat jute,BROAD,CAMPAIGN_ARCHIVED,,,,0.80,1,0,0,0.00,0.00,0,0.00,
ARCHIVED,kitchen mat kangaroo,BROAD,CAMPAIGN_ARCHIVED,,,,0.80,0,0,,0.00,0.00,0,0.00,
ARCHIVED,kitchen mat kit,BROAD,CAMPAIGN_ARCHIVED,,,,0.80,0,0,,0.00,0.00,0,0.00,
ARCHIVED,kitchen mat korean,BROAD,CAMPAIGN_ARCHIVED,,,,0.80,0,0,,0.00,0.00,0,0.00,
ARCHIVED,kitchen mat kids,BROAD,CAMPAIGN_ARCHIVED,,,,0.80,0,0,,0.00,0.00,0,0.00,
ARCHIVED,kitchen mat kittens,BROAD,CAMPAIGN_ARCHIVED,,,,0.80,0,0,,0.00,0.00,0,0.00,
ARCHIVED,kitchen mat memory foam,BROAD,CAMPAIGN_ARCHIVED,,,,0.80,0,0,,0.00,0.00,0,0.00,
ARCHIVED,kitchen mat modern,BROAD,CAMPAIGN_ARCHIVED,,,,0.80,0,0,,0.00,0.00,0,0.00,
ARCHIVED,kitchen mat marble,BROAD,CAMPAIGN_ARCHIVED,,,,0.80,0,0,,0.00,0.00,0,0.00,
ARCHIVED,kitchen mat moroccan,BROAD,CAMPAIGN_ARCHIVED,,,,0.80,0,0,,0.00,0.00,0,0.00,
ARCHIVED,kitchen mat made in usa,BROAD,CAMPAIGN_ARCHIVED,,,,0.80,0,0,,0.00,0.00,0,0.00,
ARCHIVED,kitchen mat machine washable,BROAD,CAMPAIGN_ARCHIVED,,,,0.80,0,0,,0.00,0.00,0,0.00,
ARCHIVED,kitchen mats cushioned washable,BROAD,CAMPAIGN_ARCHIVED,,,,0.80,0,0,,0.00,0.00,0,0.00,
ARCHIVED,kitchen mats cushioned red,BROAD,CAMPAIGN_ARCHIVED,,,,0.80,1,0,0,0.00,0.00,0,0.00,
ARCHIVED,kitchen matters pamela salzman,BROAD,CAMPAIGN_ARCHIVED,,,,0.80,0,0,,0.00,0.00,0,0.00,
ARCHIVED,kitchen matt for floor farmhouse,BROAD,CAMPAIGN_ARCHIVED,,,,0.80,0,0,,0.00,0.00,0,0.00,
ARCHIVED,floor mats for cars,BROAD,CAMPAIGN_ARCHIVED,,,,0.80,0,0,,0.00,0.00,0,0.00,
ARCHIVED,floor mats for home,BROAD,CAMPAIGN_ARCHIVED,,,,0.80,0,0,,0.00,0.00,0,0.00,
ARCHIVED,floor mat,BROAD,CAMPAIGN_ARCHIVED,,,,0.80,136,0,0,0.00,0.00,0,0.00,
ARCHIVED,floor mats for office,BROAD,CAMPAIGN_ARCHIVED,,,,0.80,0,0,,0.00,0.00,0,0.00,
ARCHIVED,floor mats for kids,BROAD,CAMPAIGN_ARCHIVED,,,,0.80,0,0,,0.00,0.00,0,0.00,
ARCHIVED,floor mattress,BROAD,CAMPAIGN_ARCHIVED,,,,0.80,0,0,,0.00,0.00,0,0.00,
ARCHIVED,floor mat for office chair carpet,BROAD,CAMPAIGN_ARCHIVED,,,,0.80,0,0,,0.00,0.00,0,0.00,
ARCHIVED,floor mat for office chair wood floor,BROAD,CAMPAIGN_ARCHIVED,,,,0.80,0,0,,0.00,0.00,0,0.00,
ARCHIVED,floor mat disposable,BROAD,CAMPAIGN_ARCHIVED,,,,0.80,13,0,0,0.00,0.00,0,0.00,
ARCHIVED,floor mat decorative,BROAD,CAMPAIGN_ARCHIVED,,,,0.80,3,0,0,0.00,0.00,0,0.00,
ARCHIVED,floor mat dodge journey,BROAD,CAMPAIGN_ARCHIVED,,,,0.80,0,0,,0.00,0.00,0,0.00,
ARCHIVED,floor mat desk chair 48,BROAD,CAMPAIGN_ARCHIVED,,,,0.80,0,0,,0.00,0.00,0,0.00,
ARCHIVED,floor mat desk chair,BROAD,CAMPAIGN_ARCHIVED,,,,0.80,0,0,,0.00,0.00,0,0.00,
ARCHIVED,floor mat doorbell,BROAD,CAMPAIGN_ARCHIVED,,,,0.80,0,0,,0.00,0.00,0,0.00,
ARCHIVED,floor mat dog bowl,BROAD,CAMPAIGN_ARCHIVED,,,,0.80,0,0,,0.00,0.00,0,0.00,
ARCHIVED,floor mat exercise,BROAD,CAMPAIGN_ARCHIVED,,,,0.80,0,0,,0.00,0.00,0,0.00,
ARCHIVED,floor mat nap,BROAD,CAMPAIGN_ARCHIVED,,,,0.80,0,0,,0.00,0.00,0,0.00,
ARCHIVED,floor mat nissan altima,BROAD,CAMPAIGN_ARCHIVED,,,,0.80,0,0,,0.00,0.00,0,0.00,
ARCHIVED,floor mat nissan sentra 2015,BROAD,CAMPAIGN_ARCHIVED,,,,0.80,0,0,,0.00,0.00,0,0.00,
ARCHIVED,floor mat nissan rogue 2011,BROAD,CAMPAIGN_ARCHIVED,,,,0.80,0,0,,0.00,0.00,0,0.00,
ARCHIVED,floor mat nursery,BROAD,CAMPAIGN_ARCHIVED,,,,0.80,0,0,,0.00,0.00,0,0.00,
ARCHIVED,floor mat noise,BROAD,CAMPAIGN_ARCHIVED,,,,0.80,0,0,,0.00,0.00,0,0.00,
ARCHIVED,floor mat nissan altima 2016,BROAD,CAMPAIGN_ARCHIVED,,,,0.80,0,0,,0.00,0.00,0,0.00,
ARCHIVED,floor mat runner,BROAD,CAMPAIGN_ARCHIVED,,,,0.80,7,0,0,0.00,0.00,0,0.00,
ARCHIVED,floor mat restaurant,BROAD,CAMPAIGN_ARCHIVED,,,,0.80,2,0,0,0.00,0.00,0,0.00,
ARCHIVED,floor mat retainer,BROAD,CAMPAIGN_ARCHIVED,,,,0.80,0,0,,0.00,0.00,0,0.00,
ARCHIVED,floor mat rubber,BROAD,CAMPAIGN_ARCHIVED,,,,0.80,1,0,0,0.00,0.00,0,0.00,
ARCHIVED,floor mat runners for the home,BROAD,CAMPAIGN_ARCHIVED,,,,0.80,0,0,,0.00,0.00,0,0.00,
ARCHIVED,floor mat room,BROAD,CAMPAIGN_ARCHIVED,,,,0.80,1,0,0,0.00,0.00,0,0.00,
ARCHIVED,floor mat ram 1500 quad cab,BROAD,CAMPAIGN_ARCHIVED,,,,0.80,0,0,,0.00,0.00,0,0.00,
ARCHIVED,floor mat roll,BROAD,CAMPAIGN_ARCHIVED,,,,0.80,0,0,,0.00,0.00,0,0.00,
ARCHIVED,floor mat rubber non slip,BROAD,CAMPAIGN_ARCHIVED,,,,0.80,0,0,,0.00,0.00,0,0.00,
ARCHIVED,floor mat rolling chair carpet,BROAD,CAMPAIGN_ARCHIVED,,,,0.80,0,0,,0.00,0.00,0,0.00,
ARCHIVED,floor mat queen,BROAD,CAMPAIGN_ARCHIVED,,,,0.80,0,0,,0.00,0.00,0,0.00,
ARCHIVED,floor mat q50,BROAD,CAMPAIGN_ARCHIVED,,,,0.80,0,0,,0.00,0.00,0,0.00,
ARCHIVED,floor mat memory foam,BROAD,CAMPAIGN_ARCHIVED,,,,0.80,0,0,,0.00,0.00,0,0.00,
ARCHIVED,floor mat medium pile,BROAD,CAMPAIGN_ARCHIVED,,,,0.80,0,0,,0.00,0.00,0,0.00,
ARCHIVED,floor mat mercedes benz,BROAD,CAMPAIGN_ARCHIVED,,,,0.80,0,0,,0.00,0.00,0,0.00,
ARCHIVED,floor mat material,BROAD,CAMPAIGN_ARCHIVED,,,,0.80,4,0,0,0.00,0.00,0,0.00,
ARCHIVED,maxspider floor mat model 3,BROAD,CAMPAIGN_ARCHIVED,,,,0.80,0,0,,0.00,0.00,0,0.00,
ARCHIVED,floor mat model 3,BROAD,CAMPAIGN_ARCHIVED,,,,0.80,0,0,,0.00,0.00,0,0.00,
ARCHIVED,floor mat mattress,BROAD,CAMPAIGN_ARCHIVED,,,,0.80,0,0,,0.00,0.00,0,0.00,
ARCHIVED,floor mat mercedes,BROAD,CAMPAIGN_ARCHIVED,,,,0.80,0,0,,0.00,0.00,0,0.00,
ARCHIVED,floor mat mazda 3,BROAD,CAMPAIGN_ARCHIVED,,,,0.80,0,0,,0.00,0.00,0,0.00,
ARCHIVED,floor mat massage,BROAD,CAMPAIGN_ARCHIVED,,,,0.80,0,0,,0.00,0.00,0,0.00,
ARCHIVED,floor mat standing desk,BROAD,CAMPAIGN_ARCHIVED,,,,0.80,0,0,,0.00,0.00,0,0.00,
ARCHIVED,floor mat squares,BROAD,CAMPAIGN_ARCHIVED,,,,0.80,2,0,0,0.00,0.00,0,0.00,
ARCHIVED,floor mat set,BROAD,CAMPAIGN_ARCHIVED,,,,0.80,4,0,0,0.00,0.00,0,0.00,
ARCHIVED,floor mat sleeping,BROAD,CAMPAIGN_ARCHIVED,,,,0.80,0,0,,0.00,0.00,0,0.00,
ARCHIVED,kitchen floor mat set,BROAD,CAMPAIGN_ARCHIVED,,,,0.80,0,0,,0.00,0.00,0,0.00,
ARCHIVED,floor mat sticky pad,BROAD,CAMPAIGN_ARCHIVED,,,,0.80,0,0,,0.00,0.00,0,0.00,
ARCHIVED,floor mat stand up desk,BROAD,CAMPAIGN_ARCHIVED,,,,0.80,0,0,,0.00,0.00,0,0.00,
ARCHIVED,floor mat suv,BROAD,CAMPAIGN_ARCHIVED,,,,0.80,3,0,0,0.00,0.00,0,0.00,
ARCHIVED,floor mat snow,BROAD,CAMPAIGN_ARCHIVED,,,,0.80,0,0,,0.00,0.00,0,0.00,
ARCHIVED,floor mat small,BROAD,CAMPAIGN_ARCHIVED,,,,0.80,7,0,0,0.00,0.00,0,0.00,
ARCHIVED,floor mat under high chair,BROAD,CAMPAIGN_ARCHIVED,,,,0.80,0,0,,0.00,0.00,0,0.00,
ARCHIVED,floor mat under office chair,BROAD,CAMPAIGN_ARCHIVED,,,,0.80,0,0,,0.00,0.00,0,0.00,
ARCHIVED,floor mat under highchair,BROAD,CAMPAIGN_ARCHIVED,,,,0.80,0,0,,0.00,0.00,0,0.00,
ARCHIVED,floor mat under desk chair,BROAD,CAMPAIGN_ARCHIVED,,,,0.80,0,0,,0.00,0.00,0,0.00,
ARCHIVED,floor mat under dog crate,BROAD,CAMPAIGN_ARCHIVED,,,,0.80,0,0,,0.00,0.00,0,0.00,
ARCHIVED,floor mat under desk,BROAD,CAMPAIGN_ARCHIVED,,,,0.80,0,0,,0.00,0.00,0,0.00,
ARCHIVED,floor mat under treadmill,BROAD,CAMPAIGN_ARCHIVED,,,,0.80,0,0,,0.00,0.00,0,0.00,
ARCHIVED,floor mat under sink,BROAD,CAMPAIGN_ARCHIVED,,,,0.80,0,0,,0.00,0.00,0,0.00,
ARCHIVED,floor mat under dining table,BROAD,CAMPAIGN_ARCHIVED,,,,0.80,0,0,,0.00,0.00,0,0.00,
ARCHIVED,floor mat under rug,BROAD,CAMPAIGN_ARCHIVED,,,,0.80,0,0,,0.00,0.00,0,0.00,
ARCHIVED,floor mat office chair hardwood,BROAD,CAMPAIGN_ARCHIVED,,,,0.80,0,0,,0.00,0.00,0,0.00,
ARCHIVED,floor mat office chair carpet,BROAD,CAMPAIGN_ARCHIVED,,,,0.80,0,0,,0.00,0.00,0,0.00,
ARCHIVED,floor mat outdoor,BROAD,CAMPAIGN_ARCHIVED,,,,0.80,3,0,0,0.00,0.00,0,0.00,
ARCHIVED,floor mat office standing,BROAD,CAMPAIGN_ARCHIVED,,,,0.80,0,0,,0.00,0.00,0,0.00,
ARCHIVED,floor mat ocean,BROAD,CAMPAIGN_ARCHIVED,,,,0.80,0,0,,0.00,0.00,0,0.00,
ARCHIVED,floor mat odyssey 2019,BROAD,CAMPAIGN_ARCHIVED,,,,0.80,0,0,,0.00,0.00,0,0.00,
ARCHIVED,floor mat outside,BROAD,CAMPAIGN_ARCHIVED,,,,0.80,0,0,,0.00,0.00,0,0.00,
ARCHIVED,floor mat office chair,BROAD,CAMPAIGN_ARCHIVED,,,,0.80,0,0,,0.00,0.00,0,0.00,
ARCHIVED,floor mat outdoor cute,BROAD,CAMPAIGN_ARCHIVED,,,,0.80,0,0,,0.00,0.00,0,0.00,
ARCHIVED,floor mat or 2019 honda pilot,BROAD,CAMPAIGN_ARCHIVED,,,,0.80,0,0,,0.00,0.00,0,0.00,
ARCHIVED,floor mat piano for kids,BROAD,CAMPAIGN_ARCHIVED,,,,0.80,0,0,,0.00,0.00,0,0.00,
ARCHIVED,abc floor mat puzzle,BROAD,CAMPAIGN_ARCHIVED,,,,0.80,0,0,,0.00,0.00,0,0.00,
ARCHIVED,floor mat puzzle,BROAD,CAMPAIGN_ARCHIVED,,,,0.80,0,0,,0.00,0.00,0,0.00,
ARCHIVED,floor mat protector for hard wood,BROAD,CAMPAIGN_ARCHIVED,,,,0.80,0,0,,0.00,0.00,0,0.00,
ARCHIVED,floor mat plastic,BROAD,CAMPAIGN_ARCHIVED,,,,0.80,0,0,,0.00,0.00,0,0.00,
ARCHIVED,floor mat protectors for cars,BROAD,CAMPAIGN_ARCHIVED,,,,0.80,0,0,,0.00,0.00,0,0.00,
ARCHIVED,floor mat piano,BROAD,CAMPAIGN_ARCHIVED,,,,0.80,0,0,,0.00,0.00,0,0.00,
ARCHIVED,floor mat puzzle for kids,BROAD,CAMPAIGN_ARCHIVED,,,,0.80,0,0,,0.00,0.00,0,0.00,
ARCHIVED,floor mat pacifica hybrid,BROAD,CAMPAIGN_ARCHIVED,,,,0.80,0,0,,0.00,0.00,0,0.00,
ARCHIVED,floor mat padded,BROAD,CAMPAIGN_ARCHIVED,,,,0.80,0,0,,0.00,0.00,0,0.00,
ARCHIVED,floor mat tiles,BROAD,CAMPAIGN_ARCHIVED,,,,0.80,0,0,,0.00,0.00,0,0.00,
ARCHIVED,floor mat tape,BROAD,CAMPAIGN_ARCHIVED,,,,0.80,0,0,,0.00,0.00,0,0.00,
ARCHIVED,floor mat to cover cords,BROAD,CAMPAIGN_ARCHIVED,,,,0.80,0,0,,0.00,0.00,0,0.00,
ARCHIVED,floor mat toyota rav4 2018,BROAD,CAMPAIGN_ARCHIVED,,,,0.80,0,0,,0.00,0.00,0,0.00,
ARCHIVED,floor mat truck,BROAD,CAMPAIGN_ARCHIVED,,,,0.80,4,0,0,0.00,0.00,0,0.00,
ARCHIVED,floor mat thanksgiving,BROAD,CAMPAIGN_ARCHIVED,,,,0.80,0,0,,0.00,0.00,0,0.00,
ARCHIVED,floor mat toddler,BROAD,CAMPAIGN_ARCHIVED,,,,0.80,0,0,,0.00,0.00,0,0.00,
ARCHIVED,floor mat to protect hardwood floor,BROAD,CAMPAIGN_ARCHIVED,,,,0.80,0,0,,0.00,0.00,0,0.00,
ARCHIVED,floor mat ten frame,BROAD,CAMPAIGN_ARCHIVED,,,,0.80,0,0,,0.00,0.00,0,0.00,
ARCHIVED,floor mattress queen,BROAD,CAMPAIGN_ARCHIVED,,,,0.80,0,0,,0.00,0.00,0,0.00,
ARCHIVED,floor mattress for kids,BROAD,CAMPAIGN_ARCHIVED,,,,0.80,0,0,,0.00,0.00,0,0.00,
ARCHIVED,floor mattress twin,BROAD,CAMPAIGN_ARCHIVED,,,,0.80,0,0,,0.00,0.00,0,0.00,
ARCHIVED,japanese floor mattress,BROAD,CAMPAIGN_ARCHIVED,,,,0.80,0,0,,0.00,0.00,0,0.00,
ARCHIVED,folding floor mattress,BROAD,CAMPAIGN_ARCHIVED,,,,0.80,0,0,,0.00,0.00,0,0.00,
ARCHIVED,floor mattress pad,BROAD,CAMPAIGN_ARCHIVED,,,,0.80,0,0,,0.00,0.00,0,0.00,
ARCHIVED,floor mattress for adults,BROAD,CAMPAIGN_ARCHIVED,,,,0.80,0,0,,0.00,0.00,0,0.00,
ARCHIVED,floor mattress full,BROAD,CAMPAIGN_ARCHIVED,,,,0.80,0,0,,0.00,0.00,0,0.00,
ARCHIVED,floor mat for office chair carpet black,BROAD,CAMPAIGN_ARCHIVED,,,,0.80,0,0,,0.00,0.00,0,0.00,
ARCHIVED,floor mat for office chair carpet for thick carpet,BROAD,CAMPAIGN_ARCHIVED,,,,0.80,0,0,,0.00,0.00,0,0.00,
ARCHIVED,floor mat for office chair carpet high pile,BROAD,CAMPAIGN_ARCHIVED,,,,0.80,0,0,,0.00,0.00,0,0.00,
ARCHIVED,floor mat for office chair carpet same day,BROAD,CAMPAIGN_ARCHIVED,,,,0.80,0,0,,0.00,0.00,0,0.00,
ARCHIVED,floor mattress for sleep queen,BROAD,CAMPAIGN_ARCHIVED,,,,0.80,0,0,,0.00,0.00,0,0.00,
ARCHIVED,kitchen rug apples,BROAD,CAMPAIGN_ARCHIVED,,,,0.80,0,0,,0.00,0.00,0,0.00,
ARCHIVED,kitchen rug autumn,BROAD,CAMPAIGN_ARCHIVED,,,,0.80,2,0,0,0.00,0.00,0,0.00,
ARCHIVED,kitchen rug aqua,BROAD,CAMPAIGN_ARCHIVED,,,,0.80,1,0,0,0.00,0.00,0,0.00,
ARCHIVED,kitchen rug and runner set,BROAD,CAMPAIGN_ARCHIVED,,,,0.80,0,0,,0.00,0.00,0,0.00,
ARCHIVED,kitchen rug and towel sets,BROAD,CAMPAIGN_ARCHIVED,,,,0.80,0,0,,0.00,0.00,0,0.00,
ARCHIVED,kitchen rug and mat set,BROAD,CAMPAIGN_ARCHIVED,,,,0.80,0,0,,0.00,0.00,0,0.00,
ARCHIVED,kitchen rug abstract,BROAD,CAMPAIGN_ARCHIVED,,,,0.80,1,0,0,0.00,0.00,0,0.00,
ARCHIVED,kitchen rug,BROAD,CAMPAIGN_ARCHIVED,,,,0.80,0,0,,0.00,0.00,0,0.00,
ARCHIVED,kitchen rugs non skid washable,BROAD,CAMPAIGN_ARCHIVED,,,,0.80,0,0,,0.00,0.00,0,0.00,
ARCHIVED,kitchen rug set,BROAD,CAMPAIGN_ARCHIVED,,,,0.80,47,0,0,0.00,0.00,0,0.00,
ARCHIVED,kitchen rugs and mats sets,BROAD,CAMPAIGN_ARCHIVED,,,,0.80,0,0,,0.00,0.00,0,0.00,
ARCHIVED,kitchen rugs washable,BROAD,CAMPAIGN_ARCHIVED,,,,0.80,0,0,,0.00,0.00,0,0.00,
ARCHIVED,kitchen rug sets 3 piece,BROAD,CAMPAIGN_ARCHIVED,,,,0.80,0,0,,0.00,0.00,0,0.00,
ARCHIVED,kitchen rugs and mats washable,BROAD,CAMPAIGN_ARCHIVED,,,,0.80,0,0,,0.00,0.00,0,0.00,
ARCHIVED,kitchen rug entry,BROAD,CAMPAIGN_ARCHIVED,,,,0.80,0,0,,0.00,0.00,0,0.00,
ARCHIVED,kitchen rug espresso,BROAD,CAMPAIGN_ARCHIVED,,,,0.80,0,0,,0.00,0.00,0,0.00,
ARCHIVED,kitchen rug easy to clean,BROAD,CAMPAIGN_ARCHIVED,,,,0.80,0,0,,0.00,0.00,0,0.00,
ARCHIVED,kitchen rug eggplant,BROAD,CAMPAIGN_ARCHIVED,,,,0.80,0,0,,0.00,0.00,0,0.00,
ARCHIVED,kitchen rug eat,BROAD,CAMPAIGN_ARCHIVED,,,,0.80,0,0,,0.00,0.00,0,0.00,
ARCHIVED,kitchen rug farmhouse,BROAD,CAMPAIGN_ARCHIVED,,,,0.80,2,0,0,0.00,0.00,0,0.00,
ARCHIVED,kitchen rug for floor,BROAD,CAMPAIGN_ARCHIVED,,,,0.80,0,0,,0.00,0.00,0,0.00,
ARCHIVED,kitchen rug foam,BROAD,CAMPAIGN_ARCHIVED,,,,0.80,0,0,,0.00,0.00,0,0.00,
ARCHIVED,kitchen rug half circle,BROAD,CAMPAIGN_ARCHIVED,,,,0.80,0,0,,0.00,0.00,0,0.00,
ARCHIVED,kitchen rug half round,BROAD,CAMPAIGN_ARCHIVED,,,,0.80,0,0,,0.00,0.00,0,0.00,
ARCHIVED,kitchen rug halloween,BROAD,CAMPAIGN_ARCHIVED,,,,0.80,4,0,0,0.00,0.00,0,0.00,
ARCHIVED,kitchen rug herringbone,BROAD,CAMPAIGN_ARCHIVED,,,,0.80,1,0,0,0.00,0.00,0,0.00,
ARCHIVED,kitchen rug holiday,BROAD,CAMPAIGN_ARCHIVED,,,,0.80,15,0,0,0.00,0.00,0,0.00,
ARCHIVED,kitchen rug hawaii,BROAD,CAMPAIGN_ARCHIVED,,,,0.80,1,0,0,0.00,0.00,0,0.00,
ARCHIVED,kitchen rug herbs,BROAD,CAMPAIGN_ARCHIVED,,,,0.80,1,0,0,0.00,0.00,0,0.00,
ARCHIVED,kitchen rug home,BROAD,CAMPAIGN_ARCHIVED,,,,0.80,0,0,,0.00,0.00,0,0.00,
ARCHIVED,kitchen rug long,BROAD,CAMPAIGN_ARCHIVED,,,,0.80,14,0,0,0.00,0.00,0,0.00,
ARCHIVED,kitchen rug large,BROAD,CAMPAIGN_ARCHIVED,,,,0.80,0,0,,0.00,0.00,0,0.00,
ARCHIVED,kitchen rug lemon,BROAD,CAMPAIGN_ARCHIVED,,,,0.80,0,0,,0.00,0.00,0,0.00,
ARCHIVED,kitchen rug lattice,BROAD,CAMPAIGN_ARCHIVED,,,,0.80,0,0,,0.00,0.00,0,0.00,
ARCHIVED,kitchen rug leaves,BROAD,CAMPAIGN_ARCHIVED,,,,0.80,0,0,,0.00,0.00,0,0.00,
ARCHIVED,kitchen rug light blue,BROAD,CAMPAIGN_ARCHIVED,,,,0.80,0,0,,0.00,0.00,0,0.00,
ARCHIVED,kitchen rug light gray,BROAD,CAMPAIGN_ARCHIVED,,,,0.80,0,0,,0.00,0.00,0,0.00,
ARCHIVED,kitchen rug l shaped,BROAD,CAMPAIGN_ARCHIVED,,,,0.80,0,0,,0.00,0.00,0,0.00,
ARCHIVED,kitchen rug l shape,BROAD,CAMPAIGN_ARCHIVED,,,,0.80,0,0,,0.00,0.00,0,0.00,
ARCHIVED,kitchen rug latex back,BROAD,CAMPAIGN_ARCHIVED,,,,0.80,0,0,,0.00,0.00,0,0.00,
ARCHIVED,kitchen rug italy,BROAD,CAMPAIGN_ARCHIVED,,,,0.80,0,0,,0.00,0.00,0,0.00,
ARCHIVED,kitchen rug in black,BROAD,CAMPAIGN_ARCHIVED,,,,0.80,10,0,0,0.00,0.00,0,0.00,
ARCHIVED,kitchen rug ikea,BROAD,CAMPAIGN_ARCHIVED,,,,0.80,3,0,0,0.00,0.00,0,0.00,
ARCHIVED,kitchen rug in purple,BROAD,CAMPAIGN_ARCHIVED,,,,0.80,0,0,,0.00,0.00,0,0.00,
ARCHIVED,kitchen rug indian,BROAD,CAMPAIGN_ARCHIVED,,,,0.80,2,0,0,0.00,0.00,0,0.00,
ARCHIVED,kitchen rug italian,BROAD,CAMPAIGN_ARCHIVED,,,,0.80,0,0,,0.00,0.00,0,0.00,
ARCHIVED,kitchen rug in red,BROAD,CAMPAIGN_ARCHIVED,,,,0.80,0,0,,0.00,0.00,0,0.00,
ARCHIVED,kitchen rug ikat,BROAD,CAMPAIGN_ARCHIVED,,,,0.80,0,0,,0.00,0.00,0,0.00,
ARCHIVED,kitchen rug in rainbow,BROAD,CAMPAIGN_ARCHIVED,,,,0.80,0,0,,0.00,0.00,0,0.00,
ARCHIVED,kitchen rug green,BROAD,CAMPAIGN_ARCHIVED,,,,0.80,1,0,0,0.00,0.00,0,0.00,
ARCHIVED,kitchen rug grey,BROAD,CAMPAIGN_ARCHIVED,,,,0.80,0,0,,0.00,0.00,0,0.00,
ARCHIVED,kitchen rug gray,BROAD,CAMPAIGN_ARCHIVED,,,,0.80,4,0,0,0.00,0.00,0,0.00,
ARCHIVED,kitchen rug green non slip,BROAD,CAMPAIGN_ARCHIVED,,,,0.80,0,0,,0.00,0.00,0,0.00,
ARCHIVED,kitchen rug grip,BROAD,CAMPAIGN_ARCHIVED,,,,0.80,0,0,,0.00,0.00,0,0.00,
ARCHIVED,kitchen rug grey white,BROAD,CAMPAIGN_ARCHIVED,,,,0.80,0,0,,0.00,0.00,0,0.00,
ARCHIVED,kitchen rug grippers,BROAD,CAMPAIGN_ARCHIVED,,,,0.80,0,0,,0.00,0.00,0,0.00,
ARCHIVED,kitchen rug gold,BROAD,CAMPAIGN_ARCHIVED,,,,0.80,0,0,,0.00,0.00,0,0.00,
ARCHIVED,kitchen rug gray non skid,BROAD,CAMPAIGN_ARCHIVED,,,,0.80,0,0,,0.00,0.00,0,0.00,
ARCHIVED,kitchen rug grapes and wine,BROAD,CAMPAIGN_ARCHIVED,,,,0.80,0,0,,0.00,0.00,0,0.00,
ARCHIVED,kitchen rug coffee,BROAD,CAMPAIGN_ARCHIVED,,,,0.80,1,0,0,0.00,0.00,0,0.00,
ARCHIVED,kitchen rug comfort mat,BROAD,CAMPAIGN_ARCHIVED,,,,0.80,0,0,,0.00,0.00,0,0.00,
ARCHIVED,kitchen rug christmas,BROAD,CAMPAIGN_ARCHIVED,,,,0.80,0,0,,0.00,0.00,0,0.00,
ARCHIVED,kitchen rug cotton,BROAD,CAMPAIGN_ARCHIVED,,,,0.80,0,0,,0.00,0.00,0,0.00,
ARCHIVED,kitchen rug country,BROAD,CAMPAIGN_ARCHIVED,,,,0.80,4,0,0,0.00,0.00,0,0.00,
ARCHIVED,kitchen rug coffee theme,BROAD,CAMPAIGN_ARCHIVED,,,,0.80,0,0,,0.00,0.00,0,0.00,
ARCHIVED,kitchen rug clearance,BROAD,CAMPAIGN_ARCHIVED,,,,0.80,0,0,,0.00,0.00,0,0.00,
ARCHIVED,kitchen rug colorful,BROAD,CAMPAIGN_ARCHIVED,,,,0.80,1,0,0,0.00,0.00,0,0.00,
ARCHIVED,kitchen rug checkered,BROAD,CAMPAIGN_ARCHIVED,,,,0.80,2,0,0,0.00,0.00,0,0.00,
ARCHIVED,kitchen rugs with quotes,BROAD,CAMPAIGN_ARCHIVED,,,,0.80,0,0,,0.00,0.00,0,0.00,
ARCHIVED,quick dry kitchen rug,BROAD,CAMPAIGN_ARCHIVED,,,,0.80,0,0,,0.00,0.00,0,0.00,
ARCHIVED,quatrefoil kitchen rug,BROAD,CAMPAIGN_ARCHIVED,,,,0.80,0,0,,0.00,0.00,0,0.00,
ARCHIVED,kitchen rug black,BROAD,CAMPAIGN_ARCHIVED,,,,0.80,0,0,,0.00,0.00,0,0.00,
ARCHIVED,kitchen rug blue,BROAD,CAMPAIGN_ARCHIVED,,,,0.80,0,0,,0.00,0.00,0,0.00,
ARCHIVED,kitchen rug brown,BROAD,CAMPAIGN_ARCHIVED,,,,0.80,0,0,,0.00,0.00,0,0.00,
ARCHIVED,kitchen rug black and white,BROAD,CAMPAIGN_ARCHIVED,,,,0.80,0,0,,0.00,0.00,0,0.00,
ARCHIVED,kitchen rug boho,BROAD,CAMPAIGN_ARCHIVED,,,,0.80,3,0,0,0.00,0.00,0,0.00,
ARCHIVED,kitchen rug burgundy,BROAD,CAMPAIGN_ARCHIVED,,,,0.80,3,0,0,0.00,0.00,0,0.00,
ARCHIVED,kitchen rug blue non slip,BROAD,CAMPAIGN_ARCHIVED,,,,0.80,0,0,,0.00,0.00,0,0.00,
ARCHIVED,kitchen rug beige,BROAD,CAMPAIGN_ARCHIVED,,,,0.80,0,0,,0.00,0.00,0,0.00,
ARCHIVED,kitchen rug black and tan,BROAD,CAMPAIGN_ARCHIVED,,,,0.80,0,0,,0.00,0.00,0,0.00,
ARCHIVED,kitchen rug blue and white,BROAD,CAMPAIGN_ARCHIVED,,,,0.80,0,0,,0.00,0.00,0,0.00,
ARCHIVED,kitchen rug red,BROAD,CAMPAIGN_ARCHIVED,,,,0.80,0,0,,0.00,0.00,0,0.00,
ARCHIVED,kitchen rug runners with rubber backing,BROAD,CAMPAIGN_ARCHIVED,,,,0.80,0,0,,0.00,0.00,0,0.00,
ARCHIVED,kitchen rug round,BROAD,CAMPAIGN_ARCHIVED,,,,0.80,1,0,0,0.00,0.00,0,0.00,
ARCHIVED,kitchen rug runner set,BROAD,CAMPAIGN_ARCHIVED,,,,0.80,0,0,,0.00,0.00,0,0.00,
ARCHIVED,kitchen rug rooster,BROAD,CAMPAIGN_ARCHIVED,,,,0.80,3,0,0,0.00,0.00,0,0.00,
ARCHIVED,kitchen rug rustic,BROAD,CAMPAIGN_ARCHIVED,,,,0.80,8,0,0,0.00,0.00,0,0.00,
ARCHIVED,kitchen rug runners,BROAD,CAMPAIGN_ARCHIVED,,,,0.80,0,0,,0.00,0.00,0,0.00,
ARCHIVED,kitchen rug runners with rubber backing blue,BROAD,CAMPAIGN_ARCHIVED,,,,0.80,0,0,,0.00,0.00,0,0.00,
ARCHIVED,kitchen rug orange,BROAD,CAMPAIGN_ARCHIVED,,,,0.80,0,0,,0.00,0.00,0,0.00,
ARCHIVED,kitchen rug or runner,BROAD,CAMPAIGN_ARCHIVED,,,,0.80,0,0,,0.00,0.00,0,0.00,
ARCHIVED,kitchen rug oval,BROAD,CAMPAIGN_ARCHIVED,,,,0.80,0,0,,0.00,0.00,0,0.00,
ARCHIVED,kitchen rug oriental,BROAD,CAMPAIGN_ARCHIVED,,,,0.80,0,0,,0.00,0.00,0,0.00,
ARCHIVED,kitchen rug owl,BROAD,CAMPAIGN_ARCHIVED,,,,0.80,0,0,,0.00,0.00,0,0.00,
ARCHIVED,kitchen rug olive green,BROAD,CAMPAIGN_ARCHIVED,,,,0.80,0,0,,0.00,0.00,0,0.00,
ARCHIVED,kitchen rug octagon,BROAD,CAMPAIGN_ARCHIVED,,,,0.80,0,0,,0.00,0.00,0,0.00,
ARCHIVED,kitchen rug orange turquoise,BROAD,CAMPAIGN_ARCHIVED,,,,0.80,0,0,,0.00,0.00,0,0.00,
ARCHIVED,kitchen rug orange teal,BROAD,CAMPAIGN_ARCHIVED,,,,0.80,0,0,,0.00,0.00,0,0.00,
ARCHIVED,kitchen rug vegetables,BROAD,CAMPAIGN_ARCHIVED,,,,0.80,0,0,,0.00,0.00,0,0.00,
ARCHIVED,kitchen rug vintage,BROAD,CAMPAIGN_ARCHIVED,,,,0.80,0,0,,0.00,0.00,0,0.00,
ARCHIVED,kitchen rug yellow blue,BROAD,CAMPAIGN_ARCHIVED,,,,0.80,0,0,,0.00,0.00,0,0.00,
ARCHIVED,kitchen rug memory foam,PHRASE,CAMPAIGN_ARCHIVED,,,,0.80,5,0,0,0.00,0.00,0,0.00,
ARCHIVED,kitchen rug maroon,PHRASE,CAMPAIGN_ARCHIVED,,,,0.80,0,0,,0.00,0.00,0,0.00,
ARCHIVED,kitchen rug marble,PHRASE,CAMPAIGN_ARCHIVED,,,,0.80,0,0,,0.00,0.00,0,0.00,
ARCHIVED,kitchen rug modern,PHRASE,CAMPAIGN_ARCHIVED,,,,0.80,2,0,0,0.00,0.00,0,0.00,
ARCHIVED,kitchen rug mint,PHRASE,CAMPAIGN_ARCHIVED,,,,0.80,0,0,,0.00,0.00,0,0.00,
ARCHIVED,kitchen rug mat blue,PHRASE,CAMPAIGN_ARCHIVED,,,,0.80,1,0,0,0.00,0.00,0,0.00,
ARCHIVED,kitchen rug multi color,PHRASE,CAMPAIGN_ARCHIVED,,,,0.80,0,0,,0.00,0.00,0,0.00,
ARCHIVED,kitchen rug pad,PHRASE,CAMPAIGN_ARCHIVED,,,,0.80,0,0,,0.00,0.00,0,0.00,
ARCHIVED,kitchen rug pink,PHRASE,CAMPAIGN_ARCHIVED,,,,0.80,0,0,,0.00,0.00,0,0.00,
ARCHIVED,kitchen rug pineapple,PHRASE,CAMPAIGN_ARCHIVED,,,,0.80,0,0,,0.00,0.00,0,0.00,
ARCHIVED,kitchen rug padded,PHRASE,CAMPAIGN_ARCHIVED,,,,0.80,3,0,0,0.00,0.00,0,0.00,
ARCHIVED,kitchen rug purple,PHRASE,CAMPAIGN_ARCHIVED,,,,0.80,0,0,,0.00,0.00,0,0.00,
ARCHIVED,kitchen rug prime,PHRASE,CAMPAIGN_ARCHIVED,,,,0.80,0,0,,0.00,0.00,0,0.00,
ARCHIVED,kitchen rug print,PHRASE,CAMPAIGN_ARCHIVED,,,,0.80,0,0,,0.00,0.00,0,0.00,
ARCHIVED,kitchen rug pioneer woman,PHRASE,CAMPAIGN_ARCHIVED,,,,0.80,0,0,,0.00,0.00,0,0.00,
ARCHIVED,kitchen rug pig,PHRASE,CAMPAIGN_ARCHIVED,,,,0.80,0,0,,0.00,0.00,0,0.00,
ARCHIVED,kitchen rug paisley,PHRASE,CAMPAIGN_ARCHIVED,,,,0.80,0,0,,0.00,0.00,0,0.00,
ARCHIVED,kitchen rug jute,PHRASE,CAMPAIGN_ARCHIVED,,,,0.80,0,0,,0.00,0.00,0,0.00,
ARCHIVED,zebra print kitchen rugs,PHRASE,CAMPAIGN_ARCHIVED,,,,0.80,0,0,,0.00,0.00,0,0.00,
ARCHIVED,zebra kitchen rug,PHRASE,CAMPAIGN_ARCHIVED,,,,0.80,0,0,,0.00,0.00,0,0.00,
ARCHIVED,zombie kitchen rug,PHRASE,CAMPAIGN_ARCHIVED,,,,0.80,0,0,,0.00,0.00,0,0.00,
ARCHIVED,kitchen rug teal,PHRASE,CAMPAIGN_ARCHIVED,,,,0.80,0,0,,0.00,0.00,0,0.00,
ARCHIVED,kitchen rug turquoise,PHRASE,CAMPAIGN_ARCHIVED,,,,0.80,0,0,,0.00,0.00,0,0.00,
ARCHIVED,kitchen rug tan,PHRASE,CAMPAIGN_ARCHIVED,,,,0.80,4,0,0,0.00,0.00,0,0.00,
ARCHIVED,kitchen rug tribal,PHRASE,CAMPAIGN_ARCHIVED,,,,0.80,0,0,,0.00,0.00,0,0.00,
ARCHIVED,kitchen rug thanksgiving,PHRASE,CAMPAIGN_ARCHIVED,,,,0.80,0,0,,0.00,0.00,0,0.00,
ARCHIVED,kitchen rug trellis,PHRASE,CAMPAIGN_ARCHIVED,,,,0.80,0,0,,0.00,0.00,0,0.00,
ARCHIVED,kitchen rug towel set,PHRASE,CAMPAIGN_ARCHIVED,,,,0.80,0,0,,0.00,0.00,0,0.00,
ARCHIVED,kitchen rug teal gray,PHRASE,CAMPAIGN_ARCHIVED,,,,0.80,2,0,0,0.00,0.00,0,0.00,
ARCHIVED,kitchen rug taupe,PHRASE,CAMPAIGN_ARCHIVED,,,,0.80,0,0,,0.00,0.00,0,0.00,
ARCHIVED,kitchen rug tropical,PHRASE,CAMPAIGN_ARCHIVED,,,,0.80,1,0,0,0.00,0.00,0,0.00,
ARCHIVED,kitchen rug washable,PHRASE,CAMPAIGN_ARCHIVED,,,,0.80,14,0,0,0.00,0.00,0,0.00,
ARCHIVED,kitchen rug wine theme,PHRASE,CAMPAIGN_ARCHIVED,,,,0.80,7,0,0,0.00,0.00,0,0.00,
ARCHIVED,kitchen rug with rubber backing,PHRASE,CAMPAIGN_ARCHIVED,,,,0.80,3,0,0,0.00,0.00,0,0.00,
ARCHIVED,kitchen rug washable non slip,PHRASE,CAMPAIGN_ARCHIVED,,,,0.80,0,0,,0.00,0.00,0,0.00,
ARCHIVED,kitchen rug with rooster,PHRASE,CAMPAIGN_ARCHIVED,,,,0.80,2,0,0,0.00,0.00,0,0.00,
ARCHIVED,kitchen rug with fruit,PHRASE,CAMPAIGN_ARCHIVED,,,,0.80,1,0,0,0.00,0.00,0,0.00,