﻿State,Keyword,Match type,Status,Suggested bid (low)(USD),Suggested bid (median)(USD),Suggested bid (high)(USD),Keyword bid(USD),Impressions,Clicks,CTR(%),Spend(USD),CPC(USD),Orders,Sales(USD),ACOS(%)
ARCHIVED,bathroom rugs,PHRASE,CAMPAIGN_ARCHIVED,,,,0.90,264177,748,0.2831,462.16,0.62,15,744.54,62.0732
ARCHIVED,carpet,BROAD,CAMPAIGN_ARCHIVED,,,,0.50,20182,89,0.441,45.49,0.51,2,111.78,40.696
ARCHIVED,bathroom rug,PHRASE,CAMPAIGN_ARCHIVED,,,,0.80,18102,62,0.3425,38.89,0.63,4,203.56,19.1049
ARCHIVED,bathroom,BROAD,CAMPAIGN_ARCHIVED,,,,0.90,8973,60,0.6687,34.18,0.57,0,0.00,
ARCHIVED,rug mat,BROAD,CAMPAIGN_ARCHIVED,,,,0.90,22102,51,0.2307,30.75,0.60,0,0.00,
ARCHIVED,bathroom rugs,BROAD,CAMPAIGN_ARCHIVED,,,,0.90,22446,50,0.2228,28.53,0.57,0,0.00,
ARCHIVED,bath rug,BROAD,CAMPAIGN_ARCHIVED,,,,0.50,7371,32,0.4341,21.30,0.67,0,0.00,
ARCHIVED,bath mat,BROAD,CAMPAIGN_ARCHIVED,,,,0.60,5685,29,0.5101,19.20,0.66,0,0.00,
ARCHIVED,luxury,BROAD,CAMPAIGN_ARCHIVED,,,,0.90,7520,28,0.3723,17.65,0.63,0,0.00,
ARCHIVED,bathroom carpet,BROAD,CAMPAIGN_ARCHIVED,,,,0.90,12381,30,0.2423,16.29,0.54,2,91.78,17.749
ARCHIVED,rubber back rugs,BROAD,CAMPAIGN_ARCHIVED,,,,0.90,9475,24,0.2533,14.80,0.62,0,0.00,
ARCHIVED,shag rug,BROAD,CAMPAIGN_ARCHIVED,,,,0.80,14452,30,0.2076,14.28,0.48,0,0.00,
ARCHIVED,bathroom mats and rugs,BROAD,CAMPAIGN_ARCHIVED,,,,0.90,2944,16,0.5435,11.48,0.72,0,0.00,
ARCHIVED,rug,BROAD,CAMPAIGN_ARCHIVED,,,,0.90,6037,18,0.2982,11.26,0.63,0,0.00,
ARCHIVED,moroccan rug,BROAD,CAMPAIGN_ARCHIVED,,,,0.90,1471,19,1.2916,10.86,0.57,0,0.00,
ARCHIVED,bath rugs for bathroom,BROAD,CAMPAIGN_ARCHIVED,,,,0.90,6237,17,0.2726,10.43,0.61,0,0.00,
ARCHIVED,shag,BROAD,CAMPAIGN_ARCHIVED,,,,0.90,9571,16,0.1672,10.10,0.63,0,0.00,
ARCHIVED,shag runner,BROAD,CAMPAIGN_ARCHIVED,,,,0.90,11855,15,0.1265,9.43,0.63,0,0.00,
ARCHIVED,bathroom mat,BROAD,CAMPAIGN_ARCHIVED,,,,0.70,3735,16,0.4284,8.50,0.53,0,0.00,
ARCHIVED,runner rug,BROAD,CAMPAIGN_ARCHIVED,,,,0.60,4042,16,0.3958,8.07,0.50,0,0.00,
ARCHIVED,bathroom rug mat set,PHRASE,CAMPAIGN_ARCHIVED,,,,0.90,6715,12,0.1787,6.71,0.56,0,0.00,
ARCHIVED,non slip mat,BROAD,CAMPAIGN_ARCHIVED,,,,0.90,7189,11,0.153,6.61,0.60,1,65.89,10.0319
ARCHIVED,non skid rugs,BROAD,CAMPAIGN_ARCHIVED,,,,0.80,3691,15,0.4064,6.32,0.42,0,0.00,
ARCHIVED,mat,BROAD,CAMPAIGN_ARCHIVED,,,,0.50,2735,9,0.3291,5.81,0.65,0,0.00,
ARCHIVED,throw rugs,BROAD,CAMPAIGN_ARCHIVED,,,,0.60,1857,11,0.5924,5.61,0.51,0,0.00,
ARCHIVED,runner,BROAD,CAMPAIGN_ARCHIVED,,,,0.90,3007,7,0.2328,4.87,0.70,0,0.00,
ARCHIVED,bedside rug,BROAD,CAMPAIGN_ARCHIVED,,,,0.50,866,7,0.8083,4.34,0.62,0,0.00,
ARCHIVED,room rug,BROAD,CAMPAIGN_ARCHIVED,,,,0.60,1411,6,0.4252,4.28,0.71,0,0.00,
ARCHIVED,microfiber mat,BROAD,CAMPAIGN_ARCHIVED,,,,0.90,2659,6,0.2256,4.08,0.68,0,0.00,
ARCHIVED,moroccan,BROAD,CAMPAIGN_ARCHIVED,,,,0.90,1212,7,0.5776,3.73,0.53,1,45.89,8.1281
ARCHIVED,round rug,BROAD,CAMPAIGN_ARCHIVED,,,,0.50,1855,6,0.3235,3.67,0.61,0,0.00,
ARCHIVED,pink bathroom rugs,BROAD,CAMPAIGN_ARCHIVED,,,,0.90,1874,5,0.2668,3.45,0.69,0,0.00,
ARCHIVED,shag area rug,BROAD,CAMPAIGN_ARCHIVED,,,,0.90,8285,6,0.0724,3.38,0.56,0,0.00,
ARCHIVED,fluffy bathroom rugs,BROAD,CAMPAIGN_ARCHIVED,,,,0.90,1621,4,0.2468,3.37,0.84,0,0.00,
ARCHIVED,microfiber,BROAD,CAMPAIGN_ARCHIVED,,,,0.90,3145,5,0.159,3.27,0.65,0,0.00,
ARCHIVED,door mat,PHRASE,CAMPAIGN_ARCHIVED,,,,0.75,2023,5,0.2472,3.15,0.63,0,0.00,
ARCHIVED,round bathroom rug,BROAD,CAMPAIGN_ARCHIVED,,,,0.90,2810,5,0.1779,3.00,0.60,0,0.00,
ARCHIVED,round shag rug,BROAD,CAMPAIGN_ARCHIVED,,,,0.90,1785,4,0.2241,2.91,0.73,0,0.00,
ARCHIVED,runner mat,BROAD,CAMPAIGN_ARCHIVED,,,,0.90,4200,6,0.1429,2.80,0.47,0,0.00,
ARCHIVED,area rugs,BROAD,CAMPAIGN_ARCHIVED,,,,0.60,1853,4,0.2159,2.72,0.68,0,0.00,
ARCHIVED,rubber bath mat,BROAD,CAMPAIGN_ARCHIVED,,,,0.90,1232,5,0.4058,2.66,0.53,0,0.00,
ARCHIVED,girls room,BROAD,CAMPAIGN_ARCHIVED,,,,0.90,2156,4,0.1855,2.51,0.63,0,0.00,
ARCHIVED,modern runner rug,BROAD,CAMPAIGN_ARCHIVED,,,,0.90,893,3,0.3359,2.30,0.77,0,0.00,
ARCHIVED,shag bathroom rugs,BROAD,CAMPAIGN_ARCHIVED,,,,0.90,371,3,0.8086,2.29,0.76,0,0.00,
ARCHIVED,pink rug,BROAD,CAMPAIGN_ARCHIVED,,,,0.70,1499,4,0.2668,2.26,0.57,0,0.00,
ARCHIVED,bathroom runner,BROAD,CAMPAIGN_ARCHIVED,,,,0.70,518,4,0.7722,2.26,0.57,0,0.00,
ARCHIVED,non slip runner rug,BROAD,CAMPAIGN_ARCHIVED,,,,0.90,1523,3,0.197,2.26,0.75,0,0.00,
ARCHIVED,fluffy rug,BROAD,CAMPAIGN_ARCHIVED,,,,0.70,1519,3,0.1975,2.22,0.74,0,0.00,
ARCHIVED,non slip rug,BROAD,CAMPAIGN_ARCHIVED,,,,0.70,744,4,0.5376,2.12,0.53,0,0.00,
ARCHIVED,bedside,BROAD,CAMPAIGN_ARCHIVED,,,,0.90,739,3,0.406,2.05,0.68,0,0.00,
ARCHIVED,carpet rug,BROAD,CAMPAIGN_ARCHIVED,,,,0.90,5238,5,0.0955,2.03,0.41,0,0.00,
ARCHIVED,non slip bath mat,BROAD,CAMPAIGN_ARCHIVED,,,,0.90,1082,3,0.2773,2.00,0.67,0,0.00,
ARCHIVED,anti slip mat,BROAD,CAMPAIGN_ARCHIVED,,,,0.90,218,4,1.8349,1.97,0.49,0,0.00,
ARCHIVED,bath mats for bathroom,BROAD,CAMPAIGN_ARCHIVED,,,,0.90,1256,2,0.1592,1.90,0.95,0,0.00,
ARCHIVED,throw,BROAD,CAMPAIGN_ARCHIVED,,,,0.70,2369,3,0.1266,1.89,0.63,0,0.00,
ARCHIVED,bathroom runner rug,BROAD,CAMPAIGN_ARCHIVED,,,,0.90,2446,3,0.1226,1.88,0.63,0,0.00,
ARCHIVED,thick,BROAD,CAMPAIGN_ARCHIVED,,,,0.90,685,2,0.292,1.77,0.89,0,0.00,
ARCHIVED,fluffy carpet,BROAD,CAMPAIGN_ARCHIVED,,,,0.90,4273,4,0.0936,1.69,0.42,0,0.00,
ARCHIVED,girls area rug,BROAD,CAMPAIGN_ARCHIVED,,,,0.90,1627,3,0.1844,1.64,0.55,0,0.00,
ARCHIVED,bathroom rug runner,PHRASE,CAMPAIGN_ARCHIVED,,,,0.90,2176,3,0.1379,1.60,0.53,0,0.00,
ARCHIVED,bathroom rug yellow,PHRASE,CAMPAIGN_ARCHIVED,,,,0.90,733,3,0.4093,1.56,0.52,0,0.00,
ARCHIVED,pink runner rug,BROAD,CAMPAIGN_ARCHIVED,,,,0.90,1429,3,0.2099,1.55,0.52,0,0.00,
ARCHIVED,bathroom rug mat,PHRASE,CAMPAIGN_ARCHIVED,,,,0.90,848,3,0.3538,1.47,0.49,0,0.00,
ARCHIVED,doormat funny,PHRASE,CAMPAIGN_ARCHIVED,,,,0.90,467,2,0.4283,1.43,0.72,0,0.00,
ARCHIVED,door mat go away,PHRASE,CAMPAIGN_ARCHIVED,,,,0.90,772,2,0.2591,1.43,0.72,0,0.00,
ARCHIVED,non slip bath rug,BROAD,CAMPAIGN_ARCHIVED,,,,0.80,95,2,2.1053,1.42,0.71,0,0.00,
ARCHIVED,luxury bath mat,BROAD,CAMPAIGN_ARCHIVED,,,,0.90,353,2,0.5666,1.40,0.70,0,0.00,
ARCHIVED,non slip,BROAD,CAMPAIGN_ARCHIVED,,,,0.90,651,2,0.3072,1.37,0.69,0,0.00,
ARCHIVED,bathroom rug black,PHRASE,CAMPAIGN_ARCHIVED,,,,0.90,800,2,0.25,1.29,0.65,0,0.00,
ARCHIVED,bathroom rug orange,PHRASE,CAMPAIGN_ARCHIVED,,,,0.90,547,2,0.3656,1.29,0.65,0,0.00,
ARCHIVED,doormat outdoor,PHRASE,CAMPAIGN_ARCHIVED,,,,0.60,125,2,1.6,1.26,0.63,0,0.00,
ARCHIVED,microfiber rug,BROAD,CAMPAIGN_ARCHIVED,,,,0.80,273,2,0.7326,1.22,0.61,0,0.00,
ARCHIVED,bathroom rug pink,PHRASE,CAMPAIGN_ARCHIVED,,,,0.90,511,2,0.3914,1.19,0.60,0,0.00,
ARCHIVED,door mat thin,PHRASE,CAMPAIGN_ARCHIVED,,,,0.90,6,2,33.3333,1.17,0.59,0,0.00,
ARCHIVED,thick rug,BROAD,CAMPAIGN_ARCHIVED,,,,0.90,652,2,0.3067,1.13,0.57,0,0.00,
ARCHIVED,pink runner,BROAD,CAMPAIGN_ARCHIVED,,,,0.90,1089,2,0.1837,1.12,0.56,0,0.00,
ARCHIVED,bathroom rug round,PHRASE,CAMPAIGN_ARCHIVED,,,,0.90,675,2,0.2963,1.11,0.55,0,0.00,
ARCHIVED,door mat cute,PHRASE,CAMPAIGN_ARCHIVED,,,,0.80,292,2,0.6849,1.03,0.52,0,0.00,
ARCHIVED,shower mat,PHRASE,CAMPAIGN_ARCHIVED,,,,0.90,1092,3,0.2747,0.99,0.33,0,0.00,
ARCHIVED,pink rugs for girls rooms,BROAD,CAMPAIGN_ARCHIVED,,,,0.50,178,1,0.5618,0.99,0.99,0,0.00,
ARCHIVED,carpet mat,BROAD,CAMPAIGN_ARCHIVED,,,,0.90,4273,2,0.0468,0.97,0.49,0,0.00,
ARCHIVED,door mat hello,PHRASE,CAMPAIGN_ARCHIVED,,,,0.90,200,2,1,0.94,0.47,0,0.00,
ARCHIVED,floor mat,PHRASE,CAMPAIGN_ARCHIVED,,,,0.90,4829,1,0.0207,0.90,0.90,0,0.00,
ARCHIVED,fluffy bath mat,BROAD,CAMPAIGN_ARCHIVED,,,,0.90,270,1,0.3704,0.89,0.89,0,0.00,
ARCHIVED,kitchen floor mat set,PHRASE,CAMPAIGN_ARCHIVED,,,,0.90,57,1,1.7544,0.89,0.89,0,0.00,
ARCHIVED,door mats inside,PHRASE,CAMPAIGN_ARCHIVED,,,,0.90,151,1,0.6623,0.88,0.88,0,0.00,
ARCHIVED,microfiber bath rug,BROAD,CAMPAIGN_ARCHIVED,,,,0.90,621,1,0.161,0.88,0.88,0,0.00,
ARCHIVED,door mat leaves,PHRASE,CAMPAIGN_ARCHIVED,,,,0.90,42,2,4.7619,0.84,0.42,0,0.00,
ARCHIVED,hallway matts,PHRASE,CAMPAIGN_ARCHIVED,,,,0.90,52,1,1.9231,0.82,0.82,0,0.00,
ARCHIVED,house rugs,BROAD,CAMPAIGN_ARCHIVED,,,,0.90,472,1,0.2119,0.82,0.82,0,0.00,
ARCHIVED,round mat,BROAD,CAMPAIGN_ARCHIVED,,,,0.60,149,1,0.6711,0.81,0.81,0,0.00,
ARCHIVED,floor mat memory foam,PHRASE,CAMPAIGN_ARCHIVED,,,,0.90,87,1,1.1494,0.77,0.77,0,0.00,
ARCHIVED,door mat funny outdoor,PHRASE,CAMPAIGN_ARCHIVED,,,,0.90,534,1,0.1873,0.71,0.71,0,0.00,
ARCHIVED,door mat cat,PHRASE,CAMPAIGN_ARCHIVED,,,,0.90,188,1,0.5319,0.64,0.64,0,0.00,
ARCHIVED,floor mat runner,PHRASE,CAMPAIGN_ARCHIVED,,,,0.90,114,1,0.8772,0.64,0.64,0,0.00,
ARCHIVED,bathroom rug set,PHRASE,CAMPAIGN_ARCHIVED,,,,0.80,2323,1,0.043,0.63,0.63,0,0.00,
ARCHIVED,microfiber bathroom rugs,BROAD,CAMPAIGN_ARCHIVED,,,,0.70,49,1,2.0408,0.63,0.63,0,0.00,
ARCHIVED,girls rug,BROAD,CAMPAIGN_ARCHIVED,,,,0.40,1230,1,0.0813,0.63,0.63,0,0.00,
ARCHIVED,front door mat funny,PHRASE,CAMPAIGN_ARCHIVED,,,,0.90,574,1,0.1742,0.62,0.62,0,0.00,
ARCHIVED,non slip bathroom rug,BROAD,CAMPAIGN_ARCHIVED,,,,0.70,95,1,1.0526,0.62,0.62,0,0.00,
ARCHIVED,door mat quote,PHRASE,CAMPAIGN_ARCHIVED,,,,0.80,37,1,2.7027,0.60,0.60,0,0.00,
ARCHIVED,anti slip,BROAD,CAMPAIGN_ARCHIVED,,,,0.90,529,1,0.189,0.59,0.59,0,0.00,
ARCHIVED,modern rug,BROAD,CAMPAIGN_ARCHIVED,,,,0.70,261,1,0.3831,0.59,0.59,0,0.00,
ARCHIVED,bathroom rug decorative,PHRASE,CAMPAIGN_ARCHIVED,,,,0.90,25,1,4,0.59,0.59,0,0.00,
ARCHIVED,bathroom rug plush,PHRASE,CAMPAIGN_ARCHIVED,,,,0.90,20,1,5,0.58,0.58,0,0.00,
ARCHIVED,door mat blue,PHRASE,CAMPAIGN_ARCHIVED,,,,0.90,58,1,1.7241,0.57,0.57,0,0.00,
ARCHIVED,floor mat piano,PHRASE,CAMPAIGN_ARCHIVED,,,,0.90,118,1,0.8475,0.56,0.56,0,0.00,
ARCHIVED,bathroom rug for christmas,PHRASE,CAMPAIGN_ARCHIVED,,,,0.90,164,1,0.6098,0.55,0.55,0,0.00,
ARCHIVED,door mat with initial,PHRASE,CAMPAIGN_ARCHIVED,,,,0.90,223,1,0.4484,0.55,0.55,0,0.00,
ARCHIVED,round pink rug,BROAD,CAMPAIGN_ARCHIVED,,,,0.50,138,1,0.7246,0.51,0.51,0,0.00,
ARCHIVED,weathertech floor mat cleaner,PHRASE,CAMPAIGN_ARCHIVED,,,,0.90,859,1,0.1164,0.51,0.51,0,0.00,
ARCHIVED,floor mat small,PHRASE,CAMPAIGN_ARCHIVED,,,,0.90,245,2,0.8163,0.51,0.26,0,0.00,
ARCHIVED,door mat buffalo plaid,PHRASE,CAMPAIGN_ARCHIVED,,,,0.90,103,1,0.9709,0.48,0.48,0,0.00,
ARCHIVED,bathroom rug contour,PHRASE,CAMPAIGN_ARCHIVED,,,,0.90,53,1,1.8868,0.46,0.46,0,0.00,
ARCHIVED,bathroom rug teal,PHRASE,CAMPAIGN_ARCHIVED,,,,0.90,287,1,0.3484,0.46,0.46,0,0.00,
ARCHIVED,pink throw,BROAD,CAMPAIGN_ARCHIVED,,,,0.90,478,2,0.4184,0.45,0.23,0,0.00,
ARCHIVED,bathroom area rug,BROAD,CAMPAIGN_ARCHIVED,,,,0.90,544,1,0.1838,0.41,0.41,0,0.00,
ARCHIVED,pink shag rug,BROAD,CAMPAIGN_ARCHIVED,,,,0.90,1565,1,0.0639,0.37,0.37,0,0.00,
ARCHIVED,girls room rug,BROAD,CAMPAIGN_ARCHIVED,,,,0.40,994,1,0.1006,0.33,0.33,0,0.00,
ARCHIVED,bathroom rug half moon,PHRASE,CAMPAIGN_ARCHIVED,,,,0.90,43,1,2.3256,0.30,0.30,0,0.00,
ARCHIVED,bathroom rug brown,PHRASE,CAMPAIGN_ARCHIVED,,,,0.90,591,1,0.1692,0.27,0.27,0,0.00,
ARCHIVED,bathroom rug kids,PHRASE,CAMPAIGN_ARCHIVED,,,,0.90,241,1,0.4149,0.25,0.25,0,0.00,
ARCHIVED,bathroom rug oval,PHRASE,CAMPAIGN_ARCHIVED,,,,0.90,129,1,0.7752,0.17,0.17,0,0.00,
ARCHIVED,bathroom rug turquoise,PHRASE,CAMPAIGN_ARCHIVED,,,,0.90,793,1,0.1261,0.13,0.13,0,0.00,
ARCHIVED,door mat under 5,PHRASE,CAMPAIGN_ARCHIVED,,,,0.90,38,1,2.6316,0.02,0.02,0,0.00,
ARCHIVED,bathroom rug grey set,PHRASE,CAMPAIGN_ARCHIVED,,,,0.90,0,0,,0.00,0.00,0,0.00,
ARCHIVED,bathroom rug green and white,PHRASE,CAMPAIGN_ARCHIVED,,,,0.90,0,0,,0.00,0.00,0,0.00,
ARCHIVED,bathroom rug grey and white,PHRASE,CAMPAIGN_ARCHIVED,,,,0.90,2,0,0,0.00,0.00,0,0.00,
ARCHIVED,bathroom rug cotton,PHRASE,CAMPAIGN_ARCHIVED,,,,0.90,114,0,0,0.00,0.00,0,0.00,
ARCHIVED,bathroom rug christmas,PHRASE,CAMPAIGN_ARCHIVED,,,,0.90,0,0,,0.00,0.00,0,0.00,
ARCHIVED,bathroom rug combo,PHRASE,CAMPAIGN_ARCHIVED,,,,0.90,16,0,0,0.00,0.00,0,0.00,
ARCHIVED,bathroom rug circle,PHRASE,CAMPAIGN_ARCHIVED,,,,0.90,62,0,0,0.00,0.00,0,0.00,
ARCHIVED,bathroom rug curtain set,PHRASE,CAMPAIGN_ARCHIVED,,,,0.90,27,0,0,0.00,0.00,0,0.00,
ARCHIVED,bathroom rug coral,PHRASE,CAMPAIGN_ARCHIVED,,,,0.90,240,0,0,0.00,0.00,0,0.00,
ARCHIVED,bathroom rug chocolate brown,PHRASE,CAMPAIGN_ARCHIVED,,,,0.90,1,0,0,0.00,0.00,0,0.00,
ARCHIVED,bathroom rug cut to fit,PHRASE,CAMPAIGN_ARCHIVED,,,,0.90,0,0,,0.00,0.00,0,0.00,
ARCHIVED,bathroom rug crochet,PHRASE,CAMPAIGN_ARCHIVED,,,,0.90,21,0,0,0.00,0.00,0,0.00,
ARCHIVED,bathroom rugs and mats sets,PHRASE,CAMPAIGN_ARCHIVED,,,,0.90,0,0,,0.00,0.00,0,0.00,
ARCHIVED,bathroom rug sets 3 piece,PHRASE,CAMPAIGN_ARCHIVED,,,,0.90,26,0,0,0.00,0.00,0,0.00,
ARCHIVED,bathroom rugs memory foam,PHRASE,CAMPAIGN_ARCHIVED,,,,0.90,9,0,0,0.00,0.00,0,0.00,
ARCHIVED,bathroom rug sets 2 piece,PHRASE,CAMPAIGN_ARCHIVED,,,,0.90,6,0,0,0.00,0.00,0,0.00,
ARCHIVED,bathroom rug sets 4 piece,PHRASE,CAMPAIGN_ARCHIVED,,,,0.90,10,0,0,0.00,0.00,0,0.00,
ARCHIVED,bathroom rug sets 5 piece,PHRASE,CAMPAIGN_ARCHIVED,,,,0.90,35,0,0,0.00,0.00,0,0.00,
ARCHIVED,bathroom rug blue,PHRASE,CAMPAIGN_ARCHIVED,,,,0.90,662,0,0,0.00,0.00,0,0.00,
ARCHIVED,bathroom rug burgundy,PHRASE,CAMPAIGN_ARCHIVED,,,,0.90,455,0,0,0.00,0.00,0,0.00,
ARCHIVED,bathroom rug black and white,PHRASE,CAMPAIGN_ARCHIVED,,,,0.90,7,0,0,0.00,0.00,0,0.00,
ARCHIVED,bathroom rug beige,PHRASE,CAMPAIGN_ARCHIVED,,,,0.90,154,0,0,0.00,0.00,0,0.00,
ARCHIVED,bathroom rug black shaggy,PHRASE,CAMPAIGN_ARCHIVED,,,,0.90,0,0,,0.00,0.00,0,0.00,
ARCHIVED,bathroom rug blood,PHRASE,CAMPAIGN_ARCHIVED,,,,0.90,25,0,0,0.00,0.00,0,0.00,
ARCHIVED,bathroom rug boho,PHRASE,CAMPAIGN_ARCHIVED,,,,0.90,57,0,0,0.00,0.00,0,0.00,
ARCHIVED,bathroom rug brown washable,PHRASE,CAMPAIGN_ARCHIVED,,,,0.90,0,0,,0.00,0.00,0,0.00,
ARCHIVED,bathroom rug memory foam,PHRASE,CAMPAIGN_ARCHIVED,,,,0.90,9,0,0,0.00,0.00,0,0.00,
ARCHIVED,bathroom rug machine washable,PHRASE,CAMPAIGN_ARCHIVED,,,,0.90,1,0,0,0.00,0.00,0,0.00,
ARCHIVED,bathroom rug mildew resistant,PHRASE,CAMPAIGN_ARCHIVED,,,,0.90,13,0,0,0.00,0.00,0,0.00,
ARCHIVED,bathroom rug mat set 4 piece,PHRASE,CAMPAIGN_ARCHIVED,,,,0.90,0,0,,0.00,0.00,0,0.00,
ARCHIVED,bathroom rug mermaid,PHRASE,CAMPAIGN_ARCHIVED,,,,0.90,57,0,0,0.00,0.00,0,0.00,
ARCHIVED,bathroom rug microfiber,PHRASE,CAMPAIGN_ARCHIVED,,,,0.90,115,0,0,0.00,0.00,0,0.00,
ARCHIVED,bathroom rug memory foam navy,PHRASE,CAMPAIGN_ARCHIVED,,,,0.90,0,0,,0.00,0.00,0,0.00,
ARCHIVED,bathroom rug mats set 3,PHRASE,CAMPAIGN_ARCHIVED,,,,0.90,0,0,,0.00,0.00,0,0.00,
ARCHIVED,bathroom rug ocean theme,PHRASE,CAMPAIGN_ARCHIVED,,,,0.90,19,0,0,0.00,0.00,0,0.00,
ARCHIVED,bathroom rug oriental,PHRASE,CAMPAIGN_ARCHIVED,,,,0.90,4,0,0,0.00,0.00,0,0.00,
ARCHIVED,bathroom rug organic,PHRASE,CAMPAIGN_ARCHIVED,,,,0.90,2,0,0,0.00,0.00,0,0.00,
ARCHIVED,bathroom rug ocean,PHRASE,CAMPAIGN_ARCHIVED,,,,0.90,34,0,0,0.00,0.00,0,0.00,
ARCHIVED,bathroom rug orca,PHRASE,CAMPAIGN_ARCHIVED,,,,0.90,0,0,,0.00,0.00,0,0.00,
ARCHIVED,bathroom rug olive green,PHRASE,CAMPAIGN_ARCHIVED,,,,0.90,2,0,0,0.00,0.00,0,0.00,
ARCHIVED,bathroom rug off white,PHRASE,CAMPAIGN_ARCHIVED,,,,0.90,3,0,0,0.00,0.00,0,0.00,
ARCHIVED,bathroom rug orange in color,PHRASE,CAMPAIGN_ARCHIVED,,,,0.90,0,0,,0.00,0.00,0,0.00,
ARCHIVED,bathroom rug holder,PHRASE,CAMPAIGN_ARCHIVED,,,,0.90,3,0,0,0.00,0.00,0,0.00,
ARCHIVED,bathroom rug hotel,PHRASE,CAMPAIGN_ARCHIVED,,,,0.90,0,0,,0.00,0.00,0,0.00,
ARCHIVED,bathroom rug hot pink,PHRASE,CAMPAIGN_ARCHIVED,,,,0.90,12,0,0,0.00,0.00,0,0.00,
ARCHIVED,bathroom rug holiday,PHRASE,CAMPAIGN_ARCHIVED,,,,0.90,21,0,0,0.00,0.00,0,0.00,
ARCHIVED,bathroom rug high traffic,PHRASE,CAMPAIGN_ARCHIVED,,,,0.90,0,0,,0.00,0.00,0,0.00,
ARCHIVED,bathroom rug halloween,PHRASE,CAMPAIGN_ARCHIVED,,,,0.90,8,0,0,0.00,0.00,0,0.00,
ARCHIVED,bathroom rug hunter green,PHRASE,CAMPAIGN_ARCHIVED,,,,0.90,24,0,0,0.00,0.00,0,0.00,
ARCHIVED,bathroom rug hello,PHRASE,CAMPAIGN_ARCHIVED,,,,0.90,0,0,,0.00,0.00,0,0.00,
ARCHIVED,bathroom rug huge,PHRASE,CAMPAIGN_ARCHIVED,,,,0.90,6,0,0,0.00,0.00,0,0.00,
ARCHIVED,bathroom rug long,PHRASE,CAMPAIGN_ARCHIVED,,,,0.90,390,0,0,0.00,0.00,0,0.00,
ARCHIVED,bathroom rug large,PHRASE,CAMPAIGN_ARCHIVED,,,,0.90,243,0,0,0.00,0.00,0,0.00,
ARCHIVED,bathroom rug long runner,PHRASE,CAMPAIGN_ARCHIVED,,,,0.90,11,0,0,0.00,0.00,0,0.00,
ARCHIVED,bathroom rug lavender,PHRASE,CAMPAIGN_ARCHIVED,,,,0.90,242,0,0,0.00,0.00,0,0.00,
ARCHIVED,bathroom rug light gray,PHRASE,CAMPAIGN_ARCHIVED,,,,0.90,3,0,0,0.00,0.00,0,0.00,
ARCHIVED,bathroom rug lacoste,PHRASE,CAMPAIGN_ARCHIVED,,,,0.90,20,0,0,0.00,0.00,0,0.00,
ARCHIVED,bathroom rug light blue,PHRASE,CAMPAIGN_ARCHIVED,,,,0.90,5,0,0,0.00,0.00,0,0.00,
ARCHIVED,bathroom rug large gray,PHRASE,CAMPAIGN_ARCHIVED,,,,0.90,0,0,,0.00,0.00,0,0.00,
ARCHIVED,bathroom rug lilac,PHRASE,CAMPAIGN_ARCHIVED,,,,0.90,58,0,0,0.00,0.00,0,0.00,
ARCHIVED,bathroom rug light green,PHRASE,CAMPAIGN_ARCHIVED,,,,0.90,4,0,0,0.00,0.00,0,0.00,
ARCHIVED,bathroom rug non slip,PHRASE,CAMPAIGN_ARCHIVED,,,,0.90,397,0,0,0.00,0.00,0,0.00,
ARCHIVED,bathroom rug navy,PHRASE,CAMPAIGN_ARCHIVED,,,,0.90,100,0,0,0.00,0.00,0,0.00,
ARCHIVED,bathroom rug natural,PHRASE,CAMPAIGN_ARCHIVED,,,,0.90,24,0,0,0.00,0.00,0,0.00,
ARCHIVED,bathroom rug non slip mildew resistant,PHRASE,CAMPAIGN_ARCHIVED,,,,0.90,4,0,0,0.00,0.00,0,0.00,
ARCHIVED,bathroom rug nautical,PHRASE,CAMPAIGN_ARCHIVED,,,,0.90,61,0,0,0.00,0.00,0,0.00,
ARCHIVED,bathroom rug nonslip,PHRASE,CAMPAIGN_ARCHIVED,,,,0.90,39,0,0,0.00,0.00,0,0.00,
ARCHIVED,bathroom rug no slip,PHRASE,CAMPAIGN_ARCHIVED,,,,0.90,6,0,0,0.00,0.00,0,0.00,
ARCHIVED,bathroom rug non skid,PHRASE,CAMPAIGN_ARCHIVED,,,,0.90,557,0,0,0.00,0.00,0,0.00,
ARCHIVED,bathroom rug navy blue,PHRASE,CAMPAIGN_ARCHIVED,,,,0.90,23,0,0,0.00,0.00,0,0.00,
ARCHIVED,bathroom rug non slip large,PHRASE,CAMPAIGN_ARCHIVED,,,,0.90,20,0,0,0.00,0.00,0,0.00,
ARCHIVED,bathroom rug dark grey,PHRASE,CAMPAIGN_ARCHIVED,,,,0.90,0,0,,0.00,0.00,0,0.00,
ARCHIVED,bathroom rug dark red,PHRASE,CAMPAIGN_ARCHIVED,,,,0.90,1,0,0,0.00,0.00,0,0.00,
ARCHIVED,bathroom rug disney,PHRASE,CAMPAIGN_ARCHIVED,,,,0.90,15,0,0,0.00,0.00,0,0.00,
ARCHIVED,bathroom rug sets 3 piece hot pink,PHRASE,CAMPAIGN_ARCHIVED,,,,0.90,0,0,,0.00,0.00,0,0.00,
ARCHIVED,bathroom rug sets 3 piece navy blue,PHRASE,CAMPAIGN_ARCHIVED,,,,0.90,0,0,,0.00,0.00,0,0.00,
ARCHIVED,bathroom rug sets 3 piece red,PHRASE,CAMPAIGN_ARCHIVED,,,,0.90,0,0,,0.00,0.00,0,0.00,
ARCHIVED,bathroom rug sets 3 piece pink,PHRASE,CAMPAIGN_ARCHIVED,,,,0.90,0,0,,0.00,0.00,0,0.00,
ARCHIVED,bathroom rug runner grey,PHRASE,CAMPAIGN_ARCHIVED,,,,0.90,6,0,0,0.00,0.00,0,0.00,
ARCHIVED,bathroom rug runners 2 x 6,PHRASE,CAMPAIGN_ARCHIVED,,,,0.90,0,0,,0.00,0.00,0,0.00,
ARCHIVED,bathroom rug runner purple,PHRASE,CAMPAIGN_ARCHIVED,,,,0.90,3,0,0,0.00,0.00,0,0.00,
ARCHIVED,bathroom rug sets 5 piece gold,PHRASE,CAMPAIGN_ARCHIVED,,,,0.90,0,0,,0.00,0.00,0,0.00,
ARCHIVED,bathroom rug sets 5 piece gray,PHRASE,CAMPAIGN_ARCHIVED,,,,0.90,0,0,,0.00,0.00,0,0.00,
ARCHIVED,bathroom rug sets 5 piece with shower curtain,PHRASE,CAMPAIGN_ARCHIVED,,,,0.90,0,0,,0.00,0.00,0,0.00,
ARCHIVED,bathroom rug sets 5 piece brown,PHRASE,CAMPAIGN_ARCHIVED,,,,0.90,0,0,,0.00,0.00,0,0.00,
ARCHIVED,bathroom rug sets 5 piece orange,PHRASE,CAMPAIGN_ARCHIVED,,,,0.90,0,0,,0.00,0.00,0,0.00,
ARCHIVED,bathroom rug sets 5 piece purple,PHRASE,CAMPAIGN_ARCHIVED,,,,0.90,0,0,,0.00,0.00,0,0.00,
ARCHIVED,bathroom rug sets 2 piece white,PHRASE,CAMPAIGN_ARCHIVED,,,,0.90,0,0,,0.00,0.00,0,0.00,
ARCHIVED,bathroom rug sets 2 piece blue,PHRASE,CAMPAIGN_ARCHIVED,,,,0.90,0,0,,0.00,0.00,0,0.00,
ARCHIVED,bathroom rug sets 2 piece coral,PHRASE,CAMPAIGN_ARCHIVED,,,,0.90,0,0,,0.00,0.00,0,0.00,
ARCHIVED,bathroom rug sets 2 piece red,PHRASE,CAMPAIGN_ARCHIVED,,,,0.90,0,0,,0.00,0.00,0,0.00,
ARCHIVED,bathroom rug sets 2 piece memory foam,PHRASE,CAMPAIGN_ARCHIVED,,,,0.90,0,0,,0.00,0.00,0,0.00,
ARCHIVED,bathroom rug sets 2 piece nonslip,PHRASE,CAMPAIGN_ARCHIVED,,,,0.90,0,0,,0.00,0.00,0,0.00,
ARCHIVED,bathroom rug sets 2 piece brown,PHRASE,CAMPAIGN_ARCHIVED,,,,0.90,0,0,,0.00,0.00,0,0.00,
ARCHIVED,bathroom rug sets 2 piece green,PHRASE,CAMPAIGN_ARCHIVED,,,,0.90,0,0,,0.00,0.00,0,0.00,
ARCHIVED,bathroom rug sets 2 piece gray,PHRASE,CAMPAIGN_ARCHIVED,,,,0.90,0,0,,0.00,0.00,0,0.00,
ARCHIVED,door mat christmas,PHRASE,CAMPAIGN_ARCHIVED,,,,0.90,0,0,,0.00,0.00,0,0.00,
ARCHIVED,door mat coir,PHRASE,CAMPAIGN_ARCHIVED,,,,0.90,129,0,0,0.00,0.00,0,0.00,
ARCHIVED,door mat come back with tacos,PHRASE,CAMPAIGN_ARCHIVED,,,,0.90,0,0,,0.00,0.00,0,0.00,
ARCHIVED,door mat christmas outdoor,PHRASE,CAMPAIGN_ARCHIVED,,,,0.90,0,0,,0.00,0.00,0,0.00,
ARCHIVED,door mat commercial,PHRASE,CAMPAIGN_ARCHIVED,,,,0.90,6,0,0,0.00,0.00,0,0.00,
ARCHIVED,front door mat christmas,PHRASE,CAMPAIGN_ARCHIVED,,,,0.90,0,0,,0.00,0.00,0,0.00,
ARCHIVED,door mat coco,PHRASE,CAMPAIGN_ARCHIVED,,,,0.90,34,0,0,0.00,0.00,0,0.00,
ARCHIVED,door mat cactus,PHRASE,CAMPAIGN_ARCHIVED,,,,0.90,42,0,0,0.00,0.00,0,0.00,
ARCHIVED,door mats outside,PHRASE,CAMPAIGN_ARCHIVED,,,,0.90,62,0,0,0.00,0.00,0,0.00,
ARCHIVED,door mats outdoor,PHRASE,CAMPAIGN_ARCHIVED,,,,0.90,62,0,0,0.00,0.00,0,0.00,
ARCHIVED,door mats inside non slip,PHRASE,CAMPAIGN_ARCHIVED,,,,0.90,2,0,0,0.00,0.00,0,0.00,
ARCHIVED,door mat dog,PHRASE,CAMPAIGN_ARCHIVED,,,,0.90,185,0,0,0.00,0.00,0,0.00,
ARCHIVED,door matts outdoors,PHRASE,CAMPAIGN_ARCHIVED,,,,0.90,0,0,,0.00,0.00,0,0.00,
ARCHIVED,door mats outside funny,PHRASE,CAMPAIGN_ARCHIVED,,,,0.90,48,0,0,0.00,0.00,0,0.00,
ARCHIVED,door matts indoors,PHRASE,CAMPAIGN_ARCHIVED,,,,0.90,0,0,,0.00,0.00,0,0.00,
ARCHIVED,door mat rubber,PHRASE,CAMPAIGN_ARCHIVED,,,,0.90,5,0,0,0.00,0.00,0,0.00,
ARCHIVED,door mat absorbent,PHRASE,CAMPAIGN_ARCHIVED,,,,0.90,0,0,,0.00,0.00,0,0.00,
ARCHIVED,door mat and runner set,PHRASE,CAMPAIGN_ARCHIVED,,,,0.90,12,0,0,0.00,0.00,0,0.00,
ARCHIVED,door mat ask not for whom the dog barks,PHRASE,CAMPAIGN_ARCHIVED,,,,0.90,0,0,,0.00,0.00,0,0.00,
ARCHIVED,door mat astroturf,PHRASE,CAMPAIGN_ARCHIVED,,,,0.90,9,0,0,0.00,0.00,0,0.00,
ARCHIVED,door mat absorbant,PHRASE,CAMPAIGN_ARCHIVED,,,,0.90,21,0,0,0.00,0.00,0,0.00,
ARCHIVED,door mat autumn,PHRASE,CAMPAIGN_ARCHIVED,,,,0.90,2,0,0,0.00,0.00,0,0.00,
ARCHIVED,door mat alarm,PHRASE,CAMPAIGN_ARCHIVED,,,,0.90,0,0,,0.00,0.00,0,0.00,
ARCHIVED,door mat absorbent non slip,PHRASE,CAMPAIGN_ARCHIVED,,,,0.90,10,0,0,0.00,0.00,0,0.00,
ARCHIVED,door mat absorb,PHRASE,CAMPAIGN_ARCHIVED,,,,0.90,1,0,0,0.00,0.00,0,0.00,
ARCHIVED,door mat home,PHRASE,CAMPAIGN_ARCHIVED,,,,0.90,28,0,0,0.00,0.00,0,0.00,
ARCHIVED,door mat half round,PHRASE,CAMPAIGN_ARCHIVED,,,,0.90,0,0,,0.00,0.00,0,0.00,
ARCHIVED,door mat heavy duty outdoor,PHRASE,CAMPAIGN_ARCHIVED,,,,0.90,0,0,,0.00,0.00,0,0.00,
ARCHIVED,door mat holiday,PHRASE,CAMPAIGN_ARCHIVED,,,,0.90,102,0,0,0.00,0.00,0,0.00,
ARCHIVED,door mat home sweet home,PHRASE,CAMPAIGN_ARCHIVED,,,,0.90,65,0,0,0.00,0.00,0,0.00,
ARCHIVED,door mat hola,PHRASE,CAMPAIGN_ARCHIVED,,,,0.90,28,0,0,0.00,0.00,0,0.00,
ARCHIVED,door mat hey,PHRASE,CAMPAIGN_ARCHIVED,,,,0.90,1,0,0,0.00,0.00,0,0.00,
ARCHIVED,door mat holder,PHRASE,CAMPAIGN_ARCHIVED,,,,0.90,0,0,,0.00,0.00,0,0.00,
ARCHIVED,door mat harry potter,PHRASE,CAMPAIGN_ARCHIVED,,,,0.90,0,0,,0.00,0.00,0,0.00,
ARCHIVED,door mat kempf,PHRASE,CAMPAIGN_ARCHIVED,,,,0.90,27,0,0,0.00,0.00,0,0.00,
ARCHIVED,door mat kids in here,PHRASE,CAMPAIGN_ARCHIVED,,,,0.90,0,0,,0.00,0.00,0,0.00,
ARCHIVED,door mat kids,PHRASE,CAMPAIGN_ARCHIVED,,,,0.90,0,0,,0.00,0.00,0,0.00,
ARCHIVED,door mat k,PHRASE,CAMPAIGN_ARCHIVED,,,,0.90,8,0,0,0.00,0.00,0,0.00,
ARCHIVED,door mat kitchen,PHRASE,CAMPAIGN_ARCHIVED,,,,0.90,8,0,0,0.00,0.00,0,0.00,
ARCHIVED,door mat key hider,PHRASE,CAMPAIGN_ARCHIVED,,,,0.90,0,0,,0.00,0.00,0,0.00,
ARCHIVED,door mat kids animals,PHRASE,CAMPAIGN_ARCHIVED,,,,0.90,0,0,,0.00,0.00,0,0.00,
ARCHIVED,door mat kentucky,PHRASE,CAMPAIGN_ARCHIVED,,,,0.90,32,0,0,0.00,0.00,0,0.00,
ARCHIVED,door mat kit,PHRASE,CAMPAIGN_ARCHIVED,,,,0.90,0,0,,0.00,0.00,0,0.00,
ARCHIVED,door mat black,PHRASE,CAMPAIGN_ARCHIVED,,,,0.90,24,0,0,0.00,0.00,0,0.00,
ARCHIVED,door mat beach,PHRASE,CAMPAIGN_ARCHIVED,,,,0.90,60,0,0,0.00,0.00,0,0.00,
ARCHIVED,door mat black and white,PHRASE,CAMPAIGN_ARCHIVED,,,,0.90,9,0,0,0.00,0.00,0,0.00,
ARCHIVED,door mat bicycle,PHRASE,CAMPAIGN_ARCHIVED,,,,0.90,32,0,0,0.00,0.00,0,0.00,
ARCHIVED,door mat brown,PHRASE,CAMPAIGN_ARCHIVED,,,,0.90,17,0,0,0.00,0.00,0,0.00,
ARCHIVED,door mat boot scraper,PHRASE,CAMPAIGN_ARCHIVED,,,,0.90,0,0,,0.00,0.00,0,0.00,
ARCHIVED,door mat bear,PHRASE,CAMPAIGN_ARCHIVED,,,,0.90,22,0,0,0.00,0.00,0,0.00,
ARCHIVED,door mat beer,PHRASE,CAMPAIGN_ARCHIVED,,,,0.90,0,0,,0.00,0.00,0,0.00,
ARCHIVED,door mat drainage,PHRASE,CAMPAIGN_ARCHIVED,,,,0.90,3,0,0,0.00,0.00,0,0.00,
ARCHIVED,door mat decorative,PHRASE,CAMPAIGN_ARCHIVED,,,,0.90,68,0,0,0.00,0.00,0,0.00,
ARCHIVED,door mat dirt trapper,PHRASE,CAMPAIGN_ARCHIVED,,,,0.90,1,0,0,0.00,0.00,0,0.00,
ARCHIVED,door mat disney,PHRASE,CAMPAIGN_ARCHIVED,,,,0.90,59,0,0,0.00,0.00,0,0.00,
ARCHIVED,door mat dog outdoor,PHRASE,CAMPAIGN_ARCHIVED,,,,0.90,4,0,0,0.00,0.00,0,0.00,
ARCHIVED,door mat disney outdoor,PHRASE,CAMPAIGN_ARCHIVED,,,,0.90,2,0,0,0.00,0.00,0,0.00,
ARCHIVED,door mat dry,PHRASE,CAMPAIGN_ARCHIVED,,,,0.90,9,0,0,0.00,0.00,0,0.00,
ARCHIVED,door mat double door,PHRASE,CAMPAIGN_ARCHIVED,,,,0.90,0,0,,0.00,0.00,0,0.00,
ARCHIVED,door mat dog theme,PHRASE,CAMPAIGN_ARCHIVED,,,,0.90,261,0,0,0.00,0.00,0,0.00,
ARCHIVED,door mat extra large,PHRASE,CAMPAIGN_ARCHIVED,,,,0.90,6,0,0,0.00,0.00,0,0.00,
ARCHIVED,door mat entrance,PHRASE,CAMPAIGN_ARCHIVED,,,,0.90,4,0,0,0.00,0.00,0,0.00,
ARCHIVED,door mat exterior,PHRASE,CAMPAIGN_ARCHIVED,,,,0.90,44,0,0,0.00,0.00,0,0.00,
ARCHIVED,door mat eco friendly,PHRASE,CAMPAIGN_ARCHIVED,,,,0.90,65,0,0,0.00,0.00,0,0.00,
ARCHIVED,hallway mat runner,PHRASE,CAMPAIGN_ARCHIVED,,,,0.90,1,0,0,0.00,0.00,0,0.00,
ARCHIVED,hallway mat indoor,PHRASE,CAMPAIGN_ARCHIVED,,,,0.90,7,0,0,0.00,0.00,0,0.00,
ARCHIVED,hallway mat runner commercial,PHRASE,CAMPAIGN_ARCHIVED,,,,0.90,0,0,,0.00,0.00,0,0.00,
ARCHIVED,anti slip hallway mat,PHRASE,CAMPAIGN_ARCHIVED,,,,0.90,0,0,,0.00,0.00,0,0.00,
ARCHIVED,commercial hallway mat,PHRASE,CAMPAIGN_ARCHIVED,,,,0.90,4,0,0,0.00,0.00,0,0.00,
ARCHIVED,hallway carpet mats,PHRASE,CAMPAIGN_ARCHIVED,,,,0.90,0,0,,0.00,0.00,0,0.00,
ARCHIVED,hallway door mat,PHRASE,CAMPAIGN_ARCHIVED,,,,0.90,12,0,0,0.00,0.00,0,0.00,
ARCHIVED,hallway runner and door mat set,PHRASE,CAMPAIGN_ARCHIVED,,,,0.90,0,0,,0.00,0.00,0,0.00,
ARCHIVED,heavy duty hallway mat,PHRASE,CAMPAIGN_ARCHIVED,,,,0.90,0,0,,0.00,0.00,0,0.00,
ARCHIVED,black hallway mats,PHRASE,CAMPAIGN_ARCHIVED,,,,0.90,1,0,0,0.00,0.00,0,0.00,
ARCHIVED,hallway boot mat,PHRASE,CAMPAIGN_ARCHIVED,,,,0.90,0,0,,0.00,0.00,0,0.00,
ARCHIVED,long mats for hallways,PHRASE,CAMPAIGN_ARCHIVED,,,,0.90,0,0,,0.00,0.00,0,0.00,
ARCHIVED,entrance hallway mat,PHRASE,CAMPAIGN_ARCHIVED,,,,0.90,6,0,0,0.00,0.00,0,0.00,
ARCHIVED,hallway floor mat,PHRASE,CAMPAIGN_ARCHIVED,,,,0.90,3,0,0,0.00,0.00,0,0.00,
ARCHIVED,rubber floor mats for hallways,PHRASE,CAMPAIGN_ARCHIVED,,,,0.90,0,0,,0.00,0.00,0,0.00,
ARCHIVED,hallway floor mat runner,PHRASE,CAMPAIGN_ARCHIVED,,,,0.90,5,0,0,0.00,0.00,0,0.00,
ARCHIVED,hallway runner n mat set,PHRASE,CAMPAIGN_ARCHIVED,,,,0.90,0,0,,0.00,0.00,0,0.00,
ARCHIVED,mat for hallway 5 x 30,PHRASE,CAMPAIGN_ARCHIVED,,,,0.90,0,0,,0.00,0.00,0,0.00,
ARCHIVED,mat hallway water resistant 3x4,PHRASE,CAMPAIGN_ARCHIVED,,,,0.90,0,0,,0.00,0.00,0,0.00,
ARCHIVED,hallway welcome mat,PHRASE,CAMPAIGN_ARCHIVED,,,,0.90,8,0,0,0.00,0.00,0,0.00,
ARCHIVED,slip mats for hallways,PHRASE,CAMPAIGN_ARCHIVED,,,,0.90,0,0,,0.00,0.00,0,0.00,
ARCHIVED,mat for hair salon hallway,PHRASE,CAMPAIGN_ARCHIVED,,,,0.90,0,0,,0.00,0.00,0,0.00,
ARCHIVED,shower mats non slip mildew resistant,PHRASE,CAMPAIGN_ARCHIVED,,,,0.90,0,0,,0.00,0.00,0,0.00,
ARCHIVED,shower mats non slip mildew resistant with drain hole,PHRASE,CAMPAIGN_ARCHIVED,,,,0.90,0,0,,0.00,0.00,0,0.00,
ARCHIVED,shower mat non slip,PHRASE,CAMPAIGN_ARCHIVED,,,,0.90,0,0,,0.00,0.00,0,0.00,
ARCHIVED,shower matts for showers,PHRASE,CAMPAIGN_ARCHIVED,,,,0.90,0,0,,0.00,0.00,0,0.00,
ARCHIVED,shower matts for tubs,PHRASE,CAMPAIGN_ARCHIVED,,,,0.90,0,0,,0.00,0.00,0,0.00,
ARCHIVED,shower mats for bathroom,PHRASE,CAMPAIGN_ARCHIVED,,,,0.90,0,0,,0.00,0.00,0,0.00,
ARCHIVED,shower mat with drain hole in middle,PHRASE,CAMPAIGN_ARCHIVED,,,,0.90,0,0,,0.00,0.00,0,0.00,
ARCHIVED,shower mat square,PHRASE,CAMPAIGN_ARCHIVED,,,,0.90,5,0,0,0.00,0.00,0,0.00,
ARCHIVED,shower mate,PHRASE,CAMPAIGN_ARCHIVED,,,,0.90,19,0,0,0.00,0.00,0,0.00,
ARCHIVED,shower mat anti slip,PHRASE,CAMPAIGN_ARCHIVED,,,,0.90,1,0,0,0.00,0.00,0,0.00,
ARCHIVED,shower mat antibacterial anti mildew,PHRASE,CAMPAIGN_ARCHIVED,,,,0.90,4,0,0,0.00,0.00,0,0.00,
ARCHIVED,shower mat absorbent,PHRASE,CAMPAIGN_ARCHIVED,,,,0.90,0,0,,0.00,0.00,0,0.00,
ARCHIVED,shower mat and curtain set,PHRASE,CAMPAIGN_ARCHIVED,,,,0.90,0,0,,0.00,0.00,0,0.00,
ARCHIVED,shower mat antibacterial,PHRASE,CAMPAIGN_ARCHIVED,,,,0.90,3,0,0,0.00,0.00,0,0.00,
ARCHIVED,shower mat antislip,PHRASE,CAMPAIGN_ARCHIVED,,,,0.90,1,0,0,0.00,0.00,0,0.00,
ARCHIVED,shower mat animal,PHRASE,CAMPAIGN_ARCHIVED,,,,0.90,0,0,,0.00,0.00,0,0.00,
ARCHIVED,shower mat angled,PHRASE,CAMPAIGN_ARCHIVED,,,,0.90,0,0,,0.00,0.00,0,0.00,
ARCHIVED,shower mat antimicrobial,PHRASE,CAMPAIGN_ARCHIVED,,,,0.90,2,0,0,0.00,0.00,0,0.00,
ARCHIVED,shower mat adhesive,PHRASE,CAMPAIGN_ARCHIVED,,,,0.90,0,0,,0.00,0.00,0,0.00,
ARCHIVED,shower mat for kids,PHRASE,CAMPAIGN_ARCHIVED,,,,0.90,0,0,,0.00,0.00,0,0.00,
ARCHIVED,shower mat for textured surface,PHRASE,CAMPAIGN_ARCHIVED,,,,0.90,1,0,0,0.00,0.00,0,0.00,
ARCHIVED,shower mat for tub,PHRASE,CAMPAIGN_ARCHIVED,,,,0.90,0,0,,0.00,0.00,0,0.00,
ARCHIVED,shower mat for stand up shower,PHRASE,CAMPAIGN_ARCHIVED,,,,0.90,25,0,0,0.00,0.00,0,0.00,
ARCHIVED,shower mat foot scrubber,PHRASE,CAMPAIGN_ARCHIVED,,,,0.90,24,0,0,0.00,0.00,0,0.00,
ARCHIVED,shower mat for showers,PHRASE,CAMPAIGN_ARCHIVED,,,,0.90,2,0,0,0.00,0.00,0,0.00,
ARCHIVED,shower mat for tile floors,PHRASE,CAMPAIGN_ARCHIVED,,,,0.90,0,0,,0.00,0.00,0,0.00,
ARCHIVED,shower mat funny,PHRASE,CAMPAIGN_ARCHIVED,,,,0.90,6,0,0,0.00,0.00,0,0.00,
ARCHIVED,shower mat for feet,PHRASE,CAMPAIGN_ARCHIVED,,,,0.90,0,0,,0.00,0.00,0,0.00,
ARCHIVED,shower mat for standup shower,PHRASE,CAMPAIGN_ARCHIVED,,,,0.90,0,0,,0.00,0.00,0,0.00,
ARCHIVED,shower mat grass,PHRASE,CAMPAIGN_ARCHIVED,,,,0.90,2,0,0,0.00,0.00,0,0.00,
ARCHIVED,shower mat gray,PHRASE,CAMPAIGN_ARCHIVED,,,,0.90,0,0,,0.00,0.00,0,0.00,
ARCHIVED,shower mat gorilla grip,PHRASE,CAMPAIGN_ARCHIVED,,,,0.90,0,0,,0.00,0.00,0,0.00,
ARCHIVED,shower mat grey,PHRASE,CAMPAIGN_ARCHIVED,,,,0.90,2,0,0,0.00,0.00,0,0.00,
ARCHIVED,shower mat girls,PHRASE,CAMPAIGN_ARCHIVED,,,,0.90,0,0,,0.00,0.00,0,0.00,
ARCHIVED,shower mat green,PHRASE,CAMPAIGN_ARCHIVED,,,,0.90,0,0,,0.00,0.00,0,0.00,
ARCHIVED,shower mat gel,PHRASE,CAMPAIGN_ARCHIVED,,,,0.90,0,0,,0.00,0.00,0,0.00,
ARCHIVED,shower mat grip,PHRASE,CAMPAIGN_ARCHIVED,,,,0.90,1,0,0,0.00,0.00,0,0.00,
ARCHIVED,shower mat gold,PHRASE,CAMPAIGN_ARCHIVED,,,,0.90,1,0,0,0.00,0.00,0,0.00,
ARCHIVED,shower mat grassy,PHRASE,CAMPAIGN_ARCHIVED,,,,0.90,0,0,,0.00,0.00,0,0.00,
ARCHIVED,shower mat extra large,PHRASE,CAMPAIGN_ARCHIVED,,,,0.90,3,0,0,0.00,0.00,0,0.00,
ARCHIVED,shower mat extra long,PHRASE,CAMPAIGN_ARCHIVED,,,,0.90,3,0,0,0.00,0.00,0,0.00,
ARCHIVED,shower mat exfoliating,PHRASE,CAMPAIGN_ARCHIVED,,,,0.90,0,0,,0.00,0.00,0,0.00,
ARCHIVED,shower mat elevated,PHRASE,CAMPAIGN_ARCHIVED,,,,0.90,0,0,,0.00,0.00,0,0.00,
ARCHIVED,shower mat extra large square,PHRASE,CAMPAIGN_ARCHIVED,,,,0.90,18,0,0,0.00,0.00,0,0.00,
ARCHIVED,shower mat elmo,PHRASE,CAMPAIGN_ARCHIVED,,,,0.90,0,0,,0.00,0.00,0,0.00,
ARCHIVED,shower mat extra large square that can fit together,PHRASE,CAMPAIGN_ARCHIVED,,,,0.90,0,0,,0.00,0.00,0,0.00,
ARCHIVED,shower mat easy clean,PHRASE,CAMPAIGN_ARCHIVED,,,,0.90,1,0,0,0.00,0.00,0,0.00,
ARCHIVED,shower mat inside shower,PHRASE,CAMPAIGN_ARCHIVED,,,,0.90,9,0,0,0.00,0.00,0,0.00,
ARCHIVED,shower mat ikea,PHRASE,CAMPAIGN_ARCHIVED,,,,0.90,0,0,,0.00,0.00,0,0.00,
ARCHIVED,shower mat long,PHRASE,CAMPAIGN_ARCHIVED,,,,0.90,4,0,0,0.00,0.00,0,0.00,
ARCHIVED,shower mat loofah,PHRASE,CAMPAIGN_ARCHIVED,,,,0.90,9,0,0,0.00,0.00,0,0.00,
ARCHIVED,shower mat large square,PHRASE,CAMPAIGN_ARCHIVED,,,,0.90,17,0,0,0.00,0.00,0,0.00,
ARCHIVED,shower mat large non slip,PHRASE,CAMPAIGN_ARCHIVED,,,,0.90,0,0,,0.00,0.00,0,0.00,
ARCHIVED,shower mat large,PHRASE,CAMPAIGN_ARCHIVED,,,,0.90,1,0,0,0.00,0.00,0,0.00,
ARCHIVED,shower mat loofa,PHRASE,CAMPAIGN_ARCHIVED,,,,0.90,2,0,0,0.00,0.00,0,0.00,
ARCHIVED,bathroom rug in front of toilet,PHRASE,CAMPAIGN_ARCHIVED,,,,0.90,0,0,,0.00,0.00,0,0.00,
ARCHIVED,bathroom rug ikea,PHRASE,CAMPAIGN_ARCHIVED,,,,0.90,11,0,0,0.00,0.00,0,0.00,
ARCHIVED,bathroom rug in a bag,PHRASE,CAMPAIGN_ARCHIVED,,,,0.90,5,0,0,0.00,0.00,0,0.00,
ARCHIVED,bathroom rug in red,PHRASE,CAMPAIGN_ARCHIVED,,,,0.90,4,0,0,0.00,0.00,0,0.00,
ARCHIVED,bathroom rug industrial,PHRASE,CAMPAIGN_ARCHIVED,,,,0.90,2,0,0,0.00,0.00,0,0.00,
ARCHIVED,bathroom rug kit,PHRASE,CAMPAIGN_ARCHIVED,,,,0.90,4,0,0,0.00,0.00,0,0.00,
ARCHIVED,bathroom rug unique,PHRASE,CAMPAIGN_ARCHIVED,,,,0.90,5,0,0,0.00,0.00,0,0.00,
ARCHIVED,bathroom rug u shaped,PHRASE,CAMPAIGN_ARCHIVED,,,,0.90,6,0,0,0.00,0.00,0,0.00,
ARCHIVED,bathroom rug unicorn,PHRASE,CAMPAIGN_ARCHIVED,,,,0.90,22,0,0,0.00,0.00,0,0.00,
ARCHIVED,bathroom rug under 10,PHRASE,CAMPAIGN_ARCHIVED,,,,0.90,32,0,0,0.00,0.00,0,0.00,
ARCHIVED,bathroom rug under door,PHRASE,CAMPAIGN_ARCHIVED,,,,0.90,7,0,0,0.00,0.00,0,0.00,
ARCHIVED,bathroom rug vintage,PHRASE,CAMPAIGN_ARCHIVED,,,,0.90,13,0,0,0.00,0.00,0,0.00,
ARCHIVED,bathroom rug violet,PHRASE,CAMPAIGN_ARCHIVED,,,,0.90,7,0,0,0.00,0.00,0,0.00,
ARCHIVED,bathroom rug for kids,PHRASE,CAMPAIGN_ARCHIVED,,,,0.90,0,0,,0.00,0.00,0,0.00,
ARCHIVED,contour bathroom rug for toilet,PHRASE,CAMPAIGN_ARCHIVED,,,,0.90,1,0,0,0.00,0.00,0,0.00,
ARCHIVED,bathroom rug for toilet,PHRASE,CAMPAIGN_ARCHIVED,,,,0.90,0,0,,0.00,0.00,0,0.00,
ARCHIVED,bathroom rug foam,PHRASE,CAMPAIGN_ARCHIVED,,,,0.90,31,0,0,0.00,0.00,0,0.00,
ARCHIVED,bathroom rug funny,PHRASE,CAMPAIGN_ARCHIVED,,,,0.90,41,0,0,0.00,0.00,0,0.00,
ARCHIVED,bathroom rug fun,PHRASE,CAMPAIGN_ARCHIVED,,,,0.90,15,0,0,0.00,0.00,0,0.00,
ARCHIVED,bathroom rug for double vanity,PHRASE,CAMPAIGN_ARCHIVED,,,,0.90,42,0,0,0.00,0.00,0,0.00,
ARCHIVED,bathroom rug flamingo,PHRASE,CAMPAIGN_ARCHIVED,,,,0.90,20,0,0,0.00,0.00,0,0.00,
ARCHIVED,bathroom rug floral,PHRASE,CAMPAIGN_ARCHIVED,,,,0.90,88,0,0,0.00,0.00,0,0.00,
ARCHIVED,bathroom rug toilet,PHRASE,CAMPAIGN_ARCHIVED,,,,0.90,46,0,0,0.00,0.00,0,0.00,
ARCHIVED,bathroom rug tan,PHRASE,CAMPAIGN_ARCHIVED,,,,0.90,76,0,0,0.00,0.00,0,0.00,
ARCHIVED,bathroom rug tape,PHRASE,CAMPAIGN_ARCHIVED,,,,0.90,0,0,,0.00,0.00,0,0.00,
ARCHIVED,bathroom rug tropical,PHRASE,CAMPAIGN_ARCHIVED,,,,0.90,68,0,0,0.00,0.00,0,0.00,
ARCHIVED,bathroom rug toilet set,PHRASE,CAMPAIGN_ARCHIVED,,,,0.90,57,0,0,0.00,0.00,0,0.00,
ARCHIVED,bathroom rug taupe,PHRASE,CAMPAIGN_ARCHIVED,,,,0.90,238,0,0,0.00,0.00,0,0.00,
ARCHIVED,bathroom rug thick,PHRASE,CAMPAIGN_ARCHIVED,,,,0.90,20,0,0,0.00,0.00,0,0.00,
ARCHIVED,bathroom rug toliet,PHRASE,CAMPAIGN_ARCHIVED,,,,0.90,1,0,0,0.00,0.00,0,0.00,
ARCHIVED,bathroom rug red,PHRASE,CAMPAIGN_ARCHIVED,,,,0.90,501,0,0,0.00,0.00,0,0.00,
ARCHIVED,bathroom rug runner 60 inch,PHRASE,CAMPAIGN_ARCHIVED,,,,0.90,82,0,0,0.00,0.00,0,0.00,
ARCHIVED,bathroom rug runner red,PHRASE,CAMPAIGN_ARCHIVED,,,,0.90,2,0,0,0.00,0.00,0,0.00,
ARCHIVED,bathroom rug runner blue,PHRASE,CAMPAIGN_ARCHIVED,,,,0.90,5,0,0,0.00,0.00,0,0.00,
ARCHIVED,bathroom rug ralph lauren,PHRASE,CAMPAIGN_ARCHIVED,,,,0.90,24,0,0,0.00,0.00,0,0.00,
ARCHIVED,bathroom rug runner set,PHRASE,CAMPAIGN_ARCHIVED,,,,0.90,23,0,0,0.00,0.00,0,0.00,
ARCHIVED,bathroom rug quick dry,PHRASE,CAMPAIGN_ARCHIVED,,,,0.90,21,0,0,0.00,0.00,0,0.00,
ARCHIVED,bathroom rug quotes,PHRASE,CAMPAIGN_ARCHIVED,,,,0.90,9,0,0,0.00,0.00,0,0.00,
ARCHIVED,bathroom rug white,PHRASE,CAMPAIGN_ARCHIVED,,,,0.90,288,0,0,0.00,0.00,0,0.00,
ARCHIVED,bathroom rug washable,PHRASE,CAMPAIGN_ARCHIVED,,,,0.90,26,0,0,0.00,0.00,0,0.00,
ARCHIVED,bathroom rug waterproof,PHRASE,CAMPAIGN_ARCHIVED,,,,0.90,16,0,0,0.00,0.00,0,0.00,
ARCHIVED,bathroom rug with rubber backing,PHRASE,CAMPAIGN_ARCHIVED,,,,0.90,8,0,0,0.00,0.00,0,0.00,
ARCHIVED,bathroom rug water absorbent,PHRASE,CAMPAIGN_ARCHIVED,,,,0.90,11,0,0,0.00,0.00,0,0.00,
ARCHIVED,bathroom rug with green,PHRASE,CAMPAIGN_ARCHIVED,,,,0.90,4,0,0,0.00,0.00,0,0.00,
ARCHIVED,bathroom rug washable cotton,PHRASE,CAMPAIGN_ARCHIVED,,,,0.90,0,0,,0.00,0.00,0,0.00,
ARCHIVED,bathroom rug with no backing,PHRASE,CAMPAIGN_ARCHIVED,,,,0.90,0,0,,0.00,0.00,0,0.00,
ARCHIVED,bathroom rug white memory foam,PHRASE,CAMPAIGN_ARCHIVED,,,,0.90,0,0,,0.00,0.00,0,0.00,
ARCHIVED,bathroom rug woven,PHRASE,CAMPAIGN_ARCHIVED,,,,0.90,18,0,0,0.00,0.00,0,0.00,
ARCHIVED,bathroom rug xl,PHRASE,CAMPAIGN_ARCHIVED,,,,0.90,34,0,0,0.00,0.00,0,0.00,
ARCHIVED,bathroom rug xlarge,PHRASE,CAMPAIGN_ARCHIVED,,,,0.90,2,0,0,0.00,0.00,0,0.00,
ARCHIVED,bathroom rug purple,PHRASE,CAMPAIGN_ARCHIVED,,,,0.90,547,0,0,0.00,0.00,0,0.00,
ARCHIVED,bathroom rug pad,PHRASE,CAMPAIGN_ARCHIVED,,,,0.90,0,0,,0.00,0.00,0,0.00,
ARCHIVED,floor mat laundry room,PHRASE,CAMPAIGN_ARCHIVED,,,,0.90,27,0,0,0.00,0.00,0,0.00,
ARCHIVED,floor mat long,PHRASE,CAMPAIGN_ARCHIVED,,,,0.90,4,0,0,0.00,0.00,0,0.00,
ARCHIVED,floor mat large,PHRASE,CAMPAIGN_ARCHIVED,,,,0.90,47,0,0,0.00,0.00,0,0.00,
ARCHIVED,floor mat lock clip,PHRASE,CAMPAIGN_ARCHIVED,,,,0.90,0,0,,0.00,0.00,0,0.00,
ARCHIVED,floor mat leaves,PHRASE,CAMPAIGN_ARCHIVED,,,,0.90,0,0,,0.00,0.00,0,0.00,
ARCHIVED,floor mat liner,PHRASE,CAMPAIGN_ARCHIVED,,,,0.90,5,0,0,0.00,0.00,0,0.00,
ARCHIVED,floor mat lexus es350,PHRASE,CAMPAIGN_ARCHIVED,,,,0.90,1,0,0,0.00,0.00,0,0.00,
ARCHIVED,floor mat inside,PHRASE,CAMPAIGN_ARCHIVED,,,,0.90,2,0,0,0.00,0.00,0,0.00,
ARCHIVED,floor mat indoor,PHRASE,CAMPAIGN_ARCHIVED,,,,0.90,12,0,0,0.00,0.00,0,0.00,
ARCHIVED,floor mat indoor outdoor,PHRASE,CAMPAIGN_ARCHIVED,,,,0.90,1,0,0,0.00,0.00,0,0.00,
ARCHIVED,floor mat in bathroom,PHRASE,CAMPAIGN_ARCHIVED,,,,0.90,0,0,,0.00,0.00,0,0.00,
ARCHIVED,floor mat infant,PHRASE,CAMPAIGN_ARCHIVED,,,,0.90,4,0,0,0.00,0.00,0,0.00,
ARCHIVED,floor mat industrial,PHRASE,CAMPAIGN_ARCHIVED,,,,0.90,1,0,0,0.00,0.00,0,0.00,
ARCHIVED,floor mat inserts,PHRASE,CAMPAIGN_ARCHIVED,,,,0.90,38,0,0,0.00,0.00,0,0.00,
ARCHIVED,floor mat in front of the stove,PHRASE,CAMPAIGN_ARCHIVED,,,,0.90,0,0,,0.00,0.00,0,0.00,
ARCHIVED,floor mat interlock,PHRASE,CAMPAIGN_ARCHIVED,,,,0.90,1,0,0,0.00,0.00,0,0.00,
ARCHIVED,floor mat indoor entry,PHRASE,CAMPAIGN_ARCHIVED,,,,0.90,8,0,0,0.00,0.00,0,0.00,
ARCHIVED,floor mat desk,PHRASE,CAMPAIGN_ARCHIVED,,,,0.90,2,0,0,0.00,0.00,0,0.00,
ARCHIVED,floor mat desk chair carpet,PHRASE,CAMPAIGN_ARCHIVED,,,,0.90,0,0,,0.00,0.00,0,0.00,
ARCHIVED,floor mat dog,PHRASE,CAMPAIGN_ARCHIVED,,,,0.90,20,0,0,0.00,0.00,0,0.00,
ARCHIVED,floor mat disposable,PHRASE,CAMPAIGN_ARCHIVED,,,,0.90,17,0,0,0.00,0.00,0,0.00,
ARCHIVED,floor mat decorative,PHRASE,CAMPAIGN_ARCHIVED,,,,0.90,7,0,0,0.00,0.00,0,0.00,
ARCHIVED,floor mat dodge journey,PHRASE,CAMPAIGN_ARCHIVED,,,,0.90,11,0,0,0.00,0.00,0,0.00,
ARCHIVED,floor mat desk chair 48,PHRASE,CAMPAIGN_ARCHIVED,,,,0.90,0,0,,0.00,0.00,0,0.00,
ARCHIVED,floor mat desk chair,PHRASE,CAMPAIGN_ARCHIVED,,,,0.90,0,0,,0.00,0.00,0,0.00,
ARCHIVED,door mat jumbo,PHRASE,CAMPAIGN_ARCHIVED,,,,0.90,6,0,0,0.00,0.00,0,0.00,
ARCHIVED,door mat japanese,PHRASE,CAMPAIGN_ARCHIVED,,,,0.90,8,0,0,0.00,0.00,0,0.00,
ARCHIVED,door mat joanna gaines,PHRASE,CAMPAIGN_ARCHIVED,,,,0.90,0,0,,0.00,0.00,0,0.00,
ARCHIVED,door mat justin timberlake,PHRASE,CAMPAIGN_ARCHIVED,,,,0.90,0,0,,0.00,0.00,0,0.00,
ARCHIVED,door mat joke,PHRASE,CAMPAIGN_ARCHIVED,,,,0.90,0,0,,0.00,0.00,0,0.00,
ARCHIVED,door mat just married,PHRASE,CAMPAIGN_ARCHIVED,,,,0.90,0,0,,0.00,0.00,0,0.00,
ARCHIVED,door mat personalized,PHRASE,CAMPAIGN_ARCHIVED,,,,0.90,190,0,0,0.00,0.00,0,0.00,
ARCHIVED,door mat pineapple,PHRASE,CAMPAIGN_ARCHIVED,,,,0.90,50,0,0,0.00,0.00,0,0.00,
ARCHIVED,door mat plaid,PHRASE,CAMPAIGN_ARCHIVED,,,,0.90,32,0,0,0.00,0.00,0,0.00,
ARCHIVED,door mat pad,PHRASE,CAMPAIGN_ARCHIVED,,,,0.90,0,0,,0.00,0.00,0,0.00,
ARCHIVED,door mat purple,PHRASE,CAMPAIGN_ARCHIVED,,,,0.90,24,0,0,0.00,0.00,0,0.00,
ARCHIVED,door mat pet,PHRASE,CAMPAIGN_ARCHIVED,,,,0.90,21,0,0,0.00,0.00,0,0.00,
ARCHIVED,door mat paws,PHRASE,CAMPAIGN_ARCHIVED,,,,0.90,32,0,0,0.00,0.00,0,0.00,
ARCHIVED,door mat plain,PHRASE,CAMPAIGN_ARCHIVED,,,,0.90,30,0,0,0.00,0.00,0,0.00,
ARCHIVED,door mat plastic,PHRASE,CAMPAIGN_ARCHIVED,,,,0.90,0,0,,0.00,0.00,0,0.00,
ARCHIVED,door mat pet friendly,PHRASE,CAMPAIGN_ARCHIVED,,,,0.90,7,0,0,0.00,0.00,0,0.00,
ARCHIVED,door mat grey,PHRASE,CAMPAIGN_ARCHIVED,,,,0.90,20,0,0,0.00,0.00,0,0.00,
ARCHIVED,door mat green,PHRASE,CAMPAIGN_ARCHIVED,,,,0.90,25,0,0,0.00,0.00,0,0.00,
ARCHIVED,door mat grass,PHRASE,CAMPAIGN_ARCHIVED,,,,0.90,2,0,0,0.00,0.00,0,0.00,
ARCHIVED,door mat gray,PHRASE,CAMPAIGN_ARCHIVED,,,,0.90,29,0,0,0.00,0.00,0,0.00,
ARCHIVED,door mat gorilla grip,PHRASE,CAMPAIGN_ARCHIVED,,,,0.90,0,0,,0.00,0.00,0,0.00,
ARCHIVED,door mat gingham,PHRASE,CAMPAIGN_ARCHIVED,,,,0.90,4,0,0,0.00,0.00,0,0.00,
ARCHIVED,door mat garage,PHRASE,CAMPAIGN_ARCHIVED,,,,0.90,14,0,0,0.00,0.00,0,0.00,
ARCHIVED,door mat grassworx,PHRASE,CAMPAIGN_ARCHIVED,,,,0.90,7,0,0,0.00,0.00,0,0.00,
ARCHIVED,door mat gripper,PHRASE,CAMPAIGN_ARCHIVED,,,,0.90,9,0,0,0.00,0.00,0,0.00,
ARCHIVED,door mat quote outdoor,PHRASE,CAMPAIGN_ARCHIVED,,,,0.90,0,0,,0.00,0.00,0,0.00,
ARCHIVED,door mat quote awesome,PHRASE,CAMPAIGN_ARCHIVED,,,,0.90,0,0,,0.00,0.00,0,0.00,
ARCHIVED,door mat quick dry,PHRASE,CAMPAIGN_ARCHIVED,,,,0.90,0,0,,0.00,0.00,0,0.00,
ARCHIVED,door mat fall,PHRASE,CAMPAIGN_ARCHIVED,,,,0.90,8,0,0,0.00,0.00,0,0.00,
ARCHIVED,door mat for dogs,PHRASE,CAMPAIGN_ARCHIVED,,,,0.90,0,0,,0.00,0.00,0,0.00,
ARCHIVED,door mat frame,PHRASE,CAMPAIGN_ARCHIVED,,,,0.90,30,0,0,0.00,0.00,0,0.00,
ARCHIVED,door mat for shoes,PHRASE,CAMPAIGN_ARCHIVED,,,,0.90,0,0,,0.00,0.00,0,0.00,
ARCHIVED,door mat for snow,PHRASE,CAMPAIGN_ARCHIVED,,,,0.90,27,0,0,0.00,0.00,0,0.00,
ARCHIVED,door mat for dogs feet,PHRASE,CAMPAIGN_ARCHIVED,,,,0.90,0,0,,0.00,0.00,0,0.00,
ARCHIVED,checkered door mat for layering,PHRASE,CAMPAIGN_ARCHIVED,,,,0.90,0,0,,0.00,0.00,0,0.00,
ARCHIVED,door mat monogrammed,PHRASE,CAMPAIGN_ARCHIVED,,,,0.90,58,0,0,0.00,0.00,0,0.00,
ARCHIVED,door mat modern,PHRASE,CAMPAIGN_ARCHIVED,,,,0.90,21,0,0,0.00,0.00,0,0.00,
ARCHIVED,door mat monogram,PHRASE,CAMPAIGN_ARCHIVED,,,,0.90,33,0,0,0.00,0.00,0,0.00,
ARCHIVED,door mat machine washable,PHRASE,CAMPAIGN_ARCHIVED,,,,0.90,0,0,,0.00,0.00,0,0.00,
ARCHIVED,door mat mud,PHRASE,CAMPAIGN_ARCHIVED,,,,0.90,8,0,0,0.00,0.00,0,0.00,
ARCHIVED,front door mat monogram,PHRASE,CAMPAIGN_ARCHIVED,,,,0.90,7,0,0,0.00,0.00,0,0.00,
ARCHIVED,door mat music,PHRASE,CAMPAIGN_ARCHIVED,,,,0.90,19,0,0,0.00,0.00,0,0.00,
ARCHIVED,door mat mud catcher,PHRASE,CAMPAIGN_ARCHIVED,,,,0.90,30,0,0,0.00,0.00,0,0.00,
ARCHIVED,door mat mandala,PHRASE,CAMPAIGN_ARCHIVED,,,,0.90,17,0,0,0.00,0.00,0,0.00,
ARCHIVED,door mat marvel,PHRASE,CAMPAIGN_ARCHIVED,,,,0.90,34,0,0,0.00,0.00,0,0.00,
ARCHIVED,door mat snow,PHRASE,CAMPAIGN_ARCHIVED,,,,0.90,0,0,,0.00,0.00,0,0.00,
ARCHIVED,dog door mat super absorbent,PHRASE,CAMPAIGN_ARCHIVED,,,,0.90,67,0,0,0.00,0.00,0,0.00,
ARCHIVED,door mat shoe cleaner,PHRASE,CAMPAIGN_ARCHIVED,,,,0.90,0,0,,0.00,0.00,0,0.00,
ARCHIVED,door mat small,PHRASE,CAMPAIGN_ARCHIVED,,,,0.90,3,0,0,0.00,0.00,0,0.00,
ARCHIVED,door mat shoes off,PHRASE,CAMPAIGN_ARCHIVED,,,,0.90,0,0,,0.00,0.00,0,0.00,
ARCHIVED,door mat shoe scraper,PHRASE,CAMPAIGN_ARCHIVED,,,,0.90,0,0,,0.00,0.00,0,0.00,
ARCHIVED,door mat see you later alligator,PHRASE,CAMPAIGN_ARCHIVED,,,,0.90,0,0,,0.00,0.00,0,0.00,
ARCHIVED,door mat stripe,PHRASE,CAMPAIGN_ARCHIVED,,,,0.90,17,0,0,0.00,0.00,0,0.00,
ARCHIVED,door mat s,PHRASE,CAMPAIGN_ARCHIVED,,,,0.90,7,0,0,0.00,0.00,0,0.00,
ARCHIVED,door mat sign language,PHRASE,CAMPAIGN_ARCHIVED,,,,0.90,0,0,,0.00,0.00,0,0.00,
ARCHIVED,doormat outside,PHRASE,CAMPAIGN_ARCHIVED,,,,0.90,111,0,0,0.00,0.00,0,0.00,
ARCHIVED,doormat outdoor funny,PHRASE,CAMPAIGN_ARCHIVED,,,,0.90,24,0,0,0.00,0.00,0,0.00,
ARCHIVED,christmas doormat outdoor,PHRASE,CAMPAIGN_ARCHIVED,,,,0.90,0,0,,0.00,0.00,0,0.00,
ARCHIVED,thanksgiving doormat outdoor,PHRASE,CAMPAIGN_ARCHIVED,,,,0.90,0,0,,0.00,0.00,0,0.00,
ARCHIVED,hello doormat outdoor,PHRASE,CAMPAIGN_ARCHIVED,,,,0.90,117,0,0,0.00,0.00,0,0.00,
ARCHIVED,fall doormat outdoor,PHRASE,CAMPAIGN_ARCHIVED,,,,0.90,9,0,0,0.00,0.00,0,0.00,
ARCHIVED,doormat outdoor coir,PHRASE,CAMPAIGN_ARCHIVED,,,,0.90,19,0,0,0.00,0.00,0,0.00,
ARCHIVED,doormat outdoor home,PHRASE,CAMPAIGN_ARCHIVED,,,,0.90,2,0,0,0.00,0.00,0,0.00,
ARCHIVED,doormat outdoor large,PHRASE,CAMPAIGN_ARCHIVED,,,,0.90,11,0,0,0.00,0.00,0,0.00,
ARCHIVED,door mat natural,PHRASE,CAMPAIGN_ARCHIVED,,,,0.90,36,0,0,0.00,0.00,0,0.00,
ARCHIVED,door mat non slip,PHRASE,CAMPAIGN_ARCHIVED,,,,0.90,0,0,,0.00,0.00,0,0.00,
ARCHIVED,door mat non slip pad,PHRASE,CAMPAIGN_ARCHIVED,,,,0.90,1,0,0,0.00,0.00,0,0.00,
ARCHIVED,door mat not you again,PHRASE,CAMPAIGN_ARCHIVED,,,,0.90,0,0,,0.00,0.00,0,0.00,
ARCHIVED,door mat nautical,PHRASE,CAMPAIGN_ARCHIVED,,,,0.90,29,0,0,0.00,0.00,0,0.00,
ARCHIVED,door mat no shoes,PHRASE,CAMPAIGN_ARCHIVED,,,,0.90,0,0,,0.00,0.00,0,0.00,
ARCHIVED,door mat novelty,PHRASE,CAMPAIGN_ARCHIVED,,,,0.90,74,0,0,0.00,0.00,0,0.00,
ARCHIVED,door mat natural fiber,PHRASE,CAMPAIGN_ARCHIVED,,,,0.90,38,0,0,0.00,0.00,0,0.00,
ARCHIVED,door mat name,PHRASE,CAMPAIGN_ARCHIVED,,,,0.90,29,0,0,0.00,0.00,0,0.00,
ARCHIVED,door mat no shoes inside,PHRASE,CAMPAIGN_ARCHIVED,,,,0.90,0,0,,0.00,0.00,0,0.00,
ARCHIVED,door mat large,PHRASE,CAMPAIGN_ARCHIVED,,,,0.90,42,0,0,0.00,0.00,0,0.00,
ARCHIVED,door mat low profile,PHRASE,CAMPAIGN_ARCHIVED,,,,0.90,14,0,0,0.00,0.00,0,0.00,
ARCHIVED,door mat large outdoor,PHRASE,CAMPAIGN_ARCHIVED,,,,0.90,9,0,0,0.00,0.00,0,0.00,
ARCHIVED,door mat leopard,PHRASE,CAMPAIGN_ARCHIVED,,,,0.90,13,0,0,0.00,0.00,0,0.00,
ARCHIVED,door mat labrador,PHRASE,CAMPAIGN_ARCHIVED,,,,0.90,25,0,0,0.00,0.00,0,0.00,
ARCHIVED,door mat love,PHRASE,CAMPAIGN_ARCHIVED,,,,0.90,85,0,0,0.00,0.00,0,0.00,
ARCHIVED,door mat letter b,PHRASE,CAMPAIGN_ARCHIVED,,,,0.90,33,0,0,0.00,0.00,0,0.00,
ARCHIVED,door matts outdoors funny,PHRASE,CAMPAIGN_ARCHIVED,,,,0.90,0,0,,0.00,0.00,0,0.00,
ARCHIVED,door matts outdoors personalized,PHRASE,CAMPAIGN_ARCHIVED,,,,0.90,0,0,,0.00,0.00,0,0.00,
ARCHIVED,door matts outdoors cute,PHRASE,CAMPAIGN_ARCHIVED,,,,0.90,0,0,,0.00,0.00,0,0.00,
ARCHIVED,door matts outdoors farmhouse,PHRASE,CAMPAIGN_ARCHIVED,,,,0.90,0,0,,0.00,0.00,0,0.00,
ARCHIVED,door mat rubber backed,PHRASE,CAMPAIGN_ARCHIVED,,,,0.90,15,0,0,0.00,0.00,0,0.00,
ARCHIVED,door mat rubber large,PHRASE,CAMPAIGN_ARCHIVED,,,,0.90,1,0,0,0.00,0.00,0,0.00,
ARCHIVED,door mat rubber brown,PHRASE,CAMPAIGN_ARCHIVED,,,,0.90,0,0,,0.00,0.00,0,0.00,
ARCHIVED,door mat rubber outside,PHRASE,CAMPAIGN_ARCHIVED,,,,0.90,0,0,,0.00,0.00,0,0.00,
ARCHIVED,door mat rubber backing,PHRASE,CAMPAIGN_ARCHIVED,,,,0.90,1,0,0,0.00,0.00,0,0.00,
ARCHIVED,door mat rubber bottom,PHRASE,CAMPAIGN_ARCHIVED,,,,0.90,6,0,0,0.00,0.00,0,0.00,
ARCHIVED,door mat rubber paws,PHRASE,CAMPAIGN_ARCHIVED,,,,0.90,0,0,,0.00,0.00,0,0.00,
ARCHIVED,door mat rubber back,PHRASE,CAMPAIGN_ARCHIVED,,,,0.90,0,0,,0.00,0.00,0,0.00,
ARCHIVED,door mat rubber indoor,PHRASE,CAMPAIGN_ARCHIVED,,,,0.90,0,0,,0.00,0.00,0,0.00,
ARCHIVED,door mats inside non slip commercial,PHRASE,CAMPAIGN_ARCHIVED,,,,0.90,0,0,,0.00,0.00,0,0.00,
ARCHIVED,door mats inside non slip rustic,PHRASE,CAMPAIGN_ARCHIVED,,,,0.90,0,0,,0.00,0.00,0,0.00,
ARCHIVED,door mats inside non slip decorative,PHRASE,CAMPAIGN_ARCHIVED,,,,0.90,0,0,,0.00,0.00,0,0.00,
ARCHIVED,door mat tray,PHRASE,CAMPAIGN_ARCHIVED,,,,0.90,0,0,,0.00,0.00,0,0.00,
ARCHIVED,door mat thanksgiving outdoor,PHRASE,CAMPAIGN_ARCHIVED,,,,0.90,1,0,0,0.00,0.00,0,0.00,
ARCHIVED,door mat tropical,PHRASE,CAMPAIGN_ARCHIVED,,,,0.90,67,0,0,0.00,0.00,0,0.00,
ARCHIVED,door mat thick,PHRASE,CAMPAIGN_ARCHIVED,,,,0.90,3,0,0,0.00,0.00,0,0.00,
ARCHIVED,door mat to clean dog paws,PHRASE,CAMPAIGN_ARCHIVED,,,,0.90,0,0,,0.00,0.00,0,0.00,
ARCHIVED,door mat thanksgiving,PHRASE,CAMPAIGN_ARCHIVED,,,,0.90,11,0,0,0.00,0.00,0,0.00,
ARCHIVED,door mat tacos,PHRASE,CAMPAIGN_ARCHIVED,,,,0.90,0,0,,0.00,0.00,0,0.00,
ARCHIVED,door mat tray 18x30,PHRASE,CAMPAIGN_ARCHIVED,,,,0.90,0,0,,0.00,0.00,0,0.00,
ARCHIVED,door mat tropical outdoor,PHRASE,CAMPAIGN_ARCHIVED,,,,0.90,7,0,0,0.00,0.00,0,0.00,
ARCHIVED,door mat welcome,PHRASE,CAMPAIGN_ARCHIVED,,,,0.90,51,0,0,0.00,0.00,0,0.00,
ARCHIVED,door mat winter,PHRASE,CAMPAIGN_ARCHIVED,,,,0.90,72,0,0,0.00,0.00,0,0.00,
ARCHIVED,door mat with dogs,PHRASE,CAMPAIGN_ARCHIVED,,,,0.90,1,0,0,0.00,0.00,0,0.00,
ARCHIVED,door mat wine,PHRASE,CAMPAIGN_ARCHIVED,,,,0.90,0,0,,0.00,0.00,0,0.00,
ARCHIVED,door mat wipe your paws outdoor,PHRASE,CAMPAIGN_ARCHIVED,,,,0.90,0,0,,0.00,0.00,0,0.00,
ARCHIVED,door mat washable,PHRASE,CAMPAIGN_ARCHIVED,,,,0.90,6,0,0,0.00,0.00,0,0.00,
ARCHIVED,door mat washable indoor,PHRASE,CAMPAIGN_ARCHIVED,,,,0.90,0,0,,0.00,0.00,0,0.00,
ARCHIVED,door mat with words,PHRASE,CAMPAIGN_ARCHIVED,,,,0.90,0,0,,0.00,0.00,0,0.00,
ARCHIVED,door mat with holes,PHRASE,CAMPAIGN_ARCHIVED,,,,0.90,0,0,,0.00,0.00,0,0.00,
ARCHIVED,door mat xl,PHRASE,CAMPAIGN_ARCHIVED,,,,0.90,16,0,0,0.00,0.00,0,0.00,
ARCHIVED,door mat xlarge,PHRASE,CAMPAIGN_ARCHIVED,,,,0.90,1,0,0,0.00,0.00,0,0.00,
ARCHIVED,door mat xmas,PHRASE,CAMPAIGN_ARCHIVED,,,,0.90,0,0,,0.00,0.00,0,0.00,
ARCHIVED,door mat yall,PHRASE,CAMPAIGN_ARCHIVED,,,,0.90,24,0,0,0.00,0.00,0,0.00,
ARCHIVED,door mat yellow,PHRASE,CAMPAIGN_ARCHIVED,,,,0.90,17,0,0,0.00,0.00,0,0.00,
ARCHIVED,door mat y all,PHRASE,CAMPAIGN_ARCHIVED,,,,0.90,0,0,,0.00,0.00,0,0.00,
ARCHIVED,door mat yell ding dong,PHRASE,CAMPAIGN_ARCHIVED,,,,0.90,0,0,,0.00,0.00,0,0.00,
ARCHIVED,door mat you again,PHRASE,CAMPAIGN_ARCHIVED,,,,0.90,39,0,0,0.00,0.00,0,0.00,
ARCHIVED,door mat you are here,PHRASE,CAMPAIGN_ARCHIVED,,,,0.90,0,0,,0.00,0.00,0,0.00,
ARCHIVED,door mat yo,PHRASE,CAMPAIGN_ARCHIVED,,,,0.90,3,0,0,0.00,0.00,0,0.00,
ARCHIVED,door mat you better have tacos,PHRASE,CAMPAIGN_ARCHIVED,,,,0.90,0,0,,0.00,0.00,0,0.00,
ARCHIVED,door mat yoga,PHRASE,CAMPAIGN_ARCHIVED,,,,0.90,12,0,0,0.00,0.00,0,0.00,
ARCHIVED,door mat you shall not pass,PHRASE,CAMPAIGN_ARCHIVED,,,,0.90,0,0,,0.00,0.00,0,0.00,
ARCHIVED,door mat runner,PHRASE,CAMPAIGN_ARCHIVED,,,,0.90,55,0,0,0.00,0.00,0,0.00,
ARCHIVED,door mat red,PHRASE,CAMPAIGN_ARCHIVED,,,,0.90,11,0,0,0.00,0.00,0,0.00,
ARCHIVED,door mat rug,PHRASE,CAMPAIGN_ARCHIVED,,,,0.90,0,0,,0.00,0.00,0,0.00,
ARCHIVED,door mat runner inside,PHRASE,CAMPAIGN_ARCHIVED,,,,0.90,13,0,0,0.00,0.00,0,0.00,
ARCHIVED,door mat ring bell pull weeds,PHRASE,CAMPAIGN_ARCHIVED,,,,0.90,0,0,,0.00,0.00,0,0.00,
ARCHIVED,door mat rick and morty,PHRASE,CAMPAIGN_ARCHIVED,,,,0.90,0,0,,0.00,0.00,0,0.00,
ARCHIVED,door mat round,PHRASE,CAMPAIGN_ARCHIVED,,,,0.90,11,0,0,0.00,0.00,0,0.00,
ARCHIVED,door mat rugs indoor,PHRASE,CAMPAIGN_ARCHIVED,,,,0.90,0,0,,0.00,0.00,0,0.00,
ARCHIVED,door mat ring bell,PHRASE,CAMPAIGN_ARCHIVED,,,,0.90,0,0,,0.00,0.00,0,0.00,
ARCHIVED,door mat under 10 dollars,PHRASE,CAMPAIGN_ARCHIVED,,,,0.90,0,0,,0.00,0.00,0,0.00,
ARCHIVED,door mat unicorn,PHRASE,CAMPAIGN_ARCHIVED,,,,0.90,21,0,0,0.00,0.00,0,0.00,
ARCHIVED,door mat unless you call or text,PHRASE,CAMPAIGN_ARCHIVED,,,,0.90,0,0,,0.00,0.00,0,0.00,
ARCHIVED,door mat unique,PHRASE,CAMPAIGN_ARCHIVED,,,,0.90,32,0,0,0.00,0.00,0,0.00,
ARCHIVED,door mat usa,PHRASE,CAMPAIGN_ARCHIVED,,,,0.90,15,0,0,0.00,0.00,0,0.00,
ARCHIVED,door mat under 10,PHRASE,CAMPAIGN_ARCHIVED,,,,0.90,54,0,0,0.00,0.00,0,0.00,
ARCHIVED,door mat uk,PHRASE,CAMPAIGN_ARCHIVED,,,,0.90,0,0,,0.00,0.00,0,0.00,
ARCHIVED,door mat uniquely,PHRASE,CAMPAIGN_ARCHIVED,,,,0.90,0,0,,0.00,0.00,0,0.00,
ARCHIVED,door mat underwear,PHRASE,CAMPAIGN_ARCHIVED,,,,0.90,0,0,,0.00,0.00,0,0.00,
ARCHIVED,door mat video game,PHRASE,CAMPAIGN_ARCHIVED,,,,0.90,0,0,,0.00,0.00,0,0.00,
ARCHIVED,door mat viking,PHRASE,CAMPAIGN_ARCHIVED,,,,0.90,0,0,,0.00,0.00,0,0.00,
ARCHIVED,door mat v,PHRASE,CAMPAIGN_ARCHIVED,,,,0.90,8,0,0,0.00,0.00,0,0.00,
ARCHIVED,door mat veteran,PHRASE,CAMPAIGN_ARCHIVED,,,,0.90,9,0,0,0.00,0.00,0,0.00,
ARCHIVED,door mat vinyl back,PHRASE,CAMPAIGN_ARCHIVED,,,,0.90,0,0,,0.00,0.00,0,0.00,
ARCHIVED,door mat vinyl,PHRASE,CAMPAIGN_ARCHIVED,,,,0.90,0,0,,0.00,0.00,0,0.00,
ARCHIVED,door mat vintage,PHRASE,CAMPAIGN_ARCHIVED,,,,0.90,35,0,0,0.00,0.00,0,0.00,
ARCHIVED,door mat vandarllin,PHRASE,CAMPAIGN_ARCHIVED,,,,0.90,0,0,,0.00,0.00,0,0.00,
ARCHIVED,door mat very thin,PHRASE,CAMPAIGN_ARCHIVED,,,,0.90,6,0,0,0.00,0.00,0,0.00,
ARCHIVED,door mat zoo,PHRASE,CAMPAIGN_ARCHIVED,,,,0.90,2,0,0,0.00,0.00,0,0.00,
ARCHIVED,door mat zelda,PHRASE,CAMPAIGN_ARCHIVED,,,,0.90,0,0,,0.00,0.00,0,0.00,
ARCHIVED,door mat zen,PHRASE,CAMPAIGN_ARCHIVED,,,,0.90,3,0,0,0.00,0.00,0,0.00,
ARCHIVED,door mats outside large,PHRASE,CAMPAIGN_ARCHIVED,,,,0.90,2,0,0,0.00,0.00,0,0.00,
ARCHIVED,door mats outside heavy duty,PHRASE,CAMPAIGN_ARCHIVED,,,,0.90,0,0,,0.00,0.00,0,0.00,
ARCHIVED,christmas door mats outside,PHRASE,CAMPAIGN_ARCHIVED,,,,0.90,0,0,,0.00,0.00,0,0.00,
ARCHIVED,personalized door mats outside,PHRASE,CAMPAIGN_ARCHIVED,,,,0.90,4,0,0,0.00,0.00,0,0.00,
ARCHIVED,rubber door mats outside,PHRASE,CAMPAIGN_ARCHIVED,,,,0.90,0,0,,0.00,0.00,0,0.00,
ARCHIVED,door mats outside go away,PHRASE,CAMPAIGN_ARCHIVED,,,,0.90,0,0,,0.00,0.00,0,0.00,
ARCHIVED,front door mats outside,PHRASE,CAMPAIGN_ARCHIVED,,,,0.90,1,0,0,0.00,0.00,0,0.00,
ARCHIVED,door mats outside dog,PHRASE,CAMPAIGN_ARCHIVED,,,,0.90,3,0,0,0.00,0.00,0,0.00,
ARCHIVED,door mats inside decorative,PHRASE,CAMPAIGN_ARCHIVED,,,,0.90,0,0,,0.00,0.00,0,0.00,
ARCHIVED,door mats inside absorbant,PHRASE,CAMPAIGN_ARCHIVED,,,,0.90,0,0,,0.00,0.00,0,0.00,
ARCHIVED,door mats inside dog,PHRASE,CAMPAIGN_ARCHIVED,,,,0.90,4,0,0,0.00,0.00,0,0.00,
ARCHIVED,large door mats inside,PHRASE,CAMPAIGN_ARCHIVED,,,,0.90,5,0,0,0.00,0.00,0,0.00,
ARCHIVED,door mats inside funny,PHRASE,CAMPAIGN_ARCHIVED,,,,0.90,6,0,0,0.00,0.00,0,0.00,
ARCHIVED,door mats inside fall,PHRASE,CAMPAIGN_ARCHIVED,,,,0.90,0,0,,0.00,0.00,0,0.00,
ARCHIVED,door mats inside blue,PHRASE,CAMPAIGN_ARCHIVED,,,,0.90,2,0,0,0.00,0.00,0,0.00,
ARCHIVED,door mats inside black,PHRASE,CAMPAIGN_ARCHIVED,,,,0.90,2,0,0,0.00,0.00,0,0.00,
ARCHIVED,holiday door mats outdoor,PHRASE,CAMPAIGN_ARCHIVED,,,,0.90,18,0,0,0.00,0.00,0,0.00,
ARCHIVED,funny door mats outdoor,PHRASE,CAMPAIGN_ARCHIVED,,,,0.90,68,0,0,0.00,0.00,0,0.00,
ARCHIVED,double door mats outdoor,PHRASE,CAMPAIGN_ARCHIVED,,,,0.90,12,0,0,0.00,0.00,0,0.00,
ARCHIVED,christmas door mats outdoor,PHRASE,CAMPAIGN_ARCHIVED,,,,0.90,0,0,,0.00,0.00,0,0.00,
ARCHIVED,door mats outdoor with initial,PHRASE,CAMPAIGN_ARCHIVED,,,,0.90,0,0,,0.00,0.00,0,0.00,
ARCHIVED,door mats outdoor monogram,PHRASE,CAMPAIGN_ARCHIVED,,,,0.90,0,0,,0.00,0.00,0,0.00,
ARCHIVED,door mats outdoor inserts,PHRASE,CAMPAIGN_ARCHIVED,,,,0.90,0,0,,0.00,0.00,0,0.00,
ARCHIVED,door mats outdoor dog,PHRASE,CAMPAIGN_ARCHIVED,,,,0.90,0,0,,0.00,0.00,0,0.00,
ARCHIVED,door mats outdoor pets,PHRASE,CAMPAIGN_ARCHIVED,,,,0.90,0,0,,0.00,0.00,0,0.00,
ARCHIVED,door matts indoors washable,PHRASE,CAMPAIGN_ARCHIVED,,,,0.90,0,0,,0.00,0.00,0,0.00,
ARCHIVED,door mat dog greeting,PHRASE,CAMPAIGN_ARCHIVED,,,,0.90,0,0,,0.00,0.00,0,0.00,
ARCHIVED,door mat dogs in here,PHRASE,CAMPAIGN_ARCHIVED,,,,0.90,0,0,,0.00,0.00,0,0.00,
ARCHIVED,door mat dog paws,PHRASE,CAMPAIGN_ARCHIVED,,,,0.90,5,0,0,0.00,0.00,0,0.00,
ARCHIVED,rug mat non slip,BROAD,CAMPAIGN_ARCHIVED,,,,0.90,63,0,0,0.00,0.00,0,0.00,
ARCHIVED,non skid bath mat,BROAD,CAMPAIGN_ARCHIVED,,,,0.90,287,0,0,0.00,0.00,0,0.00,
ARCHIVED,anti slip bath mat,BROAD,CAMPAIGN_ARCHIVED,,,,0.90,15,0,0,0.00,0.00,0,0.00,
ARCHIVED,throw rugs and runners,BROAD,CAMPAIGN_ARCHIVED,,,,0.90,337,0,0,0.00,0.00,0,0.00,
ARCHIVED,no slip bath mat,BROAD,CAMPAIGN_ARCHIVED,,,,0.90,2,0,0,0.00,0.00,0,0.00,
ARCHIVED,microfiber bath mats for bathroom,BROAD,CAMPAIGN_ARCHIVED,,,,0.90,17,0,0,0.00,0.00,0,0.00,
ARCHIVED,absorbent bath mat,BROAD,CAMPAIGN_ARCHIVED,,,,0.90,41,0,0,0.00,0.00,0,0.00,
ARCHIVED,no slip rug,BROAD,CAMPAIGN_ARCHIVED,,,,0.90,2,0,0,0.00,0.00,0,0.00,
ARCHIVED,microfiber bath mat,BROAD,CAMPAIGN_ARCHIVED,,,,0.90,1085,0,0,0.00,0.00,0,0.00,
ARCHIVED,round bathroom rugs and mats,BROAD,CAMPAIGN_ARCHIVED,,,,0.90,36,0,0,0.00,0.00,0,0.00,
ARCHIVED,water absorbent mat,BROAD,CAMPAIGN_ARCHIVED,,,,0.90,37,0,0,0.00,0.00,0,0.00,
ARCHIVED,soft area rug,BROAD,CAMPAIGN_ARCHIVED,,,,0.90,161,0,0,0.00,0.00,0,0.00,
ARCHIVED,bath carpet,BROAD,CAMPAIGN_ARCHIVED,,,,0.90,126,0,0,0.00,0.00,0,0.00,
ARCHIVED,wooden bath mats,BROAD,CAMPAIGN_ARCHIVED,,,,0.90,44,0,0,0.00,0.00,0,0.00,
ARCHIVED,non slip area rug,BROAD,CAMPAIGN_ARCHIVED,,,,0.90,69,0,0,0.00,0.00,0,0.00,
ARCHIVED,rubber mat,BROAD,CAMPAIGN_ARCHIVED,,,,0.90,819,0,0,0.00,0.00,0,0.00,
ARCHIVED,fluffy area rug,BROAD,CAMPAIGN_ARCHIVED,,,,0.90,835,0,0,0.00,0.00,0,0.00,
ARCHIVED,soft shag rug,BROAD,CAMPAIGN_ARCHIVED,,,,0.90,40,0,0,0.00,0.00,0,0.00,
ARCHIVED,area rug runner,BROAD,CAMPAIGN_ARCHIVED,,,,0.90,581,0,0,0.00,0.00,0,0.00,
ARCHIVED,bathroom rug gripper tile,PHRASE,CAMPAIGN_ARCHIVED,,,,0.90,0,0,,0.00,0.00,0,0.00,
ARCHIVED,bathroom rug gold,PHRASE,CAMPAIGN_ARCHIVED,,,,0.90,142,0,0,0.00,0.00,0,0.00,
ARCHIVED,bathroom rug gold color,PHRASE,CAMPAIGN_ARCHIVED,,,,0.90,23,0,0,0.00,0.00,0,0.00,
ARCHIVED,bathroom rug dark green,PHRASE,CAMPAIGN_ARCHIVED,,,,0.90,19,0,0,0.00,0.00,0,0.00,
ARCHIVED,bathroom rug dragonfly,PHRASE,CAMPAIGN_ARCHIVED,,,,0.90,46,0,0,0.00,0.00,0,0.00,
ARCHIVED,bathroom rug design,PHRASE,CAMPAIGN_ARCHIVED,,,,0.90,29,0,0,0.00,0.00,0,0.00,
ARCHIVED,bathroom rug dark brown,PHRASE,CAMPAIGN_ARCHIVED,,,,0.90,0,0,,0.00,0.00,0,0.00,
ARCHIVED,bathroom rug decor,PHRASE,CAMPAIGN_ARCHIVED,,,,0.90,9,0,0,0.00,0.00,0,0.00,
ARCHIVED,bathroom rug dog,PHRASE,CAMPAIGN_ARCHIVED,,,,0.90,17,0,0,0.00,0.00,0,0.00,
ARCHIVED,bathroom rug small,PHRASE,CAMPAIGN_ARCHIVED,,,,0.90,144,0,0,0.00,0.00,0,0.00,
ARCHIVED,grey bathroom rug set,PHRASE,CAMPAIGN_ARCHIVED,,,,0.90,66,0,0,0.00,0.00,0,0.00,
ARCHIVED,gray bathroom rug set,PHRASE,CAMPAIGN_ARCHIVED,,,,0.90,75,0,0,0.00,0.00,0,0.00,
ARCHIVED,black bathroom rug set,PHRASE,CAMPAIGN_ARCHIVED,,,,0.90,141,0,0,0.00,0.00,0,0.00,
ARCHIVED,purple bathroom rug set,PHRASE,CAMPAIGN_ARCHIVED,,,,0.90,66,0,0,0.00,0.00,0,0.00,
ARCHIVED,bathroom rug jute,PHRASE,CAMPAIGN_ARCHIVED,,,,0.90,2,0,0,0.00,0.00,0,0.00,
ARCHIVED,bathroom rug ivory,PHRASE,CAMPAIGN_ARCHIVED,,,,0.90,47,0,0,0.00,0.00,0,0.00,
ARCHIVED,bathroom rug pineapple,PHRASE,CAMPAIGN_ARCHIVED,,,,0.90,13,0,0,0.00,0.00,0,0.00,
ARCHIVED,bathroom rug palm tree,PHRASE,CAMPAIGN_ARCHIVED,,,,0.90,34,0,0,0.00,0.00,0,0.00,
ARCHIVED,bathroom rug pink set,PHRASE,CAMPAIGN_ARCHIVED,,,,0.90,8,0,0,0.00,0.00,0,0.00,
ARCHIVED,bathroom rug peach,PHRASE,CAMPAIGN_ARCHIVED,,,,0.90,67,0,0,0.00,0.00,0,0.00,
ARCHIVED,bathroom rug plum,PHRASE,CAMPAIGN_ARCHIVED,,,,0.90,150,0,0,0.00,0.00,0,0.00,
ARCHIVED,bathroom rug plush small,PHRASE,CAMPAIGN_ARCHIVED,,,,0.90,0,0,,0.00,0.00,0,0.00,
ARCHIVED,bathroom rug yellow and gray,PHRASE,CAMPAIGN_ARCHIVED,,,,0.90,0,0,,0.00,0.00,0,0.00,
ARCHIVED,bathroom rug yellow and grey,PHRASE,CAMPAIGN_ARCHIVED,,,,0.90,2,0,0,0.00,0.00,0,0.00,
ARCHIVED,bathroom rug yellow and brown,PHRASE,CAMPAIGN_ARCHIVED,,,,0.90,0,0,,0.00,0.00,0,0.00,
ARCHIVED,bathroom rug zen,PHRASE,CAMPAIGN_ARCHIVED,,,,0.90,8,0,0,0.00,0.00,0,0.00,
ARCHIVED,bathroom rugs memory foam set,PHRASE,CAMPAIGN_ARCHIVED,,,,0.90,3,0,0,0.00,0.00,0,0.00,
ARCHIVED,bathroom rugs memory foam red,PHRASE,CAMPAIGN_ARCHIVED,,,,0.90,0,0,,0.00,0.00,0,0.00,
ARCHIVED,bathroom rugs memory foam large,PHRASE,CAMPAIGN_ARCHIVED,,,,0.90,0,0,,0.00,0.00,0,0.00,
ARCHIVED,bathroom rugs memory foam black,PHRASE,CAMPAIGN_ARCHIVED,,,,0.90,0,0,,0.00,0.00,0,0.00,
ARCHIVED,bathroom rugs memory foam set of 4,PHRASE,CAMPAIGN_ARCHIVED,,,,0.90,0,0,,0.00,0.00,0,0.00,
ARCHIVED,bathroom rugs memory foam beige,PHRASE,CAMPAIGN_ARCHIVED,,,,0.90,0,0,,0.00,0.00,0,0.00,
ARCHIVED,bathroom rugs memory foam long,PHRASE,CAMPAIGN_ARCHIVED,,,,0.90,0,0,,0.00,0.00,0,0.00,
ARCHIVED,bathroom rugs memory foam white,PHRASE,CAMPAIGN_ARCHIVED,,,,0.90,0,0,,0.00,0.00,0,0.00,
ARCHIVED,bathroom rugs memory foam 3 piece set,PHRASE,CAMPAIGN_ARCHIVED,,,,0.90,0,0,,0.00,0.00,0,0.00,
ARCHIVED,bathroom rugs and mats sets black,PHRASE,CAMPAIGN_ARCHIVED,,,,0.90,0,0,,0.00,0.00,0,0.00,
ARCHIVED,bathroom rugs and mats sets memory foam,PHRASE,CAMPAIGN_ARCHIVED,,,,0.90,0,0,,0.00,0.00,0,0.00,
ARCHIVED,bathroom rugs and mats sets purple,PHRASE,CAMPAIGN_ARCHIVED,,,,0.90,0,0,,0.00,0.00,0,0.00,
ARCHIVED,bathroom rugs and mats sets blue,PHRASE,CAMPAIGN_ARCHIVED,,,,0.90,0,0,,0.00,0.00,0,0.00,
ARCHIVED,green bathroom rugs and mats sets,PHRASE,CAMPAIGN_ARCHIVED,,,,0.90,0,0,,0.00,0.00,0,0.00,
ARCHIVED,bathroom rugs and mats sets white,PHRASE,CAMPAIGN_ARCHIVED,,,,0.90,0,0,,0.00,0.00,0,0.00,
ARCHIVED,gold bathroom rugs and mats sets,PHRASE,CAMPAIGN_ARCHIVED,,,,0.90,0,0,,0.00,0.00,0,0.00,
ARCHIVED,yellow bathroom rugs and mats sets,PHRASE,CAMPAIGN_ARCHIVED,,,,0.90,0,0,,0.00,0.00,0,0.00,
ARCHIVED,bathroom rugs and mats sets pink,PHRASE,CAMPAIGN_ARCHIVED,,,,0.90,0,0,,0.00,0.00,0,0.00,
ARCHIVED,bathroom rug sets 4 piece red,PHRASE,CAMPAIGN_ARCHIVED,,,,0.90,0,0,,0.00,0.00,0,0.00,
ARCHIVED,bathroom rug sets 4 piece purple,PHRASE,CAMPAIGN_ARCHIVED,,,,0.90,3,0,0,0.00,0.00,0,0.00,
ARCHIVED,bathroom rug sets 4 piece gray,PHRASE,CAMPAIGN_ARCHIVED,,,,0.90,0,0,,0.00,0.00,0,0.00,
ARCHIVED,bathroom rug sets 4 piece brown,PHRASE,CAMPAIGN_ARCHIVED,,,,0.90,0,0,,0.00,0.00,0,0.00,
ARCHIVED,bathroom rug sets 4 piece green,PHRASE,CAMPAIGN_ARCHIVED,,,,0.90,0,0,,0.00,0.00,0,0.00,
ARCHIVED,bathroom rug sets 4 piece blue,PHRASE,CAMPAIGN_ARCHIVED,,,,0.90,0,0,,0.00,0.00,0,0.00,
ARCHIVED,bathroom rug set with shower curtain,PHRASE,CAMPAIGN_ARCHIVED,,,,0.90,38,0,0,0.00,0.00,0,0.00,
ARCHIVED,bathroom rug sets 3 piece clearance,PHRASE,CAMPAIGN_ARCHIVED,,,,0.90,4,0,0,0.00,0.00,0,0.00,
ARCHIVED,bathroom rug sets 3 piece brown,PHRASE,CAMPAIGN_ARCHIVED,,,,0.90,0,0,,0.00,0.00,0,0.00,
ARCHIVED,bathroom rug sets 3 piece memory foam,PHRASE,CAMPAIGN_ARCHIVED,,,,0.90,0,0,,0.00,0.00,0,0.00,
ARCHIVED,bathroom rug sets 3 piece black,PHRASE,CAMPAIGN_ARCHIVED,,,,0.90,0,0,,0.00,0.00,0,0.00,
ARCHIVED,bathroom rug sets 3 piece purple,PHRASE,CAMPAIGN_ARCHIVED,,,,0.90,0,0,,0.00,0.00,0,0.00,
ARCHIVED,door mat entryway,PHRASE,CAMPAIGN_ARCHIVED,,,,0.90,34,0,0,0.00,0.00,0,0.00,
ARCHIVED,door mat elephant,PHRASE,CAMPAIGN_ARCHIVED,,,,0.90,49,0,0,0.00,0.00,0,0.00,
ARCHIVED,door mat eagles,PHRASE,CAMPAIGN_ARCHIVED,,,,0.90,5,0,0,0.00,0.00,0,0.00,
ARCHIVED,door mat easy clean,PHRASE,CAMPAIGN_ARCHIVED,,,,0.90,2,0,0,0.00,0.00,0,0.00,
ARCHIVED,door mat extra large outdoor,PHRASE,CAMPAIGN_ARCHIVED,,,,0.90,0,0,,0.00,0.00,0,0.00,
ARCHIVED,door mat extra thick,PHRASE,CAMPAIGN_ARCHIVED,,,,0.90,12,0,0,0.00,0.00,0,0.00,
ARCHIVED,door mat jute,PHRASE,CAMPAIGN_ARCHIVED,,,,0.90,22,0,0,0.00,0.00,0,0.00,
ARCHIVED,door mat lord of the rings,PHRASE,CAMPAIGN_ARCHIVED,,,,0.90,0,0,,0.00,0.00,0,0.00,
ARCHIVED,door mat letter,PHRASE,CAMPAIGN_ARCHIVED,,,,0.90,15,0,0,0.00,0.00,0,0.00,
ARCHIVED,door mat inside,PHRASE,CAMPAIGN_ARCHIVED,,,,0.90,0,0,,0.00,0.00,0,0.00,
ARCHIVED,door mat inserts,PHRASE,CAMPAIGN_ARCHIVED,,,,0.90,3,0,0,0.00,0.00,0,0.00,
ARCHIVED,front door mat indoor,PHRASE,CAMPAIGN_ARCHIVED,,,,0.90,76,0,0,0.00,0.00,0,0.00,
ARCHIVED,door mat inserts fall,PHRASE,CAMPAIGN_ARCHIVED,,,,0.90,0,0,,0.00,0.00,0,0.00,
ARCHIVED,doormat indoor,PHRASE,CAMPAIGN_ARCHIVED,,,,0.90,35,0,0,0.00,0.00,0,0.00,
ARCHIVED,door mat inside non slip,PHRASE,CAMPAIGN_ARCHIVED,,,,0.90,0,0,,0.00,0.00,0,0.00,
ARCHIVED,thin door mat indoor,PHRASE,CAMPAIGN_ARCHIVED,,,,0.90,80,0,0,0.00,0.00,0,0.00,
ARCHIVED,evergreen door mat insert,PHRASE,CAMPAIGN_ARCHIVED,,,,0.90,837,0,0,0.00,0.00,0,0.00,
ARCHIVED,sasafrass door mat inserts,PHRASE,CAMPAIGN_ARCHIVED,,,,0.90,0,0,,0.00,0.00,0,0.00,
ARCHIVED,door mat indoor outdoor,PHRASE,CAMPAIGN_ARCHIVED,,,,0.90,0,0,,0.00,0.00,0,0.00,
ARCHIVED,door mat dog funny,PHRASE,CAMPAIGN_ARCHIVED,,,,0.90,0,0,,0.00,0.00,0,0.00,
ARCHIVED,door mat dog cat,PHRASE,CAMPAIGN_ARCHIVED,,,,0.90,0,0,,0.00,0.00,0,0.00,
ARCHIVED,door mat dogs welcome people tolerated,PHRASE,CAMPAIGN_ARCHIVED,,,,0.90,0,0,,0.00,0.00,0,0.00,
ARCHIVED,door mat dog hair,PHRASE,CAMPAIGN_ARCHIVED,,,,0.90,0,0,,0.00,0.00,0,0.00,
ARCHIVED,door matts outdoors welcome,PHRASE,CAMPAIGN_ARCHIVED,,,,0.90,0,0,,0.00,0.00,0,0.00,
ARCHIVED,door matts outdoors dog,PHRASE,CAMPAIGN_ARCHIVED,,,,0.90,0,0,,0.00,0.00,0,0.00,
ARCHIVED,door matts outdoors large,PHRASE,CAMPAIGN_ARCHIVED,,,,0.90,0,0,,0.00,0.00,0,0.00,
ARCHIVED,door mats inside non slip runner,PHRASE,CAMPAIGN_ARCHIVED,,,,0.90,0,0,,0.00,0.00,0,0.00,
ARCHIVED,door mats inside non slip rustic and washable,PHRASE,CAMPAIGN_ARCHIVED,,,,0.90,0,0,,0.00,0.00,0,0.00,
ARCHIVED,door mats inside non slip thin,PHRASE,CAMPAIGN_ARCHIVED,,,,0.90,0,0,,0.00,0.00,0,0.00,
ARCHIVED,door mats inside non slip funny,PHRASE,CAMPAIGN_ARCHIVED,,,,0.90,0,0,,0.00,0.00,0,0.00,
ARCHIVED,door mats inside non slip large,PHRASE,CAMPAIGN_ARCHIVED,,,,0.90,0,0,,0.00,0.00,0,0.00,
ARCHIVED,door mats inside non slip grey,PHRASE,CAMPAIGN_ARCHIVED,,,,0.90,0,0,,0.00,0.00,0,0.00,
ARCHIVED,door mats outside funny dog,PHRASE,CAMPAIGN_ARCHIVED,,,,0.90,0,0,,0.00,0.00,0,0.00,
ARCHIVED,door mats outside funny sayings,PHRASE,CAMPAIGN_ARCHIVED,,,,0.90,0,0,,0.00,0.00,0,0.00,
ARCHIVED,door mats outside funny cat,PHRASE,CAMPAIGN_ARCHIVED,,,,0.90,0,0,,0.00,0.00,0,0.00,
ARCHIVED,door mats outside funny wine,PHRASE,CAMPAIGN_ARCHIVED,,,,0.90,0,0,,0.00,0.00,0,0.00,
ARCHIVED,floor mats for cars,PHRASE,CAMPAIGN_ARCHIVED,,,,0.90,71,0,0,0.00,0.00,0,0.00,
ARCHIVED,floor mats for home,PHRASE,CAMPAIGN_ARCHIVED,,,,0.90,1,0,0,0.00,0.00,0,0.00,
ARCHIVED,floor mats for office,PHRASE,CAMPAIGN_ARCHIVED,,,,0.90,20,0,0,0.00,0.00,0,0.00,
ARCHIVED,floor mats for kids,PHRASE,CAMPAIGN_ARCHIVED,,,,0.90,0,0,,0.00,0.00,0,0.00,
ARCHIVED,floor mattress,PHRASE,CAMPAIGN_ARCHIVED,,,,0.90,0,0,,0.00,0.00,0,0.00,
ARCHIVED,floor mat for office chair carpet,PHRASE,CAMPAIGN_ARCHIVED,,,,0.90,0,0,,0.00,0.00,0,0.00,
ARCHIVED,floor mat for office chair wood floor,PHRASE,CAMPAIGN_ARCHIVED,,,,0.90,0,0,,0.00,0.00,0,0.00,
ARCHIVED,floor mats for exercise equipment,PHRASE,CAMPAIGN_ARCHIVED,,,,0.90,0,0,,0.00,0.00,0,0.00,
ARCHIVED,floor mattress for sleep,PHRASE,CAMPAIGN_ARCHIVED,,,,0.90,0,0,,0.00,0.00,0,0.00,
ARCHIVED,floor mat alarms for elderly,PHRASE,CAMPAIGN_ARCHIVED,,,,0.90,0,0,,0.00,0.00,0,0.00,
ARCHIVED,baby floor mat activity gym,PHRASE,CAMPAIGN_ARCHIVED,,,,0.90,0,0,,0.00,0.00,0,0.00,
ARCHIVED,floor mat anti fatigue,PHRASE,CAMPAIGN_ARCHIVED,,,,0.90,10,0,0,0.00,0.00,0,0.00,
ARCHIVED,floor mat alarm clock,PHRASE,CAMPAIGN_ARCHIVED,,,,0.90,0,0,,0.00,0.00,0,0.00,
ARCHIVED,floor mat anchor,PHRASE,CAMPAIGN_ARCHIVED,,,,0.90,119,0,0,0.00,0.00,0,0.00,
ARCHIVED,floor mat alarm,PHRASE,CAMPAIGN_ARCHIVED,,,,0.90,10,0,0,0.00,0.00,0,0.00,
ARCHIVED,floor mat adhesive,PHRASE,CAMPAIGN_ARCHIVED,,,,0.90,29,0,0,0.00,0.00,0,0.00,
ARCHIVED,floor mat anti slip,PHRASE,CAMPAIGN_ARCHIVED,,,,0.90,14,0,0,0.00,0.00,0,0.00,
ARCHIVED,floor mat audi a4,PHRASE,CAMPAIGN_ARCHIVED,,,,0.90,0,0,,0.00,0.00,0,0.00,
ARCHIVED,floor mat automotive,PHRASE,CAMPAIGN_ARCHIVED,,,,0.90,0,0,,0.00,0.00,0,0.00,
ARCHIVED,floor mat for baby,PHRASE,CAMPAIGN_ARCHIVED,,,,0.90,0,0,,0.00,0.00,0,0.00,
ARCHIVED,floor mat for high chair,PHRASE,CAMPAIGN_ARCHIVED,,,,0.90,3,0,0,0.00,0.00,0,0.00,
ARCHIVED,floor mat for standing desk,PHRASE,CAMPAIGN_ARCHIVED,,,,0.90,0,0,,0.00,0.00,0,0.00,
ARCHIVED,floor mat for office,PHRASE,CAMPAIGN_ARCHIVED,,,,0.90,0,0,,0.00,0.00,0,0.00,
ARCHIVED,floor mat for exercise equipment,PHRASE,CAMPAIGN_ARCHIVED,,,,0.90,0,0,,0.00,0.00,0,0.00,
ARCHIVED,floor mat for kitchen,PHRASE,CAMPAIGN_ARCHIVED,,,,0.90,31,0,0,0.00,0.00,0,0.00,
ARCHIVED,floor mat for kids,PHRASE,CAMPAIGN_ARCHIVED,,,,0.90,1,0,0,0.00,0.00,0,0.00,
ARCHIVED,floor mat for bathrooms,PHRASE,CAMPAIGN_ARCHIVED,,,,0.90,0,0,,0.00,0.00,0,0.00,
ARCHIVED,floor mat holder,PHRASE,CAMPAIGN_ARCHIVED,,,,0.90,0,0,,0.00,0.00,0,0.00,
ARCHIVED,floor mat high chair,PHRASE,CAMPAIGN_ARCHIVED,,,,0.90,0,0,,0.00,0.00,0,0.00,
ARCHIVED,floor mat hangers,PHRASE,CAMPAIGN_ARCHIVED,,,,0.90,55,0,0,0.00,0.00,0,0.00,
ARCHIVED,floor mat heater,PHRASE,CAMPAIGN_ARCHIVED,,,,0.90,1,0,0,0.00,0.00,0,0.00,
ARCHIVED,floor mat hardwood,PHRASE,CAMPAIGN_ARCHIVED,,,,0.90,4,0,0,0.00,0.00,0,0.00,
ARCHIVED,floor mat hooks,PHRASE,CAMPAIGN_ARCHIVED,,,,0.90,38,0,0,0.00,0.00,0,0.00,
ARCHIVED,floor mat hooks toyota,PHRASE,CAMPAIGN_ARCHIVED,,,,0.90,0,0,,0.00,0.00,0,0.00,
ARCHIVED,floor mat honda crv 2018,PHRASE,CAMPAIGN_ARCHIVED,,,,0.90,0,0,,0.00,0.00,0,0.00,
ARCHIVED,floor mat home,PHRASE,CAMPAIGN_ARCHIVED,,,,0.90,0,0,,0.00,0.00,0,0.00,
ARCHIVED,floor mat holder clips,PHRASE,CAMPAIGN_ARCHIVED,,,,0.90,0,0,,0.00,0.00,0,0.00,
ARCHIVED,floor mat clips,PHRASE,CAMPAIGN_ARCHIVED,,,,0.90,0,0,,0.00,0.00,0,0.00,
ARCHIVED,floor mat commercial,PHRASE,CAMPAIGN_ARCHIVED,,,,0.90,10,0,0,0.00,0.00,0,0.00,
ARCHIVED,floor mat car,PHRASE,CAMPAIGN_ARCHIVED,,,,0.90,0,0,,0.00,0.00,0,0.00,
ARCHIVED,floor mat cleaner,PHRASE,CAMPAIGN_ARCHIVED,,,,0.90,52,0,0,0.00,0.00,0,0.00,
ARCHIVED,floor mat clips toyota,PHRASE,CAMPAIGN_ARCHIVED,,,,0.90,0,0,,0.00,0.00,0,0.00,
ARCHIVED,floor mat cushion,PHRASE,CAMPAIGN_ARCHIVED,,,,0.90,5,0,0,0.00,0.00,0,0.00,
ARCHIVED,weather tech floor mat cleaner,PHRASE,CAMPAIGN_ARCHIVED,,,,0.90,7,0,0,0.00,0.00,0,0.00,
ARCHIVED,floor mat chair carpet,PHRASE,CAMPAIGN_ARCHIVED,,,,0.90,3,0,0,0.00,0.00,0,0.00,
ARCHIVED,floor mat carpet,PHRASE,CAMPAIGN_ARCHIVED,,,,0.90,34,0,0,0.00,0.00,0,0.00,
ARCHIVED,floor mat baby,PHRASE,CAMPAIGN_ARCHIVED,,,,0.90,0,0,,0.00,0.00,0,0.00,
ARCHIVED,floor mat bathroom,PHRASE,CAMPAIGN_ARCHIVED,,,,0.90,0,0,,0.00,0.00,0,0.00,
ARCHIVED,floor mat baby high chair,PHRASE,CAMPAIGN_ARCHIVED,,,,0.90,0,0,,0.00,0.00,0,0.00,
ARCHIVED,floor mat bed,PHRASE,CAMPAIGN_ARCHIVED,,,,0.90,13,0,0,0.00,0.00,0,0.00,
ARCHIVED,floor mat brush,PHRASE,CAMPAIGN_ARCHIVED,,,,0.90,107,0,0,0.00,0.00,0,0.00,
ARCHIVED,floor mat bamboo,PHRASE,CAMPAIGN_ARCHIVED,,,,0.90,16,0,0,0.00,0.00,0,0.00,
ARCHIVED,floor mat bed alarm,PHRASE,CAMPAIGN_ARCHIVED,,,,0.90,0,0,,0.00,0.00,0,0.00,
ARCHIVED,floor mat blue,PHRASE,CAMPAIGN_ARCHIVED,,,,0.90,19,0,0,0.00,0.00,0,0.00,
ARCHIVED,floor mat back support,PHRASE,CAMPAIGN_ARCHIVED,,,,0.90,12,0,0,0.00,0.00,0,0.00,
ARCHIVED,floor mat kitchen,PHRASE,CAMPAIGN_ARCHIVED,,,,0.90,0,0,,0.00,0.00,0,0.00,
ARCHIVED,floor mat kids,PHRASE,CAMPAIGN_ARCHIVED,,,,0.90,0,0,,0.00,0.00,0,0.00,
ARCHIVED,floor mat keyboard,PHRASE,CAMPAIGN_ARCHIVED,,,,0.90,31,0,0,0.00,0.00,0,0.00,
ARCHIVED,floor mat kids foam,PHRASE,CAMPAIGN_ARCHIVED,,,,0.90,0,0,,0.00,0.00,0,0.00,
ARCHIVED,floor mat kitchen anti fatigue,PHRASE,CAMPAIGN_ARCHIVED,,,,0.90,5,0,0,0.00,0.00,0,0.00,
ARCHIVED,floor mat kitchen sink,PHRASE,CAMPAIGN_ARCHIVED,,,,0.90,2,0,0,0.00,0.00,0,0.00,
ARCHIVED,floor mat kids eating,PHRASE,CAMPAIGN_ARCHIVED,,,,0.90,0,0,,0.00,0.00,0,0.00,
ARCHIVED,floor mat kia forte,PHRASE,CAMPAIGN_ARCHIVED,,,,0.90,10,0,0,0.00,0.00,0,0.00,
ARCHIVED,floor mat kids food,PHRASE,CAMPAIGN_ARCHIVED,,,,0.90,0,0,,0.00,0.00,0,0.00,
ARCHIVED,floor mat kia optima 2018,PHRASE,CAMPAIGN_ARCHIVED,,,,0.90,0,0,,0.00,0.00,0,0.00,
ARCHIVED,floor mat jeep liberty 2012,PHRASE,CAMPAIGN_ARCHIVED,,,,0.90,0,0,,0.00,0.00,0,0.00,
ARCHIVED,floor mat jeep grand cherokee,PHRASE,CAMPAIGN_ARCHIVED,,,,0.90,0,0,,0.00,0.00,0,0.00,
ARCHIVED,floor mat jeep,PHRASE,CAMPAIGN_ARCHIVED,,,,0.90,0,0,,0.00,0.00,0,0.00,
ARCHIVED,floor mat jeep wrangler,PHRASE,CAMPAIGN_ARCHIVED,,,,0.90,2,0,0,0.00,0.00,0,0.00,
ARCHIVED,floor mat jeep grand cherokee 2015,PHRASE,CAMPAIGN_ARCHIVED,,,,0.90,0,0,,0.00,0.00,0,0.00,
ARCHIVED,floor mat jeep compass,PHRASE,CAMPAIGN_ARCHIVED,,,,0.90,0,0,,0.00,0.00,0,0.00,
ARCHIVED,floor mat living room,PHRASE,CAMPAIGN_ARCHIVED,,,,0.90,100,0,0,0.00,0.00,0,0.00,
ARCHIVED,floor mat doorbell,PHRASE,CAMPAIGN_ARCHIVED,,,,0.90,0,0,,0.00,0.00,0,0.00,
ARCHIVED,floor mat dog bowl,PHRASE,CAMPAIGN_ARCHIVED,,,,0.90,33,0,0,0.00,0.00,0,0.00,
ARCHIVED,floor mat exercise,PHRASE,CAMPAIGN_ARCHIVED,,,,0.90,2,0,0,0.00,0.00,0,0.00,
ARCHIVED,indoor floor mat entrance,PHRASE,CAMPAIGN_ARCHIVED,,,,0.90,41,0,0,0.00,0.00,0,0.00,
ARCHIVED,floor mat exercise equipment,PHRASE,CAMPAIGN_ARCHIVED,,,,0.90,0,0,,0.00,0.00,0,0.00,
ARCHIVED,floor mat exit alarm for elderly fall prevention and anti-wandering,PHRASE,CAMPAIGN_ARCHIVED,,,,0.90,0,0,,0.00,0.00,0,0.00,
ARCHIVED,floor mat entrance,PHRASE,CAMPAIGN_ARCHIVED,,,,0.90,11,0,0,0.00,0.00,0,0.00,
ARCHIVED,floor mat ergonomic,PHRASE,CAMPAIGN_ARCHIVED,,,,0.90,1,0,0,0.00,0.00,0,0.00,
ARCHIVED,floor mat eva,PHRASE,CAMPAIGN_ARCHIVED,,,,0.90,6,0,0,0.00,0.00,0,0.00,
ARCHIVED,floor mat entry,PHRASE,CAMPAIGN_ARCHIVED,,,,0.90,9,0,0,0.00,0.00,0,0.00,
ARCHIVED,floor mat entry carpet,PHRASE,CAMPAIGN_ARCHIVED,,,,0.90,0,0,,0.00,0.00,0,0.00,
ARCHIVED,floor mat extra large,PHRASE,CAMPAIGN_ARCHIVED,,,,0.90,45,0,0,0.00,0.00,0,0.00,
ARCHIVED,floor mat gym,PHRASE,CAMPAIGN_ARCHIVED,,,,0.90,8,0,0,0.00,0.00,0,0.00,
ARCHIVED,floor mat gymnastics,PHRASE,CAMPAIGN_ARCHIVED,,,,0.90,0,0,,0.00,0.00,0,0.00,
ARCHIVED,floor mat grip tape,PHRASE,CAMPAIGN_ARCHIVED,,,,0.90,0,0,,0.00,0.00,0,0.00,
ARCHIVED,floor mat grip,PHRASE,CAMPAIGN_ARCHIVED,,,,0.90,101,0,0,0.00,0.00,0,0.00,
ARCHIVED,floor mat games,PHRASE,CAMPAIGN_ARCHIVED,,,,0.90,12,0,0,0.00,0.00,0,0.00,
ARCHIVED,floor mat garage,PHRASE,CAMPAIGN_ARCHIVED,,,,0.90,2,0,0,0.00,0.00,0,0.00,
ARCHIVED,floor mat gripper for runner,PHRASE,CAMPAIGN_ARCHIVED,,,,0.90,0,0,,0.00,0.00,0,0.00,
ARCHIVED,floor mat gorilla,PHRASE,CAMPAIGN_ARCHIVED,,,,0.90,0,0,,0.00,0.00,0,0.00,
ARCHIVED,floor mat gym equipment,PHRASE,CAMPAIGN_ARCHIVED,,,,0.90,0,0,,0.00,0.00,0,0.00,
ARCHIVED,floor mat gmc sierra,PHRASE,CAMPAIGN_ARCHIVED,,,,0.90,1,0,0,0.00,0.00,0,0.00,
ARCHIVED,shower floor mat non slip,PHRASE,CAMPAIGN_ARCHIVED,,,,0.90,14,0,0,0.00,0.00,0,0.00,
ARCHIVED,floor mat non slip,PHRASE,CAMPAIGN_ARCHIVED,,,,0.90,0,0,,0.00,0.00,0,0.00,
ARCHIVED,floor mat nissan frontier 2011,PHRASE,CAMPAIGN_ARCHIVED,,,,0.90,0,0,,0.00,0.00,0,0.00,
ARCHIVED,floor mat nap,PHRASE,CAMPAIGN_ARCHIVED,,,,0.90,0,0,,0.00,0.00,0,0.00,
ARCHIVED,floor mat noise,PHRASE,CAMPAIGN_ARCHIVED,,,,0.90,5,0,0,0.00,0.00,0,0.00,
ARCHIVED,floor mat nissan altima 2016,PHRASE,CAMPAIGN_ARCHIVED,,,,0.90,0,0,,0.00,0.00,0,0.00,
ARCHIVED,floor mat restaurant,PHRASE,CAMPAIGN_ARCHIVED,,,,0.90,0,0,,0.00,0.00,0,0.00,
ARCHIVED,floor mat retainer,PHRASE,CAMPAIGN_ARCHIVED,,,,0.90,36,0,0,0.00,0.00,0,0.00,
ARCHIVED,floor mat rubber,PHRASE,CAMPAIGN_ARCHIVED,,,,0.90,0,0,,0.00,0.00,0,0.00,
ARCHIVED,floor mat runners for the home,PHRASE,CAMPAIGN_ARCHIVED,,,,0.90,0,0,,0.00,0.00,0,0.00,
ARCHIVED,floor mat room,PHRASE,CAMPAIGN_ARCHIVED,,,,0.90,7,0,0,0.00,0.00,0,0.00,
ARCHIVED,floor mat roll,PHRASE,CAMPAIGN_ARCHIVED,,,,0.90,6,0,0,0.00,0.00,0,0.00,
ARCHIVED,floor mat rubber non slip,PHRASE,CAMPAIGN_ARCHIVED,,,,0.90,3,0,0,0.00,0.00,0,0.00,
ARCHIVED,floor mat rolling chair carpet,PHRASE,CAMPAIGN_ARCHIVED,,,,0.90,0,0,,0.00,0.00,0,0.00,
ARCHIVED,floor mat queen,PHRASE,CAMPAIGN_ARCHIVED,,,,0.90,2,0,0,0.00,0.00,0,0.00,
ARCHIVED,floor mat medium pile,PHRASE,CAMPAIGN_ARCHIVED,,,,0.90,0,0,,0.00,0.00,0,0.00,
ARCHIVED,floor mat mercedes benz,PHRASE,CAMPAIGN_ARCHIVED,,,,0.90,0,0,,0.00,0.00,0,0.00,
ARCHIVED,floor mat material,PHRASE,CAMPAIGN_ARCHIVED,,,,0.90,25,0,0,0.00,0.00,0,0.00,
ARCHIVED,maxspider floor mat model 3,PHRASE,CAMPAIGN_ARCHIVED,,,,0.90,5,0,0,0.00,0.00,0,0.00,
ARCHIVED,floor mat model 3,PHRASE,CAMPAIGN_ARCHIVED,,,,0.90,10,0,0,0.00,0.00,0,0.00,
ARCHIVED,floor mat mattress,PHRASE,CAMPAIGN_ARCHIVED,,,,0.90,3,0,0,0.00,0.00,0,0.00,
ARCHIVED,floor mat mercedes,PHRASE,CAMPAIGN_ARCHIVED,,,,0.90,0,0,,0.00,0.00,0,0.00,
ARCHIVED,floor mat massage,PHRASE,CAMPAIGN_ARCHIVED,,,,0.90,0,0,,0.00,0.00,0,0.00,
ARCHIVED,floor mat standing desk,PHRASE,CAMPAIGN_ARCHIVED,,,,0.90,0,0,,0.00,0.00,0,0.00,
ARCHIVED,floor mat squares,PHRASE,CAMPAIGN_ARCHIVED,,,,0.90,5,0,0,0.00,0.00,0,0.00,
ARCHIVED,floor mat set,PHRASE,CAMPAIGN_ARCHIVED,,,,0.90,47,0,0,0.00,0.00,0,0.00,
ARCHIVED,floor mat sleeping,PHRASE,CAMPAIGN_ARCHIVED,,,,0.90,4,0,0,0.00,0.00,0,0.00,
ARCHIVED,floor mat sticky pad,PHRASE,CAMPAIGN_ARCHIVED,,,,0.90,0,0,,0.00,0.00,0,0.00,
ARCHIVED,floor mat stand up desk,PHRASE,CAMPAIGN_ARCHIVED,,,,0.90,0,0,,0.00,0.00,0,0.00,
ARCHIVED,floor mat suv,PHRASE,CAMPAIGN_ARCHIVED,,,,0.90,49,0,0,0.00,0.00,0,0.00,
ARCHIVED,floor mat snow,PHRASE,CAMPAIGN_ARCHIVED,,,,0.90,0,0,,0.00,0.00,0,0.00,
ARCHIVED,floor mat under high chair,PHRASE,CAMPAIGN_ARCHIVED,,,,0.90,40,0,0,0.00,0.00,0,0.00,
ARCHIVED,floor mat under office chair,PHRASE,CAMPAIGN_ARCHIVED,,,,0.90,0,0,,0.00,0.00,0,0.00,
ARCHIVED,floor mat under highchair,PHRASE,CAMPAIGN_ARCHIVED,,,,0.90,1,0,0,0.00,0.00,0,0.00,
ARCHIVED,floor mat under desk chair,PHRASE,CAMPAIGN_ARCHIVED,,,,0.90,0,0,,0.00,0.00,0,0.00,
ARCHIVED,floor mat under dog crate,PHRASE,CAMPAIGN_ARCHIVED,,,,0.90,0,0,,0.00,0.00,0,0.00,
ARCHIVED,floor mat under desk,PHRASE,CAMPAIGN_ARCHIVED,,,,0.90,0,0,,0.00,0.00,0,0.00,
ARCHIVED,floor mat under treadmill,PHRASE,CAMPAIGN_ARCHIVED,,,,0.90,1,0,0,0.00,0.00,0,0.00,
ARCHIVED,floor mat under sink,PHRASE,CAMPAIGN_ARCHIVED,,,,0.90,16,0,0,0.00,0.00,0,0.00,
ARCHIVED,floor mat under dining table,PHRASE,CAMPAIGN_ARCHIVED,,,,0.90,0,0,,0.00,0.00,0,0.00,
ARCHIVED,floor mat under rug,PHRASE,CAMPAIGN_ARCHIVED,,,,0.90,0,0,,0.00,0.00,0,0.00,
ARCHIVED,floor mat office chair hardwood,PHRASE,CAMPAIGN_ARCHIVED,,,,0.90,0,0,,0.00,0.00,0,0.00,
ARCHIVED,floor mat office chair carpet,PHRASE,CAMPAIGN_ARCHIVED,,,,0.90,0,0,,0.00,0.00,0,0.00,
ARCHIVED,floor mat outdoor,PHRASE,CAMPAIGN_ARCHIVED,,,,0.90,10,0,0,0.00,0.00,0,0.00,
ARCHIVED,floor mat office standing,PHRASE,CAMPAIGN_ARCHIVED,,,,0.90,0,0,,0.00,0.00,0,0.00,
ARCHIVED,floor mat ocean,PHRASE,CAMPAIGN_ARCHIVED,,,,0.90,15,0,0,0.00,0.00,0,0.00,
ARCHIVED,floor mat odyssey 2019,PHRASE,CAMPAIGN_ARCHIVED,,,,0.90,15,0,0,0.00,0.00,0,0.00,
ARCHIVED,floor mat outside,PHRASE,CAMPAIGN_ARCHIVED,,,,0.90,3,0,0,0.00,0.00,0,0.00,
ARCHIVED,floor mat office chair,PHRASE,CAMPAIGN_ARCHIVED,,,,0.90,0,0,,0.00,0.00,0,0.00,
ARCHIVED,floor mat outdoor cute,PHRASE,CAMPAIGN_ARCHIVED,,,,0.90,0,0,,0.00,0.00,0,0.00,
ARCHIVED,floor mat or 2019 honda pilot,PHRASE,CAMPAIGN_ARCHIVED,,,,0.90,0,0,,0.00,0.00,0,0.00,
ARCHIVED,floor mat piano for kids,PHRASE,CAMPAIGN_ARCHIVED,,,,0.90,0,0,,0.00,0.00,0,0.00,
ARCHIVED,abc floor mat puzzle,PHRASE,CAMPAIGN_ARCHIVED,,,,0.90,343,0,0,0.00,0.00,0,0.00,
ARCHIVED,floor mat puzzle,PHRASE,CAMPAIGN_ARCHIVED,,,,0.90,41,0,0,0.00,0.00,0,0.00,
ARCHIVED,floor mat protector for hard wood,PHRASE,CAMPAIGN_ARCHIVED,,,,0.90,0,0,,0.00,0.00,0,0.00,
ARCHIVED,floor mat plastic,PHRASE,CAMPAIGN_ARCHIVED,,,,0.90,3,0,0,0.00,0.00,0,0.00,
ARCHIVED,floor mat protectors for cars,PHRASE,CAMPAIGN_ARCHIVED,,,,0.90,2,0,0,0.00,0.00,0,0.00,
ARCHIVED,floor mat puzzle for kids,PHRASE,CAMPAIGN_ARCHIVED,,,,0.90,0,0,,0.00,0.00,0,0.00,
ARCHIVED,floor mat pacifica hybrid,PHRASE,CAMPAIGN_ARCHIVED,,,,0.90,2,0,0,0.00,0.00,0,0.00,
ARCHIVED,floor mat padded,PHRASE,CAMPAIGN_ARCHIVED,,,,0.90,2,0,0,0.00,0.00,0,0.00,
ARCHIVED,floor mat tiles,PHRASE,CAMPAIGN_ARCHIVED,,,,0.90,3,0,0,0.00,0.00,0,0.00,
ARCHIVED,floor mat tape,PHRASE,CAMPAIGN_ARCHIVED,,,,0.90,1,0,0,0.00,0.00,0,0.00,
ARCHIVED,floor mat to cover cords,PHRASE,CAMPAIGN_ARCHIVED,,,,0.90,0,0,,0.00,0.00,0,0.00,
ARCHIVED,floor mat toyota rav4 2018,PHRASE,CAMPAIGN_ARCHIVED,,,,0.90,0,0,,0.00,0.00,0,0.00,
ARCHIVED,floor mat truck,PHRASE,CAMPAIGN_ARCHIVED,,,,0.90,23,0,0,0.00,0.00,0,0.00,
ARCHIVED,floor mat thanksgiving,PHRASE,CAMPAIGN_ARCHIVED,,,,0.90,0,0,,0.00,0.00,0,0.00,
ARCHIVED,floor mat toddler,PHRASE,CAMPAIGN_ARCHIVED,,,,0.90,9,0,0,0.00,0.00,0,0.00,
ARCHIVED,floor mat to protect hardwood floor,PHRASE,CAMPAIGN_ARCHIVED,,,,0.90,0,0,,0.00,0.00,0,0.00,
ARCHIVED,floor mat ten frame,PHRASE,CAMPAIGN_ARCHIVED,,,,0.90,0,0,,0.00,0.00,0,0.00,
ARCHIVED,floor mat to lay on,PHRASE,CAMPAIGN_ARCHIVED,,,,0.90,0,0,,0.00,0.00,0,0.00,
ARCHIVED,floor mat yoga,PHRASE,CAMPAIGN_ARCHIVED,,,,0.90,38,0,0,0.00,0.00,0,0.00,
ARCHIVED,floor mat yukon,PHRASE,CAMPAIGN_ARCHIVED,,,,0.90,17,0,0,0.00,0.00,0,0.00,
ARCHIVED,floor mat yukon xl,PHRASE,CAMPAIGN_ARCHIVED,,,,0.90,3,0,0,0.00,0.00,0,0.00,
ARCHIVED,floor mat vinyl,PHRASE,CAMPAIGN_ARCHIVED,,,,0.90,5,0,0,0.00,0.00,0,0.00,
ARCHIVED,floor mat velcro,PHRASE,CAMPAIGN_ARCHIVED,,,,0.90,29,0,0,0.00,0.00,0,0.00,
ARCHIVED,floor mat van,PHRASE,CAMPAIGN_ARCHIVED,,,,0.90,7,0,0,0.00,0.00,0,0.00,
ARCHIVED,floor mat velcro holder,PHRASE,CAMPAIGN_ARCHIVED,,,,0.90,0,0,,0.00,0.00,0,0.00,
ARCHIVED,floor mat vw 1959,PHRASE,CAMPAIGN_ARCHIVED,,,,0.90,0,0,,0.00,0.00,0,0.00,
ARCHIVED,floor mat vaccum,PHRASE,CAMPAIGN_ARCHIVED,,,,0.90,0,0,,0.00,0.00,0,0.00,
ARCHIVED,floor mat vw,PHRASE,CAMPAIGN_ARCHIVED,,,,0.90,0,0,,0.00,0.00,0,0.00,
ARCHIVED,floor mat volvo,PHRASE,CAMPAIGN_ARCHIVED,,,,0.90,1,0,0,0.00,0.00,0,0.00,
ARCHIVED,floor mat volvo xc90,PHRASE,CAMPAIGN_ARCHIVED,,,,0.90,0,0,,0.00,0.00,0,0.00,
ARCHIVED,floor mat video game,PHRASE,CAMPAIGN_ARCHIVED,,,,0.90,0,0,,0.00,0.00,0,0.00,
ARCHIVED,floor mat x5,PHRASE,CAMPAIGN_ARCHIVED,,,,0.90,2,0,0,0.00,0.00,0,0.00,
ARCHIVED,floor mat wood grain,PHRASE,CAMPAIGN_ARCHIVED,,,,0.90,20,0,0,0.00,0.00,0,0.00,
ARCHIVED,floor mat with lip,PHRASE,CAMPAIGN_ARCHIVED,,,,0.90,0,0,,0.00,0.00,0,0.00,
ARCHIVED,floor mat water proof,PHRASE,CAMPAIGN_ARCHIVED,,,,0.90,4,0,0,0.00,0.00,0,0.00,
ARCHIVED,floor mat with schnauzer,PHRASE,CAMPAIGN_ARCHIVED,,,,0.90,0,0,,0.00,0.00,0,0.00,
ARCHIVED,floor mat with alarm,PHRASE,CAMPAIGN_ARCHIVED,,,,0.90,0,0,,0.00,0.00,0,0.00,
ARCHIVED,floor mat workout,PHRASE,CAMPAIGN_ARCHIVED,,,,0.90,3,0,0,0.00,0.00,0,0.00,
ARCHIVED,floor mat water absorbent,PHRASE,CAMPAIGN_ARCHIVED,,,,0.90,0,0,,0.00,0.00,0,0.00,
ARCHIVED,floor mat waterproof,PHRASE,CAMPAIGN_ARCHIVED,,,,0.90,58,0,0,0.00,0.00,0,0.00,
ARCHIVED,floor mat water,PHRASE,CAMPAIGN_ARCHIVED,,,,0.90,2,0,0,0.00,0.00,0,0.00,
ARCHIVED,floor mat with grip,PHRASE,CAMPAIGN_ARCHIVED,,,,0.90,5,0,0,0.00,0.00,0,0.00,
ARCHIVED,bmw z4 floor mats,PHRASE,CAMPAIGN_ARCHIVED,,,,0.90,0,0,,0.00,0.00,0,0.00,
ARCHIVED,bmw z3 floor mats,PHRASE,CAMPAIGN_ARCHIVED,,,,0.90,0,0,,0.00,0.00,0,0.00,
ARCHIVED,z71 floor mats,PHRASE,CAMPAIGN_ARCHIVED,,,,0.90,13,0,0,0.00,0.00,0,0.00,
ARCHIVED,floor mats for office chairs on carpet,PHRASE,CAMPAIGN_ARCHIVED,,,,0.90,0,0,,0.00,0.00,0,0.00,
ARCHIVED,floor mats for office carpet,PHRASE,CAMPAIGN_ARCHIVED,,,,0.90,0,0,,0.00,0.00,0,0.00,
ARCHIVED,floor mats for office hardwood floor,PHRASE,CAMPAIGN_ARCHIVED,,,,0.90,0,0,,0.00,0.00,0,0.00,
ARCHIVED,floor mats for office chairs on hardwood floors,PHRASE,CAMPAIGN_ARCHIVED,,,,0.90,0,0,,0.00,0.00,0,0.00,
ARCHIVED,floor mats for office chairs on laminate,PHRASE,CAMPAIGN_ARCHIVED,,,,0.90,0,0,,0.00,0.00,0,0.00,
ARCHIVED,floor mats for office chairs,PHRASE,CAMPAIGN_ARCHIVED,,,,0.90,0,0,,0.00,0.00,0,0.00,
ARCHIVED,floor mats for office standing desk,PHRASE,CAMPAIGN_ARCHIVED,,,,0.90,0,0,,0.00,0.00,0,0.00,
ARCHIVED,floor mats for office round,PHRASE,CAMPAIGN_ARCHIVED,,,,0.90,0,0,,0.00,0.00,0,0.00,
ARCHIVED,exercise floor mats for home gym,PHRASE,CAMPAIGN_ARCHIVED,,,,0.90,0,0,,0.00,0.00,0,0.00,
ARCHIVED,rubber floor mats for home,PHRASE,CAMPAIGN_ARCHIVED,,,,0.90,0,0,,0.00,0.00,0,0.00,
ARCHIVED,indoor floor mats for home,PHRASE,CAMPAIGN_ARCHIVED,,,,0.90,0,0,,0.00,0.00,0,0.00,
ARCHIVED,floor mats for home entrance,PHRASE,CAMPAIGN_ARCHIVED,,,,0.90,0,0,,0.00,0.00,0,0.00,
ARCHIVED,outdoor floor mats for home,PHRASE,CAMPAIGN_ARCHIVED,,,,0.90,1,0,0,0.00,0.00,0,0.00,
ARCHIVED,floor mats for home large,PHRASE,CAMPAIGN_ARCHIVED,,,,0.90,0,0,,0.00,0.00,0,0.00,
ARCHIVED,floor mats for home office chair,PHRASE,CAMPAIGN_ARCHIVED,,,,0.90,0,0,,0.00,0.00,0,0.00,
ARCHIVED,floor mats for home welcome,PHRASE,CAMPAIGN_ARCHIVED,,,,0.90,0,0,,0.00,0.00,0,0.00,
ARCHIVED,floor mats for home office,PHRASE,CAMPAIGN_ARCHIVED,,,,0.90,6,0,0,0.00,0.00,0,0.00,
ARCHIVED,floor mat for office chair wood floor with lip,PHRASE,CAMPAIGN_ARCHIVED,,,,0.90,0,0,,0.00,0.00,0,0.00,
ARCHIVED,floor mat for office chair wood floor large,PHRASE,CAMPAIGN_ARCHIVED,,,,0.90,0,0,,0.00,0.00,0,0.00,
ARCHIVED,floor mat for office chair wood floor 60,PHRASE,CAMPAIGN_ARCHIVED,,,,0.90,0,0,,0.00,0.00,0,0.00,
ARCHIVED,floor mat for office chair wood floor black,PHRASE,CAMPAIGN_ARCHIVED,,,,0.90,0,0,,0.00,0.00,0,0.00,
ARCHIVED,floor mat for office chair wood floor 48x48,PHRASE,CAMPAIGN_ARCHIVED,,,,0.90,0,0,,0.00,0.00,0,0.00,
ARCHIVED,foam floor mats for kids,PHRASE,CAMPAIGN_ARCHIVED,,,,0.90,0,0,,0.00,0.00,0,0.00,
ARCHIVED,padded floor mats for kids,PHRASE,CAMPAIGN_ARCHIVED,,,,0.90,0,0,,0.00,0.00,0,0.00,
ARCHIVED,floor mats for kids eating,PHRASE,CAMPAIGN_ARCHIVED,,,,0.90,0,0,,0.00,0.00,0,0.00,
ARCHIVED,soft floor mats for kids,PHRASE,CAMPAIGN_ARCHIVED,,,,0.90,0,0,,0.00,0.00,0,0.00,
ARCHIVED,floor mats for kids cars,PHRASE,CAMPAIGN_ARCHIVED,,,,0.90,0,0,,0.00,0.00,0,0.00,
ARCHIVED,floor mats for kids non toxic extra thick,PHRASE,CAMPAIGN_ARCHIVED,,,,0.90,0,0,,0.00,0.00,0,0.00,
ARCHIVED,floor mats for kids non toxic,PHRASE,CAMPAIGN_ARCHIVED,,,,0.90,0,0,,0.00,0.00,0,0.00,
ARCHIVED,floor mats for kids letters,PHRASE,CAMPAIGN_ARCHIVED,,,,0.90,0,0,,0.00,0.00,0,0.00,
ARCHIVED,floor mats for kids large,PHRASE,CAMPAIGN_ARCHIVED,,,,0.90,0,0,,0.00,0.00,0,0.00,
ARCHIVED,floor mattress queen,PHRASE,CAMPAIGN_ARCHIVED,,,,0.90,0,0,,0.00,0.00,0,0.00,
ARCHIVED,floor mattress for kids,PHRASE,CAMPAIGN_ARCHIVED,,,,0.90,0,0,,0.00,0.00,0,0.00,
ARCHIVED,floor mattress twin,PHRASE,CAMPAIGN_ARCHIVED,,,,0.90,0,0,,0.00,0.00,0,0.00,
ARCHIVED,japanese floor mattress,PHRASE,CAMPAIGN_ARCHIVED,,,,0.90,0,0,,0.00,0.00,0,0.00,
ARCHIVED,folding floor mattress,PHRASE,CAMPAIGN_ARCHIVED,,,,0.90,0,0,,0.00,0.00,0,0.00,
ARCHIVED,floor mattress pad,PHRASE,CAMPAIGN_ARCHIVED,,,,0.90,0,0,,0.00,0.00,0,0.00,
ARCHIVED,floor mattress for adults,PHRASE,CAMPAIGN_ARCHIVED,,,,0.90,0,0,,0.00,0.00,0,0.00,
ARCHIVED,floor mattress full,PHRASE,CAMPAIGN_ARCHIVED,,,,0.90,0,0,,0.00,0.00,0,0.00,
ARCHIVED,floor mat for office chair carpet black,PHRASE,CAMPAIGN_ARCHIVED,,,,0.90,0,0,,0.00,0.00,0,0.00,
ARCHIVED,floor mat for office chair carpet for thick carpet,PHRASE,CAMPAIGN_ARCHIVED,,,,0.90,0,0,,0.00,0.00,0,0.00,
ARCHIVED,floor mattress for sleep queen,PHRASE,CAMPAIGN_ARCHIVED,,,,0.90,0,0,,0.00,0.00,0,0.00,
ARCHIVED,floor mattress for sleep for adults,PHRASE,CAMPAIGN_ARCHIVED,,,,0.90,0,0,,0.00,0.00,0,0.00,
ARCHIVED,floor mattress for sleep full,PHRASE,CAMPAIGN_ARCHIVED,,,,0.90,0,0,,0.00,0.00,0,0.00,
ARCHIVED,floor mattress for sleep king size,PHRASE,CAMPAIGN_ARCHIVED,,,,0.90,0,0,,0.00,0.00,0,0.00,
ARCHIVED,floor mattress for sleeping,PHRASE,CAMPAIGN_ARCHIVED,,,,0.90,0,0,,0.00,0.00,0,0.00,
ARCHIVED,floor mattress for sleep full size,PHRASE,CAMPAIGN_ARCHIVED,,,,0.90,0,0,,0.00,0.00,0,0.00,
ARCHIVED,floor mattress for sleep king,PHRASE,CAMPAIGN_ARCHIVED,,,,0.90,0,0,,0.00,0.00,0,0.00,
ARCHIVED,floor mattress for sleep twin,PHRASE,CAMPAIGN_ARCHIVED,,,,0.90,0,0,,0.00,0.00,0,0.00,
ARCHIVED,floor mattress for sleep best,PHRASE,CAMPAIGN_ARCHIVED,,,,0.90,0,0,,0.00,0.00,0,0.00,
ARCHIVED,hallway mat,PHRASE,CAMPAIGN_ARCHIVED,,,,0.90,25,0,0,0.00,0.00,0,0.00,
ARCHIVED,shower mat light grey,PHRASE,CAMPAIGN_ARCHIVED,,,,0.90,0,0,,0.00,0.00,0,0.00,
ARCHIVED,shower mat low profile,PHRASE,CAMPAIGN_ARCHIVED,,,,0.90,6,0,0,0.00,0.00,0,0.00,
ARCHIVED,shower mat kids,PHRASE,CAMPAIGN_ARCHIVED,,,,0.90,0,0,,0.00,0.00,0,0.00,
ARCHIVED,shower mat kids non slip,PHRASE,CAMPAIGN_ARCHIVED,,,,0.90,0,0,,0.00,0.00,0,0.00,
ARCHIVED,japanese shower mat,PHRASE,CAMPAIGN_ARCHIVED,,,,0.90,4,0,0,0.00,0.00,0,0.00,
ARCHIVED,jnsm loofah shower mat,PHRASE,CAMPAIGN_ARCHIVED,,,,0.90,23,0,0,0.00,0.00,0,0.00,
ARCHIVED,jumbo shower mat,PHRASE,CAMPAIGN_ARCHIVED,,,,0.90,0,0,,0.00,0.00,0,0.00,
ARCHIVED,shower mat hole in middle,PHRASE,CAMPAIGN_ARCHIVED,,,,0.90,0,0,,0.00,0.00,0,0.00,
ARCHIVED,shower mat hanger,PHRASE,CAMPAIGN_ARCHIVED,,,,0.90,0,0,,0.00,0.00,0,0.00,
ARCHIVED,shower mat hair catcher,PHRASE,CAMPAIGN_ARCHIVED,,,,0.90,7,0,0,0.00,0.00,0,0.00,
ARCHIVED,shower mat holder,PHRASE,CAMPAIGN_ARCHIVED,,,,0.90,0,0,,0.00,0.00,0,0.00,
ARCHIVED,shower mat hook,PHRASE,CAMPAIGN_ARCHIVED,,,,0.90,0,0,,0.00,0.00,0,0.00,
ARCHIVED,shower mat holes with,PHRASE,CAMPAIGN_ARCHIVED,,,,0.90,0,0,,0.00,0.00,0,0.00,
ARCHIVED,shower mat halloween,PHRASE,CAMPAIGN_ARCHIVED,,,,0.90,2,0,0,0.00,0.00,0,0.00,
ARCHIVED,shower mat hair,PHRASE,CAMPAIGN_ARCHIVED,,,,0.90,1,0,0,0.00,0.00,0,0.00,
ARCHIVED,shower mat clear,PHRASE,CAMPAIGN_ARCHIVED,,,,0.90,2,0,0,0.00,0.00,0,0.00,
ARCHIVED,shower mat circle,PHRASE,CAMPAIGN_ARCHIVED,,,,0.90,0,0,,0.00,0.00,0,0.00,
ARCHIVED,shower mat cotton,PHRASE,CAMPAIGN_ARCHIVED,,,,0.90,0,0,,0.00,0.00,0,0.00,
ARCHIVED,shower mat cream,PHRASE,CAMPAIGN_ARCHIVED,,,,0.90,0,0,,0.00,0.00,0,0.00,
ARCHIVED,shower mat clear pebbles,PHRASE,CAMPAIGN_ARCHIVED,,,,0.90,0,0,,0.00,0.00,0,0.00,
ARCHIVED,shower mat cushion,PHRASE,CAMPAIGN_ARCHIVED,,,,0.90,0,0,,0.00,0.00,0,0.00,