﻿State,Keyword,Match type,Status,Suggested bid (low)(USD),Suggested bid (median)(USD),Suggested bid (high)(USD),Keyword bid(USD),Impressions,Clicks,CTR(%),Spend(USD),CPC(USD),Orders,Sales(USD),ACOS(%)
ARCHIVED,kitchen rug,PHRASE,CAMPAIGN_ARCHIVED,,,,0.90,949,18,1.8967,11.33,0.63,0,0.00,
ARCHIVED,bedroom,BROAD,CAMPAIGN_ARCHIVED,,,,0.90,2438,20,0.8203,10.79,0.54,0,0.00,
ARCHIVED,kitchen,BROAD,CAMPAIGN_ARCHIVED,,,,0.90,1251,19,1.5188,8.61,0.45,1,58.59,14.6953
ARCHIVED,rugs,BROAD,CAMPAIGN_ARCHIVED,,,,0.90,1582,11,0.6953,6.77,0.62,0,0.00,
ARCHIVED,entryway,BROAD,CAMPAIGN_ARCHIVED,,,,0.90,626,9,1.4377,5.67,0.63,0,0.00,
ARCHIVED,runners,BROAD,CAMPAIGN_ARCHIVED,,,,0.90,1039,10,0.9625,5.36,0.54,0,0.00,
ARCHIVED,kitchen mat,PHRASE,CAMPAIGN_ARCHIVED,,,,0.90,522,7,1.341,4.41,0.63,0,0.00,
ARCHIVED,rug runners,PHRASE,CAMPAIGN_ARCHIVED,,,,0.90,489,5,1.0225,2.57,0.51,0,0.00,
ARCHIVED,anti fatigue mat kitchen,BROAD,CAMPAIGN_ARCHIVED,,,,0.90,267,3,1.1236,2.11,0.70,0,0.00,
ARCHIVED,kitchen carpet,BROAD,CAMPAIGN_ARCHIVED,,,,0.90,98,3,3.0612,1.93,0.64,0,0.00,
ARCHIVED,kitchen runner,BROAD,CAMPAIGN_ARCHIVED,,,,0.90,147,3,2.0408,1.80,0.60,0,0.00,
ARCHIVED,kitchen rug non skid,PHRASE,CAMPAIGN_ARCHIVED,,,,0.90,138,3,2.1739,1.55,0.52,0,0.00,
ARCHIVED,runner rug,PHRASE,CAMPAIGN_ARCHIVED,,,,0.90,671,3,0.4471,1.49,0.50,0,0.00,
ARCHIVED,kitchen mat,BROAD,CAMPAIGN_ARCHIVED,,,,0.90,570,2,0.3509,1.42,0.71,0,0.00,
ARCHIVED,runner rug non skid,PHRASE,CAMPAIGN_ARCHIVED,,,,0.90,12,3,25,1.36,0.45,1,58.89,2.3094
ARCHIVED,long,BROAD,CAMPAIGN_ARCHIVED,,,,0.90,220,2,0.9091,1.21,0.61,0,0.00,
ARCHIVED,kitchen rugs and mats,PHRASE,CAMPAIGN_ARCHIVED,,,,0.90,132,3,2.2727,1.19,0.40,0,0.00,
ARCHIVED,mat,BROAD,CAMPAIGN_ARCHIVED,,,,0.90,379,2,0.5277,1.06,0.53,0,0.00,
ARCHIVED,kitchen mat or rug,PHRASE,CAMPAIGN_ARCHIVED,,,,0.90,55,2,3.6364,1.00,0.50,0,0.00,
ARCHIVED,kitchen rug or runner,PHRASE,CAMPAIGN_ARCHIVED,,,,0.90,31,2,6.4516,0.98,0.49,0,0.00,
ARCHIVED,kitchen rugs,BROAD,CAMPAIGN_ARCHIVED,,,,0.90,354,2,0.565,0.94,0.47,0,0.00,
ARCHIVED,kitchen mat cushioned,PHRASE,CAMPAIGN_ARCHIVED,,,,0.90,66,1,1.5152,0.80,0.80,0,0.00,
ARCHIVED,kitchen mat green,PHRASE,CAMPAIGN_ARCHIVED,,,,0.90,5,1,20,0.80,0.80,0,0.00,
ARCHIVED,floor mat,PHRASE,CAMPAIGN_ARCHIVED,,,,0.90,69,1,1.4493,0.80,0.80,0,0.00,
ARCHIVED,kitchen floor mat set,PHRASE,CAMPAIGN_ARCHIVED,,,,0.90,6,1,16.6667,0.79,0.79,1,58.89,1.3415
ARCHIVED,throw rugs,BROAD,CAMPAIGN_ARCHIVED,,,,0.90,365,2,0.5479,0.74,0.37,0,0.00,
ARCHIVED,anti fatigue mat,BROAD,CAMPAIGN_ARCHIVED,,,,0.90,136,2,1.4706,0.64,0.32,0,0.00,
ARCHIVED,kitchen mat nicole miller,PHRASE,CAMPAIGN_ARCHIVED,,,,0.90,1,1,100,0.60,0.60,0,0.00,
ARCHIVED,kitchen rug grey white,PHRASE,CAMPAIGN_ARCHIVED,,,,0.90,3,1,33.3333,0.60,0.60,0,0.00,
ARCHIVED,kitchen rug gray non skid,PHRASE,CAMPAIGN_ARCHIVED,,,,0.90,4,1,25,0.58,0.58,0,0.00,
ARCHIVED,runner rug set,PHRASE,CAMPAIGN_ARCHIVED,,,,0.90,21,1,4.7619,0.50,0.50,0,0.00,
ARCHIVED,kitchen mat rubber backing,PHRASE,CAMPAIGN_ARCHIVED,,,,0.90,1,1,100,0.49,0.49,0,0.00,
ARCHIVED,kitchen mat half round,PHRASE,CAMPAIGN_ARCHIVED,,,,0.90,2,1,50,0.49,0.49,0,0.00,
ARCHIVED,kitchen rug anti fatigue,PHRASE,CAMPAIGN_ARCHIVED,,,,0.90,12,1,8.3333,0.48,0.48,0,0.00,
ARCHIVED,kitchen rug wine theme,PHRASE,CAMPAIGN_ARCHIVED,,,,0.90,10,1,10,0.35,0.35,0,0.00,
ARCHIVED,kitchen rugs and mats sets,PHRASE,CAMPAIGN_ARCHIVED,,,,0.90,10,1,10,0.15,0.15,0,0.00,
ARCHIVED,kitchen mat coffee theme,PHRASE,CAMPAIGN_ARCHIVED,,,,0.90,2,1,50,0.13,0.13,0,0.00,
ARCHIVED,kitchen mat machine washable,PHRASE,CAMPAIGN_ARCHIVED,,,,0.90,0,0,,0.00,0.00,0,0.00,
ARCHIVED,kitchen mat microfiber,PHRASE,CAMPAIGN_ARCHIVED,,,,0.90,0,0,,0.00,0.00,0,0.00,
ARCHIVED,kitchen mat measurements,PHRASE,CAMPAIGN_ARCHIVED,,,,0.90,0,0,,0.00,0.00,0,0.00,
ARCHIVED,kitchen mat mickey,PHRASE,CAMPAIGN_ARCHIVED,,,,0.90,0,0,,0.00,0.00,0,0.00,
ARCHIVED,kitchen mat memory foam decorative,PHRASE,CAMPAIGN_ARCHIVED,,,,0.90,4,0,0,0.00,0.00,0,0.00,
ARCHIVED,zulay kitchen plastic cutting mat set,PHRASE,CAMPAIGN_ARCHIVED,,,,0.90,0,0,,0.00,0.00,0,0.00,
ARCHIVED,kitchen zone baking mat,PHRASE,CAMPAIGN_ARCHIVED,,,,0.90,0,0,,0.00,0.00,0,0.00,
ARCHIVED,kitchen mat teal,PHRASE,CAMPAIGN_ARCHIVED,,,,0.90,0,0,,0.00,0.00,0,0.00,
ARCHIVED,kitchen mat tan,PHRASE,CAMPAIGN_ARCHIVED,,,,0.90,0,0,,0.00,0.00,0,0.00,
ARCHIVED,kitchen mat turquoise,PHRASE,CAMPAIGN_ARCHIVED,,,,0.90,0,0,,0.00,0.00,0,0.00,
ARCHIVED,kitchen mat tribal,PHRASE,CAMPAIGN_ARCHIVED,,,,0.90,0,0,,0.00,0.00,0,0.00,
ARCHIVED,kitchen mat trellis,PHRASE,CAMPAIGN_ARCHIVED,,,,0.90,0,0,,0.00,0.00,0,0.00,
ARCHIVED,kitchen mat thanksgiving,PHRASE,CAMPAIGN_ARCHIVED,,,,0.90,0,0,,0.00,0.00,0,0.00,
ARCHIVED,kitchen mat thug life,PHRASE,CAMPAIGN_ARCHIVED,,,,0.90,0,0,,0.00,0.00,0,0.00,
ARCHIVED,kitchen mat tropical,PHRASE,CAMPAIGN_ARCHIVED,,,,0.90,0,0,,0.00,0.00,0,0.00,
ARCHIVED,kitchen mat taupe,PHRASE,CAMPAIGN_ARCHIVED,,,,0.90,0,0,,0.00,0.00,0,0.00,
ARCHIVED,kitchen mat table,PHRASE,CAMPAIGN_ARCHIVED,,,,0.90,0,0,,0.00,0.00,0,0.00,
ARCHIVED,kitchen mat set,PHRASE,CAMPAIGN_ARCHIVED,,,,0.90,40,0,0,0.00,0.00,0,0.00,
ARCHIVED,kitchen mat sets for floor,PHRASE,CAMPAIGN_ARCHIVED,,,,0.90,0,0,,0.00,0.00,0,0.00,
ARCHIVED,kitchen mat sets for floor 3 piece,PHRASE,CAMPAIGN_ARCHIVED,,,,0.90,0,0,,0.00,0.00,0,0.00,
ARCHIVED,kitchen mat set of 2,PHRASE,CAMPAIGN_ARCHIVED,,,,0.90,2,0,0,0.00,0.00,0,0.00,
ARCHIVED,kitchen mat sea,PHRASE,CAMPAIGN_ARCHIVED,,,,0.90,0,0,,0.00,0.00,0,0.00,
ARCHIVED,kitchen mat sink,PHRASE,CAMPAIGN_ARCHIVED,,,,0.90,0,0,,0.00,0.00,0,0.00,
ARCHIVED,kitchen mat sky,PHRASE,CAMPAIGN_ARCHIVED,,,,0.90,0,0,,0.00,0.00,0,0.00,
ARCHIVED,kitchen mat small,PHRASE,CAMPAIGN_ARCHIVED,,,,0.90,1,0,0,0.00,0.00,0,0.00,
ARCHIVED,kitchen mat sunflower,PHRASE,CAMPAIGN_ARCHIVED,,,,0.90,0,0,,0.00,0.00,0,0.00,
ARCHIVED,kitchen mat sayings,PHRASE,CAMPAIGN_ARCHIVED,,,,0.90,0,0,,0.00,0.00,0,0.00,
ARCHIVED,kitchen mat under sink,PHRASE,CAMPAIGN_ARCHIVED,,,,0.90,0,0,,0.00,0.00,0,0.00,
ARCHIVED,kitchen mat under 10,PHRASE,CAMPAIGN_ARCHIVED,,,,0.90,2,0,0,0.00,0.00,0,0.00,
ARCHIVED,kitchen mat utensils,PHRASE,CAMPAIGN_ARCHIVED,,,,0.90,0,0,,0.00,0.00,0,0.00,
ARCHIVED,kitchen mat unique,PHRASE,CAMPAIGN_ARCHIVED,,,,0.90,0,0,,0.00,0.00,0,0.00,
ARCHIVED,runner rug high traffic,PHRASE,CAMPAIGN_ARCHIVED,,,,0.90,0,0,,0.00,0.00,0,0.00,
ARCHIVED,runner rug heavy,PHRASE,CAMPAIGN_ARCHIVED,,,,0.90,0,0,,0.00,0.00,0,0.00,
ARCHIVED,runner rug herbs,PHRASE,CAMPAIGN_ARCHIVED,,,,0.90,0,0,,0.00,0.00,0,0.00,
ARCHIVED,runner rug for kitchen,PHRASE,CAMPAIGN_ARCHIVED,,,,0.90,0,0,,0.00,0.00,0,0.00,
ARCHIVED,runner rug for hallway 10 ft,PHRASE,CAMPAIGN_ARCHIVED,,,,0.90,0,0,,0.00,0.00,0,0.00,
ARCHIVED,runner rug for hallway 14 feet,PHRASE,CAMPAIGN_ARCHIVED,,,,0.90,0,0,,0.00,0.00,0,0.00,
ARCHIVED,long runner rug for hallway,PHRASE,CAMPAIGN_ARCHIVED,,,,0.90,4,0,0,0.00,0.00,0,0.00,
ARCHIVED,runner rug for hallway blue,PHRASE,CAMPAIGN_ARCHIVED,,,,0.90,1,0,0,0.00,0.00,0,0.00,
ARCHIVED,runner rug for stairs,PHRASE,CAMPAIGN_ARCHIVED,,,,0.90,1,0,0,0.00,0.00,0,0.00,
ARCHIVED,runner rug for entryway indoor,PHRASE,CAMPAIGN_ARCHIVED,,,,0.90,0,0,,0.00,0.00,0,0.00,
ARCHIVED,runner rug entryway,PHRASE,CAMPAIGN_ARCHIVED,,,,0.90,3,0,0,0.00,0.00,0,0.00,
ARCHIVED,runner rug entry,PHRASE,CAMPAIGN_ARCHIVED,,,,0.90,0,0,,0.00,0.00,0,0.00,
ARCHIVED,runner rug extra long,PHRASE,CAMPAIGN_ARCHIVED,,,,0.90,1,0,0,0.00,0.00,0,0.00,
ARCHIVED,runner rug extra wide,PHRASE,CAMPAIGN_ARCHIVED,,,,0.90,2,0,0,0.00,0.00,0,0.00,
ARCHIVED,runner rug elephant,PHRASE,CAMPAIGN_ARCHIVED,,,,0.90,0,0,,0.00,0.00,0,0.00,
ARCHIVED,runner rug grey,PHRASE,CAMPAIGN_ARCHIVED,,,,0.90,0,0,,0.00,0.00,0,0.00,
ARCHIVED,runner rug gray,PHRASE,CAMPAIGN_ARCHIVED,,,,0.90,0,0,,0.00,0.00,0,0.00,
ARCHIVED,runner rug gripper,PHRASE,CAMPAIGN_ARCHIVED,,,,0.90,0,0,,0.00,0.00,0,0.00,
ARCHIVED,runner rug green,PHRASE,CAMPAIGN_ARCHIVED,,,,0.90,0,0,,0.00,0.00,0,0.00,
ARCHIVED,runner rug grip,PHRASE,CAMPAIGN_ARCHIVED,,,,0.90,0,0,,0.00,0.00,0,0.00,
ARCHIVED,runner rug gold,PHRASE,CAMPAIGN_ARCHIVED,,,,0.90,0,0,,0.00,0.00,0,0.00,
ARCHIVED,runner rug gray 8 ft,PHRASE,CAMPAIGN_ARCHIVED,,,,0.90,0,0,,0.00,0.00,0,0.00,
ARCHIVED,runner rug geometric,PHRASE,CAMPAIGN_ARCHIVED,,,,0.90,0,0,,0.00,0.00,0,0.00,
ARCHIVED,runner rug grey and white,PHRASE,CAMPAIGN_ARCHIVED,,,,0.90,0,0,,0.00,0.00,0,0.00,
ARCHIVED,runner rug grey multi,PHRASE,CAMPAIGN_ARCHIVED,,,,0.90,0,0,,0.00,0.00,0,0.00,
ARCHIVED,runner rug modern,PHRASE,CAMPAIGN_ARCHIVED,,,,0.90,0,0,,0.00,0.00,0,0.00,
ARCHIVED,runner rug machine washable,PHRASE,CAMPAIGN_ARCHIVED,,,,0.90,0,0,,0.00,0.00,0,0.00,
ARCHIVED,runner rug mat non slip,PHRASE,CAMPAIGN_ARCHIVED,,,,0.90,0,0,,0.00,0.00,0,0.00,
ARCHIVED,runner rug moroccan,PHRASE,CAMPAIGN_ARCHIVED,,,,0.90,0,0,,0.00,0.00,0,0.00,
ARCHIVED,runner rug maples,PHRASE,CAMPAIGN_ARCHIVED,,,,0.90,0,0,,0.00,0.00,0,0.00,
ARCHIVED,runner rug maroon,PHRASE,CAMPAIGN_ARCHIVED,,,,0.90,0,0,,0.00,0.00,0,0.00,
ARCHIVED,runner rug memory foam,PHRASE,CAMPAIGN_ARCHIVED,,,,0.90,0,0,,0.00,0.00,0,0.00,
ARCHIVED,runner rug maroon design,PHRASE,CAMPAIGN_ARCHIVED,,,,0.90,0,0,,0.00,0.00,0,0.00,
ARCHIVED,runner rug mat,PHRASE,CAMPAIGN_ARCHIVED,,,,0.90,0,0,,0.00,0.00,0,0.00,
ARCHIVED,runner rug mud room,PHRASE,CAMPAIGN_ARCHIVED,,,,0.90,0,0,,0.00,0.00,0,0.00,
ARCHIVED,runner rug non slip,PHRASE,CAMPAIGN_ARCHIVED,,,,0.90,4,0,0,0.00,0.00,0,0.00,
ARCHIVED,runner rug navy blue,PHRASE,CAMPAIGN_ARCHIVED,,,,0.90,4,0,0,0.00,0.00,0,0.00,
ARCHIVED,runner rug navy,PHRASE,CAMPAIGN_ARCHIVED,,,,0.90,2,0,0,0.00,0.00,0,0.00,
ARCHIVED,runner rug natural fiber,PHRASE,CAMPAIGN_ARCHIVED,,,,0.90,0,0,,0.00,0.00,0,0.00,
ARCHIVED,runner rug nuloom,PHRASE,CAMPAIGN_ARCHIVED,,,,0.90,0,0,,0.00,0.00,0,0.00,
ARCHIVED,runner rug non skid black,PHRASE,CAMPAIGN_ARCHIVED,,,,0.90,0,0,,0.00,0.00,0,0.00,
ARCHIVED,runner rug non slip pad,PHRASE,CAMPAIGN_ARCHIVED,,,,0.90,0,0,,0.00,0.00,0,0.00,
ARCHIVED,runner rug neutral,PHRASE,CAMPAIGN_ARCHIVED,,,,0.90,0,0,,0.00,0.00,0,0.00,
ARCHIVED,as quality rugs runner,PHRASE,CAMPAIGN_ARCHIVED,,,,0.90,0,0,,0.00,0.00,0,0.00,
ARCHIVED,quotes on rug runner,PHRASE,CAMPAIGN_ARCHIVED,,,,0.90,0,0,,0.00,0.00,0,0.00,
ARCHIVED,quatrefoil runner rug,PHRASE,CAMPAIGN_ARCHIVED,,,,0.90,0,0,,0.00,0.00,0,0.00,
ARCHIVED,bathroom runner rugs,PHRASE,CAMPAIGN_ARCHIVED,,,,0.90,0,0,,0.00,0.00,0,0.00,
ARCHIVED,runner rug teal,PHRASE,CAMPAIGN_ARCHIVED,,,,0.90,4,0,0,0.00,0.00,0,0.00,
ARCHIVED,runner rug tribal,PHRASE,CAMPAIGN_ARCHIVED,,,,0.90,0,0,,0.00,0.00,0,0.00,
ARCHIVED,runner rug tape,PHRASE,CAMPAIGN_ARCHIVED,,,,0.90,0,0,,0.00,0.00,0,0.00,
ARCHIVED,runner rug tan,PHRASE,CAMPAIGN_ARCHIVED,,,,0.90,0,0,,0.00,0.00,0,0.00,
ARCHIVED,runner rug turquoise,PHRASE,CAMPAIGN_ARCHIVED,,,,0.90,0,0,,0.00,0.00,0,0.00,
ARCHIVED,runner rug traditional,PHRASE,CAMPAIGN_ARCHIVED,,,,0.90,0,0,,0.00,0.00,0,0.00,
ARCHIVED,kitchen rugs and mats,BROAD,CAMPAIGN_ARCHIVED,,,,0.90,12,0,0,0.00,0.00,0,0.00,
ARCHIVED,fatigue mat,BROAD,CAMPAIGN_ARCHIVED,,,,0.90,49,0,0,0.00,0.00,0,0.00,
ARCHIVED,oil,BROAD,CAMPAIGN_ARCHIVED,,,,0.90,36,0,0,0.00,0.00,0,0.00,
ARCHIVED,runner rug dark blue,PHRASE,CAMPAIGN_ARCHIVED,,,,0.90,0,0,,0.00,0.00,0,0.00,
ARCHIVED,runner rug dark,PHRASE,CAMPAIGN_ARCHIVED,,,,0.90,0,0,,0.00,0.00,0,0.00,
ARCHIVED,runner rug distressed,PHRASE,CAMPAIGN_ARCHIVED,,,,0.90,0,0,,0.00,0.00,0,0.00,
ARCHIVED,runner rug doormat,PHRASE,CAMPAIGN_ARCHIVED,,,,0.90,0,0,,0.00,0.00,0,0.00,
ARCHIVED,runner rug dog,PHRASE,CAMPAIGN_ARCHIVED,,,,0.90,0,0,,0.00,0.00,0,0.00,
ARCHIVED,runner rug dark grey,PHRASE,CAMPAIGN_ARCHIVED,,,,0.90,0,0,,0.00,0.00,0,0.00,
ARCHIVED,runner rug dark gray,PHRASE,CAMPAIGN_ARCHIVED,,,,0.90,0,0,,0.00,0.00,0,0.00,
ARCHIVED,runner rug dark green,PHRASE,CAMPAIGN_ARCHIVED,,,,0.90,1,0,0,0.00,0.00,0,0.00,
ARCHIVED,runner rug doorway,PHRASE,CAMPAIGN_ARCHIVED,,,,0.90,0,0,,0.00,0.00,0,0.00,
ARCHIVED,runner rug denim,PHRASE,CAMPAIGN_ARCHIVED,,,,0.90,0,0,,0.00,0.00,0,0.00,
ARCHIVED,runner rug black,PHRASE,CAMPAIGN_ARCHIVED,,,,0.90,0,0,,0.00,0.00,0,0.00,
ARCHIVED,runner rug brown,PHRASE,CAMPAIGN_ARCHIVED,,,,0.90,0,0,,0.00,0.00,0,0.00,
ARCHIVED,runner rug blue,PHRASE,CAMPAIGN_ARCHIVED,,,,0.90,0,0,,0.00,0.00,0,0.00,
ARCHIVED,runner rug black and white,PHRASE,CAMPAIGN_ARCHIVED,,,,0.90,0,0,,0.00,0.00,0,0.00,
ARCHIVED,runner rug bohemian,PHRASE,CAMPAIGN_ARCHIVED,,,,0.90,0,0,,0.00,0.00,0,0.00,
ARCHIVED,runner rug beige,PHRASE,CAMPAIGN_ARCHIVED,,,,0.90,0,0,,0.00,0.00,0,0.00,
ARCHIVED,runner rug bathroom,PHRASE,CAMPAIGN_ARCHIVED,,,,0.90,0,0,,0.00,0.00,0,0.00,
ARCHIVED,runner rug bedroom,PHRASE,CAMPAIGN_ARCHIVED,,,,0.90,4,0,0,0.00,0.00,0,0.00,
ARCHIVED,runner rug blue and brown,PHRASE,CAMPAIGN_ARCHIVED,,,,0.90,0,0,,0.00,0.00,0,0.00,
ARCHIVED,runner rug black geometric,PHRASE,CAMPAIGN_ARCHIVED,,,,0.90,0,0,,0.00,0.00,0,0.00,
ARCHIVED,runner rug for hallway,PHRASE,CAMPAIGN_ARCHIVED,,,,0.90,0,0,,0.00,0.00,0,0.00,
ARCHIVED,runner rug pad,PHRASE,CAMPAIGN_ARCHIVED,,,,0.90,0,0,,0.00,0.00,0,0.00,
ARCHIVED,runner rugs with rubber backing,PHRASE,CAMPAIGN_ARCHIVED,,,,0.90,0,0,,0.00,0.00,0,0.00,
ARCHIVED,runner rug non slip backing,PHRASE,CAMPAIGN_ARCHIVED,,,,0.90,3,0,0,0.00,0.00,0,0.00,
ARCHIVED,runner rugs for hallway 2x10,PHRASE,CAMPAIGN_ARCHIVED,,,,0.90,5,0,0,0.00,0.00,0,0.00,
ARCHIVED,runner rugs for hallway 2x8,PHRASE,CAMPAIGN_ARCHIVED,,,,0.90,4,0,0,0.00,0.00,0,0.00,
ARCHIVED,runner rug for hallway 12 ft,PHRASE,CAMPAIGN_ARCHIVED,,,,0.90,0,0,,0.00,0.00,0,0.00,
ARCHIVED,runner rug pad 2 x 8,PHRASE,CAMPAIGN_ARCHIVED,,,,0.90,0,0,,0.00,0.00,0,0.00,
ARCHIVED,runner rug anti slip,PHRASE,CAMPAIGN_ARCHIVED,,,,0.90,0,0,,0.00,0.00,0,0.00,
ARCHIVED,runner rug all weather,PHRASE,CAMPAIGN_ARCHIVED,,,,0.90,0,0,,0.00,0.00,0,0.00,
ARCHIVED,runner rug aqua,PHRASE,CAMPAIGN_ARCHIVED,,,,0.90,0,0,,0.00,0.00,0,0.00,
ARCHIVED,runner rug abstract,PHRASE,CAMPAIGN_ARCHIVED,,,,0.90,0,0,,0.00,0.00,0,0.00,
ARCHIVED,runner rug aztec,PHRASE,CAMPAIGN_ARCHIVED,,,,0.90,0,0,,0.00,0.00,0,0.00,
ARCHIVED,runner rug absorbent,PHRASE,CAMPAIGN_ARCHIVED,,,,0.90,0,0,,0.00,0.00,0,0.00,
ARCHIVED,runner rug and door mat set,PHRASE,CAMPAIGN_ARCHIVED,,,,0.90,0,0,,0.00,0.00,0,0.00,
ARCHIVED,runner rug antique,PHRASE,CAMPAIGN_ARCHIVED,,,,0.90,0,0,,0.00,0.00,0,0.00,
ARCHIVED,runner rug and area rug set,PHRASE,CAMPAIGN_ARCHIVED,,,,0.90,0,0,,0.00,0.00,0,0.00,
ARCHIVED,runner rug animal print,PHRASE,CAMPAIGN_ARCHIVED,,,,0.90,0,0,,0.00,0.00,0,0.00,
ARCHIVED,runner rug indoor outdoor,PHRASE,CAMPAIGN_ARCHIVED,,,,0.90,0,0,,0.00,0.00,0,0.00,
ARCHIVED,runner rug ivory,PHRASE,CAMPAIGN_ARCHIVED,,,,0.90,0,0,,0.00,0.00,0,0.00,
ARCHIVED,runner rug in blue,PHRASE,CAMPAIGN_ARCHIVED,,,,0.90,1,0,0,0.00,0.00,0,0.00,
ARCHIVED,runner rug in black,PHRASE,CAMPAIGN_ARCHIVED,,,,0.90,0,0,,0.00,0.00,0,0.00,
ARCHIVED,runner rug industrial,PHRASE,CAMPAIGN_ARCHIVED,,,,0.90,0,0,,0.00,0.00,0,0.00,
ARCHIVED,runner rug ivory grey,PHRASE,CAMPAIGN_ARCHIVED,,,,0.90,0,0,,0.00,0.00,0,0.00,
ARCHIVED,runner rug ikat,PHRASE,CAMPAIGN_ARCHIVED,,,,0.90,0,0,,0.00,0.00,0,0.00,
ARCHIVED,runner rug indian,PHRASE,CAMPAIGN_ARCHIVED,,,,0.90,0,0,,0.00,0.00,0,0.00,
ARCHIVED,runner rug jute,PHRASE,CAMPAIGN_ARCHIVED,,,,0.90,2,0,0,0.00,0.00,0,0.00,
ARCHIVED,clear runner rug carpet protector,PHRASE,CAMPAIGN_ARCHIVED,,,,0.90,0,0,,0.00,0.00,0,0.00,
ARCHIVED,runner rug cheap,PHRASE,CAMPAIGN_ARCHIVED,,,,0.90,0,0,,0.00,0.00,0,0.00,
ARCHIVED,runner rug cotton,PHRASE,CAMPAIGN_ARCHIVED,,,,0.90,0,0,,0.00,0.00,0,0.00,
ARCHIVED,runner rug custom size,PHRASE,CAMPAIGN_ARCHIVED,,,,0.90,0,0,,0.00,0.00,0,0.00,
ARCHIVED,runner rug rubber backing,PHRASE,CAMPAIGN_ARCHIVED,,,,0.90,0,0,,0.00,0.00,0,0.00,
ARCHIVED,runner rug red kitchen,PHRASE,CAMPAIGN_ARCHIVED,,,,0.90,0,0,,0.00,0.00,0,0.00,
ARCHIVED,runner rug roll,PHRASE,CAMPAIGN_ARCHIVED,,,,0.90,0,0,,0.00,0.00,0,0.00,
ARCHIVED,runner rug red black,PHRASE,CAMPAIGN_ARCHIVED,,,,0.90,0,0,,0.00,0.00,0,0.00,
ARCHIVED,runner rug under 30,PHRASE,CAMPAIGN_ARCHIVED,,,,0.90,0,0,,0.00,0.00,0,0.00,
ARCHIVED,runner rug under 15,PHRASE,CAMPAIGN_ARCHIVED,,,,0.90,1,0,0,0.00,0.00,0,0.00,
ARCHIVED,runner rug unique,PHRASE,CAMPAIGN_ARCHIVED,,,,0.90,0,0,,0.00,0.00,0,0.00,
ARCHIVED,runner rug under 20,PHRASE,CAMPAIGN_ARCHIVED,,,,0.90,0,0,,0.00,0.00,0,0.00,
ARCHIVED,runner rug under 50,PHRASE,CAMPAIGN_ARCHIVED,,,,0.90,0,0,,0.00,0.00,0,0.00,
ARCHIVED,runner rug utility,PHRASE,CAMPAIGN_ARCHIVED,,,,0.90,1,0,0,0.00,0.00,0,0.00,
ARCHIVED,runner rug yellow,PHRASE,CAMPAIGN_ARCHIVED,,,,0.90,1,0,0,0.00,0.00,0,0.00,
ARCHIVED,runner rug yellow grey,PHRASE,CAMPAIGN_ARCHIVED,,,,0.90,0,0,,0.00,0.00,0,0.00,
ARCHIVED,zebra runner rug,PHRASE,CAMPAIGN_ARCHIVED,,,,0.90,0,0,,0.00,0.00,0,0.00,
ARCHIVED,zebra print runner rug,PHRASE,CAMPAIGN_ARCHIVED,,,,0.90,0,0,,0.00,0.00,0,0.00,
ARCHIVED,zig zag runner rug,PHRASE,CAMPAIGN_ARCHIVED,,,,0.90,0,0,,0.00,0.00,0,0.00,
ARCHIVED,runner rug black pattern,PHRASE,CAMPAIGN_ARCHIVED,,,,0.90,0,0,,0.00,0.00,0,0.00,
ARCHIVED,runner rug black and blue,PHRASE,CAMPAIGN_ARCHIVED,,,,0.90,0,0,,0.00,0.00,0,0.00,
ARCHIVED,runner rug black 7ft,PHRASE,CAMPAIGN_ARCHIVED,,,,0.90,0,0,,0.00,0.00,0,0.00,
ARCHIVED,runner rug black gray,PHRASE,CAMPAIGN_ARCHIVED,,,,0.90,0,0,,0.00,0.00,0,0.00,
ARCHIVED,runner rug black and beige,PHRASE,CAMPAIGN_ARCHIVED,,,,0.90,0,0,,0.00,0.00,0,0.00,
ARCHIVED,runner rug black and grey,PHRASE,CAMPAIGN_ARCHIVED,,,,0.90,0,0,,0.00,0.00,0,0.00,
ARCHIVED,runner rug black 8ft,PHRASE,CAMPAIGN_ARCHIVED,,,,0.90,0,0,,0.00,0.00,0,0.00,
ARCHIVED,runner rug pad thick,PHRASE,CAMPAIGN_ARCHIVED,,,,0.90,0,0,,0.00,0.00,0,0.00,
ARCHIVED,runner rug pad 3x8,PHRASE,CAMPAIGN_ARCHIVED,,,,0.90,0,0,,0.00,0.00,0,0.00,
ARCHIVED,runner rug for hallway 12 ft gray,PHRASE,CAMPAIGN_ARCHIVED,,,,0.90,0,0,,0.00,0.00,0,0.00,
ARCHIVED,runner rugs with rubber backing for hallway,PHRASE,CAMPAIGN_ARCHIVED,,,,0.90,0,0,,0.00,0.00,0,0.00,
ARCHIVED,runner rugs with rubber backing blue,PHRASE,CAMPAIGN_ARCHIVED,,,,0.90,0,0,,0.00,0.00,0,0.00,
ARCHIVED,runner rugs with rubber backing 8 feet,PHRASE,CAMPAIGN_ARCHIVED,,,,0.90,0,0,,0.00,0.00,0,0.00,
ARCHIVED,runner rugs with rubber backing for office,PHRASE,CAMPAIGN_ARCHIVED,,,,0.90,0,0,,0.00,0.00,0,0.00,
ARCHIVED,runner rugs with rubber backing gray,PHRASE,CAMPAIGN_ARCHIVED,,,,0.90,0,0,,0.00,0.00,0,0.00,
ARCHIVED,runner rugs with rubber backing for bathroom,PHRASE,CAMPAIGN_ARCHIVED,,,,0.90,0,0,,0.00,0.00,0,0.00,
ARCHIVED,runner rug for hallway red,PHRASE,CAMPAIGN_ARCHIVED,,,,0.90,1,0,0,0.00,0.00,0,0.00,
ARCHIVED,runner rug for hallway brown,PHRASE,CAMPAIGN_ARCHIVED,,,,0.90,0,0,,0.00,0.00,0,0.00,
ARCHIVED,runner rug for hallway non skid,PHRASE,CAMPAIGN_ARCHIVED,,,,0.90,0,0,,0.00,0.00,0,0.00,
ARCHIVED,runner rugs for hallway brown,PHRASE,CAMPAIGN_ARCHIVED,,,,0.90,0,0,,0.00,0.00,0,0.00,
ARCHIVED,runner rugs for hallway black thick,PHRASE,CAMPAIGN_ARCHIVED,,,,0.90,0,0,,0.00,0.00,0,0.00,
ARCHIVED,runner rug non slip backing brown,PHRASE,CAMPAIGN_ARCHIVED,,,,0.90,0,0,,0.00,0.00,0,0.00,
ARCHIVED,kitchen mats cushioned anti fatigue,PHRASE,CAMPAIGN_ARCHIVED,,,,0.90,0,0,,0.00,0.00,0,0.00,
ARCHIVED,kitchen mats and rugs,PHRASE,CAMPAIGN_ARCHIVED,,,,0.90,0,0,,0.00,0.00,0,0.00,
ARCHIVED,kitchen mats cushioned,PHRASE,CAMPAIGN_ARCHIVED,,,,0.90,0,0,,0.00,0.00,0,0.00,
ARCHIVED,kitchen matches,PHRASE,CAMPAIGN_ARCHIVED,,,,0.90,0,0,,0.00,0.00,0,0.00,
ARCHIVED,kitchen mat anti fatigue,PHRASE,CAMPAIGN_ARCHIVED,,,,0.90,39,0,0,0.00,0.00,0,0.00,
ARCHIVED,kitchen mats for floor,PHRASE,CAMPAIGN_ARCHIVED,,,,0.90,9,0,0,0.00,0.00,0,0.00,
ARCHIVED,kitchen matters cookbook,PHRASE,CAMPAIGN_ARCHIVED,,,,0.90,0,0,,0.00,0.00,0,0.00,
ARCHIVED,kitchen matt for floor,PHRASE,CAMPAIGN_ARCHIVED,,,,0.90,0,0,,0.00,0.00,0,0.00,
ARCHIVED,kitchen matters,PHRASE,CAMPAIGN_ARCHIVED,,,,0.90,0,0,,0.00,0.00,0,0.00,
ARCHIVED,kitchen mat coffee,PHRASE,CAMPAIGN_ARCHIVED,,,,0.90,0,0,,0.00,0.00,0,0.00,
ARCHIVED,floor mat for office chair wood floor,PHRASE,CAMPAIGN_ARCHIVED,,,,0.90,0,0,,0.00,0.00,0,0.00,
ARCHIVED,floor mats for exercise equipment,PHRASE,CAMPAIGN_ARCHIVED,,,,0.90,0,0,,0.00,0.00,0,0.00,
ARCHIVED,floor mattress for sleep,PHRASE,CAMPAIGN_ARCHIVED,,,,0.90,0,0,,0.00,0.00,0,0.00,
ARCHIVED,floor mat alarms for elderly,PHRASE,CAMPAIGN_ARCHIVED,,,,0.90,0,0,,0.00,0.00,0,0.00,
ARCHIVED,baby floor mat activity gym,PHRASE,CAMPAIGN_ARCHIVED,,,,0.90,0,0,,0.00,0.00,0,0.00,
ARCHIVED,floor mat anti fatigue,PHRASE,CAMPAIGN_ARCHIVED,,,,0.90,0,0,,0.00,0.00,0,0.00,
ARCHIVED,floor mat alarm clock,PHRASE,CAMPAIGN_ARCHIVED,,,,0.90,0,0,,0.00,0.00,0,0.00,
ARCHIVED,floor mat anchor,PHRASE,CAMPAIGN_ARCHIVED,,,,0.90,8,0,0,0.00,0.00,0,0.00,
ARCHIVED,floor mat alarm,PHRASE,CAMPAIGN_ARCHIVED,,,,0.90,0,0,,0.00,0.00,0,0.00,
ARCHIVED,floor mat adhesive,PHRASE,CAMPAIGN_ARCHIVED,,,,0.90,0,0,,0.00,0.00,0,0.00,
ARCHIVED,floor mat anti slip,PHRASE,CAMPAIGN_ARCHIVED,,,,0.90,0,0,,0.00,0.00,0,0.00,
ARCHIVED,floor mat audi a4,PHRASE,CAMPAIGN_ARCHIVED,,,,0.90,0,0,,0.00,0.00,0,0.00,
ARCHIVED,floor mat automotive,PHRASE,CAMPAIGN_ARCHIVED,,,,0.90,0,0,,0.00,0.00,0,0.00,
ARCHIVED,floor mat for baby,PHRASE,CAMPAIGN_ARCHIVED,,,,0.90,6,0,0,0.00,0.00,0,0.00,
ARCHIVED,floor mat for high chair,PHRASE,CAMPAIGN_ARCHIVED,,,,0.90,0,0,,0.00,0.00,0,0.00,
ARCHIVED,floor mat for standing desk,PHRASE,CAMPAIGN_ARCHIVED,,,,0.90,0,0,,0.00,0.00,0,0.00,
ARCHIVED,floor mat for office,PHRASE,CAMPAIGN_ARCHIVED,,,,0.90,0,0,,0.00,0.00,0,0.00,
ARCHIVED,floor mat for exercise equipment,PHRASE,CAMPAIGN_ARCHIVED,,,,0.90,0,0,,0.00,0.00,0,0.00,
ARCHIVED,floor mat for kitchen,PHRASE,CAMPAIGN_ARCHIVED,,,,0.90,0,0,,0.00,0.00,0,0.00,
ARCHIVED,floor mat for kids,PHRASE,CAMPAIGN_ARCHIVED,,,,0.90,0,0,,0.00,0.00,0,0.00,
ARCHIVED,floor mat for bathrooms,PHRASE,CAMPAIGN_ARCHIVED,,,,0.90,1,0,0,0.00,0.00,0,0.00,
ARCHIVED,floor mat holder,PHRASE,CAMPAIGN_ARCHIVED,,,,0.90,0,0,,0.00,0.00,0,0.00,
ARCHIVED,floor mat high chair,PHRASE,CAMPAIGN_ARCHIVED,,,,0.90,0,0,,0.00,0.00,0,0.00,
ARCHIVED,floor mat hangers,PHRASE,CAMPAIGN_ARCHIVED,,,,0.90,1,0,0,0.00,0.00,0,0.00,
ARCHIVED,floor mat heater,PHRASE,CAMPAIGN_ARCHIVED,,,,0.90,0,0,,0.00,0.00,0,0.00,
ARCHIVED,floor mat hardwood,PHRASE,CAMPAIGN_ARCHIVED,,,,0.90,0,0,,0.00,0.00,0,0.00,
ARCHIVED,floor mat hooks,PHRASE,CAMPAIGN_ARCHIVED,,,,0.90,5,0,0,0.00,0.00,0,0.00,
ARCHIVED,floor mat hooks toyota,PHRASE,CAMPAIGN_ARCHIVED,,,,0.90,0,0,,0.00,0.00,0,0.00,
ARCHIVED,floor mat honda crv 2018,PHRASE,CAMPAIGN_ARCHIVED,,,,0.90,0,0,,0.00,0.00,0,0.00,
ARCHIVED,floor mat home,PHRASE,CAMPAIGN_ARCHIVED,,,,0.90,0,0,,0.00,0.00,0,0.00,
ARCHIVED,floor mat holder clips,PHRASE,CAMPAIGN_ARCHIVED,,,,0.90,0,0,,0.00,0.00,0,0.00,
ARCHIVED,floor mat clips,PHRASE,CAMPAIGN_ARCHIVED,,,,0.90,0,0,,0.00,0.00,0,0.00,
ARCHIVED,floor mat commercial,PHRASE,CAMPAIGN_ARCHIVED,,,,0.90,0,0,,0.00,0.00,0,0.00,
ARCHIVED,floor mat car,PHRASE,CAMPAIGN_ARCHIVED,,,,0.90,5,0,0,0.00,0.00,0,0.00,
ARCHIVED,floor mat cleaner,PHRASE,CAMPAIGN_ARCHIVED,,,,0.90,2,0,0,0.00,0.00,0,0.00,
ARCHIVED,weathertech floor mat cleaner,PHRASE,CAMPAIGN_ARCHIVED,,,,0.90,0,0,,0.00,0.00,0,0.00,
ARCHIVED,floor mat clips toyota,PHRASE,CAMPAIGN_ARCHIVED,,,,0.90,0,0,,0.00,0.00,0,0.00,
ARCHIVED,floor mat cushion,PHRASE,CAMPAIGN_ARCHIVED,,,,0.90,0,0,,0.00,0.00,0,0.00,
ARCHIVED,weather tech floor mat cleaner,PHRASE,CAMPAIGN_ARCHIVED,,,,0.90,0,0,,0.00,0.00,0,0.00,
ARCHIVED,floor mat chair carpet,PHRASE,CAMPAIGN_ARCHIVED,,,,0.90,0,0,,0.00,0.00,0,0.00,
ARCHIVED,floor mat carpet,PHRASE,CAMPAIGN_ARCHIVED,,,,0.90,0,0,,0.00,0.00,0,0.00,
ARCHIVED,floor mat baby,PHRASE,CAMPAIGN_ARCHIVED,,,,0.90,0,0,,0.00,0.00,0,0.00,
ARCHIVED,floor mat bathroom,PHRASE,CAMPAIGN_ARCHIVED,,,,0.90,0,0,,0.00,0.00,0,0.00,
ARCHIVED,floor mat baby high chair,PHRASE,CAMPAIGN_ARCHIVED,,,,0.90,0,0,,0.00,0.00,0,0.00,
ARCHIVED,floor mat bed,PHRASE,CAMPAIGN_ARCHIVED,,,,0.90,0,0,,0.00,0.00,0,0.00,
ARCHIVED,floor mat brush,PHRASE,CAMPAIGN_ARCHIVED,,,,0.90,1,0,0,0.00,0.00,0,0.00,
ARCHIVED,floor mat bamboo,PHRASE,CAMPAIGN_ARCHIVED,,,,0.90,0,0,,0.00,0.00,0,0.00,
ARCHIVED,floor mat bmw,PHRASE,CAMPAIGN_ARCHIVED,,,,0.90,0,0,,0.00,0.00,0,0.00,
ARCHIVED,floor mat bed alarm,PHRASE,CAMPAIGN_ARCHIVED,,,,0.90,0,0,,0.00,0.00,0,0.00,
ARCHIVED,floor mat blue,PHRASE,CAMPAIGN_ARCHIVED,,,,0.90,3,0,0,0.00,0.00,0,0.00,
ARCHIVED,floor mat back support,PHRASE,CAMPAIGN_ARCHIVED,,,,0.90,0,0,,0.00,0.00,0,0.00,
ARCHIVED,floor mat kitchen,PHRASE,CAMPAIGN_ARCHIVED,,,,0.90,0,0,,0.00,0.00,0,0.00,
ARCHIVED,floor mat kids,PHRASE,CAMPAIGN_ARCHIVED,,,,0.90,0,0,,0.00,0.00,0,0.00,
ARCHIVED,floor mat keyboard,PHRASE,CAMPAIGN_ARCHIVED,,,,0.90,1,0,0,0.00,0.00,0,0.00,
ARCHIVED,floor mat kids foam,PHRASE,CAMPAIGN_ARCHIVED,,,,0.90,0,0,,0.00,0.00,0,0.00,
ARCHIVED,floor mat kitchen anti fatigue,PHRASE,CAMPAIGN_ARCHIVED,,,,0.90,0,0,,0.00,0.00,0,0.00,
ARCHIVED,floor mat kitchen sink,PHRASE,CAMPAIGN_ARCHIVED,,,,0.90,0,0,,0.00,0.00,0,0.00,
ARCHIVED,floor mat kids eating,PHRASE,CAMPAIGN_ARCHIVED,,,,0.90,0,0,,0.00,0.00,0,0.00,
ARCHIVED,floor mat kia forte,PHRASE,CAMPAIGN_ARCHIVED,,,,0.90,0,0,,0.00,0.00,0,0.00,
ARCHIVED,floor mat kids food,PHRASE,CAMPAIGN_ARCHIVED,,,,0.90,0,0,,0.00,0.00,0,0.00,
ARCHIVED,floor mat kia optima 2018,PHRASE,CAMPAIGN_ARCHIVED,,,,0.90,0,0,,0.00,0.00,0,0.00,
ARCHIVED,floor mat jeep liberty 2012,PHRASE,CAMPAIGN_ARCHIVED,,,,0.90,0,0,,0.00,0.00,0,0.00,
ARCHIVED,floor mat jeep grand cherokee,PHRASE,CAMPAIGN_ARCHIVED,,,,0.90,0,0,,0.00,0.00,0,0.00,
ARCHIVED,floor mat jeep,PHRASE,CAMPAIGN_ARCHIVED,,,,0.90,0,0,,0.00,0.00,0,0.00,
ARCHIVED,floor mat jeep wrangler,PHRASE,CAMPAIGN_ARCHIVED,,,,0.90,0,0,,0.00,0.00,0,0.00,
ARCHIVED,floor mat jeep grand cherokee 2015,PHRASE,CAMPAIGN_ARCHIVED,,,,0.90,0,0,,0.00,0.00,0,0.00,
ARCHIVED,floor mat jeep compass,PHRASE,CAMPAIGN_ARCHIVED,,,,0.90,0,0,,0.00,0.00,0,0.00,
ARCHIVED,floor mat jeep patriot,PHRASE,CAMPAIGN_ARCHIVED,,,,0.90,0,0,,0.00,0.00,0,0.00,
ARCHIVED,floor mat jeep cherokee,PHRASE,CAMPAIGN_ARCHIVED,,,,0.90,0,0,,0.00,0.00,0,0.00,
ARCHIVED,floor mat jeep compass 2014,PHRASE,CAMPAIGN_ARCHIVED,,,,0.90,0,0,,0.00,0.00,0,0.00,
ARCHIVED,floor mat jetta,PHRASE,CAMPAIGN_ARCHIVED,,,,0.90,2,0,0,0.00,0.00,0,0.00,
ARCHIVED,floor mat living room,PHRASE,CAMPAIGN_ARCHIVED,,,,0.90,2,0,0,0.00,0.00,0,0.00,
ARCHIVED,floor mat laundry room,PHRASE,CAMPAIGN_ARCHIVED,,,,0.90,1,0,0,0.00,0.00,0,0.00,
ARCHIVED,floor mat long,PHRASE,CAMPAIGN_ARCHIVED,,,,0.90,0,0,,0.00,0.00,0,0.00,
ARCHIVED,floor mat large,PHRASE,CAMPAIGN_ARCHIVED,,,,0.90,0,0,,0.00,0.00,0,0.00,
ARCHIVED,floor mat lexus gs350,PHRASE,CAMPAIGN_ARCHIVED,,,,0.90,0,0,,0.00,0.00,0,0.00,
ARCHIVED,floor mat lock clip,PHRASE,CAMPAIGN_ARCHIVED,,,,0.90,0,0,,0.00,0.00,0,0.00,
ARCHIVED,floor mat leaves,PHRASE,CAMPAIGN_ARCHIVED,,,,0.90,0,0,,0.00,0.00,0,0.00,
ARCHIVED,floor mat liner,PHRASE,CAMPAIGN_ARCHIVED,,,,0.90,0,0,,0.00,0.00,0,0.00,
ARCHIVED,floor mat lexus es350,PHRASE,CAMPAIGN_ARCHIVED,,,,0.90,0,0,,0.00,0.00,0,0.00,
ARCHIVED,floor mat inside,PHRASE,CAMPAIGN_ARCHIVED,,,,0.90,0,0,,0.00,0.00,0,0.00,
ARCHIVED,floor mat indoor,PHRASE,CAMPAIGN_ARCHIVED,,,,0.90,1,0,0,0.00,0.00,0,0.00,
ARCHIVED,floor mat indoor outdoor,PHRASE,CAMPAIGN_ARCHIVED,,,,0.90,0,0,,0.00,0.00,0,0.00,
ARCHIVED,floor mat in bathroom,PHRASE,CAMPAIGN_ARCHIVED,,,,0.90,0,0,,0.00,0.00,0,0.00,
ARCHIVED,floor mat infant,PHRASE,CAMPAIGN_ARCHIVED,,,,0.90,2,0,0,0.00,0.00,0,0.00,
ARCHIVED,floor mat industrial,PHRASE,CAMPAIGN_ARCHIVED,,,,0.90,1,0,0,0.00,0.00,0,0.00,
ARCHIVED,floor mat inserts,PHRASE,CAMPAIGN_ARCHIVED,,,,0.90,0,0,,0.00,0.00,0,0.00,
ARCHIVED,floor mat in front of the stove,PHRASE,CAMPAIGN_ARCHIVED,,,,0.90,0,0,,0.00,0.00,0,0.00,
ARCHIVED,floor mat interlock,PHRASE,CAMPAIGN_ARCHIVED,,,,0.90,1,0,0,0.00,0.00,0,0.00,
ARCHIVED,floor mat indoor entry,PHRASE,CAMPAIGN_ARCHIVED,,,,0.90,1,0,0,0.00,0.00,0,0.00,
ARCHIVED,floor mat desk,PHRASE,CAMPAIGN_ARCHIVED,,,,0.90,0,0,,0.00,0.00,0,0.00,
ARCHIVED,floor mat desk chair carpet,PHRASE,CAMPAIGN_ARCHIVED,,,,0.90,0,0,,0.00,0.00,0,0.00,
ARCHIVED,floor mat dog,PHRASE,CAMPAIGN_ARCHIVED,,,,0.90,1,0,0,0.00,0.00,0,0.00,
ARCHIVED,floor mat disposable,PHRASE,CAMPAIGN_ARCHIVED,,,,0.90,0,0,,0.00,0.00,0,0.00,
ARCHIVED,floor mat decorative,PHRASE,CAMPAIGN_ARCHIVED,,,,0.90,0,0,,0.00,0.00,0,0.00,
ARCHIVED,kitchen rug for floor,PHRASE,CAMPAIGN_ARCHIVED,,,,0.90,0,0,,0.00,0.00,0,0.00,
ARCHIVED,kitchen rug foam,PHRASE,CAMPAIGN_ARCHIVED,,,,0.90,0,0,,0.00,0.00,0,0.00,
ARCHIVED,kitchen rug fruit,PHRASE,CAMPAIGN_ARCHIVED,,,,0.90,0,0,,0.00,0.00,0,0.00,
ARCHIVED,kitchen rug fall colors,PHRASE,CAMPAIGN_ARCHIVED,,,,0.90,0,0,,0.00,0.00,0,0.00,
ARCHIVED,kitchen rug fatigue,PHRASE,CAMPAIGN_ARCHIVED,,,,0.90,7,0,0,0.00,0.00,0,0.00,
ARCHIVED,kitchen rug floral,PHRASE,CAMPAIGN_ARCHIVED,,,,0.90,0,0,,0.00,0.00,0,0.00,
ARCHIVED,kitchen rug funny,PHRASE,CAMPAIGN_ARCHIVED,,,,0.90,0,0,,0.00,0.00,0,0.00,
ARCHIVED,kitchen rug farmhouse style,PHRASE,CAMPAIGN_ARCHIVED,,,,0.90,0,0,,0.00,0.00,0,0.00,
ARCHIVED,kitchen rug fringe,PHRASE,CAMPAIGN_ARCHIVED,,,,0.90,0,0,,0.00,0.00,0,0.00,
ARCHIVED,kitchen rug design,PHRASE,CAMPAIGN_ARCHIVED,,,,0.90,0,0,,0.00,0.00,0,0.00,
ARCHIVED,kitchen rug dark brown,PHRASE,CAMPAIGN_ARCHIVED,,,,0.90,0,0,,0.00,0.00,0,0.00,
ARCHIVED,kitchen rug dog,PHRASE,CAMPAIGN_ARCHIVED,,,,0.90,0,0,,0.00,0.00,0,0.00,
ARCHIVED,kitchen rug dark,PHRASE,CAMPAIGN_ARCHIVED,,,,0.90,0,0,,0.00,0.00,0,0.00,
ARCHIVED,kitchen rug decor,PHRASE,CAMPAIGN_ARCHIVED,,,,0.90,0,0,,0.00,0.00,0,0.00,
ARCHIVED,kitchen rug disney,PHRASE,CAMPAIGN_ARCHIVED,,,,0.90,0,0,,0.00,0.00,0,0.00,
ARCHIVED,kitchen rug d shaped,PHRASE,CAMPAIGN_ARCHIVED,,,,0.90,0,0,,0.00,0.00,0,0.00,
ARCHIVED,kitchen rug distressed,PHRASE,CAMPAIGN_ARCHIVED,,,,0.90,0,0,,0.00,0.00,0,0.00,
ARCHIVED,kitchen rug dark green,PHRASE,CAMPAIGN_ARCHIVED,,,,0.90,0,0,,0.00,0.00,0,0.00,
ARCHIVED,kitchen rug half moon,PHRASE,CAMPAIGN_ARCHIVED,,,,0.90,3,0,0,0.00,0.00,0,0.00,
ARCHIVED,kitchen rug hunter green,PHRASE,CAMPAIGN_ARCHIVED,,,,0.90,2,0,0,0.00,0.00,0,0.00,
ARCHIVED,kitchen rug half circle,PHRASE,CAMPAIGN_ARCHIVED,,,,0.90,1,0,0,0.00,0.00,0,0.00,
ARCHIVED,kitchen rug half round,PHRASE,CAMPAIGN_ARCHIVED,,,,0.90,2,0,0,0.00,0.00,0,0.00,
ARCHIVED,kitchen rug halloween,PHRASE,CAMPAIGN_ARCHIVED,,,,0.90,0,0,,0.00,0.00,0,0.00,
ARCHIVED,kitchen rug herringbone,PHRASE,CAMPAIGN_ARCHIVED,,,,0.90,0,0,,0.00,0.00,0,0.00,
ARCHIVED,kitchen rug holiday,PHRASE,CAMPAIGN_ARCHIVED,,,,0.90,1,0,0,0.00,0.00,0,0.00,
ARCHIVED,kitchen rug hawaii,PHRASE,CAMPAIGN_ARCHIVED,,,,0.90,0,0,,0.00,0.00,0,0.00,
ARCHIVED,kitchen rug herbs,PHRASE,CAMPAIGN_ARCHIVED,,,,0.90,0,0,,0.00,0.00,0,0.00,
ARCHIVED,kitchen rug home,PHRASE,CAMPAIGN_ARCHIVED,,,,0.90,0,0,,0.00,0.00,0,0.00,
ARCHIVED,kitchen rug long,PHRASE,CAMPAIGN_ARCHIVED,,,,0.90,0,0,,0.00,0.00,0,0.00,
ARCHIVED,kitchen rug large,PHRASE,CAMPAIGN_ARCHIVED,,,,0.90,0,0,,0.00,0.00,0,0.00,
ARCHIVED,kitchen rug lemon,PHRASE,CAMPAIGN_ARCHIVED,,,,0.90,0,0,,0.00,0.00,0,0.00,
ARCHIVED,kitchen rug lattice,PHRASE,CAMPAIGN_ARCHIVED,,,,0.90,0,0,,0.00,0.00,0,0.00,
ARCHIVED,kitchen rug leaves,PHRASE,CAMPAIGN_ARCHIVED,,,,0.90,0,0,,0.00,0.00,0,0.00,
ARCHIVED,kitchen rug light blue,PHRASE,CAMPAIGN_ARCHIVED,,,,0.90,9,0,0,0.00,0.00,0,0.00,
ARCHIVED,kitchen rug light gray,PHRASE,CAMPAIGN_ARCHIVED,,,,0.90,0,0,,0.00,0.00,0,0.00,
ARCHIVED,kitchen rug l shaped,PHRASE,CAMPAIGN_ARCHIVED,,,,0.90,1,0,0,0.00,0.00,0,0.00,
ARCHIVED,kitchen rug l shape,PHRASE,CAMPAIGN_ARCHIVED,,,,0.90,2,0,0,0.00,0.00,0,0.00,
ARCHIVED,kitchen rug latex back,PHRASE,CAMPAIGN_ARCHIVED,,,,0.90,0,0,,0.00,0.00,0,0.00,
ARCHIVED,kitchen rug italy,PHRASE,CAMPAIGN_ARCHIVED,,,,0.90,0,0,,0.00,0.00,0,0.00,
ARCHIVED,kitchen rug in black,PHRASE,CAMPAIGN_ARCHIVED,,,,0.90,1,0,0,0.00,0.00,0,0.00,
ARCHIVED,kitchen rug ikea,PHRASE,CAMPAIGN_ARCHIVED,,,,0.90,1,0,0,0.00,0.00,0,0.00,
ARCHIVED,kitchen rug in purple,PHRASE,CAMPAIGN_ARCHIVED,,,,0.90,0,0,,0.00,0.00,0,0.00,
ARCHIVED,kitchen rug indian,PHRASE,CAMPAIGN_ARCHIVED,,,,0.90,0,0,,0.00,0.00,0,0.00,
ARCHIVED,kitchen rug italian,PHRASE,CAMPAIGN_ARCHIVED,,,,0.90,0,0,,0.00,0.00,0,0.00,
ARCHIVED,kitchen rug in red,PHRASE,CAMPAIGN_ARCHIVED,,,,0.90,40,0,0,0.00,0.00,0,0.00,
ARCHIVED,kitchen rug ikat,PHRASE,CAMPAIGN_ARCHIVED,,,,0.90,0,0,,0.00,0.00,0,0.00,
ARCHIVED,kitchen mat dark brown,PHRASE,CAMPAIGN_ARCHIVED,,,,0.90,0,0,,0.00,0.00,0,0.00,
ARCHIVED,kitchen mat decor,PHRASE,CAMPAIGN_ARCHIVED,,,,0.90,0,0,,0.00,0.00,0,0.00,
ARCHIVED,kitchen mat disney,PHRASE,CAMPAIGN_ARCHIVED,,,,0.90,0,0,,0.00,0.00,0,0.00,
ARCHIVED,kitchen mat deer,PHRASE,CAMPAIGN_ARCHIVED,,,,0.90,0,0,,0.00,0.00,0,0.00,
ARCHIVED,kitchen mat non slip,PHRASE,CAMPAIGN_ARCHIVED,,,,0.90,2,0,0,0.00,0.00,0,0.00,
ARCHIVED,kitchen mat navy blue,PHRASE,CAMPAIGN_ARCHIVED,,,,0.90,3,0,0,0.00,0.00,0,0.00,
ARCHIVED,kitchen mat nonslip,PHRASE,CAMPAIGN_ARCHIVED,,,,0.90,0,0,,0.00,0.00,0,0.00,
ARCHIVED,kitchen mat navy,PHRASE,CAMPAIGN_ARCHIVED,,,,0.90,0,0,,0.00,0.00,0,0.00,
ARCHIVED,kitchen mat natural,PHRASE,CAMPAIGN_ARCHIVED,,,,0.90,0,0,,0.00,0.00,0,0.00,
ARCHIVED,kitchen mat non fatigue,PHRASE,CAMPAIGN_ARCHIVED,,,,0.90,0,0,,0.00,0.00,0,0.00,
ARCHIVED,kitchen mat non skid washable,PHRASE,CAMPAIGN_ARCHIVED,,,,0.90,0,0,,0.00,0.00,0,0.00,
ARCHIVED,kitchen mat nautical,PHRASE,CAMPAIGN_ARCHIVED,,,,0.90,0,0,,0.00,0.00,0,0.00,
ARCHIVED,kitchen mat no slip,PHRASE,CAMPAIGN_ARCHIVED,,,,0.90,0,0,,0.00,0.00,0,0.00,
ARCHIVED,kitchen mat padded,PHRASE,CAMPAIGN_ARCHIVED,,,,0.90,0,0,,0.00,0.00,0,0.00,
ARCHIVED,kitchen mat purple,PHRASE,CAMPAIGN_ARCHIVED,,,,0.90,0,0,,0.00,0.00,0,0.00,
ARCHIVED,kitchen mat pirate,PHRASE,CAMPAIGN_ARCHIVED,,,,0.90,0,0,,0.00,0.00,0,0.00,
ARCHIVED,kitchen mat pink,PHRASE,CAMPAIGN_ARCHIVED,,,,0.90,0,0,,0.00,0.00,0,0.00,
ARCHIVED,kitchen mat pretty,PHRASE,CAMPAIGN_ARCHIVED,,,,0.90,0,0,,0.00,0.00,0,0.00,
ARCHIVED,kitchen mat pineapple,PHRASE,CAMPAIGN_ARCHIVED,,,,0.90,0,0,,0.00,0.00,0,0.00,
ARCHIVED,kitchen mat plush,PHRASE,CAMPAIGN_ARCHIVED,,,,0.90,0,0,,0.00,0.00,0,0.00,
ARCHIVED,kitchen mat pig,PHRASE,CAMPAIGN_ARCHIVED,,,,0.90,0,0,,0.00,0.00,0,0.00,
ARCHIVED,kitchen mat poppies,PHRASE,CAMPAIGN_ARCHIVED,,,,0.90,0,0,,0.00,0.00,0,0.00,
ARCHIVED,kitchen mat pattern,PHRASE,CAMPAIGN_ARCHIVED,,,,0.90,0,0,,0.00,0.00,0,0.00,
ARCHIVED,kitchen mat red,PHRASE,CAMPAIGN_ARCHIVED,,,,0.90,0,0,,0.00,0.00,0,0.00,
ARCHIVED,kitchen mat runner,PHRASE,CAMPAIGN_ARCHIVED,,,,0.90,4,0,0,0.00,0.00,0,0.00,
ARCHIVED,kitchen mat rubber,PHRASE,CAMPAIGN_ARCHIVED,,,,0.90,3,0,0,0.00,0.00,0,0.00,
ARCHIVED,kitchen mat rooster,PHRASE,CAMPAIGN_ARCHIVED,,,,0.90,3,0,0,0.00,0.00,0,0.00,
ARCHIVED,kitchen mat runner deer,PHRASE,CAMPAIGN_ARCHIVED,,,,0.90,0,0,,0.00,0.00,0,0.00,
ARCHIVED,kitchen mat rustic,PHRASE,CAMPAIGN_ARCHIVED,,,,0.90,1,0,0,0.00,0.00,0,0.00,
ARCHIVED,kitchen mat rug,PHRASE,CAMPAIGN_ARCHIVED,,,,0.90,0,0,,0.00,0.00,0,0.00,
ARCHIVED,kitchen mat runner gray,PHRASE,CAMPAIGN_ARCHIVED,,,,0.90,0,0,,0.00,0.00,0,0.00,
ARCHIVED,kitchen mat runner rug set,PHRASE,CAMPAIGN_ARCHIVED,,,,0.90,0,0,,0.00,0.00,0,0.00,
ARCHIVED,kitchen mat in front of sink,PHRASE,CAMPAIGN_ARCHIVED,,,,0.90,0,0,,0.00,0.00,0,0.00,
ARCHIVED,kitchen mat industrial,PHRASE,CAMPAIGN_ARCHIVED,,,,0.90,0,0,,0.00,0.00,0,0.00,
ARCHIVED,kitchen mat italian,PHRASE,CAMPAIGN_ARCHIVED,,,,0.90,0,0,,0.00,0.00,0,0.00,
ARCHIVED,kitchen mat in grey,PHRASE,CAMPAIGN_ARCHIVED,,,,0.90,3,0,0,0.00,0.00,0,0.00,
ARCHIVED,kitchen mat inside,PHRASE,CAMPAIGN_ARCHIVED,,,,0.90,0,0,,0.00,0.00,0,0.00,
ARCHIVED,kitchen mat imprint,PHRASE,CAMPAIGN_ARCHIVED,,,,0.90,0,0,,0.00,0.00,0,0.00,
ARCHIVED,kitchen mat indigo,PHRASE,CAMPAIGN_ARCHIVED,,,,0.90,0,0,,0.00,0.00,0,0.00,
ARCHIVED,kitchen mat in red,PHRASE,CAMPAIGN_ARCHIVED,,,,0.90,0,0,,0.00,0.00,0,0.00,
ARCHIVED,kitchen mat ivory,PHRASE,CAMPAIGN_ARCHIVED,,,,0.90,0,0,,0.00,0.00,0,0.00,
ARCHIVED,kitchen mat italy,PHRASE,CAMPAIGN_ARCHIVED,,,,0.90,0,0,,0.00,0.00,0,0.00,
ARCHIVED,kitchen mat black,PHRASE,CAMPAIGN_ARCHIVED,,,,0.90,0,0,,0.00,0.00,0,0.00,
ARCHIVED,kitchen mat blue,PHRASE,CAMPAIGN_ARCHIVED,,,,0.90,0,0,,0.00,0.00,0,0.00,
ARCHIVED,kitchen mat brown,PHRASE,CAMPAIGN_ARCHIVED,,,,0.90,0,0,,0.00,0.00,0,0.00,
ARCHIVED,kitchen mat burgundy,PHRASE,CAMPAIGN_ARCHIVED,,,,0.90,0,0,,0.00,0.00,0,0.00,
ARCHIVED,kitchen mat beige,PHRASE,CAMPAIGN_ARCHIVED,,,,0.90,0,0,,0.00,0.00,0,0.00,
ARCHIVED,kitchen mat bright,PHRASE,CAMPAIGN_ARCHIVED,,,,0.90,0,0,,0.00,0.00,0,0.00,
ARCHIVED,kitchen mat bamboo,PHRASE,CAMPAIGN_ARCHIVED,,,,0.90,2,0,0,0.00,0.00,0,0.00,
ARCHIVED,kitchen mat black and white,PHRASE,CAMPAIGN_ARCHIVED,,,,0.90,0,0,,0.00,0.00,0,0.00,
ARCHIVED,kitchen mat beach theme,PHRASE,CAMPAIGN_ARCHIVED,,,,0.90,7,0,0,0.00,0.00,0,0.00,
ARCHIVED,kitchen mat beachy,PHRASE,CAMPAIGN_ARCHIVED,,,,0.90,0,0,,0.00,0.00,0,0.00,
ARCHIVED,kitchen mat for drying dishes,PHRASE,CAMPAIGN_ARCHIVED,,,,0.90,0,0,,0.00,0.00,0,0.00,
ARCHIVED,kitchen mat for floor,PHRASE,CAMPAIGN_ARCHIVED,,,,0.90,0,0,,0.00,0.00,0,0.00,
ARCHIVED,kitchen mat farmhouse,PHRASE,CAMPAIGN_ARCHIVED,,,,0.90,0,0,,0.00,0.00,0,0.00,
ARCHIVED,kitchen mat fall,PHRASE,CAMPAIGN_ARCHIVED,,,,0.90,0,0,,0.00,0.00,0,0.00,
ARCHIVED,kitchen mat foam,PHRASE,CAMPAIGN_ARCHIVED,,,,0.90,0,0,,0.00,0.00,0,0.00,
ARCHIVED,kitchen mat fatigue,PHRASE,CAMPAIGN_ARCHIVED,,,,0.90,0,0,,0.00,0.00,0,0.00,
ARCHIVED,kitchen mat for dishes,PHRASE,CAMPAIGN_ARCHIVED,,,,0.90,0,0,,0.00,0.00,0,0.00,
ARCHIVED,kitchen mat funny,PHRASE,CAMPAIGN_ARCHIVED,,,,0.90,0,0,,0.00,0.00,0,0.00,
ARCHIVED,kitchen mat for floor cheap,PHRASE,CAMPAIGN_ARCHIVED,,,,0.90,0,0,,0.00,0.00,0,0.00,
ARCHIVED,kitchen mat for back pain,PHRASE,CAMPAIGN_ARCHIVED,,,,0.90,0,0,,0.00,0.00,0,0.00,
ARCHIVED,kitchen mat long,PHRASE,CAMPAIGN_ARCHIVED,,,,0.90,0,0,,0.00,0.00,0,0.00,
ARCHIVED,kitchen mat large,PHRASE,CAMPAIGN_ARCHIVED,,,,0.90,0,0,,0.00,0.00,0,0.00,
ARCHIVED,kitchen mat long waterproof,PHRASE,CAMPAIGN_ARCHIVED,,,,0.90,0,0,,0.00,0.00,0,0.00,
ARCHIVED,kitchen mat liners,PHRASE,CAMPAIGN_ARCHIVED,,,,0.90,0,0,,0.00,0.00,0,0.00,
ARCHIVED,kitchen mat lemon,PHRASE,CAMPAIGN_ARCHIVED,,,,0.90,0,0,,0.00,0.00,0,0.00,
ARCHIVED,kitchen mat l shape,PHRASE,CAMPAIGN_ARCHIVED,,,,0.90,0,0,,0.00,0.00,0,0.00,
ARCHIVED,kitchen mat live laugh love,PHRASE,CAMPAIGN_ARCHIVED,,,,0.90,0,0,,0.00,0.00,0,0.00,
ARCHIVED,kitchen mat large size,PHRASE,CAMPAIGN_ARCHIVED,,,,0.90,1,0,0,0.00,0.00,0,0.00,
ARCHIVED,kitchen mat liquor,PHRASE,CAMPAIGN_ARCHIVED,,,,0.90,0,0,,0.00,0.00,0,0.00,
ARCHIVED,kitchen rug non slip,PHRASE,CAMPAIGN_ARCHIVED,,,,0.90,6,0,0,0.00,0.00,0,0.00,
ARCHIVED,kitchen rug navy,PHRASE,CAMPAIGN_ARCHIVED,,,,0.90,1,0,0,0.00,0.00,0,0.00,
ARCHIVED,kitchen rug non skid washable,PHRASE,CAMPAIGN_ARCHIVED,,,,0.90,0,0,,0.00,0.00,0,0.00,
ARCHIVED,kitchen rug natural fiber,PHRASE,CAMPAIGN_ARCHIVED,,,,0.90,0,0,,0.00,0.00,0,0.00,
ARCHIVED,kitchen rug nuloom,PHRASE,CAMPAIGN_ARCHIVED,,,,0.90,0,0,,0.00,0.00,0,0.00,
ARCHIVED,kitchen rug natural,PHRASE,CAMPAIGN_ARCHIVED,,,,0.90,0,0,,0.00,0.00,0,0.00,
ARCHIVED,kitchen rug nautical,PHRASE,CAMPAIGN_ARCHIVED,,,,0.90,0,0,,0.00,0.00,0,0.00,
ARCHIVED,kitchen rug non slip runner,PHRASE,CAMPAIGN_ARCHIVED,,,,0.90,0,0,,0.00,0.00,0,0.00,
ARCHIVED,kitchen rug nonslip,PHRASE,CAMPAIGN_ARCHIVED,,,,0.90,0,0,,0.00,0.00,0,0.00,
ARCHIVED,kitchen rug uder 10,PHRASE,CAMPAIGN_ARCHIVED,,,,0.90,0,0,,0.00,0.00,0,0.00,
ARCHIVED,kitchen rug under table,PHRASE,CAMPAIGN_ARCHIVED,,,,0.90,0,0,,0.00,0.00,0,0.00,
ARCHIVED,kitchen rug utensils,PHRASE,CAMPAIGN_ARCHIVED,,,,0.90,0,0,,0.00,0.00,0,0.00,
ARCHIVED,kitchen rug under 15,PHRASE,CAMPAIGN_ARCHIVED,,,,0.90,0,0,,0.00,0.00,0,0.00,
ARCHIVED,kitchen rug unique,PHRASE,CAMPAIGN_ARCHIVED,,,,0.90,0,0,,0.00,0.00,0,0.00,
ARCHIVED,kitchen rug mat,PHRASE,CAMPAIGN_ARCHIVED,,,,0.90,0,0,,0.00,0.00,0,0.00,
ARCHIVED,kitchen rug machine washable,PHRASE,CAMPAIGN_ARCHIVED,,,,0.90,0,0,,0.00,0.00,0,0.00,
ARCHIVED,kitchen rug memory foam,PHRASE,CAMPAIGN_ARCHIVED,,,,0.90,1,0,0,0.00,0.00,0,0.00,
ARCHIVED,kitchen rug maroon,PHRASE,CAMPAIGN_ARCHIVED,,,,0.90,0,0,,0.00,0.00,0,0.00,
ARCHIVED,kitchen rug marble,PHRASE,CAMPAIGN_ARCHIVED,,,,0.90,0,0,,0.00,0.00,0,0.00,
ARCHIVED,kitchen rug modern,PHRASE,CAMPAIGN_ARCHIVED,,,,0.90,0,0,,0.00,0.00,0,0.00,
ARCHIVED,kitchen rug mint,PHRASE,CAMPAIGN_ARCHIVED,,,,0.90,0,0,,0.00,0.00,0,0.00,
ARCHIVED,kitchen rug mat set,PHRASE,CAMPAIGN_ARCHIVED,,,,0.90,0,0,,0.00,0.00,0,0.00,
ARCHIVED,kitchen rug mat blue,PHRASE,CAMPAIGN_ARCHIVED,,,,0.90,0,0,,0.00,0.00,0,0.00,
ARCHIVED,kitchen rug multi color,PHRASE,CAMPAIGN_ARCHIVED,,,,0.90,1,0,0,0.00,0.00,0,0.00,
ARCHIVED,kitchen rug pad,PHRASE,CAMPAIGN_ARCHIVED,,,,0.90,0,0,,0.00,0.00,0,0.00,
ARCHIVED,kitchen rug pink,PHRASE,CAMPAIGN_ARCHIVED,,,,0.90,0,0,,0.00,0.00,0,0.00,
ARCHIVED,kitchen rug pineapple,PHRASE,CAMPAIGN_ARCHIVED,,,,0.90,0,0,,0.00,0.00,0,0.00,
ARCHIVED,kitchen rug padded,PHRASE,CAMPAIGN_ARCHIVED,,,,0.90,0,0,,0.00,0.00,0,0.00,
ARCHIVED,kitchen rug purple,PHRASE,CAMPAIGN_ARCHIVED,,,,0.90,0,0,,0.00,0.00,0,0.00,
ARCHIVED,kitchen rug prime,PHRASE,CAMPAIGN_ARCHIVED,,,,0.90,0,0,,0.00,0.00,0,0.00,
ARCHIVED,kitchen rug print,PHRASE,CAMPAIGN_ARCHIVED,,,,0.90,1,0,0,0.00,0.00,0,0.00,
ARCHIVED,kitchen rug pioneer woman,PHRASE,CAMPAIGN_ARCHIVED,,,,0.90,0,0,,0.00,0.00,0,0.00,
ARCHIVED,kitchen rug pig,PHRASE,CAMPAIGN_ARCHIVED,,,,0.90,0,0,,0.00,0.00,0,0.00,
ARCHIVED,kitchen rug paisley,PHRASE,CAMPAIGN_ARCHIVED,,,,0.90,0,0,,0.00,0.00,0,0.00,
ARCHIVED,kitchen rug jute,PHRASE,CAMPAIGN_ARCHIVED,,,,0.90,0,0,,0.00,0.00,0,0.00,
ARCHIVED,zebra print kitchen rugs,PHRASE,CAMPAIGN_ARCHIVED,,,,0.90,0,0,,0.00,0.00,0,0.00,
ARCHIVED,zebra kitchen rug,PHRASE,CAMPAIGN_ARCHIVED,,,,0.90,0,0,,0.00,0.00,0,0.00,
ARCHIVED,zombie kitchen rug,PHRASE,CAMPAIGN_ARCHIVED,,,,0.90,0,0,,0.00,0.00,0,0.00,
ARCHIVED,kitchen rug teal,PHRASE,CAMPAIGN_ARCHIVED,,,,0.90,1,0,0,0.00,0.00,0,0.00,
ARCHIVED,kitchen rug turquoise,PHRASE,CAMPAIGN_ARCHIVED,,,,0.90,0,0,,0.00,0.00,0,0.00,
ARCHIVED,kitchen rug tan,PHRASE,CAMPAIGN_ARCHIVED,,,,0.90,1,0,0,0.00,0.00,0,0.00,
ARCHIVED,kitchen rug tribal,PHRASE,CAMPAIGN_ARCHIVED,,,,0.90,0,0,,0.00,0.00,0,0.00,
ARCHIVED,kitchen rug thanksgiving,PHRASE,CAMPAIGN_ARCHIVED,,,,0.90,0,0,,0.00,0.00,0,0.00,
ARCHIVED,kitchen rug trellis,PHRASE,CAMPAIGN_ARCHIVED,,,,0.90,0,0,,0.00,0.00,0,0.00,
ARCHIVED,kitchen rug towel set,PHRASE,CAMPAIGN_ARCHIVED,,,,0.90,0,0,,0.00,0.00,0,0.00,
ARCHIVED,kitchen rug teal gray,PHRASE,CAMPAIGN_ARCHIVED,,,,0.90,1,0,0,0.00,0.00,0,0.00,
ARCHIVED,kitchen rug taupe,PHRASE,CAMPAIGN_ARCHIVED,,,,0.90,0,0,,0.00,0.00,0,0.00,
ARCHIVED,kitchen rug tropical,PHRASE,CAMPAIGN_ARCHIVED,,,,0.90,0,0,,0.00,0.00,0,0.00,
ARCHIVED,kitchen rug washable,PHRASE,CAMPAIGN_ARCHIVED,,,,0.90,18,0,0,0.00,0.00,0,0.00,
ARCHIVED,kitchen rug with rubber backing,PHRASE,CAMPAIGN_ARCHIVED,,,,0.90,1,0,0,0.00,0.00,0,0.00,
ARCHIVED,kitchen rug washable non slip,PHRASE,CAMPAIGN_ARCHIVED,,,,0.90,0,0,,0.00,0.00,0,0.00,
ARCHIVED,kitchen rug with rooster,PHRASE,CAMPAIGN_ARCHIVED,,,,0.90,3,0,0,0.00,0.00,0,0.00,
ARCHIVED,kitchen rug with fruit,PHRASE,CAMPAIGN_ARCHIVED,,,,0.90,0,0,,0.00,0.00,0,0.00,
ARCHIVED,kitchen rug wine,PHRASE,CAMPAIGN_ARCHIVED,,,,0.90,0,0,,0.00,0.00,0,0.00,
ARCHIVED,kitchen rug woven,PHRASE,CAMPAIGN_ARCHIVED,,,,0.90,0,0,,0.00,0.00,0,0.00,
ARCHIVED,kitchen rug western,PHRASE,CAMPAIGN_ARCHIVED,,,,0.90,0,0,,0.00,0.00,0,0.00,
ARCHIVED,kitchen rug white,PHRASE,CAMPAIGN_ARCHIVED,,,,0.90,1,0,0,0.00,0.00,0,0.00,
ARCHIVED,floor mat exercise,PHRASE,CAMPAIGN_ARCHIVED,,,,0.90,0,0,,0.00,0.00,0,0.00,
ARCHIVED,indoor floor mat entrance,PHRASE,CAMPAIGN_ARCHIVED,,,,0.90,13,0,0,0.00,0.00,0,0.00,
ARCHIVED,floor mat exercise equipment,PHRASE,CAMPAIGN_ARCHIVED,,,,0.90,0,0,,0.00,0.00,0,0.00,
ARCHIVED,floor mat exit alarm for elderly fall prevention and anti-wandering,PHRASE,CAMPAIGN_ARCHIVED,,,,0.90,0,0,,0.00,0.00,0,0.00,
ARCHIVED,floor mat entrance,PHRASE,CAMPAIGN_ARCHIVED,,,,0.90,2,0,0,0.00,0.00,0,0.00,
ARCHIVED,floor mat ergonomic,PHRASE,CAMPAIGN_ARCHIVED,,,,0.90,0,0,,0.00,0.00,0,0.00,
ARCHIVED,floor mat eva,PHRASE,CAMPAIGN_ARCHIVED,,,,0.90,0,0,,0.00,0.00,0,0.00,
ARCHIVED,floor mat entry,PHRASE,CAMPAIGN_ARCHIVED,,,,0.90,1,0,0,0.00,0.00,0,0.00,
ARCHIVED,floor mat entry carpet,PHRASE,CAMPAIGN_ARCHIVED,,,,0.90,0,0,,0.00,0.00,0,0.00,
ARCHIVED,floor mat extra large,PHRASE,CAMPAIGN_ARCHIVED,,,,0.90,0,0,,0.00,0.00,0,0.00,
ARCHIVED,floor mat gym,PHRASE,CAMPAIGN_ARCHIVED,,,,0.90,1,0,0,0.00,0.00,0,0.00,
ARCHIVED,floor mat gymnastics,PHRASE,CAMPAIGN_ARCHIVED,,,,0.90,0,0,,0.00,0.00,0,0.00,
ARCHIVED,floor mat grip tape,PHRASE,CAMPAIGN_ARCHIVED,,,,0.90,0,0,,0.00,0.00,0,0.00,
ARCHIVED,floor mat grip,PHRASE,CAMPAIGN_ARCHIVED,,,,0.90,1,0,0,0.00,0.00,0,0.00,
ARCHIVED,floor mat games,PHRASE,CAMPAIGN_ARCHIVED,,,,0.90,0,0,,0.00,0.00,0,0.00,
ARCHIVED,floor mat garage,PHRASE,CAMPAIGN_ARCHIVED,,,,0.90,2,0,0,0.00,0.00,0,0.00,
ARCHIVED,floor mat gripper for runner,PHRASE,CAMPAIGN_ARCHIVED,,,,0.90,0,0,,0.00,0.00,0,0.00,
ARCHIVED,floor mat gorilla,PHRASE,CAMPAIGN_ARCHIVED,,,,0.90,0,0,,0.00,0.00,0,0.00,
ARCHIVED,floor mat gym equipment,PHRASE,CAMPAIGN_ARCHIVED,,,,0.90,0,0,,0.00,0.00,0,0.00,
ARCHIVED,floor mat gmc sierra,PHRASE,CAMPAIGN_ARCHIVED,,,,0.90,0,0,,0.00,0.00,0,0.00,
ARCHIVED,shower floor mat non slip,PHRASE,CAMPAIGN_ARCHIVED,,,,0.90,0,0,,0.00,0.00,0,0.00,
ARCHIVED,floor mat non slip,PHRASE,CAMPAIGN_ARCHIVED,,,,0.90,0,0,,0.00,0.00,0,0.00,
ARCHIVED,floor mat nissan frontier 2011,PHRASE,CAMPAIGN_ARCHIVED,,,,0.90,0,0,,0.00,0.00,0,0.00,
ARCHIVED,floor mat nap,PHRASE,CAMPAIGN_ARCHIVED,,,,0.90,0,0,,0.00,0.00,0,0.00,
ARCHIVED,floor mat nissan altima,PHRASE,CAMPAIGN_ARCHIVED,,,,0.90,0,0,,0.00,0.00,0,0.00,
ARCHIVED,floor mat nissan sentra 2015,PHRASE,CAMPAIGN_ARCHIVED,,,,0.90,0,0,,0.00,0.00,0,0.00,
ARCHIVED,floor mat nissan rogue 2011,PHRASE,CAMPAIGN_ARCHIVED,,,,0.90,0,0,,0.00,0.00,0,0.00,
ARCHIVED,floor mat nursery,PHRASE,CAMPAIGN_ARCHIVED,,,,0.90,0,0,,0.00,0.00,0,0.00,
ARCHIVED,floor mat noise,PHRASE,CAMPAIGN_ARCHIVED,,,,0.90,0,0,,0.00,0.00,0,0.00,
ARCHIVED,floor mat nissan altima 2016,PHRASE,CAMPAIGN_ARCHIVED,,,,0.90,0,0,,0.00,0.00,0,0.00,
ARCHIVED,floor mat runner,PHRASE,CAMPAIGN_ARCHIVED,,,,0.90,0,0,,0.00,0.00,0,0.00,
ARCHIVED,floor mat restaurant,PHRASE,CAMPAIGN_ARCHIVED,,,,0.90,0,0,,0.00,0.00,0,0.00,
ARCHIVED,floor mat retainer,PHRASE,CAMPAIGN_ARCHIVED,,,,0.90,0,0,,0.00,0.00,0,0.00,
ARCHIVED,floor mat rubber,PHRASE,CAMPAIGN_ARCHIVED,,,,0.90,0,0,,0.00,0.00,0,0.00,
ARCHIVED,floor mat runners for the home,PHRASE,CAMPAIGN_ARCHIVED,,,,0.90,0,0,,0.00,0.00,0,0.00,
ARCHIVED,floor mat room,PHRASE,CAMPAIGN_ARCHIVED,,,,0.90,0,0,,0.00,0.00,0,0.00,
ARCHIVED,floor mat ram 1500 quad cab,PHRASE,CAMPAIGN_ARCHIVED,,,,0.90,0,0,,0.00,0.00,0,0.00,
ARCHIVED,floor mat roll,PHRASE,CAMPAIGN_ARCHIVED,,,,0.90,0,0,,0.00,0.00,0,0.00,
ARCHIVED,floor mat rubber non slip,PHRASE,CAMPAIGN_ARCHIVED,,,,0.90,1,0,0,0.00,0.00,0,0.00,
ARCHIVED,floor mat rolling chair carpet,PHRASE,CAMPAIGN_ARCHIVED,,,,0.90,0,0,,0.00,0.00,0,0.00,
ARCHIVED,floor mat queen,PHRASE,CAMPAIGN_ARCHIVED,,,,0.90,0,0,,0.00,0.00,0,0.00,
ARCHIVED,floor mat q50,PHRASE,CAMPAIGN_ARCHIVED,,,,0.90,0,0,,0.00,0.00,0,0.00,
ARCHIVED,floor mat memory foam,PHRASE,CAMPAIGN_ARCHIVED,,,,0.90,2,0,0,0.00,0.00,0,0.00,
ARCHIVED,floor mat medium pile,PHRASE,CAMPAIGN_ARCHIVED,,,,0.90,0,0,,0.00,0.00,0,0.00,
ARCHIVED,floor mat mercedes benz,PHRASE,CAMPAIGN_ARCHIVED,,,,0.90,0,0,,0.00,0.00,0,0.00,
ARCHIVED,floor mat material,PHRASE,CAMPAIGN_ARCHIVED,,,,0.90,1,0,0,0.00,0.00,0,0.00,
ARCHIVED,maxspider floor mat model 3,PHRASE,CAMPAIGN_ARCHIVED,,,,0.90,0,0,,0.00,0.00,0,0.00,
ARCHIVED,floor mat model 3,PHRASE,CAMPAIGN_ARCHIVED,,,,0.90,0,0,,0.00,0.00,0,0.00,
ARCHIVED,floor mat mattress,PHRASE,CAMPAIGN_ARCHIVED,,,,0.90,0,0,,0.00,0.00,0,0.00,
ARCHIVED,floor mat mercedes,PHRASE,CAMPAIGN_ARCHIVED,,,,0.90,0,0,,0.00,0.00,0,0.00,
ARCHIVED,floor mat mazda 3,PHRASE,CAMPAIGN_ARCHIVED,,,,0.90,0,0,,0.00,0.00,0,0.00,
ARCHIVED,floor mat massage,PHRASE,CAMPAIGN_ARCHIVED,,,,0.90,0,0,,0.00,0.00,0,0.00,
ARCHIVED,floor mat standing desk,PHRASE,CAMPAIGN_ARCHIVED,,,,0.90,0,0,,0.00,0.00,0,0.00,
ARCHIVED,floor mat squares,PHRASE,CAMPAIGN_ARCHIVED,,,,0.90,0,0,,0.00,0.00,0,0.00,
ARCHIVED,floor mat set,PHRASE,CAMPAIGN_ARCHIVED,,,,0.90,1,0,0,0.00,0.00,0,0.00,
ARCHIVED,floor mat sleeping,PHRASE,CAMPAIGN_ARCHIVED,,,,0.90,1,0,0,0.00,0.00,0,0.00,
ARCHIVED,floor mat sticky pad,PHRASE,CAMPAIGN_ARCHIVED,,,,0.90,0,0,,0.00,0.00,0,0.00,
ARCHIVED,floor mat stand up desk,PHRASE,CAMPAIGN_ARCHIVED,,,,0.90,0,0,,0.00,0.00,0,0.00,
ARCHIVED,floor mat suv,PHRASE,CAMPAIGN_ARCHIVED,,,,0.90,4,0,0,0.00,0.00,0,0.00,
ARCHIVED,floor mat snow,PHRASE,CAMPAIGN_ARCHIVED,,,,0.90,0,0,,0.00,0.00,0,0.00,
ARCHIVED,floor mat small,PHRASE,CAMPAIGN_ARCHIVED,,,,0.90,1,0,0,0.00,0.00,0,0.00,
ARCHIVED,floor mat under high chair,PHRASE,CAMPAIGN_ARCHIVED,,,,0.90,0,0,,0.00,0.00,0,0.00,
ARCHIVED,floor mat under office chair,PHRASE,CAMPAIGN_ARCHIVED,,,,0.90,0,0,,0.00,0.00,0,0.00,
ARCHIVED,floor mat under highchair,PHRASE,CAMPAIGN_ARCHIVED,,,,0.90,0,0,,0.00,0.00,0,0.00,
ARCHIVED,floor mat under desk chair,PHRASE,CAMPAIGN_ARCHIVED,,,,0.90,0,0,,0.00,0.00,0,0.00,
ARCHIVED,floor mat under dog crate,PHRASE,CAMPAIGN_ARCHIVED,,,,0.90,0,0,,0.00,0.00,0,0.00,
ARCHIVED,floor mat under desk,PHRASE,CAMPAIGN_ARCHIVED,,,,0.90,0,0,,0.00,0.00,0,0.00,
ARCHIVED,floor mat under treadmill,PHRASE,CAMPAIGN_ARCHIVED,,,,0.90,0,0,,0.00,0.00,0,0.00,
ARCHIVED,floor mat under sink,PHRASE,CAMPAIGN_ARCHIVED,,,,0.90,0,0,,0.00,0.00,0,0.00,
ARCHIVED,floor mat under dining table,PHRASE,CAMPAIGN_ARCHIVED,,,,0.90,0,0,,0.00,0.00,0,0.00,
ARCHIVED,floor mat under rug,PHRASE,CAMPAIGN_ARCHIVED,,,,0.90,0,0,,0.00,0.00,0,0.00,
ARCHIVED,floor mat office chair hardwood,PHRASE,CAMPAIGN_ARCHIVED,,,,0.90,0,0,,0.00,0.00,0,0.00,
ARCHIVED,floor mat office chair carpet,PHRASE,CAMPAIGN_ARCHIVED,,,,0.90,1,0,0,0.00,0.00,0,0.00,
ARCHIVED,floor mat outdoor,PHRASE,CAMPAIGN_ARCHIVED,,,,0.90,0,0,,0.00,0.00,0,0.00,
ARCHIVED,floor mat office standing,PHRASE,CAMPAIGN_ARCHIVED,,,,0.90,0,0,,0.00,0.00,0,0.00,
ARCHIVED,floor mat ocean,PHRASE,CAMPAIGN_ARCHIVED,,,,0.90,0,0,,0.00,0.00,0,0.00,
ARCHIVED,floor mat odyssey 2019,PHRASE,CAMPAIGN_ARCHIVED,,,,0.90,0,0,,0.00,0.00,0,0.00,
ARCHIVED,floor mat outside,PHRASE,CAMPAIGN_ARCHIVED,,,,0.90,0,0,,0.00,0.00,0,0.00,
ARCHIVED,floor mat office chair,PHRASE,CAMPAIGN_ARCHIVED,,,,0.90,0,0,,0.00,0.00,0,0.00,
ARCHIVED,floor mat outdoor cute,PHRASE,CAMPAIGN_ARCHIVED,,,,0.90,0,0,,0.00,0.00,0,0.00,
ARCHIVED,floor mat or 2019 honda pilot,PHRASE,CAMPAIGN_ARCHIVED,,,,0.90,0,0,,0.00,0.00,0,0.00,
ARCHIVED,floor mat ten frame,PHRASE,CAMPAIGN_ARCHIVED,,,,0.90,0,0,,0.00,0.00,0,0.00,
ARCHIVED,floor mat to lay on,PHRASE,CAMPAIGN_ARCHIVED,,,,0.90,0,0,,0.00,0.00,0,0.00,
ARCHIVED,floor mat yoga,PHRASE,CAMPAIGN_ARCHIVED,,,,0.90,0,0,,0.00,0.00,0,0.00,
ARCHIVED,floor mat yukon,PHRASE,CAMPAIGN_ARCHIVED,,,,0.90,0,0,,0.00,0.00,0,0.00,
ARCHIVED,floor mat yukon xl,PHRASE,CAMPAIGN_ARCHIVED,,,,0.90,0,0,,0.00,0.00,0,0.00,
ARCHIVED,floor mat vinyl,PHRASE,CAMPAIGN_ARCHIVED,,,,0.90,0,0,,0.00,0.00,0,0.00,
ARCHIVED,floor mat velcro,PHRASE,CAMPAIGN_ARCHIVED,,,,0.90,0,0,,0.00,0.00,0,0.00,
ARCHIVED,floor mat van,PHRASE,CAMPAIGN_ARCHIVED,,,,0.90,0,0,,0.00,0.00,0,0.00,
ARCHIVED,floor mat velcro holder,PHRASE,CAMPAIGN_ARCHIVED,,,,0.90,0,0,,0.00,0.00,0,0.00,
ARCHIVED,floor mat vw 1959,PHRASE,CAMPAIGN_ARCHIVED,,,,0.90,0,0,,0.00,0.00,0,0.00,
ARCHIVED,floor mat vaccum,PHRASE,CAMPAIGN_ARCHIVED,,,,0.90,0,0,,0.00,0.00,0,0.00,
ARCHIVED,floor mat vw,PHRASE,CAMPAIGN_ARCHIVED,,,,0.90,0,0,,0.00,0.00,0,0.00,
ARCHIVED,floor mat volvo,PHRASE,CAMPAIGN_ARCHIVED,,,,0.90,0,0,,0.00,0.00,0,0.00,
ARCHIVED,floor mat volvo xc90,PHRASE,CAMPAIGN_ARCHIVED,,,,0.90,0,0,,0.00,0.00,0,0.00,
ARCHIVED,floor mat video game,PHRASE,CAMPAIGN_ARCHIVED,,,,0.90,0,0,,0.00,0.00,0,0.00,
ARCHIVED,floor mat x5,PHRASE,CAMPAIGN_ARCHIVED,,,,0.90,0,0,,0.00,0.00,0,0.00,
ARCHIVED,floor mat wood grain,PHRASE,CAMPAIGN_ARCHIVED,,,,0.90,0,0,,0.00,0.00,0,0.00,
ARCHIVED,floor mat with lip,PHRASE,CAMPAIGN_ARCHIVED,,,,0.90,0,0,,0.00,0.00,0,0.00,
ARCHIVED,floor mat water proof,PHRASE,CAMPAIGN_ARCHIVED,,,,0.90,0,0,,0.00,0.00,0,0.00,
ARCHIVED,floor mat with schnauzer,PHRASE,CAMPAIGN_ARCHIVED,,,,0.90,0,0,,0.00,0.00,0,0.00,
ARCHIVED,floor mat with alarm,PHRASE,CAMPAIGN_ARCHIVED,,,,0.90,0,0,,0.00,0.00,0,0.00,
ARCHIVED,floor mat workout,PHRASE,CAMPAIGN_ARCHIVED,,,,0.90,0,0,,0.00,0.00,0,0.00,
ARCHIVED,floor mat water absorbent,PHRASE,CAMPAIGN_ARCHIVED,,,,0.90,0,0,,0.00,0.00,0,0.00,
ARCHIVED,floor mat waterproof,PHRASE,CAMPAIGN_ARCHIVED,,,,0.90,0,0,,0.00,0.00,0,0.00,
ARCHIVED,floor mat water,PHRASE,CAMPAIGN_ARCHIVED,,,,0.90,0,0,,0.00,0.00,0,0.00,
ARCHIVED,floor mat with grip,PHRASE,CAMPAIGN_ARCHIVED,,,,0.90,0,0,,0.00,0.00,0,0.00,
ARCHIVED,bmw z4 floor mats,PHRASE,CAMPAIGN_ARCHIVED,,,,0.90,0,0,,0.00,0.00,0,0.00,
ARCHIVED,bmw z3 floor mats,PHRASE,CAMPAIGN_ARCHIVED,,,,0.90,0,0,,0.00,0.00,0,0.00,
ARCHIVED,z71 floor mats,PHRASE,CAMPAIGN_ARCHIVED,,,,0.90,0,0,,0.00,0.00,0,0.00,
ARCHIVED,floor mats for office chairs on carpet,PHRASE,CAMPAIGN_ARCHIVED,,,,0.90,0,0,,0.00,0.00,0,0.00,
ARCHIVED,floor mats for office 48 x 60,PHRASE,CAMPAIGN_ARCHIVED,,,,0.90,0,0,,0.00,0.00,0,0.00,
ARCHIVED,floor mats for office carpet,PHRASE,CAMPAIGN_ARCHIVED,,,,0.90,0,0,,0.00,0.00,0,0.00,
ARCHIVED,floor mats for office hardwood floor,PHRASE,CAMPAIGN_ARCHIVED,,,,0.90,0,0,,0.00,0.00,0,0.00,
ARCHIVED,floor mats for office chairs on hardwood floors,PHRASE,CAMPAIGN_ARCHIVED,,,,0.90,0,0,,0.00,0.00,0,0.00,
ARCHIVED,floor mats for office chairs on laminate,PHRASE,CAMPAIGN_ARCHIVED,,,,0.90,0,0,,0.00,0.00,0,0.00,
ARCHIVED,floor mats for office chairs,PHRASE,CAMPAIGN_ARCHIVED,,,,0.90,0,0,,0.00,0.00,0,0.00,
ARCHIVED,floor mats for office standing desk,PHRASE,CAMPAIGN_ARCHIVED,,,,0.90,0,0,,0.00,0.00,0,0.00,
ARCHIVED,floor mats for office round,PHRASE,CAMPAIGN_ARCHIVED,,,,0.90,0,0,,0.00,0.00,0,0.00,
ARCHIVED,exercise floor mats for home gym,PHRASE,CAMPAIGN_ARCHIVED,,,,0.90,0,0,,0.00,0.00,0,0.00,
ARCHIVED,rubber floor mats for home,PHRASE,CAMPAIGN_ARCHIVED,,,,0.90,0,0,,0.00,0.00,0,0.00,
ARCHIVED,indoor floor mats for home,PHRASE,CAMPAIGN_ARCHIVED,,,,0.90,0,0,,0.00,0.00,0,0.00,
ARCHIVED,floor mats for home entrance,PHRASE,CAMPAIGN_ARCHIVED,,,,0.90,0,0,,0.00,0.00,0,0.00,
ARCHIVED,outdoor floor mats for home,PHRASE,CAMPAIGN_ARCHIVED,,,,0.90,0,0,,0.00,0.00,0,0.00,
ARCHIVED,floor mats for home large,PHRASE,CAMPAIGN_ARCHIVED,,,,0.90,1,0,0,0.00,0.00,0,0.00,
ARCHIVED,floor mats for home office chair,PHRASE,CAMPAIGN_ARCHIVED,,,,0.90,0,0,,0.00,0.00,0,0.00,
ARCHIVED,floor mats for home welcome,PHRASE,CAMPAIGN_ARCHIVED,,,,0.90,0,0,,0.00,0.00,0,0.00,
ARCHIVED,floor mats for home office,PHRASE,CAMPAIGN_ARCHIVED,,,,0.90,0,0,,0.00,0.00,0,0.00,
ARCHIVED,floor mat for office chair wood floor with lip,PHRASE,CAMPAIGN_ARCHIVED,,,,0.90,0,0,,0.00,0.00,0,0.00,
ARCHIVED,floor mat for office chair wood floor large,PHRASE,CAMPAIGN_ARCHIVED,,,,0.90,0,0,,0.00,0.00,0,0.00,
ARCHIVED,floor mat for office chair wood floor 60,PHRASE,CAMPAIGN_ARCHIVED,,,,0.90,0,0,,0.00,0.00,0,0.00,
ARCHIVED,floor mat for office chair wood floor black,PHRASE,CAMPAIGN_ARCHIVED,,,,0.90,0,0,,0.00,0.00,0,0.00,
ARCHIVED,floor mat for office chair wood floor 48x48,PHRASE,CAMPAIGN_ARCHIVED,,,,0.90,0,0,,0.00,0.00,0,0.00,
ARCHIVED,foam floor mats for kids,PHRASE,CAMPAIGN_ARCHIVED,,,,0.90,0,0,,0.00,0.00,0,0.00,
ARCHIVED,padded floor mats for kids,PHRASE,CAMPAIGN_ARCHIVED,,,,0.90,0,0,,0.00,0.00,0,0.00,
ARCHIVED,floor mats for kids eating,PHRASE,CAMPAIGN_ARCHIVED,,,,0.90,0,0,,0.00,0.00,0,0.00,
ARCHIVED,soft floor mats for kids,PHRASE,CAMPAIGN_ARCHIVED,,,,0.90,0,0,,0.00,0.00,0,0.00,
ARCHIVED,floor mats for kids cars,PHRASE,CAMPAIGN_ARCHIVED,,,,0.90,0,0,,0.00,0.00,0,0.00,
ARCHIVED,floor mats for kids non toxic extra thick,PHRASE,CAMPAIGN_ARCHIVED,,,,0.90,0,0,,0.00,0.00,0,0.00,
ARCHIVED,floor mats for kids non toxic,PHRASE,CAMPAIGN_ARCHIVED,,,,0.90,0,0,,0.00,0.00,0,0.00,
ARCHIVED,floor mats for kids letters,PHRASE,CAMPAIGN_ARCHIVED,,,,0.90,0,0,,0.00,0.00,0,0.00,
ARCHIVED,floor mats for kids large,PHRASE,CAMPAIGN_ARCHIVED,,,,0.90,0,0,,0.00,0.00,0,0.00,
ARCHIVED,floor mattress queen,PHRASE,CAMPAIGN_ARCHIVED,,,,0.90,0,0,,0.00,0.00,0,0.00,
ARCHIVED,floor mattress for kids,PHRASE,CAMPAIGN_ARCHIVED,,,,0.90,0,0,,0.00,0.00,0,0.00,
ARCHIVED,floor mattress twin,PHRASE,CAMPAIGN_ARCHIVED,,,,0.90,0,0,,0.00,0.00,0,0.00,
ARCHIVED,japanese floor mattress,PHRASE,CAMPAIGN_ARCHIVED,,,,0.90,0,0,,0.00,0.00,0,0.00,
ARCHIVED,folding floor mattress,PHRASE,CAMPAIGN_ARCHIVED,,,,0.90,0,0,,0.00,0.00,0,0.00,
ARCHIVED,floor mattress pad,PHRASE,CAMPAIGN_ARCHIVED,,,,0.90,0,0,,0.00,0.00,0,0.00,
ARCHIVED,floor mattress for adults,PHRASE,CAMPAIGN_ARCHIVED,,,,0.90,0,0,,0.00,0.00,0,0.00,
ARCHIVED,floor mattress full,PHRASE,CAMPAIGN_ARCHIVED,,,,0.90,0,0,,0.00,0.00,0,0.00,
ARCHIVED,floor mat for office chair carpet black,PHRASE,CAMPAIGN_ARCHIVED,,,,0.90,0,0,,0.00,0.00,0,0.00,
ARCHIVED,floor mat for office chair carpet for thick carpet,PHRASE,CAMPAIGN_ARCHIVED,,,,0.90,0,0,,0.00,0.00,0,0.00,
ARCHIVED,floor mat for office chair carpet high pile,PHRASE,CAMPAIGN_ARCHIVED,,,,0.90,0,0,,0.00,0.00,0,0.00,
ARCHIVED,floor mat for office chair carpet same day,PHRASE,CAMPAIGN_ARCHIVED,,,,0.90,0,0,,0.00,0.00,0,0.00,
ARCHIVED,floor mattress for sleep queen,PHRASE,CAMPAIGN_ARCHIVED,,,,0.90,0,0,,0.00,0.00,0,0.00,
ARCHIVED,kitchen rug and mats,PHRASE,CAMPAIGN_ARCHIVED,,,,0.90,0,0,,0.00,0.00,0,0.00,
ARCHIVED,kitchen rug apples,PHRASE,CAMPAIGN_ARCHIVED,,,,0.90,9,0,0,0.00,0.00,0,0.00,
ARCHIVED,kitchen rug aztec,PHRASE,CAMPAIGN_ARCHIVED,,,,0.90,0,0,,0.00,0.00,0,0.00,
ARCHIVED,kitchen rug autumn,PHRASE,CAMPAIGN_ARCHIVED,,,,0.90,0,0,,0.00,0.00,0,0.00,
ARCHIVED,kitchen rug aqua,PHRASE,CAMPAIGN_ARCHIVED,,,,0.90,0,0,,0.00,0.00,0,0.00,
ARCHIVED,kitchen rug and runner set,PHRASE,CAMPAIGN_ARCHIVED,,,,0.90,2,0,0,0.00,0.00,0,0.00,
ARCHIVED,kitchen rug and towel sets,PHRASE,CAMPAIGN_ARCHIVED,,,,0.90,0,0,,0.00,0.00,0,0.00,
ARCHIVED,kitchen rug and mat set,PHRASE,CAMPAIGN_ARCHIVED,,,,0.90,0,0,,0.00,0.00,0,0.00,
ARCHIVED,kitchen rug abstract,PHRASE,CAMPAIGN_ARCHIVED,,,,0.90,0,0,,0.00,0.00,0,0.00,
ARCHIVED,kitchen rugs non skid washable,PHRASE,CAMPAIGN_ARCHIVED,,,,0.90,0,0,,0.00,0.00,0,0.00,
ARCHIVED,kitchen rug set,PHRASE,CAMPAIGN_ARCHIVED,,,,0.90,169,0,0,0.00,0.00,0,0.00,
ARCHIVED,kitchen rugs and mats anti fatigue,PHRASE,CAMPAIGN_ARCHIVED,,,,0.90,0,0,,0.00,0.00,0,0.00,
ARCHIVED,kitchen rugs washable,PHRASE,CAMPAIGN_ARCHIVED,,,,0.90,0,0,,0.00,0.00,0,0.00,
ARCHIVED,kitchen rug runner,PHRASE,CAMPAIGN_ARCHIVED,,,,0.90,0,0,,0.00,0.00,0,0.00,
ARCHIVED,kitchen rug sets 3 piece,PHRASE,CAMPAIGN_ARCHIVED,,,,0.90,0,0,,0.00,0.00,0,0.00,
ARCHIVED,kitchen rugs and mats washable,PHRASE,CAMPAIGN_ARCHIVED,,,,0.90,0,0,,0.00,0.00,0,0.00,
ARCHIVED,kitchen rug entry,PHRASE,CAMPAIGN_ARCHIVED,,,,0.90,0,0,,0.00,0.00,0,0.00,
ARCHIVED,kitchen rug espresso,PHRASE,CAMPAIGN_ARCHIVED,,,,0.90,0,0,,0.00,0.00,0,0.00,
ARCHIVED,runner rug contemporary,PHRASE,CAMPAIGN_ARCHIVED,,,,0.90,0,0,,0.00,0.00,0,0.00,
ARCHIVED,runner rug clearance,PHRASE,CAMPAIGN_ARCHIVED,,,,0.90,0,0,,0.00,0.00,0,0.00,
ARCHIVED,runner rug coastal,PHRASE,CAMPAIGN_ARCHIVED,,,,0.90,0,0,,0.00,0.00,0,0.00,
ARCHIVED,runner rug charcoal,PHRASE,CAMPAIGN_ARCHIVED,,,,0.90,0,0,,0.00,0.00,0,0.00,
ARCHIVED,runner rug cream,PHRASE,CAMPAIGN_ARCHIVED,,,,0.90,0,0,,0.00,0.00,0,0.00,
ARCHIVED,runner rug colorful,PHRASE,CAMPAIGN_ARCHIVED,,,,0.90,8,0,0,0.00,0.00,0,0.00,
ARCHIVED,runner rug kitchen,PHRASE,CAMPAIGN_ARCHIVED,,,,0.90,9,0,0,0.00,0.00,0,0.00,
ARCHIVED,runner rug kids,PHRASE,CAMPAIGN_ARCHIVED,,,,0.90,0,0,,0.00,0.00,0,0.00,
ARCHIVED,runner rug kids room,PHRASE,CAMPAIGN_ARCHIVED,,,,0.90,0,0,,0.00,0.00,0,0.00,
ARCHIVED,runner rug kitchen washable,PHRASE,CAMPAIGN_ARCHIVED,,,,0.90,0,0,,0.00,0.00,0,0.00,
ARCHIVED,runner rug kitchen set,PHRASE,CAMPAIGN_ARCHIVED,,,,0.90,1,0,0,0.00,0.00,0,0.00,
ARCHIVED,runner rug kitchen no slip,PHRASE,CAMPAIGN_ARCHIVED,,,,0.90,0,0,,0.00,0.00,0,0.00,
ARCHIVED,runner rug kitchen rubber back,PHRASE,CAMPAIGN_ARCHIVED,,,,0.90,0,0,,0.00,0.00,0,0.00,
ARCHIVED,runner rug kilim,PHRASE,CAMPAIGN_ARCHIVED,,,,0.90,0,0,,0.00,0.00,0,0.00,
ARCHIVED,runner rug long,PHRASE,CAMPAIGN_ARCHIVED,,,,0.90,4,0,0,0.00,0.00,0,0.00,
ARCHIVED,runner rug long hallway,PHRASE,CAMPAIGN_ARCHIVED,,,,0.90,1,0,0,0.00,0.00,0,0.00,
ARCHIVED,runner rug laundry room,PHRASE,CAMPAIGN_ARCHIVED,,,,0.90,0,0,,0.00,0.00,0,0.00,
ARCHIVED,runner rug light gray,PHRASE,CAMPAIGN_ARCHIVED,,,,0.90,0,0,,0.00,0.00,0,0.00,
ARCHIVED,runner rug light blue,PHRASE,CAMPAIGN_ARCHIVED,,,,0.90,0,0,,0.00,0.00,0,0.00,
ARCHIVED,runner rug low pile,PHRASE,CAMPAIGN_ARCHIVED,,,,0.90,0,0,,0.00,0.00,0,0.00,
ARCHIVED,runner rug lodge,PHRASE,CAMPAIGN_ARCHIVED,,,,0.90,0,0,,0.00,0.00,0,0.00,
ARCHIVED,runner rug luxury,PHRASE,CAMPAIGN_ARCHIVED,,,,0.90,0,0,,0.00,0.00,0,0.00,
ARCHIVED,runner rug liner,PHRASE,CAMPAIGN_ARCHIVED,,,,0.90,0,0,,0.00,0.00,0,0.00,
ARCHIVED,runner rug laundry,PHRASE,CAMPAIGN_ARCHIVED,,,,0.90,0,0,,0.00,0.00,0,0.00,
ARCHIVED,runner rug hallway,PHRASE,CAMPAIGN_ARCHIVED,,,,0.90,105,0,0,0.00,0.00,0,0.00,
ARCHIVED,runner rug heavy duty,PHRASE,CAMPAIGN_ARCHIVED,,,,0.90,1,0,0,0.00,0.00,0,0.00,
ARCHIVED,runner rug hand woven,PHRASE,CAMPAIGN_ARCHIVED,,,,0.90,0,0,,0.00,0.00,0,0.00,
ARCHIVED,runner rug holder,PHRASE,CAMPAIGN_ARCHIVED,,,,0.90,0,0,,0.00,0.00,0,0.00,
ARCHIVED,runner rug hallway long,PHRASE,CAMPAIGN_ARCHIVED,,,,0.90,0,0,,0.00,0.00,0,0.00,
ARCHIVED,runner rug holiday,PHRASE,CAMPAIGN_ARCHIVED,,,,0.90,1,0,0,0.00,0.00,0,0.00,
ARCHIVED,runner rug harry potter,PHRASE,CAMPAIGN_ARCHIVED,,,,0.90,0,0,,0.00,0.00,0,0.00,
ARCHIVED,runner rug trellis,PHRASE,CAMPAIGN_ARCHIVED,,,,0.90,0,0,,0.00,0.00,0,0.00,
ARCHIVED,runner rug turkish,PHRASE,CAMPAIGN_ARCHIVED,,,,0.90,0,0,,0.00,0.00,0,0.00,
ARCHIVED,runner rug thin,PHRASE,CAMPAIGN_ARCHIVED,,,,0.90,0,0,,0.00,0.00,0,0.00,
ARCHIVED,runner rug taupe,PHRASE,CAMPAIGN_ARCHIVED,,,,0.90,0,0,,0.00,0.00,0,0.00,
ARCHIVED,runner rug with rubber backing,PHRASE,CAMPAIGN_ARCHIVED,,,,0.90,0,0,,0.00,0.00,0,0.00,
ARCHIVED,runner rug washable,PHRASE,CAMPAIGN_ARCHIVED,,,,0.90,1,0,0,0.00,0.00,0,0.00,
ARCHIVED,runner rug white,PHRASE,CAMPAIGN_ARCHIVED,,,,0.90,0,0,,0.00,0.00,0,0.00,
ARCHIVED,runner rug waterproof,PHRASE,CAMPAIGN_ARCHIVED,,,,0.90,0,0,,0.00,0.00,0,0.00,
ARCHIVED,runner rug western,PHRASE,CAMPAIGN_ARCHIVED,,,,0.90,0,0,,0.00,0.00,0,0.00,
ARCHIVED,runner rug with backing,PHRASE,CAMPAIGN_ARCHIVED,,,,0.90,0,0,,0.00,0.00,0,0.00,
ARCHIVED,runner rug woven,PHRASE,CAMPAIGN_ARCHIVED,,,,0.90,0,0,,0.00,0.00,0,0.00,
ARCHIVED,runner rug wool,PHRASE,CAMPAIGN_ARCHIVED,,,,0.90,0,0,,0.00,0.00,0,0.00,
ARCHIVED,runner rug with fringe,PHRASE,CAMPAIGN_ARCHIVED,,,,0.90,0,0,,0.00,0.00,0,0.00,
ARCHIVED,runner rug wide,PHRASE,CAMPAIGN_ARCHIVED,,,,0.90,0,0,,0.00,0.00,0,0.00,
ARCHIVED,runner rug vintage distressed,PHRASE,CAMPAIGN_ARCHIVED,,,,0.90,0,0,,0.00,0.00,0,0.00,
ARCHIVED,runner rug vintage,PHRASE,CAMPAIGN_ARCHIVED,,,,0.90,0,0,,0.00,0.00,0,0.00,
ARCHIVED,runner rug vinyl,PHRASE,CAMPAIGN_ARCHIVED,,,,0.90,0,0,,0.00,0.00,0,0.00,
ARCHIVED,runner rug orange,PHRASE,CAMPAIGN_ARCHIVED,,,,0.90,0,0,,0.00,0.00,0,0.00,
ARCHIVED,runner rug outdoor,PHRASE,CAMPAIGN_ARCHIVED,,,,0.90,1,0,0,0.00,0.00,0,0.00,
ARCHIVED,runner rug olive green,PHRASE,CAMPAIGN_ARCHIVED,,,,0.90,0,0,,0.00,0.00,0,0.00,
ARCHIVED,runner rug organic,PHRASE,CAMPAIGN_ARCHIVED,,,,0.90,0,0,,0.00,0.00,0,0.00,
ARCHIVED,runner rug outdoor all weather,PHRASE,CAMPAIGN_ARCHIVED,,,,0.90,0,0,,0.00,0.00,0,0.00,
ARCHIVED,runner rug oriental,PHRASE,CAMPAIGN_ARCHIVED,,,,0.90,0,0,,0.00,0.00,0,0.00,
ARCHIVED,runner rug ottomanson,PHRASE,CAMPAIGN_ARCHIVED,,,,0.90,0,0,,0.00,0.00,0,0.00,
ARCHIVED,runner rug on sale,PHRASE,CAMPAIGN_ARCHIVED,,,,0.90,1,0,0,0.00,0.00,0,0.00,
ARCHIVED,runner rug outdoor indoor,PHRASE,CAMPAIGN_ARCHIVED,,,,0.90,0,0,,0.00,0.00,0,0.00,
ARCHIVED,runner rug octopus,PHRASE,CAMPAIGN_ARCHIVED,,,,0.90,0,0,,0.00,0.00,0,0.00,
ARCHIVED,runner rug shag,PHRASE,CAMPAIGN_ARCHIVED,,,,0.90,0,0,,0.00,0.00,0,0.00,
ARCHIVED,runner rug safavieh,PHRASE,CAMPAIGN_ARCHIVED,,,,0.90,1,0,0,0.00,0.00,0,0.00,
ARCHIVED,runner rug solid color,PHRASE,CAMPAIGN_ARCHIVED,,,,0.90,0,0,,0.00,0.00,0,0.00,
ARCHIVED,runner rug shaggy,PHRASE,CAMPAIGN_ARCHIVED,,,,0.90,0,0,,0.00,0.00,0,0.00,
ARCHIVED,runner rug stay,PHRASE,CAMPAIGN_ARCHIVED,,,,0.90,0,0,,0.00,0.00,0,0.00,
ARCHIVED,runner rug small,PHRASE,CAMPAIGN_ARCHIVED,,,,0.90,0,0,,0.00,0.00,0,0.00,
ARCHIVED,runner rug solid,PHRASE,CAMPAIGN_ARCHIVED,,,,0.90,0,0,,0.00,0.00,0,0.00,
ARCHIVED,runner rug seagrass,PHRASE,CAMPAIGN_ARCHIVED,,,,0.90,0,0,,0.00,0.00,0,0.00,
ARCHIVED,runner rug sets 3 piece,PHRASE,CAMPAIGN_ARCHIVED,,,,0.90,0,0,,0.00,0.00,0,0.00,
ARCHIVED,runner rug purple,PHRASE,CAMPAIGN_ARCHIVED,,,,0.90,1,0,0,0.00,0.00,0,0.00,
ARCHIVED,runner rug pink,PHRASE,CAMPAIGN_ARCHIVED,,,,0.90,0,0,,0.00,0.00,0,0.00,
ARCHIVED,runner rug red,PHRASE,CAMPAIGN_ARCHIVED,,,,0.90,5,0,0,0.00,0.00,0,0.00,
ARCHIVED,runner rug rubber back,PHRASE,CAMPAIGN_ARCHIVED,,,,0.90,0,0,,0.00,0.00,0,0.00,
ARCHIVED,runner rug rustic,PHRASE,CAMPAIGN_ARCHIVED,,,,0.90,0,0,,0.00,0.00,0,0.00,
ARCHIVED,runner rug rubber,PHRASE,CAMPAIGN_ARCHIVED,,,,0.90,0,0,,0.00,0.00,0,0.00,
ARCHIVED,runner rug rainbow,PHRASE,CAMPAIGN_ARCHIVED,,,,0.90,0,0,,0.00,0.00,0,0.00,
ARCHIVED,runner rug rust,PHRASE,CAMPAIGN_ARCHIVED,,,,0.90,1,0,0,0.00,0.00,0,0.00,
ARCHIVED,kitchen mat chef,PHRASE,CAMPAIGN_ARCHIVED,,,,0.90,0,0,,0.00,0.00,0,0.00,
ARCHIVED,kitchen mat cushion,PHRASE,CAMPAIGN_ARCHIVED,,,,0.90,0,0,,0.00,0.00,0,0.00,
ARCHIVED,kitchen mat colorful,PHRASE,CAMPAIGN_ARCHIVED,,,,0.90,0,0,,0.00,0.00,0,0.00,
ARCHIVED,kitchen mat chef design,PHRASE,CAMPAIGN_ARCHIVED,,,,0.90,0,0,,0.00,0.00,0,0.00,
ARCHIVED,kitchen mat chicken,PHRASE,CAMPAIGN_ARCHIVED,,,,0.90,0,0,,0.00,0.00,0,0.00,
ARCHIVED,kitchen mat christmas,PHRASE,CAMPAIGN_ARCHIVED,,,,0.90,0,0,,0.00,0.00,0,0.00,
ARCHIVED,kitchen mat cat,PHRASE,CAMPAIGN_ARCHIVED,,,,0.90,0,0,,0.00,0.00,0,0.00,
ARCHIVED,kitchen mat anti fatigue pattern,PHRASE,CAMPAIGN_ARCHIVED,,,,0.90,0,0,,0.00,0.00,0,0.00,
ARCHIVED,kitchen mat absorbent,PHRASE,CAMPAIGN_ARCHIVED,,,,0.90,0,0,,0.00,0.00,0,0.00,
ARCHIVED,kitchen mat amazon basics,PHRASE,CAMPAIGN_ARCHIVED,,,,0.90,0,0,,0.00,0.00,0,0.00,
ARCHIVED,kitchen mat aqua,PHRASE,CAMPAIGN_ARCHIVED,,,,0.90,0,0,,0.00,0.00,0,0.00,
ARCHIVED,kitchen mat anti fatigue mat,PHRASE,CAMPAIGN_ARCHIVED,,,,0.90,0,0,,0.00,0.00,0,0.00,
ARCHIVED,kitchen mat autumn,PHRASE,CAMPAIGN_ARCHIVED,,,,0.90,0,0,,0.00,0.00,0,0.00,
ARCHIVED,kitchen mat and towel set,PHRASE,CAMPAIGN_ARCHIVED,,,,0.90,0,0,,0.00,0.00,0,0.00,
ARCHIVED,kitchen mat anti slip,PHRASE,CAMPAIGN_ARCHIVED,,,,0.90,1,0,0,0.00,0.00,0,0.00,
ARCHIVED,kitchen mat antifatigue,PHRASE,CAMPAIGN_ARCHIVED,,,,0.90,0,0,,0.00,0.00,0,0.00,
ARCHIVED,kitchen mat gray,PHRASE,CAMPAIGN_ARCHIVED,,,,0.90,0,0,,0.00,0.00,0,0.00,
ARCHIVED,kitchen mat grey,PHRASE,CAMPAIGN_ARCHIVED,,,,0.90,0,0,,0.00,0.00,0,0.00,
ARCHIVED,kitchen mat gelpro,PHRASE,CAMPAIGN_ARCHIVED,,,,0.90,0,0,,0.00,0.00,0,0.00,
ARCHIVED,kitchen mat gel,PHRASE,CAMPAIGN_ARCHIVED,,,,0.90,0,0,,0.00,0.00,0,0.00,
ARCHIVED,kitchen mat geometric,PHRASE,CAMPAIGN_ARCHIVED,,,,0.90,0,0,,0.00,0.00,0,0.00,
ARCHIVED,kitchen mat gel pro,PHRASE,CAMPAIGN_ARCHIVED,,,,0.90,0,0,,0.00,0.00,0,0.00,
ARCHIVED,kitchen mat gold,PHRASE,CAMPAIGN_ARCHIVED,,,,0.90,0,0,,0.00,0.00,0,0.00,
ARCHIVED,kitchen mat grey and white,PHRASE,CAMPAIGN_ARCHIVED,,,,0.90,1,0,0,0.00,0.00,0,0.00,
ARCHIVED,kitchen mat grapes,PHRASE,CAMPAIGN_ARCHIVED,,,,0.90,0,0,,0.00,0.00,0,0.00,
ARCHIVED,kitchen mat hillside,PHRASE,CAMPAIGN_ARCHIVED,,,,0.90,0,0,,0.00,0.00,0,0.00,
ARCHIVED,kitchen mat half moon,PHRASE,CAMPAIGN_ARCHIVED,,,,0.90,2,0,0,0.00,0.00,0,0.00,
ARCHIVED,kitchen mat hardwood safe,PHRASE,CAMPAIGN_ARCHIVED,,,,0.90,0,0,,0.00,0.00,0,0.00,
ARCHIVED,kitchen mat halloween,PHRASE,CAMPAIGN_ARCHIVED,,,,0.90,0,0,,0.00,0.00,0,0.00,
ARCHIVED,kitchen mat holiday,PHRASE,CAMPAIGN_ARCHIVED,,,,0.90,1,0,0,0.00,0.00,0,0.00,
ARCHIVED,kitchen mat half,PHRASE,CAMPAIGN_ARCHIVED,,,,0.90,0,0,,0.00,0.00,0,0.00,
ARCHIVED,kitchen mat herbs,PHRASE,CAMPAIGN_ARCHIVED,,,,0.90,0,0,,0.00,0.00,0,0.00,
ARCHIVED,kitchen mat half circle,PHRASE,CAMPAIGN_ARCHIVED,,,,0.90,1,0,0,0.00,0.00,0,0.00,
ARCHIVED,kitchen mat home,PHRASE,CAMPAIGN_ARCHIVED,,,,0.90,0,0,,0.00,0.00,0,0.00,
ARCHIVED,kitchen mat ergonomic,PHRASE,CAMPAIGN_ARCHIVED,,,,0.90,0,0,,0.00,0.00,0,0.00,
ARCHIVED,kitchen mat extra large,PHRASE,CAMPAIGN_ARCHIVED,,,,0.90,0,0,,0.00,0.00,0,0.00,
ARCHIVED,kitchen mat easy clean,PHRASE,CAMPAIGN_ARCHIVED,,,,0.90,0,0,,0.00,0.00,0,0.00,
ARCHIVED,kitchen mat extra long,PHRASE,CAMPAIGN_ARCHIVED,,,,0.90,1,0,0,0.00,0.00,0,0.00,
ARCHIVED,kitchen mat eggplant,PHRASE,CAMPAIGN_ARCHIVED,,,,0.90,0,0,,0.00,0.00,0,0.00,
ARCHIVED,kitchen mat eat,PHRASE,CAMPAIGN_ARCHIVED,,,,0.90,0,0,,0.00,0.00,0,0.00,
ARCHIVED,kitchen mat eiffel tower,PHRASE,CAMPAIGN_ARCHIVED,,,,0.90,0,0,,0.00,0.00,0,0.00,
ARCHIVED,kitchen mat extra wide,PHRASE,CAMPAIGN_ARCHIVED,,,,0.90,0,0,,0.00,0.00,0,0.00,
ARCHIVED,kitchen mat drying,PHRASE,CAMPAIGN_ARCHIVED,,,,0.90,0,0,,0.00,0.00,0,0.00,
ARCHIVED,kitchen mat decorative,PHRASE,CAMPAIGN_ARCHIVED,,,,0.90,0,0,,0.00,0.00,0,0.00,
ARCHIVED,kitchen mat dish dryer,PHRASE,CAMPAIGN_ARCHIVED,,,,0.90,0,0,,0.00,0.00,0,0.00,
ARCHIVED,kitchen mat design,PHRASE,CAMPAIGN_ARCHIVED,,,,0.90,0,0,,0.00,0.00,0,0.00,
ARCHIVED,kitchen mat dog,PHRASE,CAMPAIGN_ARCHIVED,,,,0.90,0,0,,0.00,0.00,0,0.00,
ARCHIVED,kitchen mat donut,PHRASE,CAMPAIGN_ARCHIVED,,,,0.90,0,0,,0.00,0.00,0,0.00,
ARCHIVED,kitchen mat lime green,PHRASE,CAMPAIGN_ARCHIVED,,,,0.90,0,0,,0.00,0.00,0,0.00,
ARCHIVED,kitchen mat quote,PHRASE,CAMPAIGN_ARCHIVED,,,,0.90,0,0,,0.00,0.00,0,0.00,
ARCHIVED,kitchen mat vegetables,PHRASE,CAMPAIGN_ARCHIVED,,,,0.90,0,0,,0.00,0.00,0,0.00,
ARCHIVED,kitchen mat vinyl,PHRASE,CAMPAIGN_ARCHIVED,,,,0.90,0,0,,0.00,0.00,0,0.00,
ARCHIVED,kitchen mat vintage,PHRASE,CAMPAIGN_ARCHIVED,,,,0.90,0,0,,0.00,0.00,0,0.00,
ARCHIVED,kitchen mat orange,PHRASE,CAMPAIGN_ARCHIVED,,,,0.90,0,0,,0.00,0.00,0,0.00,
ARCHIVED,kitchen mat ocean,PHRASE,CAMPAIGN_ARCHIVED,,,,0.90,0,0,,0.00,0.00,0,0.00,
ARCHIVED,kitchen mat on sale,PHRASE,CAMPAIGN_ARCHIVED,,,,0.90,0,0,,0.00,0.00,0,0.00,
ARCHIVED,kitchen mat olive,PHRASE,CAMPAIGN_ARCHIVED,,,,0.90,0,0,,0.00,0.00,0,0.00,
ARCHIVED,kitchen mat oversized,PHRASE,CAMPAIGN_ARCHIVED,,,,0.90,0,0,,0.00,0.00,0,0.00,
ARCHIVED,kitchen mat oven,PHRASE,CAMPAIGN_ARCHIVED,,,,0.90,0,0,,0.00,0.00,0,0.00,
ARCHIVED,kitchen mat oval,PHRASE,CAMPAIGN_ARCHIVED,,,,0.90,0,0,,0.00,0.00,0,0.00,
ARCHIVED,kitchen mat owl,PHRASE,CAMPAIGN_ARCHIVED,,,,0.90,0,0,,0.00,0.00,0,0.00,
ARCHIVED,kitchen mat oil resistant,PHRASE,CAMPAIGN_ARCHIVED,,,,0.90,0,0,,0.00,0.00,0,0.00,
ARCHIVED,kitchen mat xl,PHRASE,CAMPAIGN_ARCHIVED,,,,0.90,0,0,,0.00,0.00,0,0.00,
ARCHIVED,kitchen mat jute,PHRASE,CAMPAIGN_ARCHIVED,,,,0.90,0,0,,0.00,0.00,0,0.00,
ARCHIVED,kitchen mat kangaroo,PHRASE,CAMPAIGN_ARCHIVED,,,,0.90,0,0,,0.00,0.00,0,0.00,
ARCHIVED,kitchen mat kit,PHRASE,CAMPAIGN_ARCHIVED,,,,0.90,0,0,,0.00,0.00,0,0.00,
ARCHIVED,kitchen mat korean,PHRASE,CAMPAIGN_ARCHIVED,,,,0.90,0,0,,0.00,0.00,0,0.00,
ARCHIVED,kitchen mat kids,PHRASE,CAMPAIGN_ARCHIVED,,,,0.90,0,0,,0.00,0.00,0,0.00,
ARCHIVED,kitchen mat kittens,PHRASE,CAMPAIGN_ARCHIVED,,,,0.90,0,0,,0.00,0.00,0,0.00,
ARCHIVED,kitchen mat memory foam,PHRASE,CAMPAIGN_ARCHIVED,,,,0.90,3,0,0,0.00,0.00,0,0.00,
ARCHIVED,kitchen mat modern,PHRASE,CAMPAIGN_ARCHIVED,,,,0.90,0,0,,0.00,0.00,0,0.00,
ARCHIVED,kitchen mat marble,PHRASE,CAMPAIGN_ARCHIVED,,,,0.90,0,0,,0.00,0.00,0,0.00,
ARCHIVED,kitchen mat moroccan,PHRASE,CAMPAIGN_ARCHIVED,,,,0.90,0,0,,0.00,0.00,0,0.00,
ARCHIVED,kitchen mat made in usa,PHRASE,CAMPAIGN_ARCHIVED,,,,0.90,0,0,,0.00,0.00,0,0.00,
ARCHIVED,kitchen mat yellow and gray,PHRASE,CAMPAIGN_ARCHIVED,,,,0.90,0,0,,0.00,0.00,0,0.00,
ARCHIVED,kitchen mat yellow,PHRASE,CAMPAIGN_ARCHIVED,,,,0.90,1,0,0,0.00,0.00,0,0.00,
ARCHIVED,kitchen mat yellow blue,PHRASE,CAMPAIGN_ARCHIVED,,,,0.90,0,0,,0.00,0.00,0,0.00,
ARCHIVED,kitchen mat yellow and turquoise,PHRASE,CAMPAIGN_ARCHIVED,,,,0.90,0,0,,0.00,0.00,0,0.00,
ARCHIVED,kitchen mat waterproof,PHRASE,CAMPAIGN_ARCHIVED,,,,0.90,3,0,0,0.00,0.00,0,0.00,
ARCHIVED,kitchen mat wine,PHRASE,CAMPAIGN_ARCHIVED,,,,0.90,1,0,0,0.00,0.00,0,0.00,
ARCHIVED,kitchen mat washable,PHRASE,CAMPAIGN_ARCHIVED,,,,0.90,0,0,,0.00,0.00,0,0.00,
ARCHIVED,kitchen mat wine theme,PHRASE,CAMPAIGN_ARCHIVED,,,,0.90,1,0,0,0.00,0.00,0,0.00,
ARCHIVED,kitchen mat white,PHRASE,CAMPAIGN_ARCHIVED,,,,0.90,0,0,,0.00,0.00,0,0.00,
ARCHIVED,kitchen mat waterproof non-slip,PHRASE,CAMPAIGN_ARCHIVED,,,,0.90,0,0,,0.00,0.00,0,0.00,
ARCHIVED,kitchen mat water resistant,PHRASE,CAMPAIGN_ARCHIVED,,,,0.90,0,0,,0.00,0.00,0,0.00,
ARCHIVED,kitchen mat with coffee,PHRASE,CAMPAIGN_ARCHIVED,,,,0.90,0,0,,0.00,0.00,0,0.00,
ARCHIVED,kitchen mat water absorbent,PHRASE,CAMPAIGN_ARCHIVED,,,,0.90,0,0,,0.00,0.00,0,0.00,
ARCHIVED,kitchen mat wet,PHRASE,CAMPAIGN_ARCHIVED,,,,0.90,0,0,,0.00,0.00,0,0.00,
ARCHIVED,kitchen mats cushioned anti fatigue long,PHRASE,CAMPAIGN_ARCHIVED,,,,0.90,0,0,,0.00,0.00,0,0.00,
ARCHIVED,kitchen mats cushioned anti fatigue blue,PHRASE,CAMPAIGN_ARCHIVED,,,,0.90,0,0,,0.00,0.00,0,0.00,
ARCHIVED,kitchen mats cushioned anti fatigue red,PHRASE,CAMPAIGN_ARCHIVED,,,,0.90,0,0,,0.00,0.00,0,0.00,
ARCHIVED,kitchen mats cushioned anti fatigue wine,PHRASE,CAMPAIGN_ARCHIVED,,,,0.90,0,0,,0.00,0.00,0,0.00,
ARCHIVED,kitchen mats cushioned anti fatigue gray,PHRASE,CAMPAIGN_ARCHIVED,,,,0.90,0,0,,0.00,0.00,0,0.00,
ARCHIVED,kitchen mats cushioned anti fatigue black,PHRASE,CAMPAIGN_ARCHIVED,,,,0.90,0,0,,0.00,0.00,0,0.00,
ARCHIVED,kitchen mats cushioned anti fatigue memory foam,PHRASE,CAMPAIGN_ARCHIVED,,,,0.90,0,0,,0.00,0.00,0,0.00,
ARCHIVED,kitchen mats cushioned anti fatigue decorative,PHRASE,CAMPAIGN_ARCHIVED,,,,0.90,0,0,,0.00,0.00,0,0.00,
ARCHIVED,kitchen mats cushioned anti fatigue white,PHRASE,CAMPAIGN_ARCHIVED,,,,0.90,0,0,,0.00,0.00,0,0.00,
ARCHIVED,kitchen mats and rugs sets,PHRASE,CAMPAIGN_ARCHIVED,,,,0.90,1,0,0,0.00,0.00,0,0.00,
ARCHIVED,kitchen mats and rugs red,PHRASE,CAMPAIGN_ARCHIVED,,,,0.90,0,0,,0.00,0.00,0,0.00,
ARCHIVED,kitchen mats and rugs set of 3,PHRASE,CAMPAIGN_ARCHIVED,,,,0.90,0,0,,0.00,0.00,0,0.00,
ARCHIVED,kitchen mats and rugs black,PHRASE,CAMPAIGN_ARCHIVED,,,,0.90,0,0,,0.00,0.00,0,0.00,
ARCHIVED,kitchen mats and rugs apples,PHRASE,CAMPAIGN_ARCHIVED,,,,0.90,0,0,,0.00,0.00,0,0.00,
ARCHIVED,kitchen mats and rugs solid color,PHRASE,CAMPAIGN_ARCHIVED,,,,0.90,0,0,,0.00,0.00,0,0.00,
ARCHIVED,kitchen mats and rugs blue,PHRASE,CAMPAIGN_ARCHIVED,,,,0.90,0,0,,0.00,0.00,0,0.00,
ARCHIVED,kitchen mats and rugs sets prime,PHRASE,CAMPAIGN_ARCHIVED,,,,0.90,0,0,,0.00,0.00,0,0.00,
ARCHIVED,kitchen mats and rugs green,PHRASE,CAMPAIGN_ARCHIVED,,,,0.90,0,0,,0.00,0.00,0,0.00,
ARCHIVED,kitchen mat anti fatigue small,PHRASE,CAMPAIGN_ARCHIVED,,,,0.90,0,0,,0.00,0.00,0,0.00,
ARCHIVED,kitchen mat anti fatigue set,PHRASE,CAMPAIGN_ARCHIVED,,,,0.90,0,0,,0.00,0.00,0,0.00,
ARCHIVED,kitchen mat anti fatigue non slip,PHRASE,CAMPAIGN_ARCHIVED,,,,0.90,0,0,,0.00,0.00,0,0.00,
ARCHIVED,kitchen mat anti fatigue grey,PHRASE,CAMPAIGN_ARCHIVED,,,,0.90,0,0,,0.00,0.00,0,0.00,
ARCHIVED,kitchen mat anti fatigue pink,PHRASE,CAMPAIGN_ARCHIVED,,,,0.90,0,0,,0.00,0.00,0,0.00,
ARCHIVED,kitchen mat anti fatigue long,PHRASE,CAMPAIGN_ARCHIVED,,,,0.90,0,0,,0.00,0.00,0,0.00,
ARCHIVED,kitchen mats for floor set,PHRASE,CAMPAIGN_ARCHIVED,,,,0.90,0,0,,0.00,0.00,0,0.00,
ARCHIVED,kitchen mats for floor washable,PHRASE,CAMPAIGN_ARCHIVED,,,,0.90,0,0,,0.00,0.00,0,0.00,
ARCHIVED,kitchen mats for floor wine glasses,PHRASE,CAMPAIGN_ARCHIVED,,,,0.90,0,0,,0.00,0.00,0,0.00,
ARCHIVED,kitchen mats for floor wood look,PHRASE,CAMPAIGN_ARCHIVED,,,,0.90,0,0,,0.00,0.00,0,0.00,
ARCHIVED,kitchen mats for floor large,PHRASE,CAMPAIGN_ARCHIVED,,,,0.90,0,0,,0.00,0.00,0,0.00,
ARCHIVED,kitchen mats for floor under 15,PHRASE,CAMPAIGN_ARCHIVED,,,,0.90,0,0,,0.00,0.00,0,0.00,
ARCHIVED,kitchen mats for floor yellow blue,PHRASE,CAMPAIGN_ARCHIVED,,,,0.90,0,0,,0.00,0.00,0,0.00,
ARCHIVED,kitchen mats for floor teal,PHRASE,CAMPAIGN_ARCHIVED,,,,0.90,0,0,,0.00,0.00,0,0.00,
ARCHIVED,kitchen mats for floor gray and yellow,PHRASE,CAMPAIGN_ARCHIVED,,,,0.90,0,0,,0.00,0.00,0,0.00,
ARCHIVED,kitchen matches strike on box,PHRASE,CAMPAIGN_ARCHIVED,,,,0.90,0,0,,0.00,0.00,0,0.00,
ARCHIVED,kitchen matches strike anywhere,PHRASE,CAMPAIGN_ARCHIVED,,,,0.90,0,0,,0.00,0.00,0,0.00,
ARCHIVED,kitchen matches wood,PHRASE,CAMPAIGN_ARCHIVED,,,,0.90,0,0,,0.00,0.00,0,0.00,
ARCHIVED,kitchen matches large,PHRASE,CAMPAIGN_ARCHIVED,,,,0.90,0,0,,0.00,0.00,0,0.00,
ARCHIVED,kitchen matches strike on box prime,PHRASE,CAMPAIGN_ARCHIVED,,,,0.90,0,0,,0.00,0.00,0,0.00,
ARCHIVED,kitchen matches bulk,PHRASE,CAMPAIGN_ARCHIVED,,,,0.90,0,0,,0.00,0.00,0,0.00,
ARCHIVED,kitchen matches long,PHRASE,CAMPAIGN_ARCHIVED,,,,0.90,0,0,,0.00,0.00,0,0.00,
ARCHIVED,kitchen matches holder,PHRASE,CAMPAIGN_ARCHIVED,,,,0.90,0,0,,0.00,0.00,0,0.00,
ARCHIVED,kitchen matches blue tip,PHRASE,CAMPAIGN_ARCHIVED,,,,0.90,0,0,,0.00,0.00,0,0.00,
ARCHIVED,kitchen mats cushioned water resistant,PHRASE,CAMPAIGN_ARCHIVED,,,,0.90,0,0,,0.00,0.00,0,0.00,
ARCHIVED,kitchen mats cushioned waterproof,PHRASE,CAMPAIGN_ARCHIVED,,,,0.90,0,0,,0.00,0.00,0,0.00,
ARCHIVED,kitchen mats cushioned washable,PHRASE,CAMPAIGN_ARCHIVED,,,,0.90,0,0,,0.00,0.00,0,0.00,
ARCHIVED,kitchen mats cushioned red,PHRASE,CAMPAIGN_ARCHIVED,,,,0.90,0,0,,0.00,0.00,0,0.00,
ARCHIVED,kitchen matters pamela salzman,PHRASE,CAMPAIGN_ARCHIVED,,,,0.90,0,0,,0.00,0.00,0,0.00,
ARCHIVED,kitchen matt for floor farmhouse,PHRASE,CAMPAIGN_ARCHIVED,,,,0.90,0,0,,0.00,0.00,0,0.00,
ARCHIVED,floor mats for cars,PHRASE,CAMPAIGN_ARCHIVED,,,,0.90,0,0,,0.00,0.00,0,0.00,
ARCHIVED,floor mats for home,PHRASE,CAMPAIGN_ARCHIVED,,,,0.90,0,0,,0.00,0.00,0,0.00,
ARCHIVED,floor mats for office,PHRASE,CAMPAIGN_ARCHIVED,,,,0.90,0,0,,0.00,0.00,0,0.00,
ARCHIVED,floor mats for kids,PHRASE,CAMPAIGN_ARCHIVED,,,,0.90,0,0,,0.00,0.00,0,0.00,
ARCHIVED,floor mattress,PHRASE,CAMPAIGN_ARCHIVED,,,,0.90,0,0,,0.00,0.00,0,0.00,
ARCHIVED,floor mat for office chair carpet,PHRASE,CAMPAIGN_ARCHIVED,,,,0.90,0,0,,0.00,0.00,0,0.00,
ARCHIVED,floor mat dodge journey,PHRASE,CAMPAIGN_ARCHIVED,,,,0.90,0,0,,0.00,0.00,0,0.00,
ARCHIVED,floor mat desk chair 48,PHRASE,CAMPAIGN_ARCHIVED,,,,0.90,0,0,,0.00,0.00,0,0.00,
ARCHIVED,floor mat desk chair,PHRASE,CAMPAIGN_ARCHIVED,,,,0.90,0,0,,0.00,0.00,0,0.00,
ARCHIVED,floor mat doorbell,PHRASE,CAMPAIGN_ARCHIVED,,,,0.90,0,0,,0.00,0.00,0,0.00,
ARCHIVED,floor mat dog bowl,PHRASE,CAMPAIGN_ARCHIVED,,,,0.90,0,0,,0.00,0.00,0,0.00,
ARCHIVED,floor mat piano for kids,PHRASE,CAMPAIGN_ARCHIVED,,,,0.90,0,0,,0.00,0.00,0,0.00,
ARCHIVED,abc floor mat puzzle,PHRASE,CAMPAIGN_ARCHIVED,,,,0.90,0,0,,0.00,0.00,0,0.00,
ARCHIVED,floor mat puzzle,PHRASE,CAMPAIGN_ARCHIVED,,,,0.90,0,0,,0.00,0.00,0,0.00,
ARCHIVED,floor mat protector for hard wood,PHRASE,CAMPAIGN_ARCHIVED,,,,0.90,0,0,,0.00,0.00,0,0.00,
ARCHIVED,floor mat plastic,PHRASE,CAMPAIGN_ARCHIVED,,,,0.90,0,0,,0.00,0.00,0,0.00,
ARCHIVED,floor mat protectors for cars,PHRASE,CAMPAIGN_ARCHIVED,,,,0.90,0,0,,0.00,0.00,0,0.00,
ARCHIVED,floor mat piano,PHRASE,CAMPAIGN_ARCHIVED,,,,0.90,0,0,,0.00,0.00,0,0.00,
ARCHIVED,floor mat puzzle for kids,PHRASE,CAMPAIGN_ARCHIVED,,,,0.90,0,0,,0.00,0.00,0,0.00,
ARCHIVED,floor mat pacifica hybrid,PHRASE,CAMPAIGN_ARCHIVED,,,,0.90,0,0,,0.00,0.00,0,0.00,
ARCHIVED,floor mat padded,PHRASE,CAMPAIGN_ARCHIVED,,,,0.90,0,0,,0.00,0.00,0,0.00,
ARCHIVED,floor mat tiles,PHRASE,CAMPAIGN_ARCHIVED,,,,0.90,0,0,,0.00,0.00,0,0.00,
ARCHIVED,floor mat tape,PHRASE,CAMPAIGN_ARCHIVED,,,,0.90,0,0,,0.00,0.00,0,0.00,
ARCHIVED,floor mat to cover cords,PHRASE,CAMPAIGN_ARCHIVED,,,,0.90,0,0,,0.00,0.00,0,0.00,
ARCHIVED,floor mat toyota rav4 2018,PHRASE,CAMPAIGN_ARCHIVED,,,,0.90,0,0,,0.00,0.00,0,0.00,
ARCHIVED,floor mat truck,PHRASE,CAMPAIGN_ARCHIVED,,,,0.90,2,0,0,0.00,0.00,0,0.00,
ARCHIVED,floor mat thanksgiving,PHRASE,CAMPAIGN_ARCHIVED,,,,0.90,0,0,,0.00,0.00,0,0.00,
ARCHIVED,floor mat toddler,PHRASE,CAMPAIGN_ARCHIVED,,,,0.90,3,0,0,0.00,0.00,0,0.00,
ARCHIVED,floor mat to protect hardwood floor,PHRASE,CAMPAIGN_ARCHIVED,,,,0.90,0,0,,0.00,0.00,0,0.00,
ARCHIVED,kitchen rug easy to clean,PHRASE,CAMPAIGN_ARCHIVED,,,,0.90,0,0,,0.00,0.00,0,0.00,
ARCHIVED,kitchen rug eggplant,PHRASE,CAMPAIGN_ARCHIVED,,,,0.90,0,0,,0.00,0.00,0,0.00,
ARCHIVED,kitchen rug eat,PHRASE,CAMPAIGN_ARCHIVED,,,,0.90,0,0,,0.00,0.00,0,0.00,
ARCHIVED,kitchen rug farmhouse,PHRASE,CAMPAIGN_ARCHIVED,,,,0.90,0,0,,0.00,0.00,0,0.00,
ARCHIVED,kitchen rug in rainbow,PHRASE,CAMPAIGN_ARCHIVED,,,,0.90,0,0,,0.00,0.00,0,0.00,
ARCHIVED,kitchen rug green,PHRASE,CAMPAIGN_ARCHIVED,,,,0.90,0,0,,0.00,0.00,0,0.00,
ARCHIVED,kitchen rug grey,PHRASE,CAMPAIGN_ARCHIVED,,,,0.90,0,0,,0.00,0.00,0,0.00,
ARCHIVED,kitchen rug gray,PHRASE,CAMPAIGN_ARCHIVED,,,,0.90,3,0,0,0.00,0.00,0,0.00,
ARCHIVED,kitchen rug green non slip,PHRASE,CAMPAIGN_ARCHIVED,,,,0.90,0,0,,0.00,0.00,0,0.00,
ARCHIVED,kitchen rug grip,PHRASE,CAMPAIGN_ARCHIVED,,,,0.90,0,0,,0.00,0.00,0,0.00,
ARCHIVED,kitchen rug grippers,PHRASE,CAMPAIGN_ARCHIVED,,,,0.90,0,0,,0.00,0.00,0,0.00,
ARCHIVED,kitchen rug gold,PHRASE,CAMPAIGN_ARCHIVED,,,,0.90,0,0,,0.00,0.00,0,0.00,
ARCHIVED,kitchen rug grapes and wine,PHRASE,CAMPAIGN_ARCHIVED,,,,0.90,0,0,,0.00,0.00,0,0.00,
ARCHIVED,kitchen rug coffee,PHRASE,CAMPAIGN_ARCHIVED,,,,0.90,5,0,0,0.00,0.00,0,0.00,
ARCHIVED,kitchen rug comfort mat,PHRASE,CAMPAIGN_ARCHIVED,,,,0.90,0,0,,0.00,0.00,0,0.00,
ARCHIVED,kitchen rug christmas,PHRASE,CAMPAIGN_ARCHIVED,,,,0.90,0,0,,0.00,0.00,0,0.00,
ARCHIVED,kitchen rug chef,PHRASE,CAMPAIGN_ARCHIVED,,,,0.90,2,0,0,0.00,0.00,0,0.00,
ARCHIVED,kitchen rug cotton,PHRASE,CAMPAIGN_ARCHIVED,,,,0.90,0,0,,0.00,0.00,0,0.00,
ARCHIVED,kitchen rug country,PHRASE,CAMPAIGN_ARCHIVED,,,,0.90,0,0,,0.00,0.00,0,0.00,
ARCHIVED,kitchen rug coffee theme,PHRASE,CAMPAIGN_ARCHIVED,,,,0.90,3,0,0,0.00,0.00,0,0.00,
ARCHIVED,kitchen rug clearance,PHRASE,CAMPAIGN_ARCHIVED,,,,0.90,0,0,,0.00,0.00,0,0.00,
ARCHIVED,kitchen rug colorful,PHRASE,CAMPAIGN_ARCHIVED,,,,0.90,0,0,,0.00,0.00,0,0.00,
ARCHIVED,kitchen rug checkered,PHRASE,CAMPAIGN_ARCHIVED,,,,0.90,0,0,,0.00,0.00,0,0.00,
ARCHIVED,kitchen rugs with quotes,PHRASE,CAMPAIGN_ARCHIVED,,,,0.90,1,0,0,0.00,0.00,0,0.00,
ARCHIVED,quick dry kitchen rug,PHRASE,CAMPAIGN_ARCHIVED,,,,0.90,0,0,,0.00,0.00,0,0.00,
ARCHIVED,quatrefoil kitchen rug,PHRASE,CAMPAIGN_ARCHIVED,,,,0.90,0,0,,0.00,0.00,0,0.00,
ARCHIVED,kitchen rug black,PHRASE,CAMPAIGN_ARCHIVED,,,,0.90,0,0,,0.00,0.00,0,0.00,
ARCHIVED,kitchen rug blue,PHRASE,CAMPAIGN_ARCHIVED,,,,0.90,0,0,,0.00,0.00,0,0.00,
ARCHIVED,kitchen rug brown,PHRASE,CAMPAIGN_ARCHIVED,,,,0.90,3,0,0,0.00,0.00,0,0.00,
ARCHIVED,kitchen rug black and white,PHRASE,CAMPAIGN_ARCHIVED,,,,0.90,1,0,0,0.00,0.00,0,0.00,
ARCHIVED,kitchen rug boho,PHRASE,CAMPAIGN_ARCHIVED,,,,0.90,0,0,,0.00,0.00,0,0.00,
ARCHIVED,kitchen rug burgundy,PHRASE,CAMPAIGN_ARCHIVED,,,,0.90,0,0,,0.00,0.00,0,0.00,
ARCHIVED,kitchen rug blue non slip,PHRASE,CAMPAIGN_ARCHIVED,,,,0.90,0,0,,0.00,0.00,0,0.00,
ARCHIVED,kitchen rug beige,PHRASE,CAMPAIGN_ARCHIVED,,,,0.90,2,0,0,0.00,0.00,0,0.00,
ARCHIVED,kitchen rug black and tan,PHRASE,CAMPAIGN_ARCHIVED,,,,0.90,0,0,,0.00,0.00,0,0.00,
ARCHIVED,kitchen rug blue and white,PHRASE,CAMPAIGN_ARCHIVED,,,,0.90,0,0,,0.00,0.00,0,0.00,
ARCHIVED,kitchen rug red,PHRASE,CAMPAIGN_ARCHIVED,,,,0.90,0,0,,0.00,0.00,0,0.00,
ARCHIVED,kitchen rug runners with rubber backing,PHRASE,CAMPAIGN_ARCHIVED,,,,0.90,0,0,,0.00,0.00,0,0.00,
ARCHIVED,kitchen rug round,PHRASE,CAMPAIGN_ARCHIVED,,,,0.90,0,0,,0.00,0.00,0,0.00,
ARCHIVED,kitchen rug runner set,PHRASE,CAMPAIGN_ARCHIVED,,,,0.90,0,0,,0.00,0.00,0,0.00,
ARCHIVED,kitchen rug rooster,PHRASE,CAMPAIGN_ARCHIVED,,,,0.90,18,0,0,0.00,0.00,0,0.00,
ARCHIVED,kitchen rug rustic,PHRASE,CAMPAIGN_ARCHIVED,,,,0.90,0,0,,0.00,0.00,0,0.00,
ARCHIVED,kitchen rug runners,PHRASE,CAMPAIGN_ARCHIVED,,,,0.90,0,0,,0.00,0.00,0,0.00,
ARCHIVED,kitchen rug runners with rubber backing blue,PHRASE,CAMPAIGN_ARCHIVED,,,,0.90,0,0,,0.00,0.00,0,0.00,
ARCHIVED,kitchen rug runner non slip,PHRASE,CAMPAIGN_ARCHIVED,,,,0.90,0,0,,0.00,0.00,0,0.00,
ARCHIVED,kitchen rug orange,PHRASE,CAMPAIGN_ARCHIVED,,,,0.90,0,0,,0.00,0.00,0,0.00,
ARCHIVED,kitchen rug oval,PHRASE,CAMPAIGN_ARCHIVED,,,,0.90,2,0,0,0.00,0.00,0,0.00,
ARCHIVED,kitchen rug oriental,PHRASE,CAMPAIGN_ARCHIVED,,,,0.90,0,0,,0.00,0.00,0,0.00,
ARCHIVED,kitchen rug owl,PHRASE,CAMPAIGN_ARCHIVED,,,,0.90,4,0,0,0.00,0.00,0,0.00,
ARCHIVED,kitchen rug olive green,PHRASE,CAMPAIGN_ARCHIVED,,,,0.90,0,0,,0.00,0.00,0,0.00,
ARCHIVED,kitchen rug octagon,PHRASE,CAMPAIGN_ARCHIVED,,,,0.90,0,0,,0.00,0.00,0,0.00,
ARCHIVED,kitchen rug orange turquoise,PHRASE,CAMPAIGN_ARCHIVED,,,,0.90,1,0,0,0.00,0.00,0,0.00,
ARCHIVED,kitchen rug orange teal,PHRASE,CAMPAIGN_ARCHIVED,,,,0.90,0,0,,0.00,0.00,0,0.00,
ARCHIVED,kitchen rug vegetables,PHRASE,CAMPAIGN_ARCHIVED,,,,0.90,0,0,,0.00,0.00,0,0.00,
ARCHIVED,kitchen rug vintage,PHRASE,CAMPAIGN_ARCHIVED,,,,0.90,0,0,,0.00,0.00,0,0.00,
ARCHIVED,kitchen rug yellow,PHRASE,CAMPAIGN_ARCHIVED,,,,0.90,0,0,,0.00,0.00,0,0.00,
ARCHIVED,kitchen rug yellow and grey,PHRASE,CAMPAIGN_ARCHIVED,,,,0.90,0,0,,0.00,0.00,0,0.00,
ARCHIVED,kitchen rug yellow and gray,PHRASE,CAMPAIGN_ARCHIVED,,,,0.90,0,0,,0.00,0.00,0,0.00,
ARCHIVED,kitchen rug yellow gold,PHRASE,CAMPAIGN_ARCHIVED,,,,0.90,0,0,,0.00,0.00,0,0.00,
ARCHIVED,kitchen rug yellow blue,PHRASE,CAMPAIGN_ARCHIVED,,,,0.90,0,0,,0.00,0.00,0,0.00,
ARCHIVED,kitchen rug yum,PHRASE,CAMPAIGN_ARCHIVED,,,,0.90,0,0,,0.00,0.00,0,0.00,
ARCHIVED,kitchen rug xl,PHRASE,CAMPAIGN_ARCHIVED,,,,0.90,0,0,,0.00,0.00,0,0.00,
ARCHIVED,kitchen rug sets 3 piece with runner,PHRASE,CAMPAIGN_ARCHIVED,,,,0.90,0,0,,0.00,0.00,0,0.00,
ARCHIVED,kitchen rug sets 2 piece,PHRASE,CAMPAIGN_ARCHIVED,,,,0.90,0,0,,0.00,0.00,0,0.00,
ARCHIVED,kitchen rug small,PHRASE,CAMPAIGN_ARCHIVED,,,,0.90,0,0,,0.00,0.00,0,0.00,
ARCHIVED,kitchen rug set red,PHRASE,CAMPAIGN_ARCHIVED,,,,0.90,3,0,0,0.00,0.00,0,0.00,
ARCHIVED,kitchen rug set black,PHRASE,CAMPAIGN_ARCHIVED,,,,0.90,0,0,,0.00,0.00,0,0.00,
ARCHIVED,kitchen rug sets non skid washable,PHRASE,CAMPAIGN_ARCHIVED,,,,0.90,0,0,,0.00,0.00,0,0.00,
ARCHIVED,kitchen rug set grey,PHRASE,CAMPAIGN_ARCHIVED,,,,0.90,0,0,,0.00,0.00,0,0.00,
ARCHIVED,kitchen rug sunflower,PHRASE,CAMPAIGN_ARCHIVED,,,,0.90,6,0,0,0.00,0.00,0,0.00,
ARCHIVED,kitchen rugs and mats blue,PHRASE,CAMPAIGN_ARCHIVED,,,,0.90,0,0,,0.00,0.00,0,0.00,
ARCHIVED,kitchen rugs and mats red,PHRASE,CAMPAIGN_ARCHIVED,,,,0.90,3,0,0,0.00,0.00,0,0.00,
ARCHIVED,kitchen rugs and mats non skid washable,PHRASE,CAMPAIGN_ARCHIVED,,,,0.90,0,0,,0.00,0.00,0,0.00,
ARCHIVED,christmas kitchen rugs and mats,PHRASE,CAMPAIGN_ARCHIVED,,,,0.90,0,0,,0.00,0.00,0,0.00,
ARCHIVED,farmhouse kitchen rugs and mats,PHRASE,CAMPAIGN_ARCHIVED,,,,0.90,0,0,,0.00,0.00,0,0.00,
ARCHIVED,kitchen rugs and mats red sets,PHRASE,CAMPAIGN_ARCHIVED,,,,0.90,0,0,,0.00,0.00,0,0.00,
ARCHIVED,kitchen rugs and mats sets of 3,PHRASE,CAMPAIGN_ARCHIVED,,,,0.90,0,0,,0.00,0.00,0,0.00,
ARCHIVED,kitchen rugs and mats sets wine style,PHRASE,CAMPAIGN_ARCHIVED,,,,0.90,0,0,,0.00,0.00,0,0.00,
ARCHIVED,kitchen rugs and mats sets non slip washable,PHRASE,CAMPAIGN_ARCHIVED,,,,0.90,0,0,,0.00,0.00,0,0.00,
ARCHIVED,kitchen rugs and mats sets red,PHRASE,CAMPAIGN_ARCHIVED,,,,0.90,0,0,,0.00,0.00,0,0.00,
ARCHIVED,kitchen rugs and mats sets green,PHRASE,CAMPAIGN_ARCHIVED,,,,0.90,0,0,,0.00,0.00,0,0.00,
ARCHIVED,kitchen rugs and mats sets blue,PHRASE,CAMPAIGN_ARCHIVED,,,,0.90,0,0,,0.00,0.00,0,0.00,
ARCHIVED,kitchen rugs and mats sets gray,PHRASE,CAMPAIGN_ARCHIVED,,,,0.90,0,0,,0.00,0.00,0,0.00,
ARCHIVED,kitchen rugs and mats sets antifatigue,PHRASE,CAMPAIGN_ARCHIVED,,,,0.90,0,0,,0.00,0.00,0,0.00,
ARCHIVED,kitchen rugs and mats sets coffee,PHRASE,CAMPAIGN_ARCHIVED,,,,0.90,0,0,,0.00,0.00,0,0.00,
ARCHIVED,kitchen rugs and mats anti fatigue 20,PHRASE,CAMPAIGN_ARCHIVED,,,,0.90,0,0,,0.00,0.00,0,0.00,
ARCHIVED,kitchen rugs and mats anti fatigue blue,PHRASE,CAMPAIGN_ARCHIVED,,,,0.90,0,0,,0.00,0.00,0,0.00,
ARCHIVED,kitchen rugs and mats anti fatigue red,PHRASE,CAMPAIGN_ARCHIVED,,,,0.90,0,0,,0.00,0.00,0,0.00,
ARCHIVED,kitchen rugs and mats anti fatigue washable,PHRASE,CAMPAIGN_ARCHIVED,,,,0.90,0,0,,0.00,0.00,0,0.00,
ARCHIVED,kitchen rugs and mats anti fatigue long,PHRASE,CAMPAIGN_ARCHIVED,,,,0.90,0,0,,0.00,0.00,0,0.00,
ARCHIVED,kitchen rugs and mats anti fatigue set of 2,PHRASE,CAMPAIGN_ARCHIVED,,,,0.90,0,0,,0.00,0.00,0,0.00,
ARCHIVED,kitchen rugs and mats anti fatigue memory foam,PHRASE,CAMPAIGN_ARCHIVED,,,,0.90,0,0,,0.00,0.00,0,0.00,
ARCHIVED,kitchen rugs and mats anti fatigue wine,PHRASE,CAMPAIGN_ARCHIVED,,,,0.90,0,0,,0.00,0.00,0,0.00,
ARCHIVED,kitchen rugs and mats anti fatigue green,PHRASE,CAMPAIGN_ARCHIVED,,,,0.90,0,0,,0.00,0.00,0,0.00,
ARCHIVED,kitchen rugs non skid washable set,PHRASE,CAMPAIGN_ARCHIVED,,,,0.90,0,0,,0.00,0.00,0,0.00,
ARCHIVED,kitchen rugs non skid washable 3x5,PHRASE,CAMPAIGN_ARCHIVED,,,,0.90,0,0,,0.00,0.00,0,0.00,