﻿Date,Start Date,End Date,Portfolio name,Campaign Type,Campaign Name,Status,Currency,Budget,Targeting Type,Bidding strategy,Impressions,Last Year Impressions,Clicks,Last Year Clicks,Click-Thru Rate (CTR),Spend,Last Year Spend,Cost Per Click (CPC),Last Year Cost Per Click (CPC),7 Day Total Orders (#),"Total Advertising Cost of Sales (ACoS) ","7 Day Total Sales "
"Dec 17, 2019","Dec 2, 2019",,No Portfolio,Sponsored Products,B07JMDZBSR (Dream Light) - Keyword Target,ENABLED,USD,$7.0,Manual targeting,Dynamic bids - down only,1883,,15,,0.80%,$7.47,,$0.498,,1,14.96%,$49.95
"Dec 17, 2019","Dec 7, 2019",,No Portfolio,Sponsored Products,B07L118VDV (Hello Happiness) - Keyword Target,ENABLED,USD,$2.0,Manual targeting,Dynamic bids - down only,481,,0,,0.00%,$0.0,,$0.0,,0,0.00%,$0.0
"Dec 17, 2019","Dec 7, 2019",,No Portfolio,Sponsored Products,B07VW6J6N5 (Norwegian White Impression) - Keyword Target,ENABLED,USD,$5.0,Manual targeting,Dynamic bids - down only,1525,,5,,0.33%,$2.29,,$0.45799999999999996,,0,0.00%,$0.0
"Dec 17, 2019","Dec 5, 2019",,No Portfolio,Sponsored Products,B07KK3RQNV (City Map) - Keyword Target,ENABLED,USD,$5.0,Manual targeting,Dynamic bids - down only,1024,,9,,0.88%,$5.0,,$0.5555556,,0,0.00%,$0.0
"Dec 17, 2019","Dec 7, 2019",,No Portfolio,Sponsored Products,B07JJC4NTT (Moroccan Craftman) - Keyword Target,ENABLED,USD,$5.0,Manual targeting,Dynamic bids - down only,1450,,6,,0.41%,$5.58,,$0.93,,1,6.98%,$79.98
"Dec 17, 2019","Dec 10, 2019",,No Portfolio,Sponsored Products,B07JHNJT7Q (Perfect Day) - Keyword Target,ENABLED,USD,$3.0,Manual targeting,Dynamic bids - down only,600,,0,,0.00%,$0.0,,$0.0,,0,0.00%,$0.0
"Dec 17, 2019","Dec 10, 2019",,No Portfolio,Sponsored Products,B07JND9C85 (My balcony) - Keyword Target,ENABLED,USD,$2.0,Manual targeting,Dynamic bids - down only,618,,1,,0.16%,$0.33,,$0.33,,0,0.00%,$0.0
"Dec 17, 2019","Dec 7, 2019",,No Portfolio,Sponsored Products,B07JJ3HGSN (Moroccan Wooden House) - Keyword Target,ENABLED,USD,$5.0,Manual targeting,Dynamic bids - down only,3477,,27,,0.78%,$20.78,,$0.7696295999999999,,0,0.00%,$0.0
"Dec 17, 2019","Dec 7, 2019",,No Portfolio,Sponsored Products,B07JHV2GP2 (Space Man) - Keyword Target,ENABLED,USD,$2.0,Manual targeting,Dynamic bids - down only,1074,,2,,0.19%,$0.9,,$0.45,,0,0.00%,$0.0
"Dec 17, 2019","Nov 28, 2019",,No Portfolio,Sponsored Products,B07JMT389Q (Enjoy Life) - Keyword Target,ENABLED,USD,$4.0,Manual targeting,Dynamic bids - down only,983,,9,,0.92%,$5.19,,$0.5766667000000001,,0,0.00%,$0.0
"Dec 17, 2019","Dec 5, 2019",,No Portfolio,Sponsored Products,B07KJXY5SN (Golden Map) - Keyword Target,ENABLED,USD,$5.0,Manual targeting,Dynamic bids - down only,2671,,11,,0.41%,$5.18,,$0.4709091,,0,0.00%,$0.0
"Dec 17, 2019","Dec 9, 2019",,No Portfolio,Sponsored Products,B07VSNNSD8 (Dream Light) - Keyword Target,ENABLED,USD,$2.0,Manual targeting,Dynamic bids - down only,32,,2,,6.25%,$1.54,,$0.77,,0,0.00%,$0.0
"Dec 17, 2019","Dec 7, 2019",,No Portfolio,Sponsored Products,B07VW6N66M (Spiritual Song) - Keyword Target,ENABLED,USD,$2.0,Manual targeting,Dynamic bids - down only,1398,,3,,0.22%,$2.45,,$0.8166667,,0,0.00%,$0.0
"Dec 17, 2019","Dec 7, 2019",,No Portfolio,Sponsored Products,B07VX6FRQQ (Modern Show) - Keyword Target,ENABLED,USD,$2.0,Manual targeting,Dynamic bids - down only,1037,,3,,0.29%,$2.43,,$0.81,,0,0.00%,$0.0
"Dec 18, 2019","Dec 7, 2019",,No Portfolio,Sponsored Products,B07JHV2GP2 (Space Man) - Keyword Target,ENABLED,USD,$2.0,Manual targeting,Dynamic bids - down only,956,,0,,0.00%,$0.0,,$0.0,,0,0.00%,$0.0
"Dec 18, 2019","Dec 7, 2019",,No Portfolio,Sponsored Products,B07JJ3HGSN (Moroccan Wooden House) - Keyword Target,ENABLED,USD,$5.0,Manual targeting,Dynamic bids - down only,2750,,22,,0.80%,$19.38,,$0.8809090999999999,,0,0.00%,$0.0
"Dec 18, 2019","Dec 2, 2019",,No Portfolio,Sponsored Products,B07JMDZBSR (Dream Light) - Keyword Target,ENABLED,USD,$7.0,Manual targeting,Dynamic bids - down only,2952,,15,,0.51%,$7.39,,$0.49266669999999996,,0,0.00%,$0.0
"Dec 18, 2019","Dec 7, 2019",,No Portfolio,Sponsored Products,B07L118VDV (Hello Happiness) - Keyword Target,ENABLED,USD,$2.0,Manual targeting,Dynamic bids - down only,249,,2,,0.80%,$1.13,,$0.565,,0,0.00%,$0.0
"Dec 18, 2019","Dec 7, 2019",,No Portfolio,Sponsored Products,B07VW6N66M (Spiritual Song) - Keyword Target,ENABLED,USD,$2.0,Manual targeting,Dynamic bids - down only,1702,,2,,0.12%,$1.91,,$0.955,,0,0.00%,$0.0
"Dec 18, 2019","Dec 5, 2019",,No Portfolio,Sponsored Products,B07KJXY5SN (Golden Map) - Keyword Target,ENABLED,USD,$5.0,Manual targeting,Dynamic bids - down only,1336,,6,,0.45%,$2.78,,$0.46333329999999995,,0,0.00%,$0.0
"Dec 18, 2019","Dec 7, 2019",,No Portfolio,Sponsored Products,B07VX6FRQQ (Modern Show) - Keyword Target,ENABLED,USD,$2.0,Manual targeting,Dynamic bids - down only,713,,1,,0.14%,$0.9,,$0.9,,0,0.00%,$0.0
"Dec 18, 2019","Dec 10, 2019",,No Portfolio,Sponsored Products,B07JND9C85 (My balcony) - Keyword Target,ENABLED,USD,$2.0,Manual targeting,Dynamic bids - down only,237,,0,,0.00%,$0.0,,$0.0,,0,0.00%,$0.0
"Dec 18, 2019","Dec 7, 2019",,No Portfolio,Sponsored Products,B07VW6J6N5 (Norwegian White Impression) - Keyword Target,ENABLED,USD,$5.0,Manual targeting,Dynamic bids - down only,2546,,4,,0.16%,$1.73,,$0.4325,,1,4.33%,$39.99
"Dec 18, 2019","Dec 9, 2019",,No Portfolio,Sponsored Products,B07VSNNSD8 (Dream Light) - Keyword Target,ENABLED,USD,$2.0,Manual targeting,Dynamic bids - down only,18,,0,,0.00%,$0.0,,$0.0,,0,0.00%,$0.0
"Dec 18, 2019","Dec 5, 2019",,No Portfolio,Sponsored Products,B07KK3RQNV (City Map) - Keyword Target,ENABLED,USD,$5.0,Manual targeting,Dynamic bids - down only,3216,,10,,0.31%,$5.52,,$0.552,,0,0.00%,$0.0
"Dec 18, 2019","Dec 18, 2019",,No Portfolio,Sponsored Products,B07JJ3HGSN (Moroccan Wooden House) - Longtail,ENABLED,USD,$20.0,Manual targeting,Dynamic bids - down only,5,,0,,0.00%,$0.0,,$0.0,,0,0.00%,$0.0
"Dec 18, 2019","Nov 28, 2019",,No Portfolio,Sponsored Products,B07JMT389Q (Enjoy Life) - Keyword Target,ENABLED,USD,$4.0,Manual targeting,Dynamic bids - down only,1628,,11,,0.68%,$4.26,,$0.38727269999999997,,0,0.00%,$0.0
"Dec 18, 2019","Dec 7, 2019",,No Portfolio,Sponsored Products,B07JJC4NTT (Moroccan Craftman) - Keyword Target,ENABLED,USD,$5.0,Manual targeting,Dynamic bids - down only,2457,,8,,0.33%,$5.57,,$0.69625,,0,0.00%,$0.0
"Dec 18, 2019","Dec 10, 2019",,No Portfolio,Sponsored Products,B07JHNJT7Q (Perfect Day) - Keyword Target,ENABLED,USD,$3.0,Manual targeting,Dynamic bids - down only,483,,1,,0.21%,$0.34,,$0.34,,0,0.00%,$0.0
"Dec 19, 2019","Dec 9, 2019",,No Portfolio,Sponsored Products,B07VSNNSD8 (Dream Light) - Keyword Target,ENABLED,USD,$2.0,Manual targeting,Dynamic bids - down only,1,,0,,0.00%,$0.0,,$0.0,,0,0.00%,$0.0
"Dec 19, 2019","Dec 10, 2019",,No Portfolio,Sponsored Products,B07JHNJT7Q (Perfect Day) - Keyword Target,ENABLED,USD,$3.0,Manual targeting,Dynamic bids - down only,10,,0,,0.00%,$0.0,,$0.0,,0,0.00%,$0.0
"Dec 19, 2019","Dec 10, 2019",,No Portfolio,Sponsored Products,B07JND9C85 (My balcony) - Keyword Target,ENABLED,USD,$2.0,Manual targeting,Dynamic bids - down only,2,,0,,0.00%,$0.0,,$0.0,,0,0.00%,$0.0
"Dec 19, 2019","Dec 7, 2019",,No Portfolio,Sponsored Products,B07JJ3HGSN (Moroccan Wooden House) - Keyword Target,ENABLED,USD,$5.0,Manual targeting,Dynamic bids - down only,2,,0,,0.00%,$0.0,,$0.0,,0,0.00%,$0.0
"Dec 19, 2019","Dec 7, 2019",,No Portfolio,Sponsored Products,B07VW6N66M (Spiritual Song) - Keyword Target,ENABLED,USD,$2.0,Manual targeting,Dynamic bids - down only,0,,0,,0.00%,$0.0,,$0.0,,0,0.00%,$0.0
"Dec 19, 2019","Nov 28, 2019",,No Portfolio,Sponsored Products,B07JMT389Q (Enjoy Life) - Keyword Target,ENABLED,USD,$4.0,Manual targeting,Dynamic bids - down only,2,,0,,0.00%,$0.0,,$0.0,,0,0.00%,$0.0
"Dec 19, 2019","Dec 7, 2019",,No Portfolio,Sponsored Products,B07JHV2GP2 (Space Man) - Keyword Target,ENABLED,USD,$2.0,Manual targeting,Dynamic bids - down only,17,,0,,0.00%,$0.0,,$0.0,,0,0.00%,$0.0
"Dec 19, 2019","Dec 2, 2019",,No Portfolio,Sponsored Products,B07JMDZBSR (Dream Light) - Keyword Target,ENABLED,USD,$7.0,Manual targeting,Dynamic bids - down only,2,,0,,0.00%,$0.0,,$0.0,,0,0.00%,$0.0
"Dec 19, 2019","Dec 7, 2019",,No Portfolio,Sponsored Products,B07L118VDV (Hello Happiness) - Keyword Target,ENABLED,USD,$2.0,Manual targeting,Dynamic bids - down only,1,,0,,0.00%,$0.0,,$0.0,,0,0.00%,$0.0
"Dec 19, 2019","Dec 5, 2019",,No Portfolio,Sponsored Products,B07KJXY5SN (Golden Map) - Keyword Target,ENABLED,USD,$5.0,Manual targeting,Dynamic bids - down only,28,,0,,0.00%,$0.0,,$0.0,,0,0.00%,$0.0
"Dec 19, 2019","Dec 7, 2019",,No Portfolio,Sponsored Products,B07VX6FRQQ (Modern Show) - Keyword Target,ENABLED,USD,$2.0,Manual targeting,Dynamic bids - down only,8,,0,,0.00%,$0.0,,$0.0,,0,0.00%,$0.0
"Dec 19, 2019","Dec 7, 2019",,No Portfolio,Sponsored Products,B07VW6J6N5 (Norwegian White Impression) - Keyword Target,ENABLED,USD,$5.0,Manual targeting,Dynamic bids - down only,64,,0,,0.00%,$0.0,,$0.0,,0,0.00%,$0.0
"Dec 19, 2019","Dec 7, 2019",,No Portfolio,Sponsored Products,B07JJC4NTT (Moroccan Craftman) - Keyword Target,ENABLED,USD,$5.0,Manual targeting,Dynamic bids - down only,5,,0,,0.00%,$0.0,,$0.0,,0,0.00%,$0.0
"Dec 19, 2019","Dec 5, 2019",,No Portfolio,Sponsored Products,B07KK3RQNV (City Map) - Keyword Target,ENABLED,USD,$5.0,Manual targeting,Dynamic bids - down only,7,,0,,0.00%,$0.0,,$0.0,,0,0.00%,$0.0
