"return-date","order-id","sku","asin","fnsku","product-name","quantity","fulfillment-center-id","detailed-disposition","reason","status","license-plate-number","customer-comments"
"2019-12-19T12:52:44+00:00","113-9847543-6322640","YH-UMKR-8PI5","B07KK3RQNV","X001YID8UH","2 Piece Non-Slip Anti-Fatigue Kitchen Mat - (17.7"" x 29.5""+17.7"" x 59"") Soft Non Skid Throw Rugs Runner Carpet for Kitchen Hallway Entryway and Bedroo","1","IND8","SELLABLE","UNWANTED_ITEM","Unit returned to inventory","LPNN615911503",
"2019-12-18T07:11:56+00:00","114-9659185-4760202","UH-GXSV-MK9W","B07L3YG763","X001Z0IG29","2 Piece Non-Slip Anti-Fatigue Kitchen Mat - (17.7"" x 29.5""+17.7"" x 59"") Soft Non Skid Throw Rugs Runner Carpet for Kitchen Hallway Entryway and Bedroo","1","IND8","SELLABLE","UNWANTED_ITEM","Unit returned to inventory","LPNN621390379",
"2019-12-10T12:43:21+00:00","114-6438751-4598618","1-mwh-18","B07JJ3HGSN","B07JJ3HGSN","Desiderare Thick Fluffy Washroom Mat - 31"" x 19"" Luxury Microfiber Non-Slip Rubber Bath Rug - Super Absorbent Bathroom Carpet with Anti-Skid Back (Mor","1","CVG2","CUSTOMER_DAMAGED","UNWANTED_ITEM","Unit returned to inventory","LPNRR875654490",
"2019-12-10T12:43:21+00:00","114-6438751-4598618","1-mwh-18","B07JJ3HGSN","B07JJ3HGSN","Desiderare Thick Fluffy Washroom Mat - 31"" x 19"" Luxury Microfiber Non-Slip Rubber Bath Rug - Super Absorbent Bathroom Carpet with Anti-Skid Back (Mor","1","CVG2","CUSTOMER_DAMAGED","UNWANTED_ITEM","Unit returned to inventory","LPNRR875654491",
"2019-12-08T00:15:18+00:00","114-2947236-0290645","1-mwh-18","B07JJ3HGSN","B07JJ3HGSN","Desiderare Thick Fluffy Washroom Mat - 31"" x 19"" Luxury Microfiber Non-Slip Rubber Bath Rug - Super Absorbent Bathroom Carpet with Anti-Skid Back (Mor","1","TUS1","SELLABLE","MISSED_ESTIMATED_DELIVERY","Unit returned to inventory","LPNPM135675071",
"2019-12-06T18:11:33+00:00","111-6168726-0557821","1-mwh-18","B07JJ3HGSN","B07JJ3HGSN","Desiderare Thick Fluffy Washroom Mat - 31"" x 19"" Luxury Microfiber Non-Slip Rubber Bath Rug - Super Absorbent Bathroom Carpet with Anti-Skid Back (Mor","1","CVG2","CUSTOMER_DAMAGED","NOT_AS_DESCRIBED","Unit returned to inventory","LPNRR875568293",
"2019-12-04T21:43:17+00:00","111-4730979-4411460","1-mc-18","B07JJC4NTT","B07JJC4NTT","Desiderare Thick Fluffy Washroom Mat - 31"" x 19"" Luxury Microfiber Non-Slip Rubber Bath Rug - Super Absorbent Bathroom Carpet with Anti-Skid Back(Moro","1","LAS2","SELLABLE","NOT_AS_DESCRIBED","Unit returned to inventory","LPNRR850450723",
"2019-12-04T21:43:17+00:00","111-4730979-4411460","1-mc-18","B07JJC4NTT","B07JJC4NTT","Desiderare Thick Fluffy Washroom Mat - 31"" x 19"" Luxury Microfiber Non-Slip Rubber Bath Rug - Super Absorbent Bathroom Carpet with Anti-Skid Back(Moro","1","LAS2","SELLABLE","NOT_AS_DESCRIBED","Unit returned to inventory","LPNRR850450726",
"2019-12-02T03:30:42+00:00","112-7284248-0167456","1-mc-18","B07JJC4NTT","B07JJC4NTT","Desiderare Thick Fluffy Washroom Mat - 31"" x 19"" Luxury Microfiber Non-Slip Rubber Bath Rug - Super Absorbent Bathroom Carpet with Anti-Skid Back(Moro","1","TUS1","SELLABLE","DEFECTIVE","Unit returned to inventory","LPNPM132421825","moves around and not fluffy enough."
"2019-12-01T15:47:13+00:00","111-6763824-2785827","YH-UMKR-8PI5","B07KK3RQNV","X001YID8UH","2 Piece Non-Slip Anti-Fatigue Kitchen Mat - (17.7"" x 29.5""+17.7"" x 59"") Soft Non Skid Throw Rugs Runner Carpet for Kitchen Hallway Entryway and Bedroo","1","LAS2","CUSTOMER_DAMAGED","UNWANTED_ITEM","Unit returned to inventory","LPNRR855122225",
