﻿State,Keyword,Match type,Status,Suggested bid (low)(USD),Suggested bid (median)(USD),Suggested bid (high)(USD),Keyword bid(USD),Impressions,Clicks,CTR(%),Spend(USD),CPC(USD),Orders,Sales(USD),ACOS(%)
ARCHIVED,kitchen mat,PHRASE,CAMPAIGN_ARCHIVED,,,,0.53,218185,2000,0.9167,1132.17,0.57,33,2093.33,54.0846
ARCHIVED,kitchen,BROAD,CAMPAIGN_ARCHIVED,,,,0.50,78452,686,0.8744,299.63,0.44,6,462.32,64.8101
ARCHIVED,anti fatigue mat kitchen,BROAD,CAMPAIGN_ARCHIVED,,,,0.90,64269,292,0.4543,178.39,0.61,9,555.70,32.1019
ARCHIVED,bedroom,BROAD,CAMPAIGN_ARCHIVED,,,,0.70,27678,240,0.8671,126.00,0.53,0,0.00,
ARCHIVED,kitchen rugs,BROAD,CAMPAIGN_ARCHIVED,,,,0.40,18725,198,1.0574,120.49,0.61,2,117.48,102.5621
ARCHIVED,kitchen mat,BROAD,CAMPAIGN_ARCHIVED,,,,0.70,54426,182,0.3344,99.71,0.55,3,109.58,90.9929
ARCHIVED,mat,BROAD,CAMPAIGN_ARCHIVED,,,,0.65,42778,171,0.3997,83.95,0.49,3,160.57,52.2825
ARCHIVED,entryway,BROAD,CAMPAIGN_ARCHIVED,,,,0.70,8158,104,1.2748,59.55,0.57,0,0.00,
ARCHIVED,rugs,BROAD,CAMPAIGN_ARCHIVED,,,,0.40,12643,94,0.7435,55.44,0.59,1,58.59,94.6237
ARCHIVED,runners,BROAD,CAMPAIGN_ARCHIVED,,,,0.50,13713,96,0.7001,51.10,0.53,2,117.18,43.6081
ARCHIVED,kitchen runner,BROAD,CAMPAIGN_ARCHIVED,,,,0.70,7755,81,1.0445,46.31,0.57,1,49.99,92.6385
ARCHIVED,anti fatigue mat,BROAD,CAMPAIGN_ARCHIVED,,,,0.70,19507,61,0.3127,29.71,0.49,1,58.59,50.7083
ARCHIVED,kitchen mat rug,PHRASE,CAMPAIGN_ARCHIVED,,,,0.75,12952,44,0.3397,22.89,0.52,1,58.89,38.8691
ARCHIVED,throw rugs,BROAD,CAMPAIGN_ARCHIVED,,,,0.50,4887,29,0.5934,18.70,0.64,1,58.59,31.9167
ARCHIVED,kitchen rugs and mats,BROAD,CAMPAIGN_ARCHIVED,,,,0.50,2680,29,1.0821,18.00,0.62,1,58.89,30.5655
ARCHIVED,kitchen carpet,BROAD,CAMPAIGN_ARCHIVED,,,,0.70,2623,28,1.0675,17.35,0.62,0,0.00,
ARCHIVED,black,BROAD,CAMPAIGN_ARCHIVED,,,,0.50,6329,28,0.4424,16.08,0.57,1,58.89,27.3051
ARCHIVED,kitchen mat cushioned,PHRASE,CAMPAIGN_ARCHIVED,,,,0.70,5343,31,0.5802,15.84,0.51,0,0.00,
ARCHIVED,long,BROAD,CAMPAIGN_ARCHIVED,,,,0.40,2150,18,0.8372,11.41,0.63,0,0.00,
ARCHIVED,kitchen mat set,PHRASE,CAMPAIGN_ARCHIVED,,,,0.70,3252,19,0.5843,10.27,0.54,0,0.00,
ARCHIVED,marble,BROAD,CAMPAIGN_ARCHIVED,,,,0.30,3307,21,0.635,10.20,0.49,0,0.00,
ARCHIVED,fatigue mat,BROAD,CAMPAIGN_ARCHIVED,,,,0.70,5531,15,0.2712,9.00,0.60,0,0.00,
ARCHIVED,pack it,BROAD,CAMPAIGN_ARCHIVED,,,,0.70,18880,20,0.1059,8.46,0.42,0,0.00,
ARCHIVED,white,BROAD,CAMPAIGN_ARCHIVED,,,,0.50,7698,15,0.1949,4.82,0.32,0,0.00,
ARCHIVED,kitchen mat anti fatigue,PHRASE,CAMPAIGN_ARCHIVED,,,,0.70,2951,7,0.2372,3.79,0.54,0,0.00,
ARCHIVED,kitchen mat black and white,PHRASE,CAMPAIGN_ARCHIVED,,,,0.70,86,7,8.1395,2.99,0.43,0,0.00,
ARCHIVED,oil,BROAD,CAMPAIGN_ARCHIVED,,,,0.70,1875,4,0.2133,2.73,0.68,0,0.00,
ARCHIVED,kitchen mats for floor,PHRASE,CAMPAIGN_ARCHIVED,,,,0.70,924,5,0.5411,2.66,0.53,0,0.00,
ARCHIVED,kitchen mat marble,PHRASE,CAMPAIGN_ARCHIVED,,,,1.00,176,4,2.2727,2.57,0.64,1,58.89,4.3641
ARCHIVED,lights,BROAD,CAMPAIGN_ARCHIVED,,,,0.70,1705,4,0.2346,1.72,0.43,0,0.00,
ARCHIVED,kitchen mat coffee,PHRASE,CAMPAIGN_ARCHIVED,,,,0.70,294,3,1.0204,1.69,0.56,0,0.00,
ARCHIVED,kitchen mat set of 2,PHRASE,CAMPAIGN_ARCHIVED,,,,0.70,395,3,0.7595,1.46,0.49,0,0.00,
ARCHIVED,kitchen mat runner,PHRASE,CAMPAIGN_ARCHIVED,,,,0.70,273,2,0.7326,1.27,0.64,0,0.00,
ARCHIVED,kitchen matt for floor,PHRASE,CAMPAIGN_ARCHIVED,,,,0.70,304,2,0.6579,0.89,0.44,0,0.00,
ARCHIVED,kitchen mat black,PHRASE,CAMPAIGN_ARCHIVED,,,,0.70,278,2,0.7194,0.82,0.41,0,0.00,
ARCHIVED,kitchen mat sets for floor,PHRASE,CAMPAIGN_ARCHIVED,,,,0.70,62,1,1.6129,0.80,0.80,0,0.00,
ARCHIVED,kitchen mat beach theme,PHRASE,CAMPAIGN_ARCHIVED,,,,0.70,55,2,3.6364,0.79,0.40,0,0.00,
ARCHIVED,kitchen mat padded,PHRASE,CAMPAIGN_ARCHIVED,,,,0.70,42,1,2.381,0.70,0.70,0,0.00,
ARCHIVED,kitchen mat mickey,PHRASE,CAMPAIGN_ARCHIVED,,,,0.70,2,1,50,0.69,0.69,0,0.00,
ARCHIVED,kitchen mat navy,PHRASE,CAMPAIGN_ARCHIVED,,,,0.70,35,1,2.8571,0.68,0.68,0,0.00,
ARCHIVED,kitchen mat oval,PHRASE,CAMPAIGN_ARCHIVED,,,,0.70,3,1,33.3333,0.68,0.68,0,0.00,
ARCHIVED,kitchen mat teal,PHRASE,CAMPAIGN_ARCHIVED,,,,0.70,74,1,1.3514,0.64,0.64,0,0.00,
ARCHIVED,kitchen mat runner rug set,PHRASE,CAMPAIGN_ARCHIVED,,,,0.70,24,1,4.1667,0.63,0.63,0,0.00,
ARCHIVED,kitchen mat rubber,PHRASE,CAMPAIGN_ARCHIVED,,,,0.70,122,1,0.8197,0.62,0.62,0,0.00,
ARCHIVED,kitchen mat red,PHRASE,CAMPAIGN_ARCHIVED,,,,0.70,437,1,0.2288,0.60,0.60,0,0.00,
ARCHIVED,kitchen mat jute,PHRASE,CAMPAIGN_ARCHIVED,,,,0.70,5,1,20,0.55,0.55,0,0.00,
ARCHIVED,kitchen mat long,PHRASE,CAMPAIGN_ARCHIVED,,,,0.70,134,1,0.7463,0.53,0.53,0,0.00,
ARCHIVED,kitchen mat wine,PHRASE,CAMPAIGN_ARCHIVED,,,,0.70,108,1,0.9259,0.50,0.50,0,0.00,
ARCHIVED,kitchen mat nonslip,PHRASE,CAMPAIGN_ARCHIVED,,,,0.70,23,1,4.3478,0.45,0.45,0,0.00,
ARCHIVED,kitchen mat waterproof,PHRASE,CAMPAIGN_ARCHIVED,,,,0.70,201,1,0.4975,0.45,0.45,0,0.00,
ARCHIVED,kitchen mat turquoise,PHRASE,CAMPAIGN_ARCHIVED,,,,0.70,73,1,1.3699,0.37,0.37,0,0.00,
ARCHIVED,kitchen mat gray,PHRASE,CAMPAIGN_ARCHIVED,,,,0.70,160,1,0.625,0.32,0.32,0,0.00,
ARCHIVED,kitchen mat beige,PHRASE,CAMPAIGN_ARCHIVED,,,,0.70,5,1,20,0.16,0.16,0,0.00,
ARCHIVED,kitchen mat non slip,PHRASE,CAMPAIGN_ARCHIVED,,,,0.70,160,1,0.625,0.14,0.14,0,0.00,
ARCHIVED,kitchen mat l shape,PHRASE,CAMPAIGN_ARCHIVED,,,,0.70,25,1,4,0.14,0.14,0,0.00,
ARCHIVED,kitchen matches,PHRASE,CAMPAIGN_ARCHIVED,,,,0.70,43,1,2.3256,0.11,0.11,0,0.00,
ARCHIVED,kitchen mats cushioned anti fatigue,PHRASE,CAMPAIGN_ARCHIVED,,,,0.70,3,0,0,0.00,0.00,0,0.00,
ARCHIVED,kitchen mats and rugs,PHRASE,CAMPAIGN_ARCHIVED,,,,0.70,0,0,,0.00,0.00,0,0.00,
ARCHIVED,kitchen mats cushioned,PHRASE,CAMPAIGN_ARCHIVED,,,,0.70,0,0,,0.00,0.00,0,0.00,
ARCHIVED,kitchen matters cookbook,PHRASE,CAMPAIGN_ARCHIVED,,,,0.70,0,0,,0.00,0.00,0,0.00,
ARCHIVED,kitchen matters,PHRASE,CAMPAIGN_ARCHIVED,,,,0.70,0,0,,0.00,0.00,0,0.00,
ARCHIVED,kitchen mat chef,PHRASE,CAMPAIGN_ARCHIVED,,,,0.70,161,0,0,0.00,0.00,0,0.00,
ARCHIVED,kitchen mat cushion,PHRASE,CAMPAIGN_ARCHIVED,,,,0.70,32,0,0,0.00,0.00,0,0.00,
ARCHIVED,kitchen mat colorful,PHRASE,CAMPAIGN_ARCHIVED,,,,0.70,52,0,0,0.00,0.00,0,0.00,
ARCHIVED,kitchen mat chef design,PHRASE,CAMPAIGN_ARCHIVED,,,,0.70,6,0,0,0.00,0.00,0,0.00,
ARCHIVED,kitchen mat chicken,PHRASE,CAMPAIGN_ARCHIVED,,,,0.70,6,0,0,0.00,0.00,0,0.00,
ARCHIVED,kitchen mat coffee theme,PHRASE,CAMPAIGN_ARCHIVED,,,,0.70,63,0,0,0.00,0.00,0,0.00,
ARCHIVED,kitchen mat christmas,PHRASE,CAMPAIGN_ARCHIVED,,,,0.70,4,0,0,0.00,0.00,0,0.00,
ARCHIVED,kitchen mat cat,PHRASE,CAMPAIGN_ARCHIVED,,,,0.70,20,0,0,0.00,0.00,0,0.00,
ARCHIVED,kitchen mat anti fatigue pattern,PHRASE,CAMPAIGN_ARCHIVED,,,,0.70,0,0,,0.00,0.00,0,0.00,
ARCHIVED,kitchen mat absorbent,PHRASE,CAMPAIGN_ARCHIVED,,,,0.70,2,0,0,0.00,0.00,0,0.00,
ARCHIVED,kitchen mat amazon basics,PHRASE,CAMPAIGN_ARCHIVED,,,,0.70,0,0,,0.00,0.00,0,0.00,
ARCHIVED,kitchen mat aqua,PHRASE,CAMPAIGN_ARCHIVED,,,,0.70,17,0,0,0.00,0.00,0,0.00,
ARCHIVED,kitchen mat autumn,PHRASE,CAMPAIGN_ARCHIVED,,,,0.70,0,0,,0.00,0.00,0,0.00,
ARCHIVED,kitchen mat and towel set,PHRASE,CAMPAIGN_ARCHIVED,,,,0.70,1,0,0,0.00,0.00,0,0.00,
ARCHIVED,kitchen mat anti slip,PHRASE,CAMPAIGN_ARCHIVED,,,,0.70,6,0,0,0.00,0.00,0,0.00,
ARCHIVED,kitchen mat antifatigue,PHRASE,CAMPAIGN_ARCHIVED,,,,0.70,8,0,0,0.00,0.00,0,0.00,
ARCHIVED,kitchen mat grey,PHRASE,CAMPAIGN_ARCHIVED,,,,0.70,0,0,,0.00,0.00,0,0.00,
ARCHIVED,kitchen mat green,PHRASE,CAMPAIGN_ARCHIVED,,,,0.70,162,0,0,0.00,0.00,0,0.00,
ARCHIVED,kitchen mat gelpro,PHRASE,CAMPAIGN_ARCHIVED,,,,0.70,15,0,0,0.00,0.00,0,0.00,
ARCHIVED,kitchen mat gel,PHRASE,CAMPAIGN_ARCHIVED,,,,0.70,70,0,0,0.00,0.00,0,0.00,
ARCHIVED,kitchen mat geometric,PHRASE,CAMPAIGN_ARCHIVED,,,,0.70,9,0,0,0.00,0.00,0,0.00,
ARCHIVED,kitchen mat gel pro,PHRASE,CAMPAIGN_ARCHIVED,,,,0.70,6,0,0,0.00,0.00,0,0.00,
ARCHIVED,kitchen mat gold,PHRASE,CAMPAIGN_ARCHIVED,,,,0.70,1,0,0,0.00,0.00,0,0.00,
ARCHIVED,kitchen mat grey and white,PHRASE,CAMPAIGN_ARCHIVED,,,,0.70,8,0,0,0.00,0.00,0,0.00,
ARCHIVED,kitchen mat grapes,PHRASE,CAMPAIGN_ARCHIVED,,,,0.70,27,0,0,0.00,0.00,0,0.00,
ARCHIVED,kitchen mat hillside,PHRASE,CAMPAIGN_ARCHIVED,,,,0.70,0,0,,0.00,0.00,0,0.00,
ARCHIVED,kitchen mat half round,PHRASE,CAMPAIGN_ARCHIVED,,,,0.70,30,0,0,0.00,0.00,0,0.00,
ARCHIVED,kitchen mat half moon,PHRASE,CAMPAIGN_ARCHIVED,,,,0.70,59,0,0,0.00,0.00,0,0.00,
ARCHIVED,kitchen mat hardwood safe,PHRASE,CAMPAIGN_ARCHIVED,,,,0.70,0,0,,0.00,0.00,0,0.00,
ARCHIVED,kitchen mat halloween,PHRASE,CAMPAIGN_ARCHIVED,,,,0.70,0,0,,0.00,0.00,0,0.00,
ARCHIVED,kitchen mat holiday,PHRASE,CAMPAIGN_ARCHIVED,,,,0.70,2,0,0,0.00,0.00,0,0.00,
ARCHIVED,kitchen mat half,PHRASE,CAMPAIGN_ARCHIVED,,,,0.70,1,0,0,0.00,0.00,0,0.00,
ARCHIVED,kitchen mat herbs,PHRASE,CAMPAIGN_ARCHIVED,,,,0.70,2,0,0,0.00,0.00,0,0.00,
ARCHIVED,kitchen mat half circle,PHRASE,CAMPAIGN_ARCHIVED,,,,0.70,61,0,0,0.00,0.00,0,0.00,
ARCHIVED,kitchen mat home,PHRASE,CAMPAIGN_ARCHIVED,,,,0.70,5,0,0,0.00,0.00,0,0.00,
ARCHIVED,kitchen mat ergonomic,PHRASE,CAMPAIGN_ARCHIVED,,,,0.70,0,0,,0.00,0.00,0,0.00,
ARCHIVED,kitchen mat extra large,PHRASE,CAMPAIGN_ARCHIVED,,,,0.70,7,0,0,0.00,0.00,0,0.00,
ARCHIVED,kitchen mat easy clean,PHRASE,CAMPAIGN_ARCHIVED,,,,0.70,5,0,0,0.00,0.00,0,0.00,
ARCHIVED,kitchen mat extra long,PHRASE,CAMPAIGN_ARCHIVED,,,,0.70,25,0,0,0.00,0.00,0,0.00,
ARCHIVED,kitchen mat eggplant,PHRASE,CAMPAIGN_ARCHIVED,,,,0.70,0,0,,0.00,0.00,0,0.00,
ARCHIVED,kitchen mat eat,PHRASE,CAMPAIGN_ARCHIVED,,,,0.70,1,0,0,0.00,0.00,0,0.00,
ARCHIVED,kitchen mat eiffel tower,PHRASE,CAMPAIGN_ARCHIVED,,,,0.70,0,0,,0.00,0.00,0,0.00,
ARCHIVED,kitchen mat extra wide,PHRASE,CAMPAIGN_ARCHIVED,,,,0.70,0,0,,0.00,0.00,0,0.00,
ARCHIVED,kitchen mat drying,PHRASE,CAMPAIGN_ARCHIVED,,,,0.70,0,0,,0.00,0.00,0,0.00,
ARCHIVED,kitchen mat decorative,PHRASE,CAMPAIGN_ARCHIVED,,,,0.70,33,0,0,0.00,0.00,0,0.00,
ARCHIVED,kitchen mat dish dryer,PHRASE,CAMPAIGN_ARCHIVED,,,,0.70,1,0,0,0.00,0.00,0,0.00,
ARCHIVED,kitchen mat design,PHRASE,CAMPAIGN_ARCHIVED,,,,0.70,3,0,0,0.00,0.00,0,0.00,
ARCHIVED,kitchen mat dog,PHRASE,CAMPAIGN_ARCHIVED,,,,0.70,11,0,0,0.00,0.00,0,0.00,
ARCHIVED,kitchen mat donut,PHRASE,CAMPAIGN_ARCHIVED,,,,0.70,2,0,0,0.00,0.00,0,0.00,
ARCHIVED,kitchen mat dark brown,PHRASE,CAMPAIGN_ARCHIVED,,,,0.70,13,0,0,0.00,0.00,0,0.00,
ARCHIVED,kitchen mat decor,PHRASE,CAMPAIGN_ARCHIVED,,,,0.70,4,0,0,0.00,0.00,0,0.00,
ARCHIVED,kitchen mat disney,PHRASE,CAMPAIGN_ARCHIVED,,,,0.70,7,0,0,0.00,0.00,0,0.00,
ARCHIVED,kitchen mat deer,PHRASE,CAMPAIGN_ARCHIVED,,,,0.70,0,0,,0.00,0.00,0,0.00,
ARCHIVED,kitchen mat navy blue,PHRASE,CAMPAIGN_ARCHIVED,,,,0.70,15,0,0,0.00,0.00,0,0.00,
ARCHIVED,kitchen mat natural,PHRASE,CAMPAIGN_ARCHIVED,,,,0.70,3,0,0,0.00,0.00,0,0.00,
ARCHIVED,kitchen mat non fatigue,PHRASE,CAMPAIGN_ARCHIVED,,,,0.70,0,0,,0.00,0.00,0,0.00,
ARCHIVED,kitchen mat non skid washable,PHRASE,CAMPAIGN_ARCHIVED,,,,0.70,3,0,0,0.00,0.00,0,0.00,
ARCHIVED,kitchen mat nautical,PHRASE,CAMPAIGN_ARCHIVED,,,,0.70,8,0,0,0.00,0.00,0,0.00,
ARCHIVED,kitchen mat no slip,PHRASE,CAMPAIGN_ARCHIVED,,,,0.70,33,0,0,0.00,0.00,0,0.00,
ARCHIVED,kitchen mat nicole miller,PHRASE,CAMPAIGN_ARCHIVED,,,,0.70,12,0,0,0.00,0.00,0,0.00,
ARCHIVED,kitchen mat purple,PHRASE,CAMPAIGN_ARCHIVED,,,,0.70,9,0,0,0.00,0.00,0,0.00,
ARCHIVED,kitchen mat pirate,PHRASE,CAMPAIGN_ARCHIVED,,,,0.70,0,0,,0.00,0.00,0,0.00,
ARCHIVED,kitchen mat pink,PHRASE,CAMPAIGN_ARCHIVED,,,,0.70,8,0,0,0.00,0.00,0,0.00,
ARCHIVED,kitchen mat pretty,PHRASE,CAMPAIGN_ARCHIVED,,,,0.70,0,0,,0.00,0.00,0,0.00,
ARCHIVED,kitchen mat pineapple,PHRASE,CAMPAIGN_ARCHIVED,,,,0.70,5,0,0,0.00,0.00,0,0.00,
ARCHIVED,kitchen mat plush,PHRASE,CAMPAIGN_ARCHIVED,,,,0.70,2,0,0,0.00,0.00,0,0.00,
ARCHIVED,kitchen mat pig,PHRASE,CAMPAIGN_ARCHIVED,,,,0.70,18,0,0,0.00,0.00,0,0.00,
ARCHIVED,kitchen mat poppies,PHRASE,CAMPAIGN_ARCHIVED,,,,0.70,3,0,0,0.00,0.00,0,0.00,
ARCHIVED,kitchen mat pattern,PHRASE,CAMPAIGN_ARCHIVED,,,,0.70,0,0,,0.00,0.00,0,0.00,
ARCHIVED,kitchen mat rubber backing,PHRASE,CAMPAIGN_ARCHIVED,,,,0.70,13,0,0,0.00,0.00,0,0.00,
ARCHIVED,kitchen mat rooster,PHRASE,CAMPAIGN_ARCHIVED,,,,0.70,98,0,0,0.00,0.00,0,0.00,
ARCHIVED,kitchen mat runner deer,PHRASE,CAMPAIGN_ARCHIVED,,,,0.70,0,0,,0.00,0.00,0,0.00,
ARCHIVED,kitchen mat rustic,PHRASE,CAMPAIGN_ARCHIVED,,,,0.70,8,0,0,0.00,0.00,0,0.00,
ARCHIVED,kitchen mat runner gray,PHRASE,CAMPAIGN_ARCHIVED,,,,0.70,0,0,,0.00,0.00,0,0.00,
ARCHIVED,kitchen mat in front of sink,PHRASE,CAMPAIGN_ARCHIVED,,,,0.70,0,0,,0.00,0.00,0,0.00,
ARCHIVED,kitchen mat industrial,PHRASE,CAMPAIGN_ARCHIVED,,,,0.70,8,0,0,0.00,0.00,0,0.00,
ARCHIVED,kitchen mat italian,PHRASE,CAMPAIGN_ARCHIVED,,,,0.70,4,0,0,0.00,0.00,0,0.00,
ARCHIVED,kitchen mat in grey,PHRASE,CAMPAIGN_ARCHIVED,,,,0.70,193,0,0,0.00,0.00,0,0.00,
ARCHIVED,kitchen mat inside,PHRASE,CAMPAIGN_ARCHIVED,,,,0.70,0,0,,0.00,0.00,0,0.00,
ARCHIVED,kitchen mat imprint,PHRASE,CAMPAIGN_ARCHIVED,,,,0.70,7,0,0,0.00,0.00,0,0.00,
ARCHIVED,kitchen mat indigo,PHRASE,CAMPAIGN_ARCHIVED,,,,0.70,2,0,0,0.00,0.00,0,0.00,
ARCHIVED,kitchen mat in red,PHRASE,CAMPAIGN_ARCHIVED,,,,0.70,0,0,,0.00,0.00,0,0.00,
ARCHIVED,kitchen mat ivory,PHRASE,CAMPAIGN_ARCHIVED,,,,0.70,6,0,0,0.00,0.00,0,0.00,
ARCHIVED,kitchen mat italy,PHRASE,CAMPAIGN_ARCHIVED,,,,0.70,3,0,0,0.00,0.00,0,0.00,
ARCHIVED,kitchen mat blue,PHRASE,CAMPAIGN_ARCHIVED,,,,0.70,210,0,0,0.00,0.00,0,0.00,
ARCHIVED,kitchen mat brown,PHRASE,CAMPAIGN_ARCHIVED,,,,0.70,47,0,0,0.00,0.00,0,0.00,
ARCHIVED,kitchen mat burgundy,PHRASE,CAMPAIGN_ARCHIVED,,,,0.70,2,0,0,0.00,0.00,0,0.00,
ARCHIVED,kitchen mat bright,PHRASE,CAMPAIGN_ARCHIVED,,,,0.70,4,0,0,0.00,0.00,0,0.00,
ARCHIVED,kitchen mat bamboo,PHRASE,CAMPAIGN_ARCHIVED,,,,0.70,0,0,,0.00,0.00,0,0.00,
ARCHIVED,kitchen mat beachy,PHRASE,CAMPAIGN_ARCHIVED,,,,0.70,3,0,0,0.00,0.00,0,0.00,
ARCHIVED,kitchen mat for drying dishes,PHRASE,CAMPAIGN_ARCHIVED,,,,0.70,0,0,,0.00,0.00,0,0.00,
ARCHIVED,kitchen mat for floor,PHRASE,CAMPAIGN_ARCHIVED,,,,0.70,0,0,,0.00,0.00,0,0.00,
ARCHIVED,kitchen mat farmhouse,PHRASE,CAMPAIGN_ARCHIVED,,,,0.70,56,0,0,0.00,0.00,0,0.00,
ARCHIVED,kitchen mat fall,PHRASE,CAMPAIGN_ARCHIVED,,,,0.70,0,0,,0.00,0.00,0,0.00,
ARCHIVED,kitchen mat foam,PHRASE,CAMPAIGN_ARCHIVED,,,,0.70,109,0,0,0.00,0.00,0,0.00,
ARCHIVED,kitchen mat fatigue,PHRASE,CAMPAIGN_ARCHIVED,,,,0.70,40,0,0,0.00,0.00,0,0.00,
ARCHIVED,kitchen mat for dishes,PHRASE,CAMPAIGN_ARCHIVED,,,,0.70,0,0,,0.00,0.00,0,0.00,
ARCHIVED,kitchen mat funny,PHRASE,CAMPAIGN_ARCHIVED,,,,0.70,7,0,0,0.00,0.00,0,0.00,
ARCHIVED,kitchen mat for floor cheap,PHRASE,CAMPAIGN_ARCHIVED,,,,0.70,0,0,,0.00,0.00,0,0.00,
ARCHIVED,kitchen mat for back pain,PHRASE,CAMPAIGN_ARCHIVED,,,,0.70,3,0,0,0.00,0.00,0,0.00,
ARCHIVED,kitchen mat large,PHRASE,CAMPAIGN_ARCHIVED,,,,0.70,79,0,0,0.00,0.00,0,0.00,
ARCHIVED,kitchen mat long waterproof,PHRASE,CAMPAIGN_ARCHIVED,,,,0.70,1,0,0,0.00,0.00,0,0.00,
ARCHIVED,kitchen mat liners,PHRASE,CAMPAIGN_ARCHIVED,,,,0.70,0,0,,0.00,0.00,0,0.00,
ARCHIVED,kitchen mat lemon,PHRASE,CAMPAIGN_ARCHIVED,,,,0.70,75,0,0,0.00,0.00,0,0.00,
ARCHIVED,kitchen mat live laugh love,PHRASE,CAMPAIGN_ARCHIVED,,,,0.70,27,0,0,0.00,0.00,0,0.00,
ARCHIVED,kitchen mat large size,PHRASE,CAMPAIGN_ARCHIVED,,,,0.70,13,0,0,0.00,0.00,0,0.00,
ARCHIVED,kitchen mat liquor,PHRASE,CAMPAIGN_ARCHIVED,,,,0.70,0,0,,0.00,0.00,0,0.00,
ARCHIVED,kitchen mat lime green,PHRASE,CAMPAIGN_ARCHIVED,,,,0.70,11,0,0,0.00,0.00,0,0.00,
ARCHIVED,kitchen mat quote,PHRASE,CAMPAIGN_ARCHIVED,,,,0.70,1,0,0,0.00,0.00,0,0.00,
ARCHIVED,kitchen mat vegetables,PHRASE,CAMPAIGN_ARCHIVED,,,,0.70,4,0,0,0.00,0.00,0,0.00,
ARCHIVED,kitchen mat vinyl,PHRASE,CAMPAIGN_ARCHIVED,,,,0.70,0,0,,0.00,0.00,0,0.00,
ARCHIVED,kitchen mat vintage,PHRASE,CAMPAIGN_ARCHIVED,,,,0.70,3,0,0,0.00,0.00,0,0.00,
ARCHIVED,kitchen mat orange,PHRASE,CAMPAIGN_ARCHIVED,,,,0.70,7,0,0,0.00,0.00,0,0.00,
ARCHIVED,kitchen mat ocean,PHRASE,CAMPAIGN_ARCHIVED,,,,0.70,11,0,0,0.00,0.00,0,0.00,
ARCHIVED,kitchen mat on sale,PHRASE,CAMPAIGN_ARCHIVED,,,,0.70,7,0,0,0.00,0.00,0,0.00,
ARCHIVED,kitchen mat olive,PHRASE,CAMPAIGN_ARCHIVED,,,,0.70,17,0,0,0.00,0.00,0,0.00,
ARCHIVED,kitchen mat oversized,PHRASE,CAMPAIGN_ARCHIVED,,,,0.70,7,0,0,0.00,0.00,0,0.00,
ARCHIVED,kitchen mat oven,PHRASE,CAMPAIGN_ARCHIVED,,,,0.70,0,0,,0.00,0.00,0,0.00,
ARCHIVED,kitchen mat owl,PHRASE,CAMPAIGN_ARCHIVED,,,,0.70,4,0,0,0.00,0.00,0,0.00,
ARCHIVED,kitchen mat or rug,PHRASE,CAMPAIGN_ARCHIVED,,,,0.70,0,0,,0.00,0.00,0,0.00,
ARCHIVED,kitchen mat oil resistant,PHRASE,CAMPAIGN_ARCHIVED,,,,0.70,9,0,0,0.00,0.00,0,0.00,
ARCHIVED,kitchen mat xl,PHRASE,CAMPAIGN_ARCHIVED,,,,0.70,3,0,0,0.00,0.00,0,0.00,
ARCHIVED,kitchen mat kangaroo,PHRASE,CAMPAIGN_ARCHIVED,,,,0.70,24,0,0,0.00,0.00,0,0.00,
ARCHIVED,kitchen mat kit,PHRASE,CAMPAIGN_ARCHIVED,,,,0.70,0,0,,0.00,0.00,0,0.00,
ARCHIVED,kitchen mat korean,PHRASE,CAMPAIGN_ARCHIVED,,,,0.70,3,0,0,0.00,0.00,0,0.00,
ARCHIVED,kitchen mat kids,PHRASE,CAMPAIGN_ARCHIVED,,,,0.70,2,0,0,0.00,0.00,0,0.00,
ARCHIVED,kitchen mat kittens,PHRASE,CAMPAIGN_ARCHIVED,,,,0.70,0,0,,0.00,0.00,0,0.00,
ARCHIVED,kitchen mat memory foam,PHRASE,CAMPAIGN_ARCHIVED,,,,0.70,31,0,0,0.00,0.00,0,0.00,
ARCHIVED,kitchen mat modern,PHRASE,CAMPAIGN_ARCHIVED,,,,0.70,5,0,0,0.00,0.00,0,0.00,
ARCHIVED,kitchen mat moroccan,PHRASE,CAMPAIGN_ARCHIVED,,,,0.70,27,0,0,0.00,0.00,0,0.00,
ARCHIVED,kitchen mat made in usa,PHRASE,CAMPAIGN_ARCHIVED,,,,0.70,3,0,0,0.00,0.00,0,0.00,
ARCHIVED,kitchen mat machine washable,PHRASE,CAMPAIGN_ARCHIVED,,,,0.70,19,0,0,0.00,0.00,0,0.00,
ARCHIVED,kitchen mat microfiber,PHRASE,CAMPAIGN_ARCHIVED,,,,0.70,9,0,0,0.00,0.00,0,0.00,
ARCHIVED,kitchen mat measurements,PHRASE,CAMPAIGN_ARCHIVED,,,,0.70,3,0,0,0.00,0.00,0,0.00,
ARCHIVED,kitchen mat memory foam decorative,PHRASE,CAMPAIGN_ARCHIVED,,,,0.70,29,0,0,0.00,0.00,0,0.00,
ARCHIVED,zulay kitchen plastic cutting mat set,PHRASE,CAMPAIGN_ARCHIVED,,,,0.70,3,0,0,0.00,0.00,0,0.00,
ARCHIVED,kitchen zone baking mat,PHRASE,CAMPAIGN_ARCHIVED,,,,0.70,0,0,,0.00,0.00,0,0.00,
ARCHIVED,kitchen mat tan,PHRASE,CAMPAIGN_ARCHIVED,,,,0.70,9,0,0,0.00,0.00,0,0.00,
ARCHIVED,kitchen mat tribal,PHRASE,CAMPAIGN_ARCHIVED,,,,0.70,2,0,0,0.00,0.00,0,0.00,
ARCHIVED,kitchen mat trellis,PHRASE,CAMPAIGN_ARCHIVED,,,,0.70,8,0,0,0.00,0.00,0,0.00,
ARCHIVED,kitchen mat thanksgiving,PHRASE,CAMPAIGN_ARCHIVED,,,,0.70,0,0,,0.00,0.00,0,0.00,
ARCHIVED,kitchen mat thug life,PHRASE,CAMPAIGN_ARCHIVED,,,,0.70,3,0,0,0.00,0.00,0,0.00,
ARCHIVED,kitchen mat tropical,PHRASE,CAMPAIGN_ARCHIVED,,,,0.70,2,0,0,0.00,0.00,0,0.00,
ARCHIVED,kitchen mat taupe,PHRASE,CAMPAIGN_ARCHIVED,,,,0.70,5,0,0,0.00,0.00,0,0.00,
ARCHIVED,kitchen mat table,PHRASE,CAMPAIGN_ARCHIVED,,,,0.70,0,0,,0.00,0.00,0,0.00,
ARCHIVED,kitchen mat sets for floor 3 piece,PHRASE,CAMPAIGN_ARCHIVED,,,,0.70,0,0,,0.00,0.00,0,0.00,
ARCHIVED,kitchen mat sea,PHRASE,CAMPAIGN_ARCHIVED,,,,0.70,0,0,,0.00,0.00,0,0.00,
ARCHIVED,kitchen mat sink,PHRASE,CAMPAIGN_ARCHIVED,,,,0.70,31,0,0,0.00,0.00,0,0.00,
ARCHIVED,kitchen mat sky,PHRASE,CAMPAIGN_ARCHIVED,,,,0.70,19,0,0,0.00,0.00,0,0.00,
ARCHIVED,kitchen mat small,PHRASE,CAMPAIGN_ARCHIVED,,,,0.70,5,0,0,0.00,0.00,0,0.00,
ARCHIVED,kitchen mat sunflower,PHRASE,CAMPAIGN_ARCHIVED,,,,0.70,16,0,0,0.00,0.00,0,0.00,
ARCHIVED,kitchen mat sayings,PHRASE,CAMPAIGN_ARCHIVED,,,,0.70,1,0,0,0.00,0.00,0,0.00,
ARCHIVED,kitchen mat under sink,PHRASE,CAMPAIGN_ARCHIVED,,,,0.70,1,0,0,0.00,0.00,0,0.00,
ARCHIVED,kitchen mat under 10,PHRASE,CAMPAIGN_ARCHIVED,,,,0.70,13,0,0,0.00,0.00,0,0.00,
ARCHIVED,kitchen mat utensils,PHRASE,CAMPAIGN_ARCHIVED,,,,0.70,0,0,,0.00,0.00,0,0.00,
ARCHIVED,kitchen mat unique,PHRASE,CAMPAIGN_ARCHIVED,,,,0.70,0,0,,0.00,0.00,0,0.00,
ARCHIVED,kitchen mat yellow and gray,PHRASE,CAMPAIGN_ARCHIVED,,,,0.70,0,0,,0.00,0.00,0,0.00,
ARCHIVED,kitchen mat yellow,PHRASE,CAMPAIGN_ARCHIVED,,,,0.70,23,0,0,0.00,0.00,0,0.00,
ARCHIVED,kitchen mat yellow blue,PHRASE,CAMPAIGN_ARCHIVED,,,,0.70,0,0,,0.00,0.00,0,0.00,
ARCHIVED,kitchen mat yellow and turquoise,PHRASE,CAMPAIGN_ARCHIVED,,,,0.70,0,0,,0.00,0.00,0,0.00,
ARCHIVED,kitchen mat washable,PHRASE,CAMPAIGN_ARCHIVED,,,,0.70,37,0,0,0.00,0.00,0,0.00,
ARCHIVED,kitchen mat wine theme,PHRASE,CAMPAIGN_ARCHIVED,,,,0.70,66,0,0,0.00,0.00,0,0.00,
ARCHIVED,kitchen mat white,PHRASE,CAMPAIGN_ARCHIVED,,,,0.70,71,0,0,0.00,0.00,0,0.00,
ARCHIVED,kitchen mat waterproof non-slip,PHRASE,CAMPAIGN_ARCHIVED,,,,0.70,0,0,,0.00,0.00,0,0.00,
ARCHIVED,kitchen mat water resistant,PHRASE,CAMPAIGN_ARCHIVED,,,,0.70,5,0,0,0.00,0.00,0,0.00,
ARCHIVED,kitchen mat with coffee,PHRASE,CAMPAIGN_ARCHIVED,,,,0.70,5,0,0,0.00,0.00,0,0.00,
ARCHIVED,kitchen mat water absorbent,PHRASE,CAMPAIGN_ARCHIVED,,,,0.70,7,0,0,0.00,0.00,0,0.00,
ARCHIVED,kitchen mat wet,PHRASE,CAMPAIGN_ARCHIVED,,,,0.70,0,0,,0.00,0.00,0,0.00,
ARCHIVED,kitchen mats cushioned anti fatigue long,PHRASE,CAMPAIGN_ARCHIVED,,,,0.70,0,0,,0.00,0.00,0,0.00,
ARCHIVED,kitchen mats cushioned anti fatigue blue,PHRASE,CAMPAIGN_ARCHIVED,,,,0.70,0,0,,0.00,0.00,0,0.00,
ARCHIVED,kitchen mats cushioned anti fatigue red,PHRASE,CAMPAIGN_ARCHIVED,,,,0.70,0,0,,0.00,0.00,0,0.00,
ARCHIVED,kitchen mats cushioned anti fatigue wine,PHRASE,CAMPAIGN_ARCHIVED,,,,0.70,0,0,,0.00,0.00,0,0.00,
ARCHIVED,kitchen mats cushioned anti fatigue gray,PHRASE,CAMPAIGN_ARCHIVED,,,,0.70,0,0,,0.00,0.00,0,0.00,
ARCHIVED,kitchen mats cushioned anti fatigue black,PHRASE,CAMPAIGN_ARCHIVED,,,,0.70,0,0,,0.00,0.00,0,0.00,
ARCHIVED,kitchen mats cushioned anti fatigue memory foam,PHRASE,CAMPAIGN_ARCHIVED,,,,0.70,0,0,,0.00,0.00,0,0.00,
ARCHIVED,kitchen mats cushioned anti fatigue decorative,PHRASE,CAMPAIGN_ARCHIVED,,,,0.70,0,0,,0.00,0.00,0,0.00,
ARCHIVED,kitchen mats cushioned anti fatigue white,PHRASE,CAMPAIGN_ARCHIVED,,,,0.70,0,0,,0.00,0.00,0,0.00,
ARCHIVED,kitchen mats and rugs sets,PHRASE,CAMPAIGN_ARCHIVED,,,,0.70,29,0,0,0.00,0.00,0,0.00,
ARCHIVED,kitchen mats and rugs red,PHRASE,CAMPAIGN_ARCHIVED,,,,0.70,20,0,0,0.00,0.00,0,0.00,
ARCHIVED,kitchen mats and rugs set of 3,PHRASE,CAMPAIGN_ARCHIVED,,,,0.70,0,0,,0.00,0.00,0,0.00,
ARCHIVED,kitchen mats and rugs black,PHRASE,CAMPAIGN_ARCHIVED,,,,0.70,7,0,0,0.00,0.00,0,0.00,
ARCHIVED,kitchen mats and rugs apples,PHRASE,CAMPAIGN_ARCHIVED,,,,0.70,0,0,,0.00,0.00,0,0.00,
ARCHIVED,kitchen mats and rugs solid color,PHRASE,CAMPAIGN_ARCHIVED,,,,0.70,0,0,,0.00,0.00,0,0.00,
ARCHIVED,kitchen mats and rugs blue,PHRASE,CAMPAIGN_ARCHIVED,,,,0.70,1,0,0,0.00,0.00,0,0.00,
ARCHIVED,kitchen mats and rugs sets prime,PHRASE,CAMPAIGN_ARCHIVED,,,,0.70,0,0,,0.00,0.00,0,0.00,
ARCHIVED,kitchen mats and rugs green,PHRASE,CAMPAIGN_ARCHIVED,,,,0.70,0,0,,0.00,0.00,0,0.00,
ARCHIVED,kitchen mat anti fatigue small,PHRASE,CAMPAIGN_ARCHIVED,,,,0.70,0,0,,0.00,0.00,0,0.00,
ARCHIVED,kitchen mat anti fatigue set,PHRASE,CAMPAIGN_ARCHIVED,,,,0.70,0,0,,0.00,0.00,0,0.00,
ARCHIVED,kitchen mat anti fatigue non slip,PHRASE,CAMPAIGN_ARCHIVED,,,,0.70,0,0,,0.00,0.00,0,0.00,
ARCHIVED,kitchen mat anti fatigue grey,PHRASE,CAMPAIGN_ARCHIVED,,,,0.70,0,0,,0.00,0.00,0,0.00,
ARCHIVED,kitchen mat anti fatigue 24 x 72,PHRASE,CAMPAIGN_ARCHIVED,,,,0.70,0,0,,0.00,0.00,0,0.00,
ARCHIVED,kitchen mat anti fatigue pink,PHRASE,CAMPAIGN_ARCHIVED,,,,0.70,0,0,,0.00,0.00,0,0.00,
ARCHIVED,kitchen mat anti fatigue long,PHRASE,CAMPAIGN_ARCHIVED,,,,0.70,0,0,,0.00,0.00,0,0.00,
ARCHIVED,kitchen mats for floor set,PHRASE,CAMPAIGN_ARCHIVED,,,,0.70,0,0,,0.00,0.00,0,0.00,
ARCHIVED,kitchen mats for floor washable,PHRASE,CAMPAIGN_ARCHIVED,,,,0.70,0,0,,0.00,0.00,0,0.00,
ARCHIVED,kitchen mats for floor wine glasses,PHRASE,CAMPAIGN_ARCHIVED,,,,0.70,0,0,,0.00,0.00,0,0.00,
ARCHIVED,kitchen mats for floor wood look,PHRASE,CAMPAIGN_ARCHIVED,,,,0.70,0,0,,0.00,0.00,0,0.00,
ARCHIVED,kitchen mats for floor large,PHRASE,CAMPAIGN_ARCHIVED,,,,0.70,0,0,,0.00,0.00,0,0.00,
ARCHIVED,kitchen mats for floor under 15,PHRASE,CAMPAIGN_ARCHIVED,,,,0.70,0,0,,0.00,0.00,0,0.00,
ARCHIVED,kitchen mats for floor yellow blue,PHRASE,CAMPAIGN_ARCHIVED,,,,0.70,0,0,,0.00,0.00,0,0.00,
ARCHIVED,kitchen mats for floor teal,PHRASE,CAMPAIGN_ARCHIVED,,,,0.70,0,0,,0.00,0.00,0,0.00,
ARCHIVED,kitchen mats for floor gray and yellow,PHRASE,CAMPAIGN_ARCHIVED,,,,0.70,0,0,,0.00,0.00,0,0.00,
ARCHIVED,kitchen matches strike on box,PHRASE,CAMPAIGN_ARCHIVED,,,,0.70,0,0,,0.00,0.00,0,0.00,
ARCHIVED,kitchen matches strike anywhere,PHRASE,CAMPAIGN_ARCHIVED,,,,0.70,0,0,,0.00,0.00,0,0.00,
ARCHIVED,kitchen matches wood,PHRASE,CAMPAIGN_ARCHIVED,,,,0.70,1,0,0,0.00,0.00,0,0.00,
ARCHIVED,kitchen matches large,PHRASE,CAMPAIGN_ARCHIVED,,,,0.70,1,0,0,0.00,0.00,0,0.00,
ARCHIVED,kitchen matches strike on box prime,PHRASE,CAMPAIGN_ARCHIVED,,,,0.70,0,0,,0.00,0.00,0,0.00,
ARCHIVED,kitchen matches bulk,PHRASE,CAMPAIGN_ARCHIVED,,,,0.70,0,0,,0.00,0.00,0,0.00,
ARCHIVED,kitchen matches long,PHRASE,CAMPAIGN_ARCHIVED,,,,0.70,0,0,,0.00,0.00,0,0.00,
ARCHIVED,kitchen matches holder,PHRASE,CAMPAIGN_ARCHIVED,,,,0.70,0,0,,0.00,0.00,0,0.00,
ARCHIVED,kitchen matches blue tip,PHRASE,CAMPAIGN_ARCHIVED,,,,0.70,0,0,,0.00,0.00,0,0.00,
ARCHIVED,kitchen mats cushioned water resistant,PHRASE,CAMPAIGN_ARCHIVED,,,,0.70,0,0,,0.00,0.00,0,0.00,
ARCHIVED,kitchen mats cushioned waterproof,PHRASE,CAMPAIGN_ARCHIVED,,,,0.70,0,0,,0.00,0.00,0,0.00,
ARCHIVED,kitchen mats cushioned washable,PHRASE,CAMPAIGN_ARCHIVED,,,,0.70,0,0,,0.00,0.00,0,0.00,
ARCHIVED,kitchen mats cushioned red,PHRASE,CAMPAIGN_ARCHIVED,,,,0.70,1,0,0,0.00,0.00,0,0.00,
ARCHIVED,kitchen matters pamela salzman,PHRASE,CAMPAIGN_ARCHIVED,,,,0.70,0,0,,0.00,0.00,0,0.00,
ARCHIVED,kitchen matt for floor farmhouse,PHRASE,CAMPAIGN_ARCHIVED,,,,0.70,0,0,,0.00,0.00,0,0.00,
ARCHIVED,kitchen mat anti fatigue mat,PHRASE,CAMPAIGN_ARCHIVED,,,,0.70,0,0,,0.00,0.00,0,0.00,
ARCHIVED,antifatigue mats for kitchen,BROAD,CAMPAIGN_ARCHIVED,,,,0.70,0,0,,0.00,0.00,0,0.00,