﻿Date,Start Date,End Date,Portfolio name,Campaign Type,Campaign Name,Status,Currency,Budget,Targeting Type,Bidding strategy,Impressions,Clicks,Click-Thru Rate (CTR),Spend,Cost Per Click (CPC),7 Day Total Orders (#),"Total Advertising Cost of Sales (ACoS) ","7 Day Total Sales "
"Nov 1, 2018","Nov 16, 2018",,No Portfolio,Sponsored Products,214 bedside mat perfect day auto,ARCHIVED,USD,$5.0,Automatic targeting,Dynamic bids - down only,5431,17,0.31%,$9.59,$0.5641176,0,0.00%,$0.0
"Nov 1, 2018","Nov 15, 2018",,No Portfolio,Sponsored Products,B07JMT389Q,ARCHIVED,USD,$1.0,Manual targeting,Dynamic bids - down only,85990,325,0.38%,$210.75,$0.6484614999999999,4,103.53%,$203.56
"Nov 1, 2018","Nov 14, 2018",,No Portfolio,Sponsored Products,214 kitchen mat- black marble manual,ARCHIVED,USD,$10.0,Manual targeting,Dynamic bids - down only,13436,150,1.12%,$82.49,$0.5499333,3,46.77%,$176.37
"Nov 1, 2018","Nov 10, 2018",,No Portfolio,Sponsored Products,214 mat- kitchen mat auto,ARCHIVED,USD,$15.0,Automatic targeting,Dynamic bids - down only,38449,347,0.90%,$211.87,$0.6105764,4,90.06%,$235.26
"Nov 1, 2018","Nov 11, 2018",,No Portfolio,Sponsored Products,214 mat - high cost,ARCHIVED,USD,$10.0,Automatic targeting,Dynamic bids - down only,5904,55,0.93%,$45.76,$0.8320000000000001,1,77.70%,$58.89
"Nov 1, 2018","Nov 10, 2018",,No Portfolio,Sponsored Products,214 mat-bathroom mat auto,ARCHIVED,USD,$6.0,Automatic targeting,Dynamic bids - down only,85512,266,0.31%,$223.64,$0.8407519000000001,3,162.45%,$137.67
"Nov 1, 2018","Nov 13, 2018",,No Portfolio,Sponsored Products,kitchen mat-214-auto-hw key words,ARCHIVED,USD,$1.0,Manual targeting,Dynamic bids - down only,41144,397,0.97%,$250.28,$0.6304282,6,60.94%,$410.73
"Nov 1, 2018","Nov 10, 2018",,No Portfolio,Sponsored Products,214 mat- bedside mat auto,ARCHIVED,USD,$5.0,Automatic targeting,Dynamic bids - down only,62919,98,0.16%,$72.32,$0.7379591999999999,0,0.00%,$0.0
"Nov 1, 2018","Nov 28, 2018",,No Portfolio,Sponsored Products,long tail words 1128,ARCHIVED,USD,$30.0,Manual targeting,Dynamic bids - down only,3474,31,0.89%,$91.78,$2.9606452,0,0.00%,$0.0
"Nov 1, 2018","Nov 16, 2018",,No Portfolio,Sponsored Products,214 bedside mat - plant auto,ARCHIVED,USD,$5.0,Automatic targeting,Dynamic bids - down only,193,0,0.00%,$0.0,$0.0,0,0.00%,$0.0
"Nov 1, 2018","Nov 16, 2018",,No Portfolio,Sponsored Products,214 bedside mat auto,ARCHIVED,USD,$10.0,Automatic targeting,Dynamic bids - down only,11305,45,0.40%,$28.24,$0.6275556,0,0.00%,$0.0
"Nov 1, 2018","Nov 14, 2018",,No Portfolio,Sponsored Products,214 kitchen mat- enjoy life manual,ARCHIVED,USD,$10.0,Manual targeting,Dynamic bids - down only,27294,315,1.15%,$181.98,$0.5777143,3,77.65%,$234.36
"Nov 1, 2018","Nov 15, 2018",,No Portfolio,Sponsored Products,"63\"" x 27.5\"" -key words 3 manual",ARCHIVED,USD,$3.0,Manual targeting,Dynamic bids - down only,83675,281,0.34%,$179.77,$0.6397509,8,46.44%,$387.12
"Nov 1, 2018","Nov 15, 2018",,No Portfolio,Sponsored Products,"31\"" x 19\""  - key words 1 manual",ARCHIVED,USD,$4.0,Manual targeting,Dynamic bids - down only,27847,131,0.47%,$50.75,$0.3874046,1,110.59%,$45.89
"Nov 1, 2018","Nov 10, 2018",,No Portfolio,Sponsored Products,214 mat-kitchen mat manual,ARCHIVED,USD,$10.0,Manual targeting,Dynamic bids - down only,206,3,1.46%,$0.11,$0.036666699999999997,0,0.00%,$0.0
"Nov 1, 2018","Nov 27, 2018",,No Portfolio,Sponsored Products,长尾词,ARCHIVED,USD,$15.0,Manual targeting,Dynamic bids - down only,281,0,0.00%,$0.0,$0.0,0,0.00%,$0.0
"Nov 1, 2018","Nov 16, 2018",,No Portfolio,Sponsored Products,214 bedside mat - sunshine smile,ARCHIVED,USD,$5.0,Automatic targeting,Dynamic bids - down only,13822,58,0.42%,$38.16,$0.6579309999999999,1,57.92%,$65.89
"Nov 1, 2018","Nov 14, 2018",,No Portfolio,Sponsored Products,214 kitchen mat- dream light-manual,ARCHIVED,USD,$10.0,Manual targeting,Dynamic bids - down only,17545,174,0.99%,$96.13,$0.5524713,0,0.00%,$0.0
"Dec 1, 2018","Nov 14, 2018",,No Portfolio,Sponsored Products,214 kitchen mat- black marble manual,ARCHIVED,USD,$10.0,Manual targeting,Dynamic bids - down only,104,0,0.00%,$0.0,$0.0,0,0.00%,$0.0
"Dec 1, 2018","Nov 16, 2018",,No Portfolio,Sponsored Products,214 bedside mat auto,ARCHIVED,USD,$10.0,Automatic targeting,Dynamic bids - down only,10895,18,0.17%,$11.5,$0.6388889,0,0.00%,$0.0
"Dec 1, 2018","Nov 15, 2018",,No Portfolio,Sponsored Products,"63\"" x 27.5\"" -key words 3 manual",ARCHIVED,USD,$3.0,Manual targeting,Dynamic bids - down only,99983,355,0.36%,$217.94,$0.6139155000000001,3,94.98%,$229.45
"Dec 1, 2018","Nov 10, 2018",,No Portfolio,Sponsored Products,214 mat- kitchen mat auto,ARCHIVED,USD,$15.0,Automatic targeting,Dynamic bids - down only,25328,115,0.45%,$65.15,$0.5665217,0,0.00%,$0.0
"Dec 1, 2018","Nov 27, 2018",,No Portfolio,Sponsored Products,长尾词,ARCHIVED,USD,$15.0,Manual targeting,Dynamic bids - down only,5751,53,0.92%,$26.71,$0.5039623,0,0.00%,$0.0
"Dec 1, 2018","Nov 10, 2018",,No Portfolio,Sponsored Products,214 mat-bathroom mat auto,ARCHIVED,USD,$6.0,Automatic targeting,Dynamic bids - down only,116667,703,0.60%,$527.41,$0.7502276000000001,16,71.83%,$734.24
"Dec 1, 2018","Nov 15, 2018",,No Portfolio,Sponsored Products,"31\"" x 19\""  - key words 1 manual",ARCHIVED,USD,$4.0,Manual targeting,Dynamic bids - down only,70672,350,0.50%,$209.72,$0.5992000000000001,6,71.01%,$295.34
"Dec 1, 2018","Nov 16, 2018",,No Portfolio,Sponsored Products,214 bedside mat - sunshine smile,ARCHIVED,USD,$5.0,Automatic targeting,Dynamic bids - down only,0,0,0.00%,$0.0,$0.0,0,0.00%,$0.0
"Dec 1, 2018","Nov 13, 2018",,No Portfolio,Sponsored Products,kitchen mat-214-auto-hw key words,ARCHIVED,USD,$1.0,Manual targeting,Dynamic bids - down only,132717,1240,0.93%,$716.72,$0.578,13,87.12%,$822.66
"Dec 1, 2018","Nov 15, 2018",,No Portfolio,Sponsored Products,B07JMT389Q,ARCHIVED,USD,$1.0,Manual targeting,Dynamic bids - down only,85190,339,0.40%,$207.08,$0.6108555,6,70.12%,$295.34
"Jan 1, 2019","Nov 15, 2018",,No Portfolio,Sponsored Products,B07JMT389Q,ARCHIVED,USD,$1.0,Manual targeting,Dynamic bids - down only,71880,297,0.41%,$171.64,$0.5779124999999999,5,58.12%,$295.34
"Jan 1, 2019","Nov 16, 2018",,No Portfolio,Sponsored Products,214 bedside mat auto,ARCHIVED,USD,$10.0,Automatic targeting,Dynamic bids - down only,14961,24,0.16%,$14.24,$0.5933333,0,0.00%,$0.0
"Jan 1, 2019","Nov 13, 2018",,No Portfolio,Sponsored Products,kitchen mat-214-auto-hw key words,ARCHIVED,USD,$1.0,Manual targeting,Dynamic bids - down only,37076,432,1.17%,$203.74,$0.4716204,9,26.68%,$763.77
"Jan 1, 2019","Nov 10, 2018",,No Portfolio,Sponsored Products,214 mat-bathroom mat auto,ARCHIVED,USD,$6.0,Automatic targeting,Dynamic bids - down only,58095,349,0.60%,$203.95,$0.584384,7,55.55%,$367.12
"Jan 1, 2019","Nov 15, 2018",,No Portfolio,Sponsored Products,"31\"" x 19\""  - key words 1 manual",ARCHIVED,USD,$4.0,Manual targeting,Dynamic bids - down only,67027,312,0.47%,$164.33,$0.5266987000000001,8,25.58%,$642.46
"Jan 1, 2019","Nov 15, 2018",,No Portfolio,Sponsored Products,"63\"" x 27.5\"" -key words 3 manual",ARCHIVED,USD,$3.0,Manual targeting,Dynamic bids - down only,60386,291,0.48%,$166.76,$0.5730584000000001,4,72.68%,$229.45
"Feb 1, 2019","Nov 15, 2018",,No Portfolio,Sponsored Products,"63\"" x 27.5\"" -key words 3 manual",ARCHIVED,USD,$3.0,Manual targeting,Dynamic bids - down only,82527,260,0.32%,$161.97,$0.6229615,5,60.11%,$269.45
"Feb 1, 2019","Nov 15, 2018",,No Portfolio,Sponsored Products,"31\"" x 19\""  - key words 1 manual",ARCHIVED,USD,$4.0,Manual targeting,Dynamic bids - down only,101280,270,0.27%,$153.08,$0.566963,7,40.94%,$373.93
"Feb 1, 2019","Nov 16, 2018",,No Portfolio,Sponsored Products,214 bedside mat auto,ARCHIVED,USD,$10.0,Automatic targeting,Dynamic bids - down only,15872,15,0.10%,$8.38,$0.5586667,0,0.00%,$0.0
"Feb 1, 2019","Nov 13, 2018",,No Portfolio,Sponsored Products,kitchen mat-214-auto-hw key words,ARCHIVED,USD,$1.0,Manual targeting,Dynamic bids - down only,42052,333,0.79%,$168.43,$0.5057958,5,57.38%,$293.55
"Feb 1, 2019","Nov 10, 2018",,No Portfolio,Sponsored Products,214 mat-bathroom mat auto,ARCHIVED,USD,$6.0,Automatic targeting,Dynamic bids - down only,94855,281,0.30%,$165.99,$0.5907117000000001,1,361.71%,$45.89
"Feb 1, 2019","Nov 15, 2018",,No Portfolio,Sponsored Products,B07JMT389Q,ARCHIVED,USD,$1.0,Manual targeting,Dynamic bids - down only,72065,253,0.35%,$157.12,$0.6210277,6,53.20%,$295.34
"Mar 1, 2019","Nov 15, 2018",,No Portfolio,Sponsored Products,"31\"" x 19\""  - key words 1 manual",ARCHIVED,USD,$4.0,Manual targeting,Dynamic bids - down only,118424,191,0.16%,$89.63,$0.469267,1,136.03%,$65.89
"Mar 1, 2019","Nov 10, 2018",,No Portfolio,Sponsored Products,214 mat-bathroom mat auto,ARCHIVED,USD,$6.0,Automatic targeting,Dynamic bids - down only,212619,249,0.12%,$137.17,$0.5508835,0,0.00%,$0.0
"Mar 1, 2019","Nov 13, 2018",,No Portfolio,Sponsored Products,kitchen mat-214-auto-hw key words,ARCHIVED,USD,$1.0,Manual targeting,Dynamic bids - down only,56584,349,0.62%,$185.65,$0.5319484,4,79.11%,$234.66
"Mar 1, 2019","Nov 15, 2018",,No Portfolio,Sponsored Products,"63\"" x 27.5\"" -key words 3 manual",ARCHIVED,USD,$3.0,Manual targeting,Dynamic bids - down only,188035,178,0.10%,$110.94,$0.6232584,2,84.19%,$131.78
"Mar 1, 2019","Nov 16, 2018",,No Portfolio,Sponsored Products,214 bedside mat auto,ARCHIVED,USD,$10.0,Automatic targeting,Dynamic bids - down only,24225,16,0.07%,$8.85,$0.553125,0,0.00%,$0.0
"Mar 1, 2019","Nov 15, 2018",,No Portfolio,Sponsored Products,B07JMT389Q,ARCHIVED,USD,$1.0,Manual targeting,Dynamic bids - down only,97988,144,0.15%,$78.45,$0.5447917,0,0.00%,$0.0
"Apr 1, 2019","Nov 15, 2018",,No Portfolio,Sponsored Products,"31\"" x 19\""  - key words 1 manual",ARCHIVED,USD,$4.0,Manual targeting,Dynamic bids - down only,21805,43,0.20%,$19.64,$0.4567442,0,0.00%,$0.0
"Apr 1, 2019","Nov 15, 2018",,No Portfolio,Sponsored Products,B07JMT389Q,ARCHIVED,USD,$1.0,Manual targeting,Dynamic bids - down only,34953,42,0.12%,$21.11,$0.5026189999999999,0,0.00%,$0.0
"Apr 1, 2019","Nov 15, 2018",,No Portfolio,Sponsored Products,"63\"" x 27.5\"" -key words 3 manual",ARCHIVED,USD,$3.0,Manual targeting,Dynamic bids - down only,38602,37,0.10%,$16.3,$0.44054049999999995,0,0.00%,$0.0
"Apr 1, 2019","Nov 10, 2018",,No Portfolio,Sponsored Products,214 mat-bathroom mat auto,ARCHIVED,USD,$6.0,Automatic targeting,Dynamic bids - down only,22875,30,0.13%,$14.97,$0.499,0,0.00%,$0.0
"Apr 1, 2019","Nov 13, 2018",,No Portfolio,Sponsored Products,kitchen mat-214-auto-hw key words,ARCHIVED,USD,$1.0,Manual targeting,Dynamic bids - down only,79819,362,0.45%,$180.12,$0.4975691,3,102.13%,$176.37
"Apr 1, 2019","Nov 16, 2018",,No Portfolio,Sponsored Products,214 bedside mat auto,ARCHIVED,USD,$10.0,Automatic targeting,Dynamic bids - down only,1831,3,0.16%,$1.01,$0.33666670000000004,0,0.00%,$0.0
"May 1, 2019","Nov 13, 2018",,No Portfolio,Sponsored Products,kitchen mat-214-auto-hw key words,ARCHIVED,USD,$1.0,Manual targeting,Dynamic bids - down only,66235,389,0.59%,$187.61,$0.4822879,7,45.54%,$411.93
"May 1, 2019","Nov 10, 2018",,No Portfolio,Sponsored Products,214 mat-bathroom mat auto,ARCHIVED,USD,$6.0,Automatic targeting,Dynamic bids - down only,1667,2,0.12%,$0.99,$0.495,0,0.00%,$0.0
"May 1, 2019","Nov 15, 2018",,No Portfolio,Sponsored Products,"63\"" x 27.5\"" -key words 3 manual",ARCHIVED,USD,$3.0,Manual targeting,Dynamic bids - down only,14419,7,0.05%,$2.37,$0.3385714,0,0.00%,$0.0
"May 1, 2019","Nov 15, 2018",,No Portfolio,Sponsored Products,B07JMT389Q,ARCHIVED,USD,$1.0,Manual targeting,Dynamic bids - down only,21870,25,0.11%,$12.47,$0.4988,1,18.93%,$65.89
"May 1, 2019","Nov 15, 2018",,No Portfolio,Sponsored Products,"31\"" x 19\""  - key words 1 manual",ARCHIVED,USD,$4.0,Manual targeting,Dynamic bids - down only,10985,13,0.12%,$7.32,$0.5630769,0,0.00%,$0.0
"Jun 1, 2019","Nov 15, 2018",,No Portfolio,Sponsored Products,"63\"" x 27.5\"" -key words 3 manual",ARCHIVED,USD,$3.0,Manual targeting,Dynamic bids - down only,39387,53,0.14%,$28.16,$0.5313208,0,0.00%,$0.0
"Jun 1, 2019","Nov 16, 2018",,No Portfolio,Sponsored Products,214 bedside mat auto,ARCHIVED,USD,$10.0,Automatic targeting,Dynamic bids - down only,784,4,0.51%,$2.15,$0.5375,0,0.00%,$0.0
"Jun 1, 2019","Nov 15, 2018",,No Portfolio,Sponsored Products,"31\"" x 19\""  - key words 1 manual",ARCHIVED,USD,$4.0,Manual targeting,Dynamic bids - down only,25186,47,0.19%,$22.41,$0.47680849999999997,0,0.00%,$0.0
"Jun 1, 2019","Nov 10, 2018",,No Portfolio,Sponsored Products,214 mat-bathroom mat auto,ARCHIVED,USD,$6.0,Automatic targeting,Dynamic bids - down only,16297,31,0.19%,$16.7,$0.5387097,0,0.00%,$0.0
"Jun 1, 2019","Nov 15, 2018",,No Portfolio,Sponsored Products,B07JMT389Q,ARCHIVED,USD,$1.0,Manual targeting,Dynamic bids - down only,61689,83,0.14%,$48.48,$0.5840964000000001,0,0.00%,$0.0
"Jun 1, 2019","Nov 13, 2018",,No Portfolio,Sponsored Products,kitchen mat-214-auto-hw key words,ARCHIVED,USD,$1.0,Manual targeting,Dynamic bids - down only,78692,510,0.65%,$290.72,$0.5700392,15,38.21%,$760.85
"Jul 1, 2019","Nov 13, 2018",,No Portfolio,Sponsored Products,kitchen mat-214-auto-hw key words,ARCHIVED,USD,$1.0,Manual targeting,Dynamic bids - down only,93403,445,0.48%,$243.05,$0.5461798,4,119.75%,$202.96
"Jul 1, 2019","Nov 15, 2018",,No Portfolio,Sponsored Products,B07JMT389Q,ARCHIVED,USD,$1.0,Manual targeting,Dynamic bids - down only,49414,73,0.15%,$43.63,$0.5976712,2,60.61%,$71.98
"Jul 1, 2019","Nov 15, 2018",,No Portfolio,Sponsored Products,"31\"" x 19\""  - key words 1 manual",ARCHIVED,USD,$4.0,Manual targeting,Dynamic bids - down only,27458,51,0.19%,$27.26,$0.5345098,2,26.76%,$101.88
"Jul 1, 2019","Nov 15, 2018",,No Portfolio,Sponsored Products,"63\"" x 27.5\"" -key words 3 manual",ARCHIVED,USD,$3.0,Manual targeting,Dynamic bids - down only,55230,72,0.13%,$45.93,$0.6379167,2,45.08%,$101.88
"Aug 1, 2019","Nov 15, 2018",,No Portfolio,Sponsored Products,B07JMT389Q,ARCHIVED,USD,$1.0,Manual targeting,Dynamic bids - down only,26167,74,0.28%,$46.43,$0.6274324,1,129.01%,$35.99
"Aug 1, 2019","Nov 15, 2018",,No Portfolio,Sponsored Products,"63\"" x 27.5\"" -key words 3 manual",ARCHIVED,USD,$3.0,Manual targeting,Dynamic bids - down only,39306,69,0.18%,$39.54,$0.5730435,1,109.86%,$35.99
"Aug 1, 2019","Aug 22, 2019",,No Portfolio,Sponsored Products,B07JMDZBSR,ARCHIVED,USD,$3.0,Automatic targeting,Dynamic bids - down only,5043,35,0.69%,$17.97,$0.5134286,3,11.75%,$152.97
"Aug 1, 2019","Nov 13, 2018",,No Portfolio,Sponsored Products,kitchen mat-214-auto-hw key words,ARCHIVED,USD,$1.0,Manual targeting,Dynamic bids - down only,49608,185,0.37%,$91.92,$0.4968649,1,180.27%,$50.99
"Aug 1, 2019","Nov 15, 2018",,No Portfolio,Sponsored Products,"31\"" x 19\""  - key words 1 manual",ARCHIVED,USD,$4.0,Manual targeting,Dynamic bids - down only,34651,154,0.44%,$96.3,$0.6253247000000001,4,50.70%,$189.95
"Sep 1, 2019","Sep 10, 2019",,No Portfolio,Sponsored Products,YSD自动,ARCHIVED,USD,$2.5,Automatic targeting,Dynamic bids - down only,8767,21,0.24%,$32.92,$1.5676189999999999,0,0.00%,$0.0
"Sep 1, 2019","Nov 15, 2018",,No Portfolio,Sponsored Products,"31\"" x 19\""  - key words 1 manual",ARCHIVED,USD,$4.0,Manual targeting,Dynamic bids - down only,24363,128,0.53%,$82.36,$0.6434375,1,205.95%,$39.99
"Sep 1, 2019","Sep 10, 2019",,No Portfolio,Sponsored Products,XP自动,ARCHIVED,USD,$2.5,Automatic targeting,Dynamic bids - down only,12720,30,0.24%,$37.11,$1.237,0,0.00%,$0.0
"Sep 1, 2019","Aug 22, 2019",,No Portfolio,Sponsored Products,B07JMDZBSR,ARCHIVED,USD,$3.0,Automatic targeting,Dynamic bids - down only,39688,194,0.49%,$111.23,$0.5733505,6,36.48%,$304.94
"Sep 1, 2019","Nov 15, 2018",,No Portfolio,Sponsored Products,B07JMT389Q,ARCHIVED,USD,$1.0,Manual targeting,Dynamic bids - down only,10996,42,0.38%,$20.95,$0.49880949999999996,0,0.00%,$0.0
"Sep 1, 2019","Nov 13, 2018",,No Portfolio,Sponsored Products,kitchen mat-214-auto-hw key words,ARCHIVED,USD,$1.0,Manual targeting,Dynamic bids - down only,6953,29,0.42%,$13.45,$0.46379309999999996,0,0.00%,$0.0
"Sep 1, 2019","Nov 15, 2018",,No Portfolio,Sponsored Products,"63\"" x 27.5\"" -key words 3 manual",ARCHIVED,USD,$3.0,Manual targeting,Dynamic bids - down only,28407,51,0.18%,$29.03,$0.5692157,0,0.00%,$0.0
"Sep 1, 2019","Sep 11, 2019",,No Portfolio,Sponsored Products,Kitchen Mat,ARCHIVED,USD,$2.5,Automatic targeting,Dynamic bids - down only,16579,119,0.72%,$60.27,$0.5064706,1,118.20%,$50.99
"Sep 1, 2019","Sep 10, 2019",,No Portfolio,Sponsored Products,SQ doormat 自动,ARCHIVED,USD,$2.5,Automatic targeting,Dynamic bids - down only,17082,30,0.18%,$29.77,$0.9923333,0,0.00%,$0.0
"Sep 1, 2019","Sep 10, 2019",,No Portfolio,Sponsored Products,DL门垫自动,ARCHIVED,USD,$2.0,Automatic targeting,Dynamic bids - down only,12774,19,0.15%,$29.58,$1.5568421000000001,0,0.00%,$0.0
"Oct 1, 2019","Aug 22, 2019",,No Portfolio,Sponsored Products,B07JMDZBSR,ARCHIVED,USD,$3.0,Automatic targeting,Dynamic bids - down only,14829,92,0.62%,$62.86,$0.6832609,1,123.28%,$50.99
"Oct 1, 2019","Oct 9, 2019",,No Portfolio,Sponsored Products,B07JMDZBSR Manual,ARCHIVED,USD,$2.0,Manual targeting,Dynamic bids - down only,8223,57,0.69%,$32.08,$0.5628070000000001,1,64.17%,$49.99
"Oct 1, 2019","Oct 15, 2019",,No Portfolio,Sponsored Products,XP Auto,ARCHIVED,USD,$1.5,Automatic targeting,Dynamic bids - down only,11330,30,0.27%,$37.93,$1.2643332999999999,0,0.00%,$0.0
"Oct 1, 2019","Oct 9, 2019",,No Portfolio,Sponsored Products,YSD 简约风,ARCHIVED,USD,$3.0,Automatic targeting,Dynamic bids - up and down,72422,179,0.25%,$234.35,$1.3092179,6,101.04%,$231.94
"Oct 1, 2019","Sep 10, 2019",,No Portfolio,Sponsored Products,DL门垫自动,ARCHIVED,USD,$2.0,Automatic targeting,Dynamic bids - down only,17399,23,0.13%,$37.96,$1.6504348,0,0.00%,$0.0
"Oct 1, 2019","Sep 10, 2019",,No Portfolio,Sponsored Products,SQ doormat 自动,ARCHIVED,USD,$2.5,Automatic targeting,Dynamic bids - down only,529,0,0.00%,$0.0,$0.0,0,0.00%,$0.0
"Oct 1, 2019","Nov 15, 2018",,No Portfolio,Sponsored Products,"31\"" x 19\""  - key words 1 manual",ARCHIVED,USD,$4.0,Manual targeting,Dynamic bids - down only,18581,99,0.53%,$62.88,$0.6351515,1,157.24%,$39.99
"Oct 1, 2019","Oct 10, 2019",,No Portfolio,Sponsored Products,SQ 自动,ARCHIVED,USD,$2.5,Automatic targeting,Dynamic bids - up and down,44534,94,0.21%,$97.97,$1.0422339999999999,3,102.08%,$95.97
"Oct 1, 2019","Sep 11, 2019",,No Portfolio,Sponsored Products,Kitchen Mat,ARCHIVED,USD,$2.5,Automatic targeting,Dynamic bids - down only,6967,52,0.75%,$28.26,$0.5434615,0,0.00%,$0.0
"Oct 1, 2019","Nov 15, 2018",,No Portfolio,Sponsored Products,"63\"" x 27.5\"" -key words 3 manual",ARCHIVED,USD,$3.0,Manual targeting,Dynamic bids - down only,35703,70,0.20%,$33.59,$0.4798571,2,42.00%,$79.98
"Oct 1, 2019","Oct 22, 2019",,No Portfolio,Sponsored Products,"31\"" x 19\""-Auto",ARCHIVED,USD,$3.0,Automatic targeting,Dynamic bids - down only,4642,21,0.45%,$9.82,$0.46761899999999995,0,0.00%,$0.0
"Oct 1, 2019","Oct 13, 2019",,No Portfolio,Sponsored Products,B07JMDZBSR Auto,ARCHIVED,USD,$2.0,Automatic targeting,Dynamic bids - down only,2512,22,0.88%,$10.56,$0.48,0,0.00%,$0.0
"Oct 1, 2019","Sep 10, 2019",,No Portfolio,Sponsored Products,YSD自动,ARCHIVED,USD,$2.5,Automatic targeting,Dynamic bids - down only,5856,17,0.29%,$32.94,$1.9376471000000002,0,0.00%,$0.0
"Oct 1, 2019","Sep 10, 2019",,No Portfolio,Sponsored Products,XP自动,ARCHIVED,USD,$2.5,Automatic targeting,Dynamic bids - down only,3264,15,0.46%,$31.79,$2.1193333,0,0.00%,$0.0
"Nov 1, 2019","Nov 6, 2019",,No Portfolio,Sponsored Products,Kitchen Mat - SP Auto,ARCHIVED,USD,$3.0,Automatic targeting,Dynamic bids - down only,26939,136,0.51%,$75.01,$0.5515441,2,83.36%,$89.98
"Nov 1, 2019","Oct 22, 2019",,No Portfolio,Sponsored Products,"31\"" x 19\""-Auto",ARCHIVED,USD,$3.0,Automatic targeting,Dynamic bids - down only,39644,103,0.26%,$69.68,$0.6765049000000001,4,43.56%,$159.95
"Nov 1, 2019","Oct 10, 2019",,No Portfolio,Sponsored Products,SQ 自动,ARCHIVED,USD,$2.5,Automatic targeting,Dynamic bids - up and down,81437,72,0.09%,$92.8,$1.2888889000000001,4,72.52%,$127.96
"Nov 1, 2019","Oct 15, 2019",,No Portfolio,Sponsored Products,XP Auto,ARCHIVED,USD,$1.5,Automatic targeting,Dynamic bids - down only,166,0,0.00%,$0.0,$0.0,0,0.00%,$0.0
"Nov 1, 2019","Aug 22, 2019",,No Portfolio,Sponsored Products,B07JMDZBSR,ARCHIVED,USD,$3.0,Automatic targeting,Dynamic bids - down only,22240,168,0.76%,$101.02,$0.6013094999999999,2,101.04%,$99.98
"Nov 1, 2019","Nov 15, 2018",,No Portfolio,Sponsored Products,"31\"" x 19\""  - key words 1 manual",ARCHIVED,USD,$4.0,Manual targeting,Dynamic bids - down only,28408,158,0.56%,$90.06,$0.57,2,128.69%,$69.98
"Nov 1, 2019","Oct 9, 2019",,No Portfolio,Sponsored Products,YSD 简约风,ARCHIVED,USD,$3.0,Automatic targeting,Dynamic bids - up and down,49975,137,0.27%,$156.48,$1.1421898,0,0.00%,$0.0
"Nov 1, 2019","Nov 15, 2018",,No Portfolio,Sponsored Products,"63\"" x 27.5\"" -key words 3 manual",ARCHIVED,USD,$3.0,Manual targeting,Dynamic bids - down only,109401,147,0.13%,$74.44,$0.5063946,4,39.19%,$189.95
"Nov 1, 2019","Nov 20, 2019",,No Portfolio,Sponsored Products,YSD Pure Bath Mats,ARCHIVED,USD,$3.0,Automatic targeting,Dynamic bids - down only,3604,8,0.22%,$3.95,$0.49375,0,0.00%,$0.0
"Nov 1, 2019","Nov 5, 2019",,No Portfolio,Sponsored Products,YSD手动,ARCHIVED,USD,$3.5,Manual targeting,Dynamic bids - down only,11992,66,0.55%,$54.72,$0.8290909000000001,1,136.83%,$39.99
"Nov 1, 2019","Nov 5, 2019",,No Portfolio,Sponsored Products,SQ 手动,ARCHIVED,USD,$2.0,Manual targeting,Dynamic bids - down only,763,2,0.26%,$1.29,$0.645,0,0.00%,$0.0
"Nov 1, 2019","Sep 10, 2019",,No Portfolio,Sponsored Products,DL门垫自动,ARCHIVED,USD,$2.0,Automatic targeting,Dynamic bids - down only,55373,78,0.14%,$68.28,$0.8753846,3,71.15%,$95.97
"Nov 1, 2019","Nov 28, 2019",,No Portfolio,Sponsored Products,B07JMT389Q (Enjoy Life) - Keyword Target,ENABLED,USD,$4.0,Manual targeting,Dynamic bids - down only,1,0,0.00%,$0.0,$0.0,0,0.00%,$0.0
"Dec 1, 2019","Dec 7, 2019",,No Portfolio,Sponsored Products,B07VW6N66M (Spiritual Song) - Keyword Target,ENABLED,USD,$2.0,Manual targeting,Dynamic bids - down only,2536,7,0.28%,$4.49,$0.6414286,0,0.00%,$0.0
"Dec 1, 2019","Dec 7, 2019",,No Portfolio,Sponsored Products,B07JHV2GP2 (Space Man) - Keyword Target,ENABLED,USD,$2.0,Manual targeting,Dynamic bids - down only,5004,4,0.08%,$2.25,$0.5625,0,0.00%,$0.0
"Dec 1, 2019","Dec 7, 2019",,No Portfolio,Sponsored Products,B07L118VDV (Hello Happiness) - Keyword Target,ENABLED,USD,$2.0,Manual targeting,Dynamic bids - down only,4717,6,0.13%,$3.47,$0.5783332999999999,0,0.00%,$0.0
"Dec 1, 2019","Oct 9, 2019",,No Portfolio,Sponsored Products,YSD 简约风,ARCHIVED,USD,$3.0,Automatic targeting,Dynamic bids - up and down,5440,20,0.37%,$15.81,$0.7905,1,10.14%,$155.96
"Dec 1, 2019","Dec 7, 2019",,No Portfolio,Sponsored Products,B07VX6FRQQ (Modern Show) - Keyword Target,ENABLED,USD,$2.0,Manual targeting,Dynamic bids - down only,4205,6,0.14%,$4.13,$0.6883333,0,0.00%,$0.0
"Dec 1, 2019","Dec 7, 2019",,No Portfolio,Sponsored Products,B07VW6J6N5 (Norwegian White Impression) - Keyword Target,ENABLED,USD,$2.0,Manual targeting,Dynamic bids - down only,2537,4,0.16%,$2.18,$0.545,0,0.00%,$0.0
"Dec 1, 2019","Dec 7, 2019",,No Portfolio,Sponsored Products,B07JJC4NTT (Moroccan Craftman) - Keyword Target,ENABLED,USD,$6.0,Manual targeting,Dynamic bids - down only,3712,18,0.49%,$10.47,$0.5816667,0,0.00%,$0.0
"Dec 1, 2019","Dec 5, 2019",,No Portfolio,Sponsored Products,B07KK3RQNV (City Map) - Keyword Target,ENABLED,USD,$5.0,Manual targeting,Dynamic bids - down only,4453,31,0.70%,$13.46,$0.4341935,0,0.00%,$0.0
"Dec 1, 2019","Aug 22, 2019",,No Portfolio,Sponsored Products,B07JMDZBSR,ARCHIVED,USD,$3.0,Automatic targeting,Dynamic bids - down only,2303,27,1.17%,$16.99,$0.6292593,0,0.00%,$0.0
"Dec 1, 2019","Nov 20, 2019",,No Portfolio,Sponsored Products,YSD Pure Bath Mats,ARCHIVED,USD,$3.0,Automatic targeting,Dynamic bids - down only,1445,5,0.35%,$2.68,$0.536,0,0.00%,$0.0
"Dec 1, 2019","Dec 7, 2019",,No Portfolio,Sponsored Products,B07JJ3HGSN (Moroccan Wooden House) - Keyword Target,ENABLED,USD,$6.0,Manual targeting,Dynamic bids - down only,2517,21,0.83%,$12.12,$0.5771429,0,0.00%,$0.0
"Dec 1, 2019","Oct 22, 2019",,No Portfolio,Sponsored Products,"31\"" x 19\""-Auto",ARCHIVED,USD,$3.0,Automatic targeting,Dynamic bids - down only,16692,17,0.10%,$9.34,$0.5494118,2,12.98%,$71.98
"Dec 1, 2019","Nov 5, 2019",,No Portfolio,Sponsored Products,YSD手动,ARCHIVED,USD,$3.5,Manual targeting,Dynamic bids - down only,5172,26,0.50%,$22.04,$0.8476923,1,55.11%,$39.99
"Dec 1, 2019","Nov 5, 2019",,No Portfolio,Sponsored Products,SQ 手动,ARCHIVED,USD,$2.0,Manual targeting,Dynamic bids - down only,238,1,0.42%,$0.89,$0.89,0,0.00%,$0.0
"Dec 1, 2019","Oct 10, 2019",,No Portfolio,Sponsored Products,SQ 自动,ARCHIVED,USD,$2.5,Automatic targeting,Dynamic bids - up and down,13195,15,0.11%,$22.67,$1.5113333,1,66.70%,$33.99
"Dec 1, 2019","Nov 15, 2018",,No Portfolio,Sponsored Products,"31\"" x 19\""  - key words 1 manual",ARCHIVED,USD,$4.0,Manual targeting,Dynamic bids - down only,10004,42,0.42%,$25.41,$0.605,1,63.54%,$39.99
"Dec 1, 2019","Nov 28, 2019",,No Portfolio,Sponsored Products,B07JMT389Q (Enjoy Life) - Keyword Target,ENABLED,USD,$4.0,Manual targeting,Dynamic bids - down only,6264,42,0.67%,$17.0,$0.4047619,0,0.00%,$0.0
"Dec 1, 2019","Dec 5, 2019",,No Portfolio,Sponsored Products,B07KJXY5SN (Golden Map) - Keyword Target,ENABLED,USD,$5.0,Manual targeting,Dynamic bids - down only,3481,25,0.72%,$11.47,$0.45880000000000004,0,0.00%,$0.0
"Dec 1, 2019","Nov 6, 2019",,No Portfolio,Sponsored Products,Kitchen Mat - SP Auto,ARCHIVED,USD,$3.0,Automatic targeting,Dynamic bids - down only,3130,28,0.90%,$17.05,$0.6089286,0,0.00%,$0.0
"Dec 1, 2019","Dec 2, 2019",,No Portfolio,Sponsored Products,B07JMDZBSR (Dream Light) - Keyword Target,ENABLED,USD,$7.0,Manual targeting,Dynamic bids - down only,13610,28,0.21%,$12.75,$0.4553571,0,0.00%,$0.0
"Dec 1, 2019","Nov 15, 2018",,No Portfolio,Sponsored Products,"63\"" x 27.5\"" -key words 3 manual",ARCHIVED,USD,$3.0,Manual targeting,Dynamic bids - down only,26965,25,0.09%,$12.31,$0.4924,0,0.00%,$0.0
"Dec 1, 2019","Sep 10, 2019",,No Portfolio,Sponsored Products,DL门垫自动,ARCHIVED,USD,$2.0,Automatic targeting,Dynamic bids - down only,11969,19,0.16%,$15.8,$0.8315788999999999,0,0.00%,$0.0
