﻿Date,Start Date,End Date,Portfolio name,Campaign Type,Campaign Name,Status,Currency,Budget,Targeting Type,Bidding strategy,Impressions,Last Year Impressions,Clicks,Last Year Clicks,Click-Thru Rate (CTR),Spend,Last Year Spend,Cost Per Click (CPC),Last Year Cost Per Click (CPC),7 Day Total Orders (#),"Total Advertising Cost of Sales (ACoS) ","7 Day Total Sales "
"Dec 1, 2019","Oct 22, 2019",,No Portfolio,Sponsored Products,"31\"" x 19\""-Auto",ARCHIVED,USD,$3.0,Automatic targeting,Dynamic bids - down only,2228,,4,,0.18%,$1.74,,$0.435,,1,4.35%,$39.99
"Dec 1, 2019","Oct 10, 2019",,No Portfolio,Sponsored Products,SQ 自动,ARCHIVED,USD,$2.5,Automatic targeting,Dynamic bids - up and down,1973,,2,,0.10%,$3.52,,$1.76,,0,0.00%,$0.0
"Dec 1, 2019","Oct 9, 2019",,No Portfolio,Sponsored Products,YSD 简约风,ARCHIVED,USD,$3.0,Automatic targeting,Dynamic bids - up and down,1021,,3,,0.29%,$2.2,,$0.7333333000000001,,0,0.00%,$0.0
"Dec 1, 2019","Nov 20, 2019",,No Portfolio,Sponsored Products,YSD Pure Bath Mats,ARCHIVED,USD,$3.0,Automatic targeting,Dynamic bids - down only,328,,2,,0.61%,$1.13,,$0.565,,0,0.00%,$0.0
"Dec 1, 2019","Nov 6, 2019",,No Portfolio,Sponsored Products,Kitchen Mat - SP Auto,ARCHIVED,USD,$3.0,Automatic targeting,Dynamic bids - down only,974,,6,,0.62%,$3.34,,$0.5566667000000001,,0,0.00%,$0.0
"Dec 1, 2019","Nov 5, 2019",,No Portfolio,Sponsored Products,YSD手动,ARCHIVED,USD,$3.5,Manual targeting,Dynamic bids - down only,1054,,4,,0.38%,$3.88,,$0.97,,1,9.70%,$39.99
"Dec 1, 2019","Nov 5, 2019",,No Portfolio,Sponsored Products,SQ 手动,ARCHIVED,USD,$2.0,Manual targeting,Dynamic bids - down only,42,,0,,0.00%,$0.0,,$0.0,,0,0.00%,$0.0
"Dec 1, 2019","Sep 10, 2019",,No Portfolio,Sponsored Products,DL门垫自动,ARCHIVED,USD,$2.0,Automatic targeting,Dynamic bids - down only,2941,,4,,0.14%,$2.18,,$0.545,,0,0.00%,$0.0
"Dec 1, 2019","Nov 15, 2018",,No Portfolio,Sponsored Products,"31\"" x 19\""  - key words 1 manual",ARCHIVED,USD,$4.0,Manual targeting,Dynamic bids - down only,1539,2626,7,18,0.46%,$4.31,$10.6,$0.6157143,$0.5888889,1,10.78%,$39.99
"Dec 1, 2019","Nov 15, 2018",,No Portfolio,Sponsored Products,"63\"" x 27.5\"" -key words 3 manual",ARCHIVED,USD,$3.0,Manual targeting,Dynamic bids - down only,6279,4556,6,13,0.10%,$2.81,$5.22,$0.46833329999999995,$0.40153849999999996,0,0.00%,$0.0
"Dec 1, 2019","Aug 22, 2019",,No Portfolio,Sponsored Products,B07JMDZBSR,ARCHIVED,USD,$3.0,Automatic targeting,Dynamic bids - down only,763,,11,,1.44%,$6.91,,$0.6281818,,0,0.00%,$0.0
"Dec 2, 2019","Nov 15, 2018",,No Portfolio,Sponsored Products,"31\"" x 19\""  - key words 1 manual",ARCHIVED,USD,$4.0,Manual targeting,Dynamic bids - down only,2410,3267,6,22,0.25%,$4.12,$12.04,$0.6866667,$0.5472727,0,0.00%,$0.0
"Dec 2, 2019","Oct 9, 2019",,No Portfolio,Sponsored Products,YSD 简约风,ARCHIVED,USD,$3.0,Automatic targeting,Dynamic bids - up and down,1475,,5,,0.34%,$3.84,,$0.768,,0,0.00%,$0.0
"Dec 2, 2019","Nov 15, 2018",,No Portfolio,Sponsored Products,"63\"" x 27.5\"" -key words 3 manual",ARCHIVED,USD,$3.0,Manual targeting,Dynamic bids - down only,6672,7063,5,26,0.08%,$2.57,$15.86,$0.514,$0.61,0,0.00%,$0.0
"Dec 2, 2019","Oct 22, 2019",,No Portfolio,Sponsored Products,"31\"" x 19\""-Auto",ARCHIVED,USD,$3.0,Automatic targeting,Dynamic bids - down only,5419,,4,,0.07%,$2.89,,$0.7225,,0,0.00%,$0.0
"Dec 2, 2019","Oct 10, 2019",,No Portfolio,Sponsored Products,SQ 自动,ARCHIVED,USD,$2.5,Automatic targeting,Dynamic bids - up and down,4030,,2,,0.05%,$3.45,,$1.725,,0,0.00%,$0.0
"Dec 2, 2019","Nov 5, 2019",,No Portfolio,Sponsored Products,YSD手动,ARCHIVED,USD,$3.5,Manual targeting,Dynamic bids - down only,525,,5,,0.95%,$3.89,,$0.778,,0,0.00%,$0.0
"Dec 2, 2019","Nov 6, 2019",,No Portfolio,Sponsored Products,Kitchen Mat - SP Auto,ARCHIVED,USD,$3.0,Automatic targeting,Dynamic bids - down only,521,,6,,1.15%,$3.94,,$0.6566666999999999,,0,0.00%,$0.0
"Dec 2, 2019","Aug 22, 2019",,No Portfolio,Sponsored Products,B07JMDZBSR,ARCHIVED,USD,$3.0,Automatic targeting,Dynamic bids - down only,748,,5,,0.67%,$2.97,,$0.594,,0,0.00%,$0.0
"Dec 2, 2019","Nov 5, 2019",,No Portfolio,Sponsored Products,SQ 手动,ARCHIVED,USD,$2.0,Manual targeting,Dynamic bids - down only,83,,1,,1.21%,$0.89,,$0.89,,0,0.00%,$0.0
"Dec 2, 2019","Nov 20, 2019",,No Portfolio,Sponsored Products,YSD Pure Bath Mats,ARCHIVED,USD,$3.0,Automatic targeting,Dynamic bids - down only,485,,0,,0.00%,$0.0,,$0.0,,0,0.00%,$0.0
"Dec 2, 2019","Sep 10, 2019",,No Portfolio,Sponsored Products,DL门垫自动,ARCHIVED,USD,$2.0,Automatic targeting,Dynamic bids - down only,1518,,2,,0.13%,$2.33,,$1.165,,0,0.00%,$0.0
"Dec 3, 2019","Oct 10, 2019",,No Portfolio,Sponsored Products,SQ 自动,ARCHIVED,USD,$2.5,Automatic targeting,Dynamic bids - up and down,3353,,2,,0.06%,$3.14,,$1.57,,1,9.24%,$33.99
"Dec 3, 2019","Nov 6, 2019",,No Portfolio,Sponsored Products,Kitchen Mat - SP Auto,ARCHIVED,USD,$3.0,Automatic targeting,Dynamic bids - down only,770,,5,,0.65%,$3.42,,$0.684,,0,0.00%,$0.0
"Dec 3, 2019","Oct 22, 2019",,No Portfolio,Sponsored Products,"31\"" x 19\""-Auto",ARCHIVED,USD,$3.0,Automatic targeting,Dynamic bids - down only,2503,,5,,0.20%,$2.63,,$0.526,,0,0.00%,$0.0
"Dec 3, 2019","Sep 10, 2019",,No Portfolio,Sponsored Products,DL门垫自动,ARCHIVED,USD,$2.0,Automatic targeting,Dynamic bids - down only,2263,,3,,0.13%,$2.29,,$0.7633333,,0,0.00%,$0.0
"Dec 3, 2019","Nov 15, 2018",,No Portfolio,Sponsored Products,"63\"" x 27.5\"" -key words 3 manual",ARCHIVED,USD,$3.0,Manual targeting,Dynamic bids - down only,4350,1523,5,5,0.12%,$1.86,$2.91,$0.37200000000000005,$0.5820000000000001,0,0.00%,$0.0
"Dec 3, 2019","Nov 20, 2019",,No Portfolio,Sponsored Products,YSD Pure Bath Mats,ARCHIVED,USD,$3.0,Automatic targeting,Dynamic bids - down only,261,,2,,0.77%,$1.01,,$0.505,,0,0.00%,$0.0
"Dec 3, 2019","Aug 22, 2019",,No Portfolio,Sponsored Products,B07JMDZBSR,ARCHIVED,USD,$3.0,Automatic targeting,Dynamic bids - down only,418,,6,,1.44%,$3.78,,$0.63,,0,0.00%,$0.0
"Dec 3, 2019","Nov 5, 2019",,No Portfolio,Sponsored Products,SQ 手动,ARCHIVED,USD,$2.0,Manual targeting,Dynamic bids - down only,24,,0,,0.00%,$0.0,,$0.0,,0,0.00%,$0.0
"Dec 3, 2019","Nov 5, 2019",,No Portfolio,Sponsored Products,YSD手动,ARCHIVED,USD,$3.5,Manual targeting,Dynamic bids - down only,1516,,5,,0.33%,$3.96,,$0.792,,0,0.00%,$0.0
"Dec 3, 2019","Oct 9, 2019",,No Portfolio,Sponsored Products,YSD 简约风,ARCHIVED,USD,$3.0,Automatic targeting,Dynamic bids - up and down,512,,4,,0.78%,$3.11,,$0.7775,,0,0.00%,$0.0
"Dec 3, 2019","Nov 15, 2018",,No Portfolio,Sponsored Products,"31\"" x 19\""  - key words 1 manual",ARCHIVED,USD,$4.0,Manual targeting,Dynamic bids - down only,1447,3169,7,11,0.48%,$4.05,$7.1,$0.5785714,$0.6454545,0,0.00%,$0.0
"Dec 4, 2019","Nov 6, 2019",,No Portfolio,Sponsored Products,Kitchen Mat - SP Auto,ARCHIVED,USD,$3.0,Automatic targeting,Dynamic bids - down only,352,,6,,1.71%,$3.24,,$0.54,,0,0.00%,$0.0
"Dec 4, 2019","Oct 22, 2019",,No Portfolio,Sponsored Products,"31\"" x 19\""-Auto",ARCHIVED,USD,$3.0,Automatic targeting,Dynamic bids - down only,2355,,3,,0.13%,$1.74,,$0.58,,1,5.44%,$31.99
"Dec 4, 2019","Nov 5, 2019",,No Portfolio,Sponsored Products,YSD手动,ARCHIVED,USD,$3.5,Manual targeting,Dynamic bids - down only,588,,5,,0.85%,$4.12,,$0.8240000000000001,,0,0.00%,$0.0
"Dec 4, 2019","Aug 22, 2019",,No Portfolio,Sponsored Products,B07JMDZBSR,ARCHIVED,USD,$3.0,Automatic targeting,Dynamic bids - down only,374,,5,,1.34%,$3.33,,$0.6659999999999999,,0,0.00%,$0.0
"Dec 4, 2019","Nov 15, 2018",,No Portfolio,Sponsored Products,"63\"" x 27.5\"" -key words 3 manual",ARCHIVED,USD,$3.0,Manual targeting,Dynamic bids - down only,3667,4702,1,21,0.03%,$0.36,$12.56,$0.36,$0.5980951999999999,0,0.00%,$0.0
"Dec 4, 2019","Oct 9, 2019",,No Portfolio,Sponsored Products,YSD 简约风,ARCHIVED,USD,$3.0,Automatic targeting,Dynamic bids - up and down,846,,2,,0.24%,$1.76,,$0.88,,1,1.13%,$155.96
"Dec 4, 2019","Nov 5, 2019",,No Portfolio,Sponsored Products,SQ 手动,ARCHIVED,USD,$2.0,Manual targeting,Dynamic bids - down only,41,,0,,0.00%,$0.0,,$0.0,,0,0.00%,$0.0
"Dec 4, 2019","Oct 10, 2019",,No Portfolio,Sponsored Products,SQ 自动,ARCHIVED,USD,$2.5,Automatic targeting,Dynamic bids - up and down,2015,,2,,0.10%,$3.53,,$1.765,,0,0.00%,$0.0
"Dec 4, 2019","Nov 15, 2018",,No Portfolio,Sponsored Products,"31\"" x 19\""  - key words 1 manual",ARCHIVED,USD,$4.0,Manual targeting,Dynamic bids - down only,1358,1469,7,4,0.52%,$4.67,$2.41,$0.6671429000000001,$0.6025,0,0.00%,$0.0
"Dec 4, 2019","Sep 10, 2019",,No Portfolio,Sponsored Products,DL门垫自动,ARCHIVED,USD,$2.0,Automatic targeting,Dynamic bids - down only,1079,,2,,0.19%,$2.16,,$1.08,,0,0.00%,$0.0
"Dec 4, 2019","Nov 20, 2019",,No Portfolio,Sponsored Products,YSD Pure Bath Mats,ARCHIVED,USD,$3.0,Automatic targeting,Dynamic bids - down only,367,,1,,0.27%,$0.54,,$0.54,,0,0.00%,$0.0
"Dec 5, 2019","Oct 22, 2019",,No Portfolio,Sponsored Products,"31\"" x 19\""-Auto",ARCHIVED,USD,$3.0,Automatic targeting,Dynamic bids - down only,1692,,1,,0.06%,$0.34,,$0.34,,0,0.00%,$0.0
"Dec 5, 2019","Nov 6, 2019",,No Portfolio,Sponsored Products,Kitchen Mat - SP Auto,ARCHIVED,USD,$3.0,Automatic targeting,Dynamic bids - down only,513,,5,,0.98%,$3.11,,$0.622,,0,0.00%,$0.0
"Dec 5, 2019","Aug 22, 2019",,No Portfolio,Sponsored Products,B07JMDZBSR,ARCHIVED,USD,$3.0,Automatic targeting,Dynamic bids - down only,0,,0,,0.00%,$0.0,,$0.0,,0,0.00%,$0.0
"Dec 5, 2019","Dec 5, 2019",,No Portfolio,Sponsored Products,B07KK3RQNV (City Map) - Keyword Target,ENABLED,USD,$5.0,Manual targeting,Dynamic bids - down only,149,,2,,1.34%,$0.64,,$0.32,,0,0.00%,$0.0
"Dec 5, 2019","Nov 20, 2019",,No Portfolio,Sponsored Products,YSD Pure Bath Mats,ARCHIVED,USD,$3.0,Automatic targeting,Dynamic bids - down only,4,,0,,0.00%,$0.0,,$0.0,,0,0.00%,$0.0
"Dec 5, 2019","Oct 10, 2019",,No Portfolio,Sponsored Products,SQ 自动,ARCHIVED,USD,$2.5,Automatic targeting,Dynamic bids - up and down,553,,2,,0.36%,$2.79,,$1.395,,0,0.00%,$0.0
"Dec 5, 2019","Nov 5, 2019",,No Portfolio,Sponsored Products,YSD手动,ARCHIVED,USD,$3.5,Manual targeting,Dynamic bids - down only,479,,4,,0.84%,$3.7,,$0.925,,0,0.00%,$0.0
"Dec 5, 2019","Nov 28, 2019",,No Portfolio,Sponsored Products,B07JMT389Q (Enjoy Life) - Keyword Target,ENABLED,USD,$4.0,Manual targeting,Dynamic bids - down only,1548,,12,,0.78%,$4.21,,$0.35083329999999996,,0,0.00%,$0.0
"Dec 5, 2019","Nov 15, 2018",,No Portfolio,Sponsored Products,"63\"" x 27.5\"" -key words 3 manual",ARCHIVED,USD,$3.0,Manual targeting,Dynamic bids - down only,2645,5359,3,28,0.11%,$1.43,$16.11,$0.47666670000000005,$0.5753571000000001,0,0.00%,$0.0
"Dec 5, 2019","Sep 10, 2019",,No Portfolio,Sponsored Products,DL门垫自动,ARCHIVED,USD,$2.0,Automatic targeting,Dynamic bids - down only,2394,,3,,0.13%,$2.21,,$0.7366667,,0,0.00%,$0.0
"Dec 5, 2019","Nov 5, 2019",,No Portfolio,Sponsored Products,SQ 手动,ARCHIVED,USD,$2.0,Manual targeting,Dynamic bids - down only,25,,0,,0.00%,$0.0,,$0.0,,0,0.00%,$0.0
"Dec 5, 2019","Dec 5, 2019",,No Portfolio,Sponsored Products,B07KJXY5SN (Golden Map) - Keyword Target,ENABLED,USD,$5.0,Manual targeting,Dynamic bids - down only,239,,4,,1.67%,$1.62,,$0.405,,0,0.00%,$0.0
"Dec 5, 2019","Oct 9, 2019",,No Portfolio,Sponsored Products,YSD 简约风,ARCHIVED,USD,$3.0,Automatic targeting,Dynamic bids - up and down,312,,4,,1.28%,$3.29,,$0.8225,,0,0.00%,$0.0
"Dec 5, 2019","Nov 15, 2018",,No Portfolio,Sponsored Products,"31\"" x 19\""  - key words 1 manual",ARCHIVED,USD,$4.0,Manual targeting,Dynamic bids - down only,1747,1894,7,8,0.40%,$4.12,$4.54,$0.5885714,$0.5675,0,0.00%,$0.0
"Dec 6, 2019","Oct 10, 2019",,No Portfolio,Sponsored Products,SQ 自动,ARCHIVED,USD,$2.5,Automatic targeting,Dynamic bids - up and down,714,,2,,0.28%,$2.49,,$1.245,,0,0.00%,$0.0
"Dec 6, 2019","Dec 5, 2019",,No Portfolio,Sponsored Products,B07KK3RQNV (City Map) - Keyword Target,ENABLED,USD,$5.0,Manual targeting,Dynamic bids - down only,1609,,8,,0.50%,$2.63,,$0.32875,,0,0.00%,$0.0
"Dec 6, 2019","Oct 9, 2019",,No Portfolio,Sponsored Products,YSD 简约风,ARCHIVED,USD,$3.0,Automatic targeting,Dynamic bids - up and down,1185,,2,,0.17%,$1.61,,$0.805,,0,0.00%,$0.0
"Dec 6, 2019","Nov 15, 2018",,No Portfolio,Sponsored Products,"31\"" x 19\""  - key words 1 manual",ARCHIVED,USD,$4.0,Manual targeting,Dynamic bids - down only,1374,1317,8,6,0.58%,$4.14,$3.1,$0.5175,$0.5166667,0,0.00%,$0.0
"Dec 6, 2019","Nov 28, 2019",,No Portfolio,Sponsored Products,B07JMT389Q (Enjoy Life) - Keyword Target,ENABLED,USD,$4.0,Manual targeting,Dynamic bids - down only,1560,,12,,0.77%,$4.12,,$0.34333329999999995,,0,0.00%,$0.0
"Dec 6, 2019","Nov 5, 2019",,No Portfolio,Sponsored Products,SQ 手动,ARCHIVED,USD,$2.0,Manual targeting,Dynamic bids - down only,19,,0,,0.00%,$0.0,,$0.0,,0,0.00%,$0.0
"Dec 6, 2019","Nov 5, 2019",,No Portfolio,Sponsored Products,YSD手动,ARCHIVED,USD,$3.5,Manual targeting,Dynamic bids - down only,918,,2,,0.22%,$1.86,,$0.93,,0,0.00%,$0.0
"Dec 6, 2019","Dec 5, 2019",,No Portfolio,Sponsored Products,B07KJXY5SN (Golden Map) - Keyword Target,ENABLED,USD,$5.0,Manual targeting,Dynamic bids - down only,1251,,8,,0.64%,$3.25,,$0.40625,,0,0.00%,$0.0
"Dec 6, 2019","Sep 10, 2019",,No Portfolio,Sponsored Products,DL门垫自动,ARCHIVED,USD,$2.0,Automatic targeting,Dynamic bids - down only,1534,,3,,0.20%,$2.29,,$0.7633333,,0,0.00%,$0.0
"Dec 6, 2019","Nov 15, 2018",,No Portfolio,Sponsored Products,"63\"" x 27.5\"" -key words 3 manual",ARCHIVED,USD,$3.0,Manual targeting,Dynamic bids - down only,3273,6576,5,23,0.15%,$3.28,$14.3,$0.6559999999999999,$0.6217391,0,0.00%,$0.0
"Dec 6, 2019","Oct 22, 2019",,No Portfolio,Sponsored Products,"31\"" x 19\""-Auto",ARCHIVED,USD,$3.0,Automatic targeting,Dynamic bids - down only,2392,,0,,0.00%,$0.0,,$0.0,,0,0.00%,$0.0
"Dec 6, 2019","Dec 2, 2019",,No Portfolio,Sponsored Products,B07JMDZBSR (Dream Light) - Keyword Target,ENABLED,USD,$7.0,Manual targeting,Dynamic bids - down only,1397,,6,,0.43%,$2.03,,$0.33833329999999995,,0,0.00%,$0.0
"Dec 7, 2019","Dec 7, 2019",,No Portfolio,Sponsored Products,B07VW6N66M (Spiritual Song) - Keyword Target,ENABLED,USD,$2.0,Manual targeting,Dynamic bids - down only,1103,,4,,0.36%,$2.41,,$0.6025,,0,0.00%,$0.0
"Dec 7, 2019","Dec 7, 2019",,No Portfolio,Sponsored Products,B07VW6J6N5 (Norwegian White Impression) - Keyword Target,ENABLED,USD,$5.0,Manual targeting,Dynamic bids - down only,1822,,4,,0.22%,$2.18,,$0.545,,0,0.00%,$0.0
"Dec 7, 2019","Dec 7, 2019",,No Portfolio,Sponsored Products,B07JJ3HGSN (Moroccan Wooden House) - Keyword Target,ENABLED,USD,$20.0,Manual targeting,Dynamic bids - down only,1181,,11,,0.93%,$6.38,,$0.58,,0,0.00%,$0.0
"Dec 7, 2019","Sep 10, 2019",,No Portfolio,Sponsored Products,DL门垫自动,ARCHIVED,USD,$2.0,Automatic targeting,Dynamic bids - down only,240,,2,,0.83%,$2.34,,$1.17,,0,0.00%,$0.0
"Dec 7, 2019","Dec 5, 2019",,No Portfolio,Sponsored Products,B07KJXY5SN (Golden Map) - Keyword Target,ENABLED,USD,$5.0,Manual targeting,Dynamic bids - down only,1560,,11,,0.71%,$5.46,,$0.4963636,,0,0.00%,$0.0
"Dec 7, 2019","Oct 22, 2019",,No Portfolio,Sponsored Products,"31\"" x 19\""-Auto",ARCHIVED,USD,$3.0,Automatic targeting,Dynamic bids - down only,97,,0,,0.00%,$0.0,,$0.0,,0,0.00%,$0.0
"Dec 7, 2019","Dec 7, 2019",,No Portfolio,Sponsored Products,B07VX6FRQQ (Modern Show) - Keyword Target,ENABLED,USD,$2.0,Manual targeting,Dynamic bids - down only,2565,,3,,0.12%,$2.11,,$0.7033333,,0,0.00%,$0.0
"Dec 7, 2019","Nov 28, 2019",,No Portfolio,Sponsored Products,B07JMT389Q (Enjoy Life) - Keyword Target,ENABLED,USD,$4.0,Manual targeting,Dynamic bids - down only,1675,,9,,0.54%,$4.4,,$0.4888889,,0,0.00%,$0.0
"Dec 7, 2019","Dec 7, 2019",,No Portfolio,Sponsored Products,B07JJC4NTT (Moroccan Craftman) - Keyword Target,ENABLED,USD,$5.0,Manual targeting,Dynamic bids - down only,1866,,12,,0.64%,$7.06,,$0.5883333,,0,0.00%,$0.0
"Dec 7, 2019","Dec 5, 2019",,No Portfolio,Sponsored Products,B07KK3RQNV (City Map) - Keyword Target,ENABLED,USD,$5.0,Manual targeting,Dynamic bids - down only,1353,,11,,0.81%,$5.26,,$0.4781818,,0,0.00%,$0.0
"Dec 7, 2019","Oct 10, 2019",,No Portfolio,Sponsored Products,SQ 自动,ARCHIVED,USD,$2.5,Automatic targeting,Dynamic bids - up and down,555,,3,,0.54%,$3.75,,$1.25,,0,0.00%,$0.0
"Dec 7, 2019","Nov 5, 2019",,No Portfolio,Sponsored Products,SQ 手动,ARCHIVED,USD,$2.0,Manual targeting,Dynamic bids - down only,4,,0,,0.00%,$0.0,,$0.0,,0,0.00%,$0.0
"Dec 7, 2019","Nov 5, 2019",,No Portfolio,Sponsored Products,YSD手动,ARCHIVED,USD,$3.5,Manual targeting,Dynamic bids - down only,50,,1,,2.00%,$0.63,,$0.63,,0,0.00%,$0.0
"Dec 7, 2019","Oct 9, 2019",,No Portfolio,Sponsored Products,YSD 简约风,ARCHIVED,USD,$3.0,Automatic targeting,Dynamic bids - up and down,53,,0,,0.00%,$0.0,,$0.0,,0,0.00%,$0.0
"Dec 7, 2019","Dec 7, 2019",,No Portfolio,Sponsored Products,B07L118VDV (Hello Happiness) - Keyword Target,ENABLED,USD,$2.0,Manual targeting,Dynamic bids - down only,3691,,4,,0.11%,$2.22,,$0.555,,0,0.00%,$0.0
"Dec 7, 2019","Nov 15, 2018",,No Portfolio,Sponsored Products,"31\"" x 19\""  - key words 1 manual",ARCHIVED,USD,$4.0,Manual targeting,Dynamic bids - down only,128,742,0,4,0.00%,$0.0,$2.42,$0.0,$0.605,0,0.00%,$0.0
"Dec 7, 2019","Nov 15, 2018",,No Portfolio,Sponsored Products,"63\"" x 27.5\"" -key words 3 manual",ARCHIVED,USD,$3.0,Manual targeting,Dynamic bids - down only,67,7694,0,24,0.00%,$0.0,$14.81,$0.0,$0.6170833,0,0.00%,$0.0
"Dec 7, 2019","Dec 7, 2019",,No Portfolio,Sponsored Products,B07JHV2GP2 (Space Man) - Keyword Target,ENABLED,USD,$2.0,Manual targeting,Dynamic bids - down only,4482,,4,,0.09%,$2.25,,$0.5625,,0,0.00%,$0.0
"Dec 7, 2019","Dec 2, 2019",,No Portfolio,Sponsored Products,B07JMDZBSR (Dream Light) - Keyword Target,ENABLED,USD,$7.0,Manual targeting,Dynamic bids - down only,8215,,16,,0.20%,$7.76,,$0.485,,0,0.00%,$0.0
"Dec 8, 2019","Dec 7, 2019",,No Portfolio,Sponsored Products,B07VW6J6N5 (Norwegian White Impression) - Keyword Target,ENABLED,USD,$5.0,Manual targeting,Dynamic bids - down only,1047,,4,,0.38%,$2.14,,$0.535,,0,0.00%,$0.0
"Dec 8, 2019","Dec 5, 2019",,No Portfolio,Sponsored Products,B07KK3RQNV (City Map) - Keyword Target,ENABLED,USD,$5.0,Manual targeting,Dynamic bids - down only,1480,,11,,0.74%,$5.24,,$0.47636360000000005,,0,0.00%,$0.0
"Dec 8, 2019","Dec 2, 2019",,No Portfolio,Sponsored Products,B07JMDZBSR (Dream Light) - Keyword Target,ENABLED,USD,$7.0,Manual targeting,Dynamic bids - down only,7176,,19,,0.27%,$7.36,,$0.3873684,,0,0.00%,$0.0
"Dec 8, 2019","Dec 7, 2019",,No Portfolio,Sponsored Products,B07JJC4NTT (Moroccan Craftman) - Keyword Target,ENABLED,USD,$5.0,Manual targeting,Dynamic bids - down only,2288,,13,,0.57%,$6.31,,$0.4853846,,1,15.78%,$39.99
"Dec 8, 2019","Dec 7, 2019",,No Portfolio,Sponsored Products,B07VW6N66M (Spiritual Song) - Keyword Target,ENABLED,USD,$2.0,Manual targeting,Dynamic bids - down only,1421,,3,,0.21%,$2.08,,$0.6933333,,0,0.00%,$0.0
"Dec 8, 2019","Nov 28, 2019",,No Portfolio,Sponsored Products,B07JMT389Q (Enjoy Life) - Keyword Target,ENABLED,USD,$4.0,Manual targeting,Dynamic bids - down only,1447,,9,,0.62%,$4.27,,$0.4744444,,0,0.00%,$0.0
"Dec 8, 2019","Dec 7, 2019",,No Portfolio,Sponsored Products,B07JHV2GP2 (Space Man) - Keyword Target,ENABLED,USD,$2.0,Manual targeting,Dynamic bids - down only,1098,,1,,0.09%,$0.25,,$0.25,,0,0.00%,$0.0
"Dec 8, 2019","Dec 5, 2019",,No Portfolio,Sponsored Products,B07KJXY5SN (Golden Map) - Keyword Target,ENABLED,USD,$5.0,Manual targeting,Dynamic bids - down only,2173,,11,,0.51%,$5.38,,$0.4890909,,0,0.00%,$0.0
"Dec 8, 2019","Dec 7, 2019",,No Portfolio,Sponsored Products,B07JJ3HGSN (Moroccan Wooden House) - Keyword Target,ENABLED,USD,$20.0,Manual targeting,Dynamic bids - down only,1452,,11,,0.76%,$6.1,,$0.5545455,,0,0.00%,$0.0
"Dec 8, 2019","Dec 7, 2019",,No Portfolio,Sponsored Products,B07VX6FRQQ (Modern Show) - Keyword Target,ENABLED,USD,$2.0,Manual targeting,Dynamic bids - down only,1612,,3,,0.19%,$2.02,,$0.6733333,,0,0.00%,$0.0
"Dec 8, 2019","Dec 7, 2019",,No Portfolio,Sponsored Products,B07L118VDV (Hello Happiness) - Keyword Target,ENABLED,USD,$2.0,Manual targeting,Dynamic bids - down only,2767,,4,,0.15%,$1.69,,$0.4225,,0,0.00%,$0.0
"Dec 9, 2019","Dec 7, 2019",,No Portfolio,Sponsored Products,B07L118VDV (Hello Happiness) - Keyword Target,ENABLED,USD,$2.0,Manual targeting,Dynamic bids - down only,780,,3,,0.39%,$0.93,,$0.31,,0,0.00%,$0.0
"Dec 9, 2019","Dec 7, 2019",,No Portfolio,Sponsored Products,B07JHV2GP2 (Space Man) - Keyword Target,ENABLED,USD,$2.0,Manual targeting,Dynamic bids - down only,197,,0,,0.00%,$0.0,,$0.0,,0,0.00%,$0.0
"Dec 9, 2019","Nov 28, 2019",,No Portfolio,Sponsored Products,B07JMT389Q (Enjoy Life) - Keyword Target,ENABLED,USD,$4.0,Manual targeting,Dynamic bids - down only,1561,,12,,0.77%,$4.03,,$0.33583329999999995,,0,0.00%,$0.0
"Dec 9, 2019","Dec 7, 2019",,No Portfolio,Sponsored Products,B07VW6J6N5 (Norwegian White Impression) - Keyword Target,ENABLED,USD,$5.0,Manual targeting,Dynamic bids - down only,266,,3,,1.13%,$1.56,,$0.52,,0,0.00%,$0.0
"Dec 9, 2019","Dec 7, 2019",,No Portfolio,Sponsored Products,B07VW6N66M (Spiritual Song) - Keyword Target,ENABLED,USD,$2.0,Manual targeting,Dynamic bids - down only,711,,5,,0.70%,$2.2,,$0.44,,0,0.00%,$0.0
"Dec 9, 2019","Dec 7, 2019",,No Portfolio,Sponsored Products,B07VX6FRQQ (Modern Show) - Keyword Target,ENABLED,USD,$2.0,Manual targeting,Dynamic bids - down only,164,,2,,1.22%,$0.7,,$0.35,,0,0.00%,$0.0
"Dec 9, 2019","Dec 5, 2019",,No Portfolio,Sponsored Products,B07KK3RQNV (City Map) - Keyword Target,ENABLED,USD,$5.0,Manual targeting,Dynamic bids - down only,682,,5,,0.73%,$2.1,,$0.42,,0,0.00%,$0.0
"Dec 9, 2019","Dec 7, 2019",,No Portfolio,Sponsored Products,B07JJC4NTT (Moroccan Craftman) - Keyword Target,ENABLED,USD,$5.0,Manual targeting,Dynamic bids - down only,471,,4,,0.85%,$1.58,,$0.395,,0,0.00%,$0.0
"Dec 9, 2019","Dec 9, 2019",,No Portfolio,Sponsored Products,B07VSNNSD8 (Dream Light) - Keyword Target,ENABLED,USD,$2.0,Manual targeting,Dynamic bids - down only,10,,0,,0.00%,$0.0,,$0.0,,0,0.00%,$0.0
"Dec 9, 2019","Dec 5, 2019",,No Portfolio,Sponsored Products,B07KJXY5SN (Golden Map) - Keyword Target,ENABLED,USD,$5.0,Manual targeting,Dynamic bids - down only,704,,8,,1.14%,$3.65,,$0.45625,,0,0.00%,$0.0
"Dec 9, 2019","Dec 7, 2019",,No Portfolio,Sponsored Products,B07JJ3HGSN (Moroccan Wooden House) - Keyword Target,ENABLED,USD,$20.0,Manual targeting,Dynamic bids - down only,705,,15,,2.13%,$6.73,,$0.4486667,,0,0.00%,$0.0
"Dec 9, 2019","Dec 2, 2019",,No Portfolio,Sponsored Products,B07JMDZBSR (Dream Light) - Keyword Target,ENABLED,USD,$7.0,Manual targeting,Dynamic bids - down only,1076,,5,,0.47%,$1.64,,$0.32799999999999996,,0,0.00%,$0.0
"Dec 10, 2019","Dec 7, 2019",,No Portfolio,Sponsored Products,B07L118VDV (Hello Happiness) - Keyword Target,ENABLED,USD,$2.0,Manual targeting,Dynamic bids - down only,1165,,3,,0.26%,$1.68,,$0.56,,0,0.00%,$0.0
"Dec 10, 2019","Dec 7, 2019",,No Portfolio,Sponsored Products,B07VW6N66M (Spiritual Song) - Keyword Target,ENABLED,USD,$2.0,Manual targeting,Dynamic bids - down only,2139,,4,,0.19%,$2.02,,$0.505,,0,0.00%,$0.0
"Dec 10, 2019","Dec 7, 2019",,No Portfolio,Sponsored Products,B07JJC4NTT (Moroccan Craftman) - Keyword Target,ENABLED,USD,$5.0,Manual targeting,Dynamic bids - down only,2501,,17,,0.68%,$10.66,,$0.6270588,,0,0.00%,$0.0
"Dec 10, 2019","Dec 7, 2019",,No Portfolio,Sponsored Products,B07JHV2GP2 (Space Man) - Keyword Target,ENABLED,USD,$2.0,Manual targeting,Dynamic bids - down only,412,,0,,0.00%,$0.0,,$0.0,,0,0.00%,$0.0
"Dec 10, 2019","Nov 28, 2019",,No Portfolio,Sponsored Products,B07JMT389Q (Enjoy Life) - Keyword Target,ENABLED,USD,$4.0,Manual targeting,Dynamic bids - down only,1781,,10,,0.56%,$4.28,,$0.428,,1,8.57%,$49.95
"Dec 10, 2019","Dec 5, 2019",,No Portfolio,Sponsored Products,B07KJXY5SN (Golden Map) - Keyword Target,ENABLED,USD,$5.0,Manual targeting,Dynamic bids - down only,1450,,3,,0.21%,$1.22,,$0.40666670000000005,,0,0.00%,$0.0
"Dec 10, 2019","Dec 7, 2019",,No Portfolio,Sponsored Products,B07JJ3HGSN (Moroccan Wooden House) - Keyword Target,ENABLED,USD,$20.0,Manual targeting,Dynamic bids - down only,964,,11,,1.14%,$6.2,,$0.5636363999999999,,1,15.50%,$39.99
"Dec 10, 2019","Dec 7, 2019",,No Portfolio,Sponsored Products,B07VX6FRQQ (Modern Show) - Keyword Target,ENABLED,USD,$2.0,Manual targeting,Dynamic bids - down only,503,,1,,0.20%,$0.75,,$0.75,,0,0.00%,$0.0
"Dec 10, 2019","Dec 5, 2019",,No Portfolio,Sponsored Products,B07KK3RQNV (City Map) - Keyword Target,ENABLED,USD,$5.0,Manual targeting,Dynamic bids - down only,2082,,15,,0.72%,$5.6,,$0.3733333,,1,10.77%,$51.99
"Dec 10, 2019","Dec 10, 2019",,No Portfolio,Sponsored Products,B07JND9C85 (My balcony) - Keyword Target,ENABLED,USD,$2.0,Manual targeting,Dynamic bids - down only,2521,,3,,0.12%,$2.59,,$0.8633333000000001,,0,0.00%,$0.0
"Dec 10, 2019","Dec 2, 2019",,No Portfolio,Sponsored Products,B07JMDZBSR (Dream Light) - Keyword Target,ENABLED,USD,$7.0,Manual targeting,Dynamic bids - down only,3906,,12,,0.31%,$4.53,,$0.3775,,1,9.07%,$49.95
"Dec 10, 2019","Dec 10, 2019",,No Portfolio,Sponsored Products,B07JHNJT7Q (Perfect Day) - Keyword Target,ENABLED,USD,$3.0,Manual targeting,Dynamic bids - down only,384,,2,,0.52%,$0.99,,$0.495,,0,0.00%,$0.0
"Dec 10, 2019","Dec 9, 2019",,No Portfolio,Sponsored Products,B07VSNNSD8 (Dream Light) - Keyword Target,ENABLED,USD,$2.0,Manual targeting,Dynamic bids - down only,8,,0,,0.00%,$0.0,,$0.0,,0,0.00%,$0.0
"Dec 10, 2019","Dec 7, 2019",,No Portfolio,Sponsored Products,B07VW6J6N5 (Norwegian White Impression) - Keyword Target,ENABLED,USD,$5.0,Manual targeting,Dynamic bids - down only,311,,4,,1.29%,$2.29,,$0.5725,,0,0.00%,$0.0
"Dec 11, 2019","Dec 5, 2019",,No Portfolio,Sponsored Products,B07KJXY5SN (Golden Map) - Keyword Target,ENABLED,USD,$5.0,Manual targeting,Dynamic bids - down only,1237,,7,,0.57%,$3.37,,$0.4814286,,0,0.00%,$0.0
"Dec 11, 2019","Dec 7, 2019",,No Portfolio,Sponsored Products,B07JHV2GP2 (Space Man) - Keyword Target,ENABLED,USD,$2.0,Manual targeting,Dynamic bids - down only,552,,1,,0.18%,$0.5,,$0.5,,0,0.00%,$0.0
"Dec 11, 2019","Dec 10, 2019",,No Portfolio,Sponsored Products,B07JND9C85 (My balcony) - Keyword Target,ENABLED,USD,$2.0,Manual targeting,Dynamic bids - down only,4563,,3,,0.07%,$2.61,,$0.87,,0,0.00%,$0.0
"Dec 11, 2019","Dec 7, 2019",,No Portfolio,Sponsored Products,B07JJC4NTT (Moroccan Craftman) - Keyword Target,ENABLED,USD,$5.0,Manual targeting,Dynamic bids - down only,1109,,14,,1.26%,$10.35,,$0.7392856999999999,,1,25.88%,$39.99
"Dec 11, 2019","Dec 10, 2019",,No Portfolio,Sponsored Products,B07JHNJT7Q (Perfect Day) - Keyword Target,ENABLED,USD,$3.0,Manual targeting,Dynamic bids - down only,671,,1,,0.15%,$0.43,,$0.43,,0,0.00%,$0.0
"Dec 11, 2019","Nov 28, 2019",,No Portfolio,Sponsored Products,B07JMT389Q (Enjoy Life) - Keyword Target,ENABLED,USD,$4.0,Manual targeting,Dynamic bids - down only,1340,,10,,0.75%,$4.25,,$0.425,,0,0.00%,$0.0
"Dec 11, 2019","Dec 7, 2019",,No Portfolio,Sponsored Products,B07VW6J6N5 (Norwegian White Impression) - Keyword Target,ENABLED,USD,$5.0,Manual targeting,Dynamic bids - down only,533,,4,,0.75%,$2.43,,$0.6075,,0,0.00%,$0.0
"Dec 11, 2019","Dec 9, 2019",,No Portfolio,Sponsored Products,B07VSNNSD8 (Dream Light) - Keyword Target,ENABLED,USD,$2.0,Manual targeting,Dynamic bids - down only,7,,0,,0.00%,$0.0,,$0.0,,0,0.00%,$0.0
"Dec 11, 2019","Dec 7, 2019",,No Portfolio,Sponsored Products,B07JJ3HGSN (Moroccan Wooden House) - Keyword Target,ENABLED,USD,$20.0,Manual targeting,Dynamic bids - down only,1762,,14,,0.80%,$10.12,,$0.7228570999999999,,0,0.00%,$0.0
"Dec 11, 2019","Dec 7, 2019",,No Portfolio,Sponsored Products,B07VX6FRQQ (Modern Show) - Keyword Target,ENABLED,USD,$2.0,Manual targeting,Dynamic bids - down only,681,,2,,0.29%,$0.98,,$0.49,,0,0.00%,$0.0
"Dec 11, 2019","Dec 2, 2019",,No Portfolio,Sponsored Products,B07JMDZBSR (Dream Light) - Keyword Target,ENABLED,USD,$7.0,Manual targeting,Dynamic bids - down only,4140,,14,,0.34%,$5.66,,$0.4042857,,0,0.00%,$0.0
"Dec 11, 2019","Dec 5, 2019",,No Portfolio,Sponsored Products,B07KK3RQNV (City Map) - Keyword Target,ENABLED,USD,$5.0,Manual targeting,Dynamic bids - down only,2637,,15,,0.57%,$6.24,,$0.41600000000000004,,0,0.00%,$0.0
"Dec 11, 2019","Dec 7, 2019",,No Portfolio,Sponsored Products,B07VW6N66M (Spiritual Song) - Keyword Target,ENABLED,USD,$2.0,Manual targeting,Dynamic bids - down only,2230,,4,,0.18%,$2.41,,$0.6025,,0,0.00%,$0.0
"Dec 11, 2019","Dec 7, 2019",,No Portfolio,Sponsored Products,B07L118VDV (Hello Happiness) - Keyword Target,ENABLED,USD,$2.0,Manual targeting,Dynamic bids - down only,1081,,5,,0.46%,$2.39,,$0.478,,0,0.00%,$0.0
"Dec 12, 2019","Dec 2, 2019",,No Portfolio,Sponsored Products,B07JMDZBSR (Dream Light) - Keyword Target,ENABLED,USD,$7.0,Manual targeting,Dynamic bids - down only,4405,,16,,0.36%,$6.31,,$0.394375,,0,0.00%,$0.0
"Dec 12, 2019","Dec 7, 2019",,No Portfolio,Sponsored Products,B07JJ3HGSN (Moroccan Wooden House) - Keyword Target,ENABLED,USD,$20.0,Manual targeting,Dynamic bids - down only,994,,15,,1.51%,$10.8,,$0.72,,1,27.01%,$39.99
"Dec 12, 2019","Dec 7, 2019",,No Portfolio,Sponsored Products,B07JHV2GP2 (Space Man) - Keyword Target,ENABLED,USD,$2.0,Manual targeting,Dynamic bids - down only,440,,0,,0.00%,$0.0,,$0.0,,0,0.00%,$0.0
"Dec 12, 2019","Dec 10, 2019",,No Portfolio,Sponsored Products,B07JND9C85 (My balcony) - Keyword Target,ENABLED,USD,$2.0,Manual targeting,Dynamic bids - down only,4246,,3,,0.07%,$2.11,,$0.7033333,,1,3.52%,$59.99
"Dec 12, 2019","Dec 7, 2019",,No Portfolio,Sponsored Products,B07VW6N66M (Spiritual Song) - Keyword Target,ENABLED,USD,$2.0,Manual targeting,Dynamic bids - down only,1721,,3,,0.17%,$1.98,,$0.66,,0,0.00%,$0.0
"Dec 12, 2019","Dec 7, 2019",,No Portfolio,Sponsored Products,B07VX6FRQQ (Modern Show) - Keyword Target,ENABLED,USD,$2.0,Manual targeting,Dynamic bids - down only,685,,3,,0.44%,$1.88,,$0.6266667,,0,0.00%,$0.0
"Dec 12, 2019","Dec 7, 2019",,No Portfolio,Sponsored Products,B07JJC4NTT (Moroccan Craftman) - Keyword Target,ENABLED,USD,$5.0,Manual targeting,Dynamic bids - down only,667,,14,,2.10%,$10.33,,$0.7378570999999999,,0,0.00%,$0.0
"Dec 12, 2019","Dec 5, 2019",,No Portfolio,Sponsored Products,B07KK3RQNV (City Map) - Keyword Target,ENABLED,USD,$5.0,Manual targeting,Dynamic bids - down only,1874,,17,,0.91%,$7.0,,$0.41176470000000004,,0,0.00%,$0.0
"Dec 12, 2019","Dec 5, 2019",,No Portfolio,Sponsored Products,B07KJXY5SN (Golden Map) - Keyword Target,ENABLED,USD,$5.0,Manual targeting,Dynamic bids - down only,1110,,6,,0.54%,$3.06,,$0.51,,0,0.00%,$0.0
"Dec 12, 2019","Dec 7, 2019",,No Portfolio,Sponsored Products,B07VW6J6N5 (Norwegian White Impression) - Keyword Target,ENABLED,USD,$5.0,Manual targeting,Dynamic bids - down only,520,,2,,0.39%,$1.24,,$0.62,,0,0.00%,$0.0
"Dec 12, 2019","Dec 7, 2019",,No Portfolio,Sponsored Products,B07L118VDV (Hello Happiness) - Keyword Target,ENABLED,USD,$2.0,Manual targeting,Dynamic bids - down only,936,,0,,0.00%,$0.0,,$0.0,,0,0.00%,$0.0
"Dec 12, 2019","Dec 10, 2019",,No Portfolio,Sponsored Products,B07JHNJT7Q (Perfect Day) - Keyword Target,ENABLED,USD,$3.0,Manual targeting,Dynamic bids - down only,459,,1,,0.22%,$0.32,,$0.32,,0,0.00%,$0.0
"Dec 12, 2019","Dec 9, 2019",,No Portfolio,Sponsored Products,B07VSNNSD8 (Dream Light) - Keyword Target,ENABLED,USD,$2.0,Manual targeting,Dynamic bids - down only,22,,0,,0.00%,$0.0,,$0.0,,0,0.00%,$0.0
"Dec 12, 2019","Nov 28, 2019",,No Portfolio,Sponsored Products,B07JMT389Q (Enjoy Life) - Keyword Target,ENABLED,USD,$4.0,Manual targeting,Dynamic bids - down only,1089,,11,,1.01%,$4.3,,$0.3909091,,0,0.00%,$0.0
"Dec 13, 2019","Nov 28, 2019",,No Portfolio,Sponsored Products,B07JMT389Q (Enjoy Life) - Keyword Target,ENABLED,USD,$4.0,Manual targeting,Dynamic bids - down only,2071,,14,,0.68%,$6.4,,$0.45714289999999996,,1,12.81%,$49.95
"Dec 13, 2019","Dec 7, 2019",,No Portfolio,Sponsored Products,B07JJ3HGSN (Moroccan Wooden House) - Keyword Target,ENABLED,USD,$20.0,Manual targeting,Dynamic bids - down only,2222,,26,,1.17%,$21.26,,$0.8176922999999999,,1,53.16%,$39.99
"Dec 13, 2019","Dec 9, 2019",,No Portfolio,Sponsored Products,B07VSNNSD8 (Dream Light) - Keyword Target,ENABLED,USD,$2.0,Manual targeting,Dynamic bids - down only,23,,0,,0.00%,$0.0,,$0.0,,0,0.00%,$0.0
"Dec 13, 2019","Dec 5, 2019",,No Portfolio,Sponsored Products,B07KJXY5SN (Golden Map) - Keyword Target,ENABLED,USD,$5.0,Manual targeting,Dynamic bids - down only,4300,,13,,0.30%,$6.35,,$0.4884615,,0,0.00%,$0.0
"Dec 13, 2019","Dec 2, 2019",,No Portfolio,Sponsored Products,B07JMDZBSR (Dream Light) - Keyword Target,ENABLED,USD,$7.0,Manual targeting,Dynamic bids - down only,5566,,23,,0.41%,$11.07,,$0.48130429999999996,,0,0.00%,$0.0
"Dec 13, 2019","Dec 7, 2019",,No Portfolio,Sponsored Products,B07VW6J6N5 (Norwegian White Impression) - Keyword Target,ENABLED,USD,$5.0,Manual targeting,Dynamic bids - down only,1883,,11,,0.58%,$6.36,,$0.5781818,,2,7.95%,$79.98
"Dec 13, 2019","Dec 7, 2019",,No Portfolio,Sponsored Products,B07JHV2GP2 (Space Man) - Keyword Target,ENABLED,USD,$2.0,Manual targeting,Dynamic bids - down only,544,,3,,0.55%,$1.6,,$0.5333333,,0,0.00%,$0.0
"Dec 13, 2019","Dec 10, 2019",,No Portfolio,Sponsored Products,B07JHNJT7Q (Perfect Day) - Keyword Target,ENABLED,USD,$3.0,Manual targeting,Dynamic bids - down only,576,,1,,0.17%,$0.67,,$0.67,,0,0.00%,$0.0
"Dec 13, 2019","Dec 7, 2019",,No Portfolio,Sponsored Products,B07JJC4NTT (Moroccan Craftman) - Keyword Target,ENABLED,USD,$5.0,Manual targeting,Dynamic bids - down only,3670,,24,,0.65%,$20.08,,$0.8366667,,0,0.00%,$0.0
"Dec 13, 2019","Dec 7, 2019",,No Portfolio,Sponsored Products,B07L118VDV (Hello Happiness) - Keyword Target,ENABLED,USD,$2.0,Manual targeting,Dynamic bids - down only,1040,,0,,0.00%,$0.0,,$0.0,,0,0.00%,$0.0
"Dec 13, 2019","Dec 5, 2019",,No Portfolio,Sponsored Products,B07KK3RQNV (City Map) - Keyword Target,ENABLED,USD,$5.0,Manual targeting,Dynamic bids - down only,1537,,11,,0.72%,$6.55,,$0.5954545,,0,0.00%,$0.0
"Dec 13, 2019","Dec 7, 2019",,No Portfolio,Sponsored Products,B07VW6N66M (Spiritual Song) - Keyword Target,ENABLED,USD,$2.0,Manual targeting,Dynamic bids - down only,1988,,7,,0.35%,$6.44,,$0.92,,0,0.00%,$0.0
"Dec 13, 2019","Dec 10, 2019",,No Portfolio,Sponsored Products,B07JND9C85 (My balcony) - Keyword Target,ENABLED,USD,$2.0,Manual targeting,Dynamic bids - down only,6953,,5,,0.07%,$4.76,,$0.9520000000000001,,0,0.00%,$0.0
"Dec 13, 2019","Dec 7, 2019",,No Portfolio,Sponsored Products,B07VX6FRQQ (Modern Show) - Keyword Target,ENABLED,USD,$2.0,Manual targeting,Dynamic bids - down only,1054,,5,,0.47%,$3.07,,$0.614,,0,0.00%,$0.0
"Dec 14, 2019","Dec 7, 2019",,No Portfolio,Sponsored Products,B07JJ3HGSN (Moroccan Wooden House) - Keyword Target,ENABLED,USD,$20.0,Manual targeting,Dynamic bids - down only,2771,,24,,0.87%,$19.92,,$0.83,,0,0.00%,$0.0
"Dec 14, 2019","Dec 7, 2019",,No Portfolio,Sponsored Products,B07L118VDV (Hello Happiness) - Keyword Target,ENABLED,USD,$2.0,Manual targeting,Dynamic bids - down only,1161,,5,,0.43%,$3.13,,$0.626,,0,0.00%,$0.0
"Dec 14, 2019","Dec 7, 2019",,No Portfolio,Sponsored Products,B07JHV2GP2 (Space Man) - Keyword Target,ENABLED,USD,$2.0,Manual targeting,Dynamic bids - down only,830,,0,,0.00%,$0.0,,$0.0,,0,0.00%,$0.0
"Dec 14, 2019","Dec 7, 2019",,No Portfolio,Sponsored Products,B07JJC4NTT (Moroccan Craftman) - Keyword Target,ENABLED,USD,$5.0,Manual targeting,Dynamic bids - down only,3995,,24,,0.60%,$20.38,,$0.8491666999999999,,0,0.00%,$0.0
"Dec 14, 2019","Dec 7, 2019",,No Portfolio,Sponsored Products,B07VW6J6N5 (Norwegian White Impression) - Keyword Target,ENABLED,USD,$5.0,Manual targeting,Dynamic bids - down only,2476,,6,,0.24%,$3.81,,$0.635,,0,0.00%,$0.0
"Dec 14, 2019","Dec 2, 2019",,No Portfolio,Sponsored Products,B07JMDZBSR (Dream Light) - Keyword Target,ENABLED,USD,$7.0,Manual targeting,Dynamic bids - down only,6841,,22,,0.32%,$11.16,,$0.5072727,,0,0.00%,$0.0
"Dec 14, 2019","Dec 9, 2019",,No Portfolio,Sponsored Products,B07VSNNSD8 (Dream Light) - Keyword Target,ENABLED,USD,$2.0,Manual targeting,Dynamic bids - down only,58,,0,,0.00%,$0.0,,$0.0,,0,0.00%,$0.0
"Dec 14, 2019","Dec 5, 2019",,No Portfolio,Sponsored Products,B07KJXY5SN (Golden Map) - Keyword Target,ENABLED,USD,$5.0,Manual targeting,Dynamic bids - down only,1617,,11,,0.68%,$6.16,,$0.56,,0,0.00%,$0.0
"Dec 14, 2019","Dec 10, 2019",,No Portfolio,Sponsored Products,B07JND9C85 (My balcony) - Keyword Target,ENABLED,USD,$2.0,Manual targeting,Dynamic bids - down only,4948,,6,,0.12%,$5.93,,$0.9883333000000001,,0,0.00%,$0.0
"Dec 14, 2019","Nov 28, 2019",,No Portfolio,Sponsored Products,B07JMT389Q (Enjoy Life) - Keyword Target,ENABLED,USD,$4.0,Manual targeting,Dynamic bids - down only,1180,,13,,1.10%,$6.64,,$0.5107692,,0,0.00%,$0.0
"Dec 14, 2019","Dec 5, 2019",,No Portfolio,Sponsored Products,B07KK3RQNV (City Map) - Keyword Target,ENABLED,USD,$5.0,Manual targeting,Dynamic bids - down only,1855,,11,,0.59%,$6.04,,$0.5490908999999999,,0,0.00%,$0.0
"Dec 14, 2019","Dec 7, 2019",,No Portfolio,Sponsored Products,B07VX6FRQQ (Modern Show) - Keyword Target,ENABLED,USD,$2.0,Manual targeting,Dynamic bids - down only,1526,,7,,0.46%,$6.12,,$0.8742856999999999,,1,8.86%,$69.1
"Dec 14, 2019","Dec 7, 2019",,No Portfolio,Sponsored Products,B07VW6N66M (Spiritual Song) - Keyword Target,ENABLED,USD,$2.0,Manual targeting,Dynamic bids - down only,3401,,9,,0.27%,$6.45,,$0.7166667,,0,0.00%,$0.0
"Dec 14, 2019","Dec 10, 2019",,No Portfolio,Sponsored Products,B07JHNJT7Q (Perfect Day) - Keyword Target,ENABLED,USD,$3.0,Manual targeting,Dynamic bids - down only,1115,,3,,0.27%,$1.74,,$0.58,,0,0.00%,$0.0
"Dec 15, 2019","Dec 7, 2019",,No Portfolio,Sponsored Products,B07VW6N66M (Spiritual Song) - Keyword Target,ENABLED,USD,$2.0,Manual targeting,Dynamic bids - down only,1988,,7,,0.35%,$5.74,,$0.82,,0,0.00%,$0.0
"Dec 15, 2019","Dec 7, 2019",,No Portfolio,Sponsored Products,B07JJC4NTT (Moroccan Craftman) - Keyword Target,ENABLED,USD,$5.0,Manual targeting,Dynamic bids - down only,4265,,18,,0.42%,$15.3,,$0.85,,0,0.00%,$0.0
"Dec 15, 2019","Dec 7, 2019",,No Portfolio,Sponsored Products,B07JHV2GP2 (Space Man) - Keyword Target,ENABLED,USD,$2.0,Manual targeting,Dynamic bids - down only,662,,1,,0.15%,$0.7,,$0.7,,0,0.00%,$0.0
"Dec 15, 2019","Dec 10, 2019",,No Portfolio,Sponsored Products,B07JND9C85 (My balcony) - Keyword Target,ENABLED,USD,$2.0,Manual targeting,Dynamic bids - down only,2585,,6,,0.23%,$5.87,,$0.9783333000000001,,0,0.00%,$0.0
"Dec 15, 2019","Dec 7, 2019",,No Portfolio,Sponsored Products,B07VX6FRQQ (Modern Show) - Keyword Target,ENABLED,USD,$2.0,Manual targeting,Dynamic bids - down only,2268,,4,,0.18%,$2.69,,$0.6725,,0,0.00%,$0.0
"Dec 15, 2019","Dec 7, 2019",,No Portfolio,Sponsored Products,B07VW6J6N5 (Norwegian White Impression) - Keyword Target,ENABLED,USD,$5.0,Manual targeting,Dynamic bids - down only,5511,,13,,0.24%,$8.05,,$0.6192308,,1,10.07%,$79.98
"Dec 15, 2019","Dec 5, 2019",,No Portfolio,Sponsored Products,B07KJXY5SN (Golden Map) - Keyword Target,ENABLED,USD,$5.0,Manual targeting,Dynamic bids - down only,3908,,14,,0.36%,$6.94,,$0.4957143,,0,0.00%,$0.0
"Dec 15, 2019","Dec 9, 2019",,No Portfolio,Sponsored Products,B07VSNNSD8 (Dream Light) - Keyword Target,ENABLED,USD,$2.0,Manual targeting,Dynamic bids - down only,41,,0,,0.00%,$0.0,,$0.0,,0,0.00%,$0.0
"Dec 15, 2019","Dec 5, 2019",,No Portfolio,Sponsored Products,B07KK3RQNV (City Map) - Keyword Target,ENABLED,USD,$5.0,Manual targeting,Dynamic bids - down only,2273,,12,,0.53%,$6.11,,$0.5091667000000001,,0,0.00%,$0.0
"Dec 15, 2019","Dec 2, 2019",,No Portfolio,Sponsored Products,B07JMDZBSR (Dream Light) - Keyword Target,ENABLED,USD,$7.0,Manual targeting,Dynamic bids - down only,6586,,23,,0.35%,$11.6,,$0.5043478,,1,23.22%,$49.95
"Dec 15, 2019","Dec 7, 2019",,No Portfolio,Sponsored Products,B07JJ3HGSN (Moroccan Wooden House) - Keyword Target,ENABLED,USD,$20.0,Manual targeting,Dynamic bids - down only,4063,,20,,0.49%,$16.18,,$0.809,,0,0.00%,$0.0
"Dec 15, 2019","Nov 28, 2019",,No Portfolio,Sponsored Products,B07JMT389Q (Enjoy Life) - Keyword Target,ENABLED,USD,$4.0,Manual targeting,Dynamic bids - down only,1514,,15,,0.99%,$7.5,,$0.5,,0,0.00%,$0.0
"Dec 15, 2019","Dec 7, 2019",,No Portfolio,Sponsored Products,B07L118VDV (Hello Happiness) - Keyword Target,ENABLED,USD,$2.0,Manual targeting,Dynamic bids - down only,1295,,5,,0.39%,$2.67,,$0.534,,0,0.00%,$0.0
"Dec 15, 2019","Dec 10, 2019",,No Portfolio,Sponsored Products,B07JHNJT7Q (Perfect Day) - Keyword Target,ENABLED,USD,$3.0,Manual targeting,Dynamic bids - down only,1155,,5,,0.43%,$3.39,,$0.6779999999999999,,0,0.00%,$0.0
"Dec 16, 2019","Dec 5, 2019",,No Portfolio,Sponsored Products,B07KJXY5SN (Golden Map) - Keyword Target,ENABLED,USD,$5.0,Manual targeting,Dynamic bids - down only,348,,5,,1.44%,$2.86,,$0.5720000000000001,,0,0.00%,$0.0
"Dec 16, 2019","Dec 7, 2019",,No Portfolio,Sponsored Products,B07VW6J6N5 (Norwegian White Impression) - Keyword Target,ENABLED,USD,$5.0,Manual targeting,Dynamic bids - down only,424,,3,,0.71%,$2.13,,$0.71,,0,0.00%,$0.0
"Dec 16, 2019","Dec 10, 2019",,No Portfolio,Sponsored Products,B07JHNJT7Q (Perfect Day) - Keyword Target,ENABLED,USD,$3.0,Manual targeting,Dynamic bids - down only,87,,0,,0.00%,$0.0,,$0.0,,0,0.00%,$0.0
"Dec 16, 2019","Dec 9, 2019",,No Portfolio,Sponsored Products,B07VSNNSD8 (Dream Light) - Keyword Target,ENABLED,USD,$2.0,Manual targeting,Dynamic bids - down only,3,,0,,0.00%,$0.0,,$0.0,,0,0.00%,$0.0
"Dec 16, 2019","Dec 7, 2019",,No Portfolio,Sponsored Products,B07JHV2GP2 (Space Man) - Keyword Target,ENABLED,USD,$2.0,Manual targeting,Dynamic bids - down only,58,,1,,1.72%,$0.32,,$0.32,,0,0.00%,$0.0
"Dec 16, 2019","Dec 5, 2019",,No Portfolio,Sponsored Products,B07KK3RQNV (City Map) - Keyword Target,ENABLED,USD,$5.0,Manual targeting,Dynamic bids - down only,951,,8,,0.84%,$4.56,,$0.57,,0,0.00%,$0.0
"Dec 16, 2019","Dec 7, 2019",,No Portfolio,Sponsored Products,B07VX6FRQQ (Modern Show) - Keyword Target,ENABLED,USD,$2.0,Manual targeting,Dynamic bids - down only,218,,0,,0.00%,$0.0,,$0.0,,0,0.00%,$0.0
"Dec 16, 2019","Dec 7, 2019",,No Portfolio,Sponsored Products,B07L118VDV (Hello Happiness) - Keyword Target,ENABLED,USD,$2.0,Manual targeting,Dynamic bids - down only,99,,0,,0.00%,$0.0,,$0.0,,0,0.00%,$0.0
"Dec 16, 2019","Dec 10, 2019",,No Portfolio,Sponsored Products,B07JND9C85 (My balcony) - Keyword Target,ENABLED,USD,$2.0,Manual targeting,Dynamic bids - down only,373,,1,,0.27%,$1.09,,$1.09,,0,0.00%,$0.0
"Dec 16, 2019","Dec 7, 2019",,No Portfolio,Sponsored Products,B07JJC4NTT (Moroccan Craftman) - Keyword Target,ENABLED,USD,$5.0,Manual targeting,Dynamic bids - down only,1173,,6,,0.51%,$5.33,,$0.8883333,,0,0.00%,$0.0
"Dec 16, 2019","Dec 7, 2019",,No Portfolio,Sponsored Products,B07VW6N66M (Spiritual Song) - Keyword Target,ENABLED,USD,$2.0,Manual targeting,Dynamic bids - down only,837,,3,,0.36%,$2.65,,$0.8833333,,0,0.00%,$0.0
"Dec 16, 2019","Nov 28, 2019",,No Portfolio,Sponsored Products,B07JMT389Q (Enjoy Life) - Keyword Target,ENABLED,USD,$4.0,Manual targeting,Dynamic bids - down only,1044,,8,,0.77%,$4.27,,$0.53375,,0,0.00%,$0.0
"Dec 16, 2019","Dec 2, 2019",,No Portfolio,Sponsored Products,B07JMDZBSR (Dream Light) - Keyword Target,ENABLED,USD,$7.0,Manual targeting,Dynamic bids - down only,1545,,4,,0.26%,$1.92,,$0.48,,0,0.00%,$0.0
"Dec 16, 2019","Dec 7, 2019",,No Portfolio,Sponsored Products,B07JJ3HGSN (Moroccan Wooden House) - Keyword Target,ENABLED,USD,$20.0,Manual targeting,Dynamic bids - down only,1003,,12,,1.20%,$10.57,,$0.8808333,,0,0.00%,$0.0
